-0.31981362240613886,-0.2801057980461701,0.3302415827848308,0.29559209226738314,-0.29260932079431273,0.303793160971238,-0.2809647008774565,-0.26388984387014874,0.3300541241740704,-0.27342832014113594,-0.3023575291687083,-0.26347368641330565,-0.3028214525773186,-0.2851752838266355,-0.3184980665452372,0.31736307671861086,0.3231804611779607,-0.2847065288215783,0.28344574705595027,-0.3409646550360673,-0.29275232597800005,-0.2579748066539593,-0.276488718015378,-0.289863235777964,-0.3117359943767033
-0.014827589384485508,0.1321013271062826,-0.11536788572099216,0.018331701664199323,-0.07849466090998243,-0.05793168044644961,-0.08563278926233282,0.0356690177284041,0.012254058316047386,-0.1138783258490827,-0.03169387640678003,-0.08631971890032342,0.11832568892815006,0.0453119367107509,-0.006194577058956464,0.12637468171527186,0.08489480489997159,-0.0655960218245337,0.03913292885138281,0.034910772880418224,0.02835685038190555,8.770650264158516E-4,0.04676649745668411,-0.044543864686722355,0.07767412868302387
0.11062362222339794,0.13747615924148623,0.015504665703761267,-0.03438703085697781,-0.1681904694346242,-0.01716754356533937,-0.11238083491729496,-0.05826145114862025,0.10767005039733708,0.09369732280483822,-0.10676364903915102,0.01748345183484174,0.09557630355852748,0.11809871060243729,0.10830855654662437,0.02396149565733613,0.07081290848531259,-0.10842950166979436,-0.028858678098723913,0.06965797734969659,7.09374567391043E-4,0.15501748535413548,0.0976944653155371,0.03266018192524699,-0.06464223294407555
-0.15081188274687338,-0.018112404435177427,0.004342193117015542,0.046594588068868494,0.1245158854390046,0.1129327966558084,0.06546032503798363,-0.10624233035338784,0.07669555809279452,-0.11175354752472622,-0.03333259217708812,-0.26128292522245966,0.10203284584617202,-0.06301943388324407,-0.11892902133656003,0.18306419514408784,0.04754253879168119,0.11916097329162759,0.0822283136901461,-0.07281566924738378,-0.1170851707654974,-0.07970991875242935,-0.007729503920543028,0.03328635617002672,0.14321964449693644
0.18377555868523926,0.12192773296577217,-0.2283709719635137,-0.11572305845021055,0.036905266966920716,-0.2121804793478065,0.16935533458610302,0.12403278813863927,-0.0013077959098383052,0.1932108231391296,-0.012901119087020763,0.21837105016971753,0.31106658668877596,-0.0323978335478249,0.13915736412486435,-0.04178573263465718,-0.13308362278828006,-0.012059657145793278,-0.13515868504103237,-0.02697262910498466,0.22092843573677098,0.16051240156122001,0.08539508947059327,0.20306855532485554,0.04103063818529744
0.2759729211769793,0.16403198581363163,-0.18308521864519647,-0.15657185283306213,0.0693716235253992,-0.18856438467547443,0.29958227871526527,0.1250763112251945,-0.033928721624152586,0.06664431476935939,0.02140784563428472,0.13578151684052242,0.17570789697733952,0.030343824984165105,0.10277346740725779,-0.10571830955201002,-0.16362041486476492,0.08273142226545067,-0.1531966981409341,0.12472090923641675,0.2463420977216437,0.15270858461521006,0.2557507068884895,0.13861198358298585,-0.02922437575316635
-0.04992981627000678,0.20622210670319943,-0.11779080794969768,-0.15445701046825866,0.14522881385085676,-0.14937437154935881,0.03638088596217869,0.2365681023819333,-0.014369478932834898,0.14040388531271378,0.12208542987763145,0.2108235286420423,0.10051117323727703,-0.005209954505538844,-0.03797084195909014,-0.07068773614697883,0.05055278434669162,0.1261748245924139,-0.09589024514095172,0.04212671105900095,0.34111949116661666,0.29894801320618813,0.03678190850169818,0.18908505463787423,0.1430181292385019
-0.24343664499872975,-0.33626303558747844,0.25710351286231053,0.21044346163804203,-0.28108851690089875,0.0703650279867033,0.027784909905906353,-0.14750198092572603,0.16816953316105496,-0.351026604378313,-0.32748847938047054,-0.13012800564884688,-0.3230672211275243,-0.19987411235555924,-0.2470130507000343,0.2505641877673475,0.3037475773890347,-0.21960983026401748,0.15012039549000097,-0.20820828856873327,-0.1714971373114892,-0.2842611430532999,-0.23829547746440743,-0.327807528131471,-0.374024089297706
-0.35592422371829613,-0.3410616153471161,0.22760731763995135,0.21879473376801553,-0.08116368577067964,0.09496685954136978,-0.3312698617191312,-0.2727271727175922,0.017341657547370486,-0.16121419026536962,-0.3835389116396305,-0.17476315503847792,-0.13963851122202875,-0.2678436051116845,-0.2383174225072574,0.08985035567809607,0.18400733798645844,-0.12287594766266748,0.268543046151705,-0.2615323546684026,-0.19433220495483883,-0.2073307681202795,-0.18885319569995632,-0.14040768503361972,-0.22110067488604812
-0.03774493204249053,-0.09355408489262712,-0.30283065606998777,-0.033996675695098316,0.2902326869673899,-0.20251494227927624,0.08558429611205833,-0.04273694097783585,0.03886302287750115,0.13935147013975052,0.0959995638296024,0.050082293125980455,0.14034937247993737,0.018093365533090645,-0.05952270629719547,-0.17127861855085816,-0.10350157161802138,-0.08748670310234231,-0.06430780290325451,-0.05293053256925555,-0.03122612635871544,-0.04171464984915511,0.24427323369493653,0.12632219255994742,0.0026300097944663417
-0.22906796688195702,0.03949002283940978,0.10376476883687513,0.16799689565579642,-0.08423187835073989,0.09042356337292794,-0.05268644498858714,-0.256636345256332,0.2630872583468187,-0.10576906200629446,-0.12072333984697474,-0.2949645776488944,-0.04815115931597613,-0.28769903887649373,-0.11442573144329314,0.16400426545213181,0.08819165660960909,-0.13707113773727594,0.02739434371012657,-0.04983112327388196,-0.03069098640461217,-0.16069057928357905,-0.07703983820408625,-0.20095868375609094,-0.08400062238934966
-0.0012975344409272467,-0.019634347693157406,0.21596101798703674,0.04110743923045591,0.11425946305329851,0.0045751890313169875,0.0464319799729869,-0.058199570326615255,0.01144294887063063,-0.0014978644989136918,-0.03844624330476961,0.15630079792336668,-0.20584119119360614,0.047053714034801,-0.0032358018018373166,0.13191264097712002,-0.11502028520417401,-0.15340983960885593,0.0461258202964989,0.018934827128040888,0.012480062409454746,0.011477324967143664,0.10569633270467972,-0.12773408350864585,-0.040227792705785116
-0.11446700041619583,-0.042962262364645926,0.08032978629877854,0.01718283452975422,-0.0703779381351154,-0.008599911988752698,0.05832575421419238,0.0120971899021403,-0.12846421994239482,-0.07922989765130402,-0.2292565869380866,0.018315232341452027,-0.09304979385659039,0.1619458443114329,-0.15076286673458908,-0.10038324067186409,-0.07788837389282503,-0.12986912943290707,0.10207687723290475,0.015355218329137024,0.07754764129358914,0.018762853506140514,0.1521865638485512,0.061891963874544334,-0.21943891943373595
0.007470279520898318,0.0807742723676372,-0.1561419911432419,0.04000134122848788,0.07402136133254893,0.007575193088432075,-0.010136357759160348,-0.053729436131484,0.00686926406286828,-0.08745044575143944,-0.057707093381855694,-0.0998552334494488,0.02636537538634623,0.06660383397239163,-0.25834980356683207,-0.012999564937853059,0.07129835545939342,-0.003174476708128964,-0.1107844803249219,0.0681135238389,-0.0979384183256662,-0.01053057335158565,-0.17735739491172064,-0.0478187932030879,-0.026412511371801464
0.05167462959905942,-0.002212239097880452,0.052082597976700395,0.14332210493887604,-0.11174957992246987,-0.009459522573563552,-0.08354757404109307,-0.09818022576372647,-0.11185108213976461,0.023357260538830082,0.09298451060008746,0.0782156383343316,-0.03398992645225451,0.1850614666253069,-0.04092777955685473,-0.046799181854563277,-0.12144578664768069,0.06459009770078832,0.13886190256347145,-0.019303187991000125,0.12898202948710027,0.08121517051975315,-0.02152224739303144,-0.11889171719490277,-0.08779001437536976
-0.011991732160821542,-0.08235018215463823,-0.058959192522013294,-0.04212538225693384,0.12188028156889306,0.1623513521288021,-0.07095902519407182,-0.033649675397960085,0.01110920980482348,-0.10896100546164166,0.011292740094779133,-0.16049736460434275,-0.14459775657894366,0.01751477121533291,0.17293768196990275,-0.1264666876514492,0.1216627543539022,-0.04842956905955753,-0.04854355817764999,0.030354906708006862,0.10436407999462956,0.07092953644408506,0.16468379629515525,0.013632593428917162,0.08758708676858448
0.027574145899014975,-0.121023034866045,0.056516554536996194,-0.10222787049122238,-0.06207711282415486,0.09008311792727636,-0.15280233337815574,-0.21864361945653818,-0.1109378808999748,-0.0904726625578119,0.08241917737026222,-0.014685094397289409,0.07234768980369642,0.018751306022672554,-0.029253950401313247,-0.11275264599499796,-0.06885766015384791,0.19425349401422176,0.044761026283037395,0.008419643957756098,-0.03018966841218841,0.011272030409417376,-0.010943742866633188,-0.04375821680905989,-0.16092115083088024
3.8883217468061934E-4,-0.056267004789939304,-0.14166671069626496,-0.0065509359966111,-0.03349575853249444,0.014429876765734146,0.018853897102738076,0.1903425652064568,0.04448031855656932,0.05455059309748148,0.007533758063192535,0.07734831910761131,0.09314396277109102,-0.26441660953604434,0.17206217475661212,-0.24826276223050622,-0.15943123851833732,0.09570211232099074,0.23187378379798182,-0.06482807679221571,0.06843560905688173,-0.011951392458291668,0.08868300353308911,-0.17395525769640985,8.101537237603997E-4
-0.02824604391730144,-0.022220773289677427,-0.18835548453687323,0.04735556520890072,-0.08970555935074426,-0.02330813910853688,0.10908809868692558,-0.0794868356957813,0.11751034617645065,-0.004610663695902166,0.02945823999375649,0.14862592269549793,-0.055274702895329535,0.11271516641973285,0.1578368303579217,-0.1917180845453241,-0.04719098053369604,0.05463204653465473,0.03914323447242664,0.00654964129268955,0.07078915149985192,0.12715288845637374,0.08561172784004566,0.05022065962011636,-0.07037451128304037
0.02802023975261091,-0.10565650866840022,-0.14761279314810874,-0.020749806317008866,-0.09101320801194189,-0.14989666421072445,0.006060617063508432,0.014393794849066438,0.14832779474719468,0.04773812810601255,-0.07341784335228974,0.24124545381151152,0.11721685397461049,0.01200774354153067,-0.08640845660676133,-0.08276276521300924,0.036109059945991936,0.06426929454729266,0.17357305745976573,-0.09751604453338904,0.09991252100901127,-0.0021955661690198232,-0.04064131770418244,0.17423129259291514,0.043448868537539306
0.03711280120447417,-0.08183118860468432,-0.16547095778206997,-0.006194259800140068,0.054873949652018944,0.01112773005475703,0.047932340201367905,-0.11562927592984865,0.02510197040976136,0.12878132292506805,0.15200269434775945,0.016213939212323513,-0.15194286404263643,-0.08019526438960037,0.06712088288986255,-0.05413088699986118,-0.010822329142345728,0.014251671596390259,0.10947481967405759,0.07570624358993833,-0.06593932452908478,0.19759478228206145,-0.030171142762520742,0.045202319633310194,-0.02378911289656533
-0.057904908385351554,-0.29581497791224226,-0.06462815092185985,0.14334225867258926,-0.03972346894638481,-0.030698319919778824,0.04307946204260357,-0.04146839916032447,0.03706901167833778,-0.009187357401732741,-0.08516063650493222,-0.07339395316672628,-0.13476131304633485,0.02908001902116733,0.01801173390775176,-0.01617919413612281,-0.07990554338142665,-0.10810629067374218,-0.015750378162475,-0.09139376024345248,0.12762991172065644,-0.007037743866346799,0.1301631960291478,0.07717046910890366,-0.15009313077113445
0.2017970476774963,-0.010252632546261187,0.014824894210568642,0.023037563675053902,-0.23543984490201503,0.05330794828527453,0.1551391294069254,0.0720637201618637,0.09050993806195165,-0.06441204794768318,-0.025813515176386435,-0.055474914090666114,-0.11021644928488883,-0.037507562705179166,0.1765258341643435,0.07468689987771544,0.04667001414830078,0.05427942290031425,0.07374215427256144,0.011049991666108157,-0.012915489622115507,0.21213559531894205,0.029530258947172136,0.14614803497142548,-0.14451764702720726
0.21331135325411577,0.07066817264285223,-0.07749085052811223,-0.2967527214715973,0.13221958733346997,-0.09489571102065973,0.27238303553636295,-0.04443177739637666,-0.3025288865246216,0.17013085118606522,0.0976126216654996,0.23520440211372154,0.150695152205909,0.07757036226011703,0.2968483930346586,-0.16362428426186323,-0.2092965289208124,0.1284823340008583,-0.11139724925290119,0.25584043033527964,0.36258690996031867,-0.0035714842832580288,-0.03385068929400819,0.11577684014973814,0.1623410450394331
-0.2284656298361179,-0.13505371035673744,0.3064741570073891,0.35627062801306425,-0.2796021647167312,0.2542396804319594,-0.307746812701741,-0.19046436831729574,0.1492601175684687,-0.056954435396426716,-0.31459666490397903,-0.2046847629953243,-0.14018422245766285,-0.17985810324300297,-0.2699475576977825,0.22643764539348257,0.2880086739064884,-0.2973308024786603,0.3315456182330468,-0.2852303666103746,-0.12615001793793537,-0.04029524644008173,-0.20918688628952903,-0.24739463179734866,-0.10135796625874023
-0.24651285668090922,0.07286475535137593,0.16922705430190169,0.08843411997323655,-0.25687362462431657,0.21843102383770466,-0.15102572892591515,-0.28602797419101644,0.26234043187492634,-0.14937193668614202,-0.24421112766096828,-0.05018178242200251,-0.2970098583261309,-0.3996815460500562,-0.29236352263762516,0.3330337195988684,0.29826698126602974,-0.23126833510535566,0.21195158769661038,-0.27477198571310507,-0.1636688327827197,-0.13801781187305234,-0.32479932430499486,-0.32449082213254565,-0.23511487565545766
0.5103469903153973,0.06781778699164491,-0.20325817463298287,-0.1191182445180104,0.2599396957804449,-0.3264727516656441,0.16237338655257033,0.0684993550187701,-0.18185668661285093,0.1074723292864066,0.23347689253002976,0.19906004569331748,0.12384634146330732,0.023794599536293863,0.16040298916508336,-0.034643130050206285,-0.13734612182861186,0.05796018919719708,-0.23590121667638386,0.20871390460961856,0.12041370474480954,0.14073166661806288,0.19378869977172047,0.24067670613817127,-0.13360539995546541
-0.221005789171748,-0.15420154780434375,0.14713562035605718,0.3601115307618053,-0.16393145417139438,0.3032780094046088,-0.017820821640079233,-0.3094353494714796,0.17530685066869003,-0.24633168134222347,-0.25876272865855415,-0.262276039344184,-0.286756000217764,-0.11716052513474924,-0.27940011001342424,0.22682807207502828,0.196846817417662,-0.11859682693184664,0.3492626435392951,-0.15692635161755544,-0.22449890897891456,-0.20363160882195827,-0.23307772444046146,-0.052086311675877614,-0.05544319615679891
-0.22726986584291983,-0.2653903186279814,0.3574557666591748,0.23982369056881814,-0.23227451858728682,0.2328214663580341,-0.3102697431554461,-0.062221145854531056,0.19726539778445162,-0.04835059772571846,-0.3464560609721619,-0.14778879003842516,-0.4614873028989022,-0.17734904895500128,-0.2976344525707488,0.28346807320133405,0.19309087193378366,-0.32204078493625293,0.3188663028506962,-0.14195542145692644,-0.16766404505346114,-0.40766911198167444,-0.5161846356950693,-0.23022744678217547,-0.22074323997677228
0.1345295760326276,-0.16263884767733824,0.006276255490658191,0.06031177726187106,-0.11577250785452263,0.13235349232104257,-0.021118216201516337,-0.0746166453565448,0.11801391265470146,-0.08355842594271416,0.09211322380973343,0.12375937524653592,-0.10564526452013136,-0.07059197395397632,-0.11865012605455184,0.3730198267876411,-0.03706890679962632,-0.033719842752376494,0.17924287280093784,0.04466100863323728,-0.11100503773549289,-0.09141800803738034,-0.0652949579677976,-0.13503848691561612,-0.3305000682025985
0.3184214601691284,0.12251185333379462,-0.026767520615493454,-0.24675687336406543,0.1272055041660649,-0.1777122483264861,-0.2680417824026957,0.0626172332828795,-0.3608282610762561,0.06585763144672775,0.17643347481767319,0.13381458779012048,0.019653838658389232,0.0713205806500575,0.14013272247174913,-0.0022468401235566458,-0.20390143965499263,0.1535030777887421,-0.25227508573227214,0.07301009402698992,0.25458903770391245,0.16143249920340672,0.2479051272504403,0.2637166478309173,0.10725813125962717
-0.21324304239579595,-0.180844932236807,0.16142048982645485,0.06911714950340711,-0.06210650205417011,0.19140631925329366,-0.18043572743512964,-0.07281470850686109,0.20757993619259735,-0.27565740701711267,0.009489674778069833,-0.28746187897731146,-0.14023464496055163,-0.26283391429941255,-0.23298960573330482,0.3411199311276424,0.10538389451936163,-0.16276937639697933,0.13710522147126752,0.013604242825550648,-0.16885415478307575,-0.35965129900857556,-0.24402124001483985,-0.25499552732346853,-0.2155291201124425
-0.17729059409147377,-0.21493341023652923,0.06540880867267902,0.30157497192159854,-0.16086726113227734,0.024208565926826395,-0.21330791282340444,-5.345522491680137E-4,0.1619098786173116,-0.15919531007789556,-0.151840435131518,-0.16321429437316226,-0.4344908777059632,-0.08177696530715556,-0.20773698658712209,0.31720033637033723,0.139509803922013,-0.3134913636576834,0.13372138966857702,-0.30827021430439255,-0.024720885232588675,-0.0076240005810808255,-0.0929864551733884,-0.34497405591996394,-0.06464923351794272
-0.10163545692745929,-0.13233668535140142,0.29228714709633696,0.11472630856304832,-0.24150286748266353,0.13880873769415022,-0.23697536280357184,-9.376835292209029E-4,0.02969585759084656,-0.11795719547494057,-0.09507237937704006,-0.05924767902799282,-0.10284199860712143,-0.025528303888215937,-0.12612883409236558,0.1924528293463714,0.28078291951027906,-0.18560682306192774,0.26667184246266645,-0.21150117110579503,-0.13859384550893714,-0.162987951879662,-0.042992906774168636,-0.13535119866832118,-0.22587928961062123
-0.1679525141927112,-0.20731988602349677,-0.027091894497471875,0.26944086003540385,-0.1821369996570262,-0.18354619663322186,-0.01741573426191559,-0.06109335176679638,0.18905555658458395,-0.14399945860622304,-0.14564821570724187,-0.10372745515679856,-0.27316468671910343,-0.18879296936383097,-0.22926634761061931,0.17791625612554843,0.3842457511224741,-0.15486855773299246,0.16516145288666909,-0.29064405624967704,-0.05745524254301587,-0.11413314079071968,-0.23004829443824926,-0.39553938456549836,-0.06762381236293231
-0.35714971531859585,-0.19246320054007895,0.37799409322337946,0.19767125637614263,-0.24019960054911646,0.3763447873665693,-0.1332798878937313,-0.1347402281933336,0.12802150763990217,-0.18078012115216813,-0.2918828136231633,-0.09953996834780293,-0.1418034473202416,-0.11009861070932989,-0.16788141470058487,0.1760767931496655,0.18950131894826233,-0.35210798190367515,0.21550744413386136,-0.21312340640599056,-0.21810001276022162,-0.23759969503638723,-0.21333039554202018,-0.26300230061885044,-0.13416994620796366
-0.13759202153120417,-0.15777143337537206,0.26449991612812246,0.208271356954434,-0.277740224546568,0.09645563285315124,-0.12955277471375826,-0.17232430447848118,0.1927298865461191,-0.18591246906437311,-0.26887715795615047,-0.12958690576800486,-0.1632544277766753,-0.26156835346973134,-0.24526677622966994,0.054724172242287206,-0.12498692814703911,-0.3915393162169283,0.41649689435992493,-0.33030291125650696,-0.1728979844985219,-0.18376551635242142,-0.33322970667322643,-0.30403886759259025,-0.13584242524940524
-0.2481743606049611,0.18058408007277796,-0.05502999327643419,0.19070096767519507,-0.1753321505309074,0.34827285338491465,-0.054080880450006946,-0.11526740639551904,0.38058078148922525,-0.05694344424900344,-0.0807924819432271,-0.2951216572024585,-0.3232934773356778,-0.14801160144782605,-0.21582920095474348,0.2790802069498453,0.13685468714571555,-0.13747154379580637,0.15037573981476268,-0.1720355065084188,-0.3103322604441086,-0.16918450866826393,0.059356066880853924,-0.1472822571666453,-0.18199867701650477
-0.2861874933362346,-0.3129110683557462,0.2502723712637269,0.29291709962535334,-0.13636337450733077,0.28686346472267243,-0.22324784779862988,-0.15978395874288254,0.3222098194091582,-0.29258972145924633,-0.20576254827169346,-0.21736608874978283,0.016110175213135312,-0.1933587481438634,-0.3261318720428682,0.3077881143930638,0.275444518673862,-0.29766436121935114,0.4837233208424115,-0.3243895484237979,-0.22850782608275325,-0.23889925661785558,-0.33083354983160607,-0.23764847771762176,-0.16848717180975634
0.01855694423294947,0.014873834114401427,-0.06936377010698164,-0.02175641268811684,-0.0668852932502694,0.11671899647512676,0.13825845761982364,0.04212306167544489,0.05403168953010904,-0.07820691725054758,-0.012656372425533328,-0.14269566453904145,0.0816755895420169,0.09219261354364373,0.049296966415648465,-0.07044432767375419,0.13372762408946348,0.014677987201926207,0.1573899104244617,-0.11828822429201727,0.10164420621365772,0.07232143459484243,0.07701018315047116,0.006644816622334276,0.14003901855165146
-0.09956348578251983,0.0524981920132793,0.2717733155203349,-0.29991459350550476,0.1318338636848542,-0.06209575771572931,-0.03534390592008287,-0.07383037148119201,-0.06846326747019035,0.006968376631984657,-0.16466124368089333,0.08178571471395268,0.12213809244915304,-0.14320513186183997,-0.1620497461614761,0.06476576833570484,0.0047810106291907425,-0.1133475893726464,-0.008636598710601715,-0.014502270208274479,0.09056231790785751,0.14091567486608456,-0.09485791759074587,-0.10844924575038127,0.07015628982493298
0.19887919935780873,0.021887720930831238,-0.1300251475439444,0.04842082723280529,0.1321146953618115,-0.057121973359976874,-0.025784442371980965,-0.0264632870843045,0.029958007452847785,0.08310361846628238,-0.05116653474786506,0.004543735223950768,-0.07707712680259177,0.05116411017873909,-0.21459627973363538,0.11077244639538807,0.18177517138359234,0.15203673280271154,0.15515811617733624,-0.06921498067843916,0.0921730381776867,0.07394634311606399,0.19170161694551668,0.12580160763255538,0.03664361402977918
0.21595405687015268,0.15160741921266996,0.08391869453413697,-0.03799583216591499,0.129984192473964,-0.21831330560973858,0.09675961022058578,0.04145539337615852,-0.01608664206570649,0.02359529158993637,0.04047764948451093,-0.016133215028043744,0.08516418311394663,0.0389260264062411,0.07078395421175208,-0.1635165406491064,-0.025254277017858293,-0.013101553081716517,-0.14872579758948207,-0.03016508369203431,0.14656990737063655,0.11141544496504453,0.18127721491941878,-0.12433926736103086,-0.1005076590869244
-0.21060484482815225,-0.13062567644790257,0.21855789644807896,0.5138306822276631,-0.2820100203567417,0.15915426516840728,-0.2263279579431647,-0.2158810756220482,0.06966212811916009,-0.1999062181746134,-0.13494282858700488,-0.15792026718536317,-0.2513745955366358,-0.13086543459116126,-0.29759213869965156,0.11117772064756003,0.06642291046277275,-0.38641666055502594,0.28599672970249346,-0.06577698421275097,-0.040243124770858334,-0.30471640525331056,-0.09372824226061202,-0.15702300575469855,-0.10712134288755935
-0.16011703463829077,-0.1078949801280314,0.34687803903634656,0.3113929209032904,-0.2764361582408495,0.2357359338493284,-0.3154016715442741,-0.22464475538756787,0.35385448483927595,-0.24469379417390313,-0.27139842446592216,-0.21370007667438637,-0.19718589928341881,-0.2625588553225977,-0.46531980463244765,0.30674827457076687,0.32141479630680087,-0.3337424418783596,0.34342746831107507,-0.376203275807224,-0.5218315569769036,-0.370069094643171,-0.3889143568676888,-0.3140560878527728,-0.4724421860918375
-0.2766626912255391,-0.2760896687336152,0.29462164348281544,0.2885329922765862,-0.023781826071079863,0.06442824246147558,-0.11949276687718582,-0.2850248028554794,0.45932714161697236,-0.24997065153014947,-0.16876544474233338,-0.24889477284128542,-0.17376382075957728,-0.1084781966026049,-0.19380177192891004,0.21816528565274218,0.11626727991260052,-0.1435071882226483,0.10001238213486041,-0.23509952008905202,-0.046067372361469634,0.11660845391092056,-0.2282419946532115,-0.25350692158667076,-0.2714753451821222
0.13961817495718526,-0.14109691408803732,0.08636488930565105,0.042092116955720155,-0.08200334425994121,-0.1925050955601995,-0.02616585936940368,-0.24417891053909652,-0.03137760674205871,-0.2729158175860377,-0.18360856668288486,0.11524437726375131,-0.09149071557333108,-0.03487036147387073,-0.11008593500789865,0.12508548671399009,0.35265982919825245,0.10691470082474008,0.05867469048700957,-0.043390857042177246,-0.03501144733042687,-0.13787889543842785,-0.3444263451824417,-0.1811521366395429,-0.0746086179442489
-0.32781157790045395,-0.26736573739311265,0.29473620284520075,0.3668548638395536,-0.5405099757957967,0.46773173087384534,-0.4865577947595284,-0.3501644084070888,0.1646290369208578,-0.1995313534468601,-0.23280152280118246,-0.26487959464899763,-0.26734785998021293,-0.3229801427216926,-0.5648672756064805,0.4122874065059067,0.30980974500459757,-0.2542999550560949,0.2086222289737736,-0.46221431231753085,-0.29893302844633524,-0.28173356548741374,-0.44802140889403,-0.4709254206936354,-0.4101289187819406
-0.33489297297583404,-0.3160040267560139,0.437812308312665,0.5274098433603007,-0.18879935831437913,0.38058260063999827,-0.38879605876160656,-0.3493341037090329,0.3644653977329667,-0.2109021545806865,-0.5493567136844762,-0.23252820033961755,-0.276849824787234,-0.3212341079486017,-0.3477605257966064,0.3841556810371082,0.3712037390595393,-0.4786031917855684,0.46132527141070473,-0.5997242529755709,-0.37197042402847175,-0.519468526301335,-0.571660284194676,-0.4508168397796844,-0.5852654188945614
-0.4110200624246897,-0.2907686022656325,0.37625818375178893,0.17406951729179349,-0.31279318321669475,0.16739689445862763,-0.318666072438112,-0.14397508085834773,0.2427406806680296,-0.4475019300576284,-0.46131070699367854,-0.09495734457287268,-0.24551939283042523,-0.13473324110479803,-0.12221786947672261,0.3280969726127219,0.37385107115060623,-0.4061189239005466,0.17809319758732303,-0.2667775944227325,-0.36807035659675735,-0.08418338317879023,-0.4518465596591664,-0.26370630649698057,-0.20928421986754095
-0.1495846886768373,-0.15836280032068356,0.029147624061582587,0.34550287674273794,-0.1292722666623271,0.2744098259915828,-0.32796760579541573,-0.288460032492839,0.15646823854605707,0.05615744885639272,-0.10264496556467453,-0.019840700865488982,-0.3220220254723858,-0.319263601696566,-0.17367884359996896,0.32558139696043636,0.4112857549406919,-0.14968188583890232,0.22280321074834167,-0.23906303263607565,-0.12321152887112458,-0.1974594298007486,-0.2674204515965266,-0.2295078085024956,-0.10996386027663883
0.019413451803125117,-0.21673307858525948,0.11558032788721241,0.20350155525190322,-0.2006129310485632,0.24680996485252335,-0.3954288403407091,-0.032589221088155595,0.11371765654524456,-0.35231577419736854,-0.15696382416840765,-0.12817018076692802,-0.09526148808042366,-0.2522925827914696,-0.18346155476968887,0.07200783962214308,0.17694550589893357,-0.1363628190073534,0.2333275368320363,-0.12485752503121632,-0.10847646883897388,-0.2231318720947746,-0.04001729222836903,-0.20154638217792628,-0.11034401641242855
-0.35288835159329685,-0.253616935520519,0.2747001604373413,0.23265729460161053,-0.2481137228322359,0.31615423816206567,-0.05037618832143546,-0.12103211850436149,0.21569988526098388,-0.31670948973985286,-0.2892767556141864,-0.23155628488454288,-0.47906535864738037,-0.3453635694885485,-0.4052723752892512,0.3206899858858901,0.17450688944987375,-0.40324054988221975,0.15236677229031104,-0.39007044200020247,-0.4042791758085234,0.0077010169215065245,-0.1647088491308295,-0.3461968739170118,-0.2920490350155203
-0.44537783826399363,-0.2811935557677691,0.39908685762064217,0.1974947208149618,-0.45727141113911685,-0.05241649409828695,-0.1847386869497695,-0.49630903445346136,0.3042603067197958,-0.5283853362187405,-0.26222261433761,0.037528803699556766,-0.5315251030269857,-0.5660850895715812,-0.5698057738488036,0.7258729105448717,0.4884984908881454,-0.3695681104103301,0.39457303941618993,-0.5117621066710646,-0.6134122405950974,-0.5112388482373011,-0.15714884913939783,-0.3428333265300584,-0.3852458632092956
-0.12645666372342254,-0.05581748034503593,-0.10666878072709257,0.2192244119999863,0.007681356009803105,-0.06391330493446051,0.016974255783282145,-0.04863176696682253,0.33446374054360123,0.0962762620356189,-0.024698242040276683,0.34578346507998275,0.26569360089990457,0.05771824418059934,-0.01714716816514378,0.05141979051631536,0.09614834054552583,-0.009354281542717077,0.07179455179396295,0.039502670536233166,0.14755191033700393,-0.04901378559581147,-0.017432246433886054,-0.10289410855728244,0.06216626779583191
-0.08777961885333563,0.09004202442845967,-0.07510278941728622,0.061672814393388044,0.06187472540515914,0.01276432897710877,0.11504965743803172,0.1633907483934322,5.23784194741854E-4,0.15256977364604524,0.07277585472455889,0.3545199928756142,0.0413870952576961,0.10347283436656839,0.22299165761034917,-0.13631152855897075,-0.029205460420571212,0.4269223253376795,-0.2539081447413656,0.035914171094517965,0.11649022907549582,0.1378801566100345,0.12300194659778979,0.24299156393039628,0.08394349352217194
-0.2237236968761769,0.025563772717361852,0.17978802337040228,0.3104026598217098,-0.058835193645161384,-0.1504124289996867,0.07074620535331477,0.23353344642223342,0.4226650333721167,0.17067380057101839,0.0485540227633479,0.1335876185898208,0.06334733654429753,0.0884879391466989,0.10704642446766335,0.02464998816462902,0.07454006544393615,0.007921868577144303,0.026566115601679496,-0.31478816936524784,0.03257345772671633,-0.0018560968587487206,-0.22587291938329107,0.060239107718126336,-0.004741019466670369
-0.23642210199171593,0.04451788695347168,-0.01319249158422431,0.16732586665592158,0.1984640809719208,0.0944912539263229,-0.03412244043082786,-0.05747482687693411,0.0758167529538446,0.050650663402845596,-0.04042120593740159,0.15087826456926468,-0.04704006860451448,0.022016092893875967,0.10624120953755864,0.042514271932344735,0.06755768111762418,0.02175349268211569,-0.029225554487739135,-0.180123963514481,0.12019456881139967,0.12911193247116562,-0.1845595663324696,0.03975476363055251,-0.09921632160497582
-0.36772112894815817,-0.3386761347235376,0.30802475704186216,0.273538337188151,-0.3826951180390641,0.40489590262689706,-0.5661047918529886,-0.39355295460281214,0.10551840105971234,-0.3402944099001152,-0.20940892621522164,-0.06423594596294083,-0.2804112129408401,-0.3165326781512703,-0.36794078650875955,0.16933428721884655,0.18378417127102112,0.04776068688348133,0.3665909753694036,-0.30327248396668477,0.24949727889982906,-0.17095686515552228,-0.6898502789143304,-0.3679773522815224,-0.3250780834535726
0.027503764616268175,-0.06426101046033071,0.18247007823263756,-0.19159842390995835,0.16341585355973126,-0.07020343433927821,0.0730034630851575,-0.04985774996129934,-0.07430547310028215,0.10035550019893924,-0.0654280765667897,-0.06485103771828025,0.127439793965554,0.040997534452101726,-0.07023690194701984,0.026648681859518242,-0.017318116072156737,0.08651894019010427,-0.11381221779192283,0.013303325689031366,-0.07487276670998656,-0.020743487614339758,-0.027442424549152585,-0.1616248991177903,0.12004880859915644
0.16215390763071458,0.0933554964375669,-0.0022586030958818516,-0.012333891955982347,0.01430372904480684,-0.06576231843068746,0.08055816173526276,-0.07933236411247004,0.04140465259117116,0.030227617061975035,0.18053870606102057,-0.004432307546864673,-0.11990430527656315,-0.07692790581125311,0.09604776410791911,0.010600021844226025,0.08646051948797627,0.09685179128644901,0.02198468423857935,-0.047566418082759535,-0.04331018419463427,0.07296703666106437,0.034892704556764895,0.023375830564678332,0.14481319796308825
0.1323687312168523,0.13046437996209728,-0.17082260910549207,-0.09013193753882291,0.03924708455629633,-0.1644029696535125,-0.13435433954632245,-0.08271102842552758,-0.07281828950838541,-0.14170111927612067,0.13456384228791382,0.0037701375128347116,-0.12958398796173617,-0.057376009865935676,0.09864339633439989,-0.022970424019150018,0.0439406129464535,0.09942325147513537,0.06935242304934389,0.23052638756224694,-0.0393097151430993,-0.03930754560020424,0.06676487527669113,-0.04979457606528942,-0.05052247057399453
0.19417832326572732,0.25197042765465366,-0.2578085144674617,-0.2649505419678476,0.27558042725134496,0.015493211914715378,0.08732219060337254,0.12524432395505108,-0.07079210689390751,0.07987892667125314,0.13208875073604037,0.15086679579107445,0.25764170352882304,0.21152490466324653,0.22326974663667368,-0.2182853363882031,-0.15004023586163706,0.29765417737197863,-0.04377760248765253,0.1644312254289503,0.12104833190388467,0.22380290548723192,0.1656596982741745,0.04319848980175771,0.16933976293343952
-0.6727079632904578,-0.24599857449178333,0.41432536994058383,0.35023223900045375,-0.4519137484939251,0.3826356934799536,-0.3017931012293429,-0.3034036690726352,0.36169508641367826,-0.5436831718423205,-0.563913343557387,-0.5176098816701928,-0.2995159735841756,-0.5781610557568679,-0.6180845992834499,0.4980564294852097,0.36748589468378595,-0.34128770300588485,0.4068407331215309,-0.40192134039809374,-0.5065913398406751,-0.30391363354723133,-0.3798680868582095,-0.4753774424813026,-0.29201951683813804
0.04974452273418748,-0.08530230967673773,0.194810175260366,0.13993086146576034,-0.4606362465490983,0.23028643079489783,0.01711241867013182,-0.37918994687618174,-0.12173247326250332,-0.17713725118666182,-0.2980360617596497,-0.221257322566069,-0.04927713695491585,-0.3513841306342592,-0.19471973830897873,-0.02285145616233312,0.3006186984997182,-0.026511765990844493,-0.11569972501338788,-0.10006429502893749,-0.1550289279800196,-0.14436939953103048,-0.3363682978388178,-0.017846055460689916,-0.19437003279238196
0.37233736719918864,0.4587439988036113,-0.2639264782073588,-0.5387177920376844,0.4228559301381092,-0.6185487349602862,0.1909463290108643,0.16060530591082917,-0.5121549546369387,0.32385591733418584,0.5237811167592229,0.24784772108367567,0.5879654819278612,0.49734928512262344,0.5411821378648445,-0.30508363254693655,-0.2785912855262762,0.5501586476335164,-0.20877619169504807,0.6258363475013203,0.37442792240529676,0.5050174503206261,0.3964751335616548,0.5582788961463642,0.5534418764342188
0.3667901970516904,0.4015117073686168,-0.3967995084593155,-0.39401505864367065,0.4503221933031838,-0.43342059239186076,0.4150625020832059,0.4513119670542874,-0.2372385972170682,0.5480948681177024,0.4120574362697675,0.34596364675430746,0.3689615966415245,0.38103550056237134,0.5558202192320824,-0.2634951223304323,-0.34572175568252056,0.47201336549697454,-0.2376387267050938,0.35251139089600847,0.460583427504812,0.383835646378018,0.39183298662434335,0.4546947828663449,0.4613002097822004
0.6982594746970259,0.48815412714477446,-0.52130704030611,-0.3655492255142583,0.4694748294411783,-0.5460239130751235,0.5960236550945119,0.586725888432842,-0.3320846069509555,0.464535182527328,0.33252685840352736,0.36985121120996606,0.21314617163739275,0.6821931470729883,0.5630149842130693,-0.4831184028920049,-0.5740929243283983,0.5536011085743768,-0.4865658034234776,0.39227251892850706,0.3777710008415047,0.6667906591484686,0.36195088116991475,0.6408838019253434,0.3829072742392731
0.5213326310044292,0.26942949713736786,-0.5418935778930569,-0.8054294674010358,0.3408682380709883,-0.10678322875779167,0.2963417887981875,0.4737663546620766,-0.45430281209505985,0.3692961472002983,0.4338761851313935,0.1503778344552747,0.49564456429453596,0.470918312801074,0.7480489880508839,-0.41224760279817396,-0.511416743815718,0.539042753862296,-0.38469019814774014,0.4572990508049058,0.3820850407276006,0.30458659920838915,0.41015170953646574,0.23985765534150097,0.4625344548659507
0.3342904612993369,0.4214125174810647,-0.4247045828331082,-0.2509470391347264,0.13711648627976383,-0.23377697526861776,0.35640104804626976,0.20705636327984914,-0.2977297234094672,0.0170881366102487,0.3663998315978111,0.3265254127260457,0.33784231624463323,0.10256023152313522,0.2703793711703771,-0.2482632085478899,-0.5230653914007266,0.3520952834031646,-0.3053521294471223,0.4598537421295319,0.19427474208586157,0.3297234892975797,0.5474177196406306,0.338541585835826,0.5028780403754126
0.2550567472613009,0.2636263395147394,-0.11255714731952171,-0.3060969555512791,0.2016585733772982,-0.12569524685826608,0.0865934979295099,0.15115759730370784,-0.15885709533455686,0.2194990135097137,0.21764726696544706,0.30765827635986415,0.25241117380185396,0.27374225700070925,0.16715201719612582,-0.23924494695495796,-0.2675156286919017,0.26061596885473837,-0.1683107947895105,0.4121312444162772,0.21829955107366555,0.0018920310412288116,0.18019111051668593,0.22208237076833343,0.04901520445097132
0.38432947822480534,0.135800623098239,-0.28732783590363625,0.025269074160906797,0.13914317345527422,-0.19611455722809087,0.1957858558650186,0.4067283983802777,-0.3544810375551057,0.3454411646475093,0.15430923030596905,0.006764345203535817,0.1438565844540846,0.06377183916297628,0.19649435087625755,-0.13607274165835853,-0.06167449297545633,0.39831230884342655,-0.1571461393268123,0.16049004563694372,0.25198888788491464,0.17368015535120138,0.34763813237881713,0.19092461024205842,0.1754592789905543
0.27188236675705313,0.20118397370905336,-0.22388313887273317,-0.33048253626300794,0.33044931877287526,-0.23365365330413337,0.35651189119717536,0.22663149403417432,-0.19855052904365225,0.05000184311468427,0.17579319805132557,0.10357182097004496,0.1422867322058402,0.19729571690634046,0.0961278763688998,-0.31873580489878367,-0.18511226292368882,0.33542856216105016,-0.2251479237143223,0.23177742588786276,0.2766387652549736,0.10761379340446672,0.2173949398942874,0.3031785439670276,0.09969060243739687
0.29995939666897836,-0.05844660157302749,-0.25129647188485676,-0.1923541849694111,0.14277414541878253,-0.12680827806909345,0.027783758440068897,0.15113137030614002,-0.45375995368265,0.2593185039924545,0.29858912883334615,0.2177128463277688,0.3363685552077636,0.199457772008498,0.17131072826091914,-0.2110770216776093,-0.3383635577081674,0.026359538532325113,-0.2483905467906682,0.44073396532479514,0.12833801105794382,0.07966423268025065,0.30033544746725827,0.16921814930838353,0.321538808413771
0.12415882547618097,0.25050721344787613,-0.08602380494530681,-0.2664088429149291,0.4200892596701255,-0.152982013043443,0.36028168671180755,0.15994495442102738,-0.15954987229288078,0.12145232477080288,0.14023584888888457,0.08789515905736708,0.17380783223560045,0.13127754626361451,0.1368821516901427,-0.07959518262215992,-0.2502724379706991,-0.008808682413518733,-0.1876531603144713,0.2648925343412882,0.04254502707447389,-0.025134855538598514,0.15659897218414448,0.32296623522603146,0.3324408706030646
0.28829071347656576,0.30807729677722184,-0.2605687119714438,-0.2338521487242253,0.28035170243243346,-0.31076220497678836,0.247025437817871,0.20030753303078055,-0.4609559331372698,0.20584303299239348,0.23472375259731618,0.06940094767940153,0.19352225376750373,0.19011416345366708,0.12870219922581683,-0.15219796855428244,-0.3293667294437796,0.10078463231113145,-0.09915386915248618,0.31235219253596447,0.29914551997399175,0.07718997356398902,0.15429126488166356,0.20229771598191618,0.2187073075274992
0.3919607607938087,0.3909810910452194,-0.11620742219867572,-0.29769543196555415,0.26581690266975755,-0.3066268270053729,0.14399146565736484,0.037774584065116835,-0.4654943827906008,0.09073835669260201,0.4161556454717102,0.22583923184944824,0.2015338727238797,0.32218607670895166,0.37096039959505933,-0.1395110223829391,-0.2844321197920802,0.31850707266595674,-0.27848490803571624,0.21628944462713517,0.28673457282911813,0.18013433848136115,0.24726810656488063,0.29357533018395787,0.22358682272699246
0.3403663204816033,0.11212303202511122,-0.3216054667846064,-0.3123496444736746,0.304585225664964,-0.34277075078277797,0.2818894561015516,0.24471442602006307,-0.45735280211964763,0.09604869585742451,0.22500108385868475,0.36901919558904545,0.2891362610870541,0.15839784596282133,0.13633405342780644,-0.17376660995878596,-0.15804067312418615,0.30395100934393676,-0.24374084527386788,0.25502847745275514,-0.021786691911851522,0.24847488439873416,0.2444473852050206,0.24696805813404094,0.18442705883860563
0.6381362251103642,0.6329982608911094,-0.7268075162103997,-0.8120809493673247,0.5892398422411487,-0.7891258061538908,0.45753062454914323,0.6213069955103662,-0.5619035292705076,0.4462434557008832,0.6757977780675039,0.6328067130540114,0.5500877622444031,0.8177571631630269,0.2903335017597494,-0.5603822232020503,-0.7023966585712489,0.8265659931876692,-0.817257150029284,0.541502814818021,0.6393661241469727,0.6968524519984173,0.8209210654100368,0.7538052584617324,0.8032647729381823
-0.42834598684763187,-0.37011324114283095,0.3302169816170417,0.4562361601296775,-0.21225727726681318,0.4335436278657984,-0.2724669956990101,-0.22841280585247745,0.34996289061575336,-0.2534543747027453,-0.3957481036183312,-0.1735468727369274,-0.3173585900504568,-0.23760188681168276,-0.3712012982067038,0.3850618485406835,0.3466939682200207,-0.29790302324275447,0.04277384024842339,-0.34482488478658285,-0.1047732941303494,-0.25004270032950976,-0.2947247205123015,-0.24536251551974597,-0.14302673268206403
-0.10079892983727408,-0.038135124377906976,0.037189796412465434,-0.08000748980790068,-0.09817046129243742,0.007721808992322924,-0.015448224107622088,-0.03702517757892145,-0.0536280943478383,-0.10895479291756256,-0.1607533956494299,-0.12068530714290984,-0.030401986629889757,-0.05582158423892202,0.1234247187109044,0.07432390294570715,-0.012936677363759362,-0.057893031827547875,-0.1135120078686111,0.22765835676916502,0.09180053376872915,-0.007984469893346656,-0.05521288378545361,0.13877793158390192,0.09725328747559002
0.09186197394381118,-0.021961257699701545,-0.010536857891730225,-0.001429466280038899,0.13701128890114786,0.04751457250409981,-0.12631735053568743,0.11196795596479121,-0.05013815228543929,-0.08047435159404245,0.019212738268207893,-0.29054126562535476,0.026483550842053134,0.18195062932567985,0.0668362000563425,-0.09374694676375338,0.09699841595199774,0.03814037183402147,0.01662818031772774,0.015234793563468916,-0.13838762070773622,-0.015456670049254077,0.06834939715624304,0.2076448744497478,-0.12198328426406578
-0.2051999293895327,-0.022097558340230705,0.041844777544882195,0.05095050398947038,-0.06835376415286133,0.20002907143021936,-0.15297286674880362,-0.07336766293560297,0.09739203349543803,-0.19295686729237863,-0.14983527404430366,-0.17676449888756746,-0.1291058775029152,-0.2149069242302681,-0.04634525802120449,0.10314985472522738,0.052523408956712495,-0.19685167489787997,0.04496969552835678,0.022559037448846672,-0.17581080016647888,-0.03749115496163848,-0.09160341039154317,-0.09529275677323806,-0.11269161286660762
0.49971695282168177,0.343047225890627,-0.3546620025829791,-0.5293139039646274,0.45779836272207725,-0.49466521175316047,0.3819474901308427,0.5223305441979929,-0.3309516796038231,0.6565155778406335,0.661257405729402,0.30999215543262243,0.5775436098178124,0.5866811776021171,0.77433192339154,-0.5397653990438044,-0.5476676303442742,0.37210909363866784,-0.5073383194011367,0.6045270566660512,0.41540416603333224,0.4204916289833405,0.43941634824260073,0.5117862704974523,0.48042779054306767
-0.5174816243948883,-0.3064638992431104,0.46640654207624516,0.35224623982653575,-0.467996249729731,0.5533221094192525,-0.34271183143627504,-0.2510869968770027,0.2571558347755231,-0.5275802765129817,-0.37137156372995384,-0.6116851277335768,-0.5378645129059866,-0.5237631050244795,-0.517779613229982,0.7224000644615555,0.5550075503512776,-0.19094896429466834,0.4863666719580924,-0.4518331719212643,-0.5331899018296409,-0.5370557733351827,-0.5244093585182266,-0.5927713387987192,-0.5118757822252212
-0.3512553544742968,-0.4362386373894442,0.4929889982873514,0.697779351572851,-0.44928144053619234,0.36857598396025887,-0.4453290818595286,-0.4053076918251545,0.4665982542505446,-0.5424339288091118,-0.5966972992829018,-0.45223281684861516,-0.3548225669187526,-0.4763688149003319,-0.79999150737341,0.5880430099011995,0.5383422662776028,-0.5274946715163236,0.5093839856117105,-0.5334757278721678,-0.4002293265290101,-0.6500089345200297,-0.7418594765787531,-0.5922751550791359,-0.49294841758394137
-0.04662954451436849,-0.18090211810496964,0.4622139691977237,0.3793591217057279,-0.3238503697213706,0.0810313909510835,-0.24846843352614303,-0.03643248015632656,0.3913300951479661,-0.3492309738017845,-0.17353557684910567,-0.14309540637428617,-0.3160039826591927,-0.2497056327561765,-0.30761618870033547,0.20223437303974853,0.25876695129265637,-0.27197277731542957,0.07048005132180524,-0.25058221445428586,-0.32560321169385076,-0.28519711214463067,-0.14959676097149185,-0.254771730545054,-0.2543171599373615
0.16607174509383912,0.374959773989951,-0.15440992127577027,0.014388023722818692,-0.04978568507096766,0.0023550741599668045,-0.04822291248014471,0.11742027736441134,0.09231903093404664,-0.16976077844303092,0.043063454683822465,0.03943206106641384,0.20799286185477492,0.0478721840177399,-0.03520386102438386,-0.05611307698356813,0.028676169776727177,0.041338403561769765,-0.3020019987620027,-0.04714776919345797,-0.1672324690371536,0.0022429629500054188,0.07454152366208179,0.0694330849624677,0.09718712658419867
0.19337310099929958,-0.011628346115494173,-0.20738937814344036,-0.19251453399908228,0.10742131355213363,-0.10341295920547433,-0.0083526147098921,0.08722206800815828,-0.04593476505640674,0.04393377317766635,0.03141539358075647,0.19946309649126534,-0.014440899841182216,0.07950199357342423,0.10569883665368393,0.10120730642366368,-0.1429141329057414,0.25722105544199175,-6.347976064999002E-4,0.088561766930913,0.15165450279861764,0.05516705374411587,0.08983695110465549,0.04377700525822956,0.12852686415814712
0.18635410007266207,0.18220277876775437,-0.17047706069602772,-0.2611896787103594,0.196143613125984,-0.14061014220977835,0.1488850891870006,0.05814188463575894,-0.15291240126283906,0.01830547718430834,0.0827270800328643,0.18859124698754692,0.027760456502598,0.29881969356371035,0.017942588223768586,-0.11958652780572837,-0.24392456072743368,0.08945108877681998,-0.2050484997492856,0.04261075089654488,0.19296819012086786,0.1932191527083725,0.1622070319111061,0.1493799172111964,-0.02877265866617173
-6.710291639955248E-4,0.32421340952389893,0.017780782684547216,-0.30359375855991255,0.14679508164456712,0.02532807365384378,-0.05557747812062055,0.10585486643889973,0.0010986840941149367,0.10313243552104313,0.11622132120420281,0.175181161053967,-0.024164609232109655,0.152280873139224,0.21467021278241125,-0.10376770401865425,-0.08549658409579017,0.0694593058221619,-0.08606510299018494,0.1707799984258071,0.11716866205852997,0.2062068158798305,0.2598088187978133,0.0010232240908179197,0.09229716858621868
0.2639644123860179,0.08905323229858055,-0.07191847833645365,-0.25812436484527157,0.23258233164921907,-0.1323127388756017,0.07463421986128466,-0.047355765772792144,-0.2394081944332296,0.19328946493169985,0.08027208076759067,0.0839384952388796,0.2574441563155772,0.1790100467294091,0.1769952376788074,-0.26016952063442883,-0.21980287972650206,0.17874457666283095,-0.10425937868042023,0.23815019363283954,0.20746156960212322,0.1329045490023329,0.2168543739844941,0.3096293083553581,0.0754756785565711
0.22299472105777546,0.33626062381440613,-0.1630543069146196,-0.32884103198752634,0.2543127721323997,-0.18994400114842636,0.005919724530901381,0.19436392141008083,-0.34430252046905796,0.2576721960601903,0.20440210619220714,0.17138245487171333,0.13439807234304643,0.33454931043550973,0.16165935928624506,-0.05973823239433924,-0.12289421783512923,0.21175893101169974,-0.2745624331520007,0.20707631128955506,0.1790351157587705,0.18529426309785224,0.3086937341026023,0.010741489836573165,0.189157064986384
0.14831515006924373,0.13020037079808666,-0.19804199317456692,-0.1495726363540546,0.2679587801847539,-0.21828117716308523,0.20132524155197126,0.21109750084565498,-0.22391890850119794,0.17559912396356608,0.1364541765431071,0.11117886251215985,0.2300026646318189,0.18399680290457035,0.32593737524087285,-0.41592732195407456,-0.23789329381766372,0.10149144252832058,-0.2319799136640958,0.32626176915900085,0.1290318113600973,0.32568878556599473,0.2511140716070891,0.15030923946111546,0.2409666450817983
0.2070778615178325,0.22689692149767768,-0.22094328609254402,-0.2863176264863884,0.22402631301051829,-0.21654331602741644,0.2604527792979772,0.23346386522571472,-0.02782799514360329,0.19845961515888785,0.39978446120114397,0.1614854578011371,0.12762642638016772,0.17339273352082477,0.12814494480549282,-0.3098862849458046,-0.26640553118917054,0.1508747222279908,-0.09797347528179218,0.21214263072673992,0.2420073028749388,0.1528270267385638,0.24906228855129056,0.2830045600422565,0.38165064911273433
0.16998155075132082,0.1650468027876267,-0.2790324682994832,-0.2542903005601647,0.07825895717025678,-0.0866840907817736,0.2835086680593754,0.1303989087647149,-0.05491401573048121,0.2921455207358891,0.33632658006123284,0.004404254199407302,0.22019860115839113,0.16559693001622017,0.13321722521347928,-0.19503197199542144,-0.1984369715265406,0.2136107206502323,-0.13231435885774273,0.23850276601407402,0.1434732773569103,-0.04476054866330321,0.16936344059483016,0.24556613607383754,0.0030290311314889193
0.0983417054723323,0.05453060600154298,-0.10613328198570057,-0.13432909026016437,0.1939008356098211,-0.11455991586892465,-0.05315378989922498,-0.002582231356110725,-0.05607097365366245,0.05467182942364563,0.0908236848336899,0.10319286766298974,0.0949665384980722,0.14925018599310022,0.15075720199579318,-0.16955693212786185,0.08644878835432311,0.1857751254981718,-0.14102621261032253,0.03753893025658242,0.10547716415365913,0.18281876033970407,0.3577309785622729,-0.008410273089548897,-5.919372251795443E-4
0.03830063076494405,0.18935251781672147,0.04207329863081009,0.01954719460950142,-0.1386730978537077,-0.008458930460724625,-0.03728308422956006,0.08019065604275366,0.13126189341695577,0.038676104734058865,-0.07021792967570521,-0.06262918800051422,0.04736529875861412,0.261656242842856,-0.061498378037170766,-0.038756640379441695,-0.13422274521101596,0.1268438845734282,-0.14174599318340397,0.14671950535707154,0.18961720758139555,0.16060151476072565,0.06917145420047936,0.07675055114609913,0.06322456034441346
-0.1743097989564208,-0.12278456882070155,0.1556435034528696,0.17197996293111506,-0.2522042327720511,0.319388111919839,-0.059199390494810114,-0.3267769564327978,0.20290628653715245,-0.11028924116295472,-0.21337980043128618,-0.16769027639933165,-0.18057359844306684,-0.3710602475517136,-0.24443278350553957,0.3131329182619197,0.20484834165094826,-0.18661591524940882,0.09354407219870053,-0.12189423332115536,-0.2772042142801391,-0.4369798632857187,-0.20471884757908143,-0.3619557365421985,-0.08129489009352794
0.18829187812263593,0.04811895381876544,-0.1834523220675737,0.015198406436361818,0.2673742168801337,0.0014588924415906244,0.15831877954776652,0.12548976529888223,-0.37285640385741553,0.11190768354724273,0.06619729256564076,0.019081904219477346,0.16007341735906253,0.11643986968526754,-0.006957262196755334,-0.1601351389812636,-0.14013447140499108,0.16190995382253373,0.18647829334859306,-0.1273742671956065,0.068789610422247,0.08690340460065898,0.23024242299818073,0.02023663703386909,0.32680302111379184
-0.1135235977152258,0.08655912616532556,-0.060825445185844554,-0.005366471295668688,-0.02911155498868839,0.02228500286647236,-0.0500831632906946,0.04358723731457484,0.10198397925351499,-0.188970134448309,-0.11092032863241712,-0.10423242618124852,-0.031104611205381584,-0.15014049994803533,0.08300900460952743,0.1787979214805238,0.05094382500534712,-0.0627840219160268,0.00423393483125522,-0.11552984807167412,-0.0829676409731134,-0.14238250245705508,0.034309039994786496,-0.009181183178406193,-0.14834536400873208
0.037599384680534836,-0.10669375119038134,-0.16354836656598126,-0.09921187897804094,0.22545866931692152,0.003387933616716632,0.10930751308885862,-0.14462953817567153,0.040966839839221225,-0.07146732659716606,-0.17342575319984324,-0.08343104143517847,-0.0763499026420032,-0.09917153341784885,0.01814384406075997,0.028016443801335417,-0.022809547217238355,0.0465978039156254,-0.14193455293385443,0.01651937874094768,-0.04349449469605703,0.0926107123713791,0.015200235975739232,-0.007730118360759053,0.11877394965215693
0.33013656185763957,0.5818731531230372,-0.44892104279619643,-0.39713009004749744,0.29380608175850265,-0.5550061201064679,0.41318898256686976,0.40533900614911705,-0.6716705112918643,0.46216644705078735,0.414065908805801,0.3949136544131803,0.5109033877603261,0.3418782465657101,0.6179606964974962,-0.41219681325827123,-0.32908144118779575,0.31817516785665273,-0.28709986033925505,0.2202510602508867,0.2554851657821217,0.5767827468788191,0.7149073961686092,0.6916387315426852,0.4778144988014587
-0.3488533371615801,-0.4252630389224229,0.468046107363972,0.31271637803505015,-0.3949192862680492,0.43582855855080754,-0.4038776002208507,-0.4686341440610969,0.3209299277936474,-0.35965833091184635,-0.2717910207118187,-0.17144623500399256,-0.32338040604407986,-0.3783997380753533,-0.49744108810101767,0.39551438586183807,0.5121366488383226,-0.5005574310396698,0.36697767192729436,-0.2718694302435804,-0.35363487985426845,-0.2377433220280536,-0.36791670130962173,-0.2513036578185714,-0.3690372443782131
-0.5613857291540674,-0.6267215988423417,0.44552849848524523,0.5371812658732998,-0.611459223637776,0.5015807107379677,-0.5989620867340593,-0.7600898980771542,0.6316881048015224,-0.5932396801600432,-0.5700334512745455,-0.5106934452474768,-0.7599106658296658,-0.5124806756873513,-0.6547155102579075,0.5620305115934492,0.5223130398431813,-0.3826654996171833,0.5233262483361923,-0.7619267567950466,-0.4683017227689996,-0.7088646501951211,-0.7299311386988641,-0.5470579950867962,-0.6364634765480914
-0.3380596446487007,-0.4237508560265612,0.4617700043335325,0.42031518270901375,-0.35184899550591053,0.3122357893277475,-0.5131017423165875,-0.5041298316674226,0.3414466290416452,-0.41843638116130916,-0.4586141847111787,-0.3610431908016344,-0.4785215101104485,-0.45000224102869,-0.4092414444298192,0.4943420652328301,0.5447625844222922,-0.42506954271304637,0.46004761904755287,-0.4852254098765278,-0.6362042255069232,-0.6064665880928618,-0.2794320581453117,-0.3465900254570535,-0.3089444699896633
-0.292878105735084,-0.2149516515820324,0.14472873579211096,0.1897985064363286,-0.2461870987628526,0.22828953240179028,-0.28950590678326993,-0.2732342624866104,0.19032690643321526,-0.22619197915632389,-0.11632520913734068,-0.12465954993293983,-0.40372295814748754,-0.45581986660132773,-0.30139276828557365,0.3131124036174864,0.4954540976298556,-0.34078602941843983,0.3039689162637677,-0.30327421075161265,-0.17290979437308082,-0.2847260073597654,-0.32746100117190774,-0.3753806092284226,-0.3082952839094728
-0.0014172137208750414,0.011839301624628616,0.05029303587436421,0.06110125509808156,-0.21284921139952587,0.017725913313551517,0.05517376961299999,0.18617652880252342,0.04016054054541579,-0.034146260913049106,0.08794842284105127,0.08154067418505224,-0.07128644507562579,-0.041116206963531035,-0.12283109168386205,-0.0042189574279620275,0.13231977280475019,0.038573734477265205,-0.057311977096197626,-0.039914007651061234,-0.2203932353708773,-0.004693091139769209,0.004758083161131663,-0.08305429190009962,0.08062642867823211
-0.06666482422516459,0.13128491240326998,-0.04425198645894957,-0.1447165484300097,0.2928919341801384,-0.13247394603218793,0.20230254826002525,0.1642454973450096,-0.058159483005786154,-0.0825829790968024,0.05556836749399908,-0.08504332195044445,-0.05410569877045379,-0.03919121996854058,0.06593020870469499,0.0322010659211298,-0.26051317751845315,0.11945845593264615,-0.11136948560362676,0.1875685773507285,0.3264035802429407,0.08599517497606736,0.20349811680371252,0.19073715878704178,0.15490143768585699
0.1955261157108986,0.298099740714049,0.0012587865092534378,0.03262671443138832,-0.13058312705455533,-0.08664852243936978,0.053685106720717246,-0.050298299475447936,0.056193499608895005,-0.17995218457777945,0.07275723804653443,-0.0016930105022581778,-0.19026429731885341,0.024292138964577544,-0.00594813618316573,-0.12733743838400843,0.125110184165386,-0.02784868707906904,-0.10322554736590754,-0.06794678990725776,-0.05680611387327039,0.07887344205262077,-7.699037754601553E-5,0.00868693485686261,0.036090990072667146
0.06378485343672388,0.07993761086163914,-0.04906640175071021,-0.16124844291965668,0.08753691812551342,-0.09017033448332465,0.27512783599772134,0.11199223113362144,0.09025394452226919,0.23136772368770037,0.15943851241962145,0.19853057630546517,0.08297949891902981,0.3117394644895482,-0.05763704700575985,-0.05489493943259848,-0.19716881735336864,0.056755199220958986,-0.032762677095199276,0.004187970190346684,0.044566910002649215,0.2484525553768897,0.07722107224514237,0.3238329539621357,-0.017029667502665463
0.29516811003859655,0.11320692868802912,-0.21364990441956522,-0.24126073645675356,0.14392301705085395,-0.16499379114344226,0.10091046534801225,0.18876835312748697,-0.19061657813627791,0.11860508407331681,0.25208780166238665,0.18064724354875863,0.2104635816164863,0.13046505656579077,0.18381351190046732,-0.22882868679521248,-0.2141754119580078,0.10512910639324183,-0.11014065608745512,0.07627777863901955,0.01365535395699981,0.22174646561682385,0.38896369898123867,0.3279518280958206,0.061258991886545246
0.2553835120127299,0.2779692007012128,-0.12654164025774448,-0.43675215219420477,0.15404236266034085,-0.4031103647073414,0.16881703573661483,0.2741201089611807,-0.1671225571026109,0.26331643289901785,0.28035955089714104,0.3191420301579108,0.17263810494620482,0.28405695833173183,0.16294411174473467,-0.2459281534822848,-0.10584255388340795,0.24366539046261004,0.0221967766678052,0.3303841495899571,0.14229688669141283,0.21084456782864758,0.1498089565783931,0.25922425699738466,0.33683798496482614
0.21877910327147657,0.21350441272861673,-0.16232982068279417,-0.22175715545136446,0.3026969797219517,-0.36206422198465904,0.24019905969493666,0.3124575806514347,-0.4488501494143928,0.04003669158109283,0.23589804540321727,0.19546090272228034,0.34196928550286837,0.1449626727591561,0.3602562096987776,-0.22634477959981497,-0.248125250397477,0.23792705672279885,-0.2057265938438981,0.5913469528215025,0.18981765665390132,0.30180780483468284,0.37003258401919725,0.11206251070597294,0.18443025269731353
0.1413240925308209,0.32720975592479173,-0.2634756724173635,-0.11130487218213594,0.31543481270499657,-0.007632697307320063,0.38352534767175395,0.19620889806743208,-0.17076007246835892,0.03971094756704069,0.046730056637561204,0.049818286792160174,0.2410048664575616,0.22613819860242065,0.08987640819428115,-0.19263642257031952,-0.2686442390336809,0.31224695571897293,-0.36768730290515017,0.2276139934028336,0.21291972453728375,0.1780299459264691,0.1518546285872139,0.15194525528234637,0.1346956867122603
0.12111361674083665,0.07955244613453757,-0.19103056957277484,0.0537055199363771,0.11011926362055319,-0.09930771662110328,-0.049439482171539394,0.05624082527028358,-0.24618331980697278,0.266893882199201,0.14358081126191533,0.31524560601862395,0.06121551630376496,0.1091097054382217,0.28022741876850205,-0.09349641702498719,-0.08125808596528798,0.14918430823139467,-0.2810915278479552,0.15818693495080863,0.16776256736142692,0.06955029848590076,0.23882440812707625,0.2503228336854204,0.07127515556298189
0.10776631062261803,-0.017139554698132223,-0.020901082023325804,0.14991229392976685,-0.0069128690522724835,-0.07209357521443527,0.04273588758545858,0.05676951141286793,0.009408239617708177,0.07283384435125358,-0.04373406018794716,0.1396800350205601,-0.1378068880951532,-0.24366734046107247,0.06461654060131052,-0.03450634451930354,0.02827410179481572,-0.00229835198385777,-0.05635999693889871,-0.1600535581928773,-0.035071367368288635,-0.01641416479974372,0.04817007695726068,-0.14439367292179137,-0.06501631928910238
-0.36714393080042934,-0.2827043229290044,0.25521138530869814,0.38236389333647003,-0.2492207835100453,0.20499764983271204,-0.3402318237579455,-0.001170126294092621,0.307442187289461,-0.23285818192979102,-0.3552901606352884,-0.06848237911326387,-0.3550369551011241,-0.3731540984604739,-0.25524016401098554,0.3410952856756576,0.31467235962717227,-0.23797656061330966,0.34664352106317076,-0.262392792233842,-0.26995792382532696,-0.40445007653136034,-0.2844978866037032,-0.33849776952610267,-0.32645441260327085
-0.32907241286658767,-0.2811405588053548,0.32400272810593456,0.22993222070944752,-0.3725970012654694,0.24553767456301376,-0.07178172221717694,-0.2664560578944628,0.13002299846341656,-0.2800176235779504,-0.17149086384565046,-0.1103071237262374,-0.11799979395789097,-0.1556096922134738,-0.42128212274347976,0.396897654732838,0.19083966957160017,-0.26441987424689417,0.20068705140603327,-0.09127182366168379,-0.15793741193759092,-0.3137819813779574,-0.09337759268452661,-0.0802151218420152,-0.12003977619136691
0.2142629485824895,0.1189731485868668,-0.20840119070887403,-0.4278897966687471,0.31199901937347096,-0.3161164257321572,0.32147654591687824,0.39453623234817337,-0.2592873995138203,0.1284463256562571,0.357684652189773,0.30201706866083156,0.23087845600146772,0.2962341510229301,0.10089988237071926,-0.12807070534252912,-0.21394505998896252,0.16798639349732364,-0.43098848095134235,0.22377884096529077,0.2465070417886309,0.20219902578330562,0.2882597812820787,0.38128064455294264,0.34449764777433384
0.31282872038007664,0.10548274906706918,0.00748727091421162,-0.07590734972072785,0.016726368146898398,-0.11286645077030806,0.14031911856632703,0.1604976175619229,0.02051676369681298,0.07289468300857925,0.14216606902237344,0.057488446147416154,0.20955556078928864,0.3364677148543955,0.23238341772785864,-0.10891449797127131,0.04408489281236974,0.0610281594631432,-0.1483427700674949,0.3156813690400734,0.1591711603718962,0.2707683207546836,0.04781878357899083,0.3561164485839395,0.2527080805934806
-0.031068873669667426,-0.0291663206875945,0.05913132223875043,0.049157528588513855,0.0935368714157831,0.08895751394515701,-0.08039130372484449,0.04979519649199247,0.0543112483078863,0.06719727826964846,0.038068315703198595,0.06218791825956276,-0.04263715361747594,-0.04301825324299185,0.07142032303234094,-0.1274106578869921,0.006144105247458557,0.022671646571346137,0.13333953657207598,-0.00569091675493736,-0.09192893490069376,-0.04550046112319328,0.0077206520850592085,0.08786415946440787,-0.135528032089104
0.4882921496449808,0.34519985937078296,-0.4464534024822393,-0.48103937704158095,0.5150042943716046,-0.4383211854253142,0.5102707989384702,0.4302617542674093,-0.33684347474136944,0.4194450367585083,0.5484570335456406,0.4458323195455938,0.4115209157168868,0.4590946355178165,0.285416864656465,-0.5680493750343496,-0.2770657276677055,0.4157867447545134,-0.4048958336644231,0.44372309832629087,0.34998575213621747,0.44958500925037725,0.5405961360240453,0.38935018269396116,0.4659139087573959
-0.47210832534852015,-0.6257562396734329,0.4391363851470606,0.3863832925282048,-0.7548592792334635,0.6116604051057506,-0.44521274937745536,-0.3942981298177888,0.4942726883479222,-0.4674306004098776,-0.4837259152711766,-0.6022977840040421,-0.6092797369991895,-0.49684281318811974,-0.5932024368483647,0.5530452092502888,0.5386794907782864,-0.4066997612776249,0.564195710772684,-0.34277577368072093,-0.5230816371542667,-0.585251835550411,-0.4934261944536713,-0.36100645849686963,-0.624454464743884
-0.1978331605041714,-0.25440752000977424,0.3521201222785855,0.5641251524548406,-0.39694087772103487,0.44580703266877636,-0.6684593142623584,-0.3324100701886582,0.24238641552877085,-0.42184016702727906,-0.39870873396802836,-0.47863892751361115,-0.28687290057845394,-0.3607970092955156,-0.4350000106039383,0.5507159273516479,0.4542470229783675,-0.40371618645709806,0.4186878140629881,-0.47524495654451065,-0.45921219418846027,-0.21954648332615237,-0.3686516577157896,-0.37207187120688195,-0.23297145372443126
-0.2390735482713757,-0.2977490196340527,0.1350221666979236,0.026550967992680675,-0.4045165021577308,0.15380980509765554,-0.06350450769549285,0.06086804962860207,0.10461633658095466,-0.038702934649438525,-0.3286998030931136,-0.17977971250369537,-0.17830712988420624,-0.08644910696487705,-0.03898937367174839,0.1339230787032357,0.1197254045104026,-0.1095613965116079,0.14683839907869412,-0.04366773141349042,-0.21506181421825907,-0.2825106431765976,-0.27269512705117516,-0.08798283581096282,-0.08860656280414496
0.09312480381843828,-0.030042735932180705,-0.19563110031751219,-0.07971860601526047,-0.11431088115901869,-0.2541130854772169,0.05093622344228335,0.13998448973590022,-0.15104129569506924,0.2280715327457906,-0.025171223755187287,0.15810105219911882,0.19612919726173733,0.24271693455239357,0.03563133374030641,-0.23676255066937732,-0.12557644182279168,0.00170335430896224,-0.0924438226812687,0.07431601454074588,0.15434358518728328,0.05263576782983902,0.050468597034523534,0.09520724410364381,0.0036996977866913
0.10130204543670952,0.04954420082830567,-0.006224600907502502,-0.13021372609739726,0.2387180212781737,0.1231051770180721,-0.14849523832456826,-0.033651538473580836,-0.16045177100480532,0.020978389873901413,-0.12783729667444788,-0.02755983300479111,0.20701385636972117,-0.024924746979720584,0.04803184788764491,-0.03677776374938516,0.05046565505587999,-0.10122226280939685,-0.26850947959363886,0.022155754528640468,0.1382050198215202,0.09308852826539724,0.23019339925522936,-0.12562416342123908,0.09426918780985698
-0.005505642627707958,0.09897596504384944,-0.12487628442763073,0.20083928664607217,-0.01874326726940283,-0.10304765743356441,-0.02790942596749648,0.09366986252366437,0.0311145319855681,0.10164682344500071,0.1002541710399037,0.20700749061665544,-0.1244472842057254,0.1372767189752544,0.14059515721545435,-0.005862578170937548,0.10649895444417319,0.13299320249226104,-0.125368041357573,0.13130762063667165,0.005253726068467786,0.00915404623996577,-0.04497352423815008,0.031581805015299814,-0.10120074030585247
0.12205196909508667,0.20930907897636514,-0.17283467508572203,0.021706712485463957,-0.17237977876628813,-0.32512525508423745,-0.13960700716879806,0.1622242989516858,-5.09148762215916E-4,0.05227341165544611,-0.020034471860024383,0.029581883233953173,0.17616887376364485,0.05231724997463547,-0.035406550635835275,0.1545943787529529,-0.01795791138184199,0.2317444861519857,-0.30409296595764146,0.16146935639145604,0.03588012093619098,0.23575210565500043,0.11406284325808161,-0.07771898121849073,0.04938759707560807
0.2029790182313285,0.3049928843183296,-0.06862621176835693,-0.3193222631673493,0.22003864990342906,-0.20182231730142608,0.19558275559338098,0.26413489699291787,-0.2617612486412952,0.06822584904451112,0.025136101779320047,0.07573846856193063,-0.02431376437060395,0.3257636109232034,0.19589498902519936,-0.2902784141768265,-0.23646390311355991,0.16511988059772117,-0.12457833031056606,0.39052735375718894,0.0011700481289052024,0.16495854547804242,0.269228558440346,0.155108428818139,0.17047184555414074
0.32315690223056076,0.34421637153699497,-0.031109465265937768,-0.13008213139169844,0.03928992468163713,-0.31782458586748774,0.16486963568215207,0.16163655210865344,-0.17957317367984685,0.22197172881504074,0.16487787497302775,0.10898560792782956,0.2186552518797887,0.1106571574800684,0.06775550571162525,-0.328949428996984,-0.18988698170402732,0.3471368637851827,-0.3468239296668493,0.2659282552648919,0.2057754199055955,0.06110553108540622,0.24906929706460718,0.21621415853001838,0.3296626843705451
0.2799513957762307,0.20668706444773333,-0.17309050809540108,-0.22807253593289087,0.4693436900110395,-0.42968433984848775,0.33520598757124176,0.19731070707927897,-0.16447981510759904,0.2016654167205872,0.280905301142658,0.20284340520809546,0.2997472624799042,0.19992764975350455,0.2389567015391165,-0.3364678494277351,-0.28312000960054107,0.35900043389708736,-0.4657630345012685,0.23980971743792195,0.23737240107224433,0.37823465878908685,0.30324791837426207,0.3278069302434854,0.27261944722147624
0.31316127821574036,0.31632013820525096,-0.1274672722497072,-0.11966133137664435,0.31676627041062555,-0.11788450057302294,0.21465475400660183,0.26417057549271705,-0.017763940209834943,0.11991148302780963,0.234337381076927,0.2110095929050871,0.1775653920258352,0.16507350482398675,0.19716281326027735,-0.2523019874341652,-0.073098948805819,0.19122502885185344,-0.26180594318825007,0.24247883498488063,0.14791816828207754,0.2785548451156594,0.18683124364619666,0.2602826367855156,0.2937397393914754
0.08718277360550937,0.15761684905016632,0.010065870660782078,-0.2028214534206549,0.14329771657771653,-0.4390396284797413,0.17186462147182824,0.08304355299375742,-0.11833320365682974,-0.022955493661861635,0.06834396842338564,0.2631027153451795,0.031229002667610063,0.11560129255189519,-0.0627749688336464,-0.3445844134432029,-0.4625878383618934,0.4076799504501121,-0.26663355277434087,0.21035459561009953,0.05373296558909262,0.26254639549753384,0.3388582043149383,0.2625753098572218,-0.03222371625591376
0.1369971709727043,0.17336922365833435,-0.026397899178494003,-0.022316021178378033,0.0281233569728232,0.08169545354500829,-0.06952377095510644,0.18249657924757132,-0.01751487540327681,0.01679795853198549,-0.016496694748679226,0.1598032566573692,0.10502687856793826,0.15663330288321567,0.04121226375187924,0.033650942710681725,-0.21915773840248914,-0.0937796046237486,-0.06202198408180772,0.06074401622389206,-0.03957457540354156,0.038565778200668054,-0.06190652242187246,-0.11871465941709577,0.17957135386022274
-0.08413125272188927,-0.14682201686829743,0.14089439560471226,0.26985770502785894,-0.20073975834975358,0.02368402030840779,-0.07503255325468779,-0.07206723773260054,0.29036830336748976,-0.14135348799203284,-0.29837635547922825,0.062761949798207,-0.22988409237867233,-0.13963312982254192,-0.07384670707875884,0.3567165858095367,0.2708711570960404,-0.26538355517776807,-0.07618104691673161,-0.4357417083311181,-0.22752647908222884,-0.28662650777579196,-0.2112367032477829,-0.2953944596990224,-0.35688983329925883
-0.20311679021445952,-0.15298485818167673,0.2744566078903473,0.16944823258502434,-0.28745968384433773,0.09296011556500709,-0.20113169164650394,-0.15104073535909154,0.12066488128681226,-0.2146754425846721,-0.3294198756460336,-0.2178511142992344,-0.26808927363045576,-0.3027816559291663,-0.4049754638004046,0.28348340748905687,0.2731084196607612,-0.12644474839370626,0.10925171363583504,-0.49622445333810367,-0.26704107497101837,-0.18423163929309097,0.011407282040907319,-0.3412791320657758,-0.39176003597279835
-0.050316326188458285,-0.20185674116431152,0.2663594713156519,0.20312838881291614,-0.26845159011683173,0.14654625165459728,-0.21478277118004258,-0.12877608780954974,0.037891010221779285,-0.15221184169013066,-0.19157440189796807,-0.02199292071799903,-0.08441720502137624,-0.032310353462394255,-0.2674982872478237,0.039710565143526,0.25119822154836363,-0.1706854461579981,-0.007640121519841779,-0.24691102660679634,-0.31107000423494324,-0.03911636016706744,-0.16591204580866048,-0.20323419814526789,-0.043955976489133256
-0.07362536017119396,0.05726526824880143,-0.2022765915560073,-0.10026640218380005,0.5108058837925215,-0.10514966715253898,0.16216037667910824,-0.026624858595682355,-0.17516440376125797,-0.05433394988495409,0.18527379573747832,0.08378432554723682,0.07808239300144053,0.25343428701021964,0.08039617494351259,-0.07017387903073077,-0.25303785169148596,0.18908507903629326,0.05901094938435041,-0.30675499990344823,-0.055026883350542295,0.017426789034185725,0.09618863121860624,0.12688907511416786,0.18127574829540966
0.2493228411053124,0.4045881322539773,-0.26440306348617276,0.03031304468554256,0.14003225611510597,-0.14738885415866718,0.37904286088101424,0.19924682228340887,-0.24272370509422725,0.16453199714960692,0.3084776236025523,0.1502531761922818,0.23918018493163185,0.2982389223713576,0.1978547230969295,-0.2548036597581939,-0.2352968130533346,0.24079892126443284,-0.23849686038187481,0.18903998556356708,0.3836678680403061,0.18048366024146703,0.1420300981812022,0.12348040445477014,0.041491077835434126
0.12488334568864629,0.07877357530374843,-0.2248436149591302,-0.06157384837779713,-0.03476103282576916,-0.09391797715795158,0.08061791672967772,-0.20989557629681477,0.06899586612915153,0.04809633693226989,-0.11830450543723614,-0.11160311534551065,-0.11307461586749926,0.0740984505821272,-0.10031001106422864,0.01677315632752289,-0.1048462698201992,-0.0059156880955648925,0.06918043942828186,0.1100157082252365,0.01918465652335481,-0.11592501647348907,-0.061019666878296,-0.21172537928765356,0.189384025473481
-0.09129622262169927,0.06470676023433965,0.004920685415702799,-0.21463417727937767,0.141329389881959,-0.1619406486863994,-0.029907699859025215,0.035357214869190495,-0.0455188728162854,0.10871037704627176,0.1265922911827607,0.038443048197776865,0.12520445265053176,0.07691637838962834,-0.01717783957032285,-0.09878594708746008,0.022094974450197466,0.129355208544715,-0.08675414220964527,0.19528618387685298,0.09856833539417957,0.14544991337912486,0.11536860921980525,0.1637984924885858,0.12481001240339856
-0.08489665878657793,0.0744871791361994,0.20887104232383205,0.04153827253641557,-0.09869899987289953,-0.03381429974154412,-0.13030109589999805,-0.08409276620870719,-0.19088612369934474,-0.03252350989514216,-0.0926493319505705,-0.14546059387398413,-0.24048510626245911,-0.08442674954529614,-0.13738116334437914,0.05122145813270895,-0.028477356931035383,-0.22802050676520252,0.21340470686323748,-0.1905313846603385,-0.03785539033014121,-0.25586262604238197,0.04371333706330676,-0.07765206120075548,-0.11582533465827385
-0.17793062239164714,-0.13837755604425317,0.2173648026796774,0.03695752065117918,-0.16744138812546897,0.22008170873296692,-0.2174540814365921,-0.23997954074209854,0.2383744635578625,-0.20167658097189275,-0.022409152000140396,-0.1954663292320483,-0.26810799094771137,-0.38417892954072586,-0.18783320489488187,0.20381804422358005,0.11393306387367064,-0.19037863549531064,0.15760341787467874,-0.28744029193948817,-0.15842486071233844,-0.13945125102410866,-0.15386085371000693,-0.3530240363656041,-0.3318998501466716
0.021065897310826094,0.0935743272079,-0.0565379212441286,0.12663101115306313,-0.02648304511375522,-0.11429708379314357,0.1109244429190149,0.08765036767561984,0.003256173038469954,0.07635157008385719,0.06921806594354525,-0.08946696922467982,0.15514129409218486,0.053639774893927794,-0.05208069694846808,0.04746078018695139,0.08287652634635592,0.023451332318619626,0.07661155425881411,-0.1468851278187578,-0.06712722225515215,0.05665592394303691,0.16845524108726434,0.02572078392750003,0.10048175713080887
0.150165827597879,0.16516521355366262,-0.09201126619833558,-0.12156430678555116,0.050437827613841586,-0.20519205242550528,0.106551075641319,0.06603865997748692,-0.024709202095922735,0.041360315538119884,0.06351675272043605,0.23522460139242016,0.00977193953867637,0.1277344242794849,0.16173698345426846,-0.08353292063013243,-0.09546916909545763,0.0964915027635402,-0.2582653653511911,0.18051282431202456,0.3541660953325832,0.07934823976614419,-0.04121865306466675,0.04215437780226724,0.1314911988351134
0.12898843274525715,-0.020238989971969407,6.167509478580711E-4,-0.0728757987954297,-0.06442788904957382,-0.022131821278109167,0.03867037067959725,-0.05563362958797876,-0.10952312653554522,-0.0060824844562763205,0.12798451115007112,0.08984118993871813,0.31486083486466265,-0.07304213120612423,0.13453425740881808,-0.025862957914665034,-0.06095847331741769,0.07911564390295049,-0.10793310011411675,0.020782172844387867,0.02782013654507436,0.14320807170225364,0.11532292386156573,0.17068336230356965,-0.03946996942955465
0.09811433436800202,0.015594491067803822,-0.043916453803721875,-0.055523951209686416,0.1773091935069113,-0.05174460295782379,0.356236480094277,0.051821240268791174,-0.03129350172541587,0.04235790999456539,0.10315666537514012,0.21065558824129008,0.1763684155833452,0.2137093564991152,0.2441391300661649,0.022752837396575524,-0.14710440753892867,0.019565337923473307,-0.14628018895307596,0.07158749634332816,-0.020234406276101097,0.15954683988734006,0.1131807346125474,0.13006269895279254,0.21264439696924126
0.12884713164364656,0.2869989182081509,-0.24982191799956535,-0.3030778212308151,0.25753178099135604,-0.23502753499360335,-0.02266816308666308,0.2122868214286027,0.04243254886561861,0.09484343266236787,0.24379233015648247,0.15612721427799542,0.038576722090890664,0.05117511848396862,0.13985133403283068,0.06534623973941522,-0.08272345772184461,0.0771723959095614,-0.22271193292903296,0.24550476964090545,0.21822915510687133,0.09255242614684579,0.13250117711562573,0.03902535318397436,0.056344551622432446
0.30788973278756,0.28574086104916063,-0.3199161260273929,-0.22461160752510093,0.2608356725769222,-0.2530219199270651,0.43644038064493323,0.22485929309666225,-0.3039689741105984,0.1622113965503209,0.24805387931224698,0.2208063181591436,0.397033491587761,0.26835158718904606,0.16255356119760858,-0.37811553130965764,-0.20608081759859154,0.31293743359325893,-0.13087595901361873,0.2026247065142969,0.1883934076977313,0.22410664240216063,0.39225991363971663,0.06248116993806523,0.3205087237700171
0.4316272446485646,0.30805754856625883,-0.5835765378652538,-0.3568435796170941,0.39577772617904433,-0.19821851716353306,0.49371872000180445,0.14855275315989275,-0.44895298359013486,0.44799888238652996,0.22347906297538872,0.16431911584443146,0.5275444396725404,0.6439313905664072,0.4541057091493645,-0.2868145554321957,-0.34589152828919423,0.29214358779209776,-0.27841748730055466,0.5812400433665921,0.3480140043363773,0.20482233384406084,0.2173755365227242,0.42534089466374586,0.35898293359323785
0.3416693445415783,0.4776486016921439,-0.5047416526553324,-0.4314708059386698,0.39318439122247506,-0.31989831011927244,0.5175807709627247,0.4050977911659685,-0.4350120320643553,0.636324037202695,0.6435979911597346,0.18906583947768635,0.344171086945593,0.6816239689442671,0.714673699533352,-0.4764286858008088,-0.4983688263332906,0.39224330863915485,-0.10268008850618462,0.5261125262598187,0.5443097036580481,0.36769084430229704,0.4674719358437101,0.5924244123219962,0.5191263408132339
0.3437820436076015,0.3348662474841781,-0.7471238876647067,-0.6702146656701884,0.5219427874969916,-0.4206207066384404,0.6465188050603694,0.3256725736731785,-0.48557155003117025,0.39031854937070504,0.5629633055818214,0.17868318758396048,0.5990969980254901,0.65126450437761,0.6951317792458769,-0.6539090571718745,-0.505340520620957,0.3488865040549081,-0.15609654655478333,0.5433109732817631,0.5979216892303274,0.5097039344845051,0.4499239849881147,0.5966617724375545,0.5813205610847655
-0.22438677865734838,-0.02707274642863338,-0.12523008108034783,0.034221984191551515,0.13198961531051087,0.05383445988670312,0.004593921482323868,-0.15942782896409669,-0.060023789118757914,0.21478285550482226,0.16862948549045556,-0.23641837849130107,0.1270022023649316,0.054193291079966545,0.11046975722422832,0.053698150002982045,-0.10692116621835385,0.035090568850066145,0.10061916199368524,0.06872897685403291,-0.026739584635379014,-0.03487537799892776,-0.24761055649862074,0.14653292479459035,0.3688198312782178
-0.05204453701053066,-0.12451164135045553,-0.01970225453791784,0.12181007919653777,-0.16652078355872654,0.09968625068075673,-0.0015120931894933287,0.17951119789114678,-0.05702370207120501,0.14217895086389074,-0.06277949719496181,-0.009833627008796413,0.11292180953084015,-0.06583212393529426,0.0558219287203723,-0.1000823918990996,0.04997892741828358,-0.16707535876000776,-7.492665457287378E-4,-0.07524844935991368,0.17377149074158607,-0.04859050501576766,-0.16086445093938254,-9.330081354476949E-4,5.694503083973373E-4
0.046957549361308026,0.12539125921462385,-0.17527707529871117,-0.11984703952868687,0.022678790353025214,-0.015094932577175585,0.11976019447792217,-0.20798261139860996,-0.223340783748415,0.052320100218683205,0.2561144582862244,-0.05835320260977017,0.0948222079537442,-0.011581399758062574,0.030849395091703743,-0.12770622220650824,-0.027405335480471374,0.026259178213593446,0.18422208371997248,0.18518541849868897,0.11122733748560089,0.03413587213263968,0.07385864322018801,0.34762586667018625,0.3397325910405447
-0.13106596340269216,-0.0010502357344996103,0.01251685294989683,-0.04175593767031239,0.02916670553483459,0.07008340132535504,0.029021077985847746,-0.0911258552441833,0.11251843006309412,-0.06729658291799563,0.03765071361319443,0.11845637370073296,-0.05083175464447932,0.0772616040900239,0.10661242579802836,0.09041952914428109,-0.10707930790840724,-0.008263600744955347,0.05539003692366625,0.1336557300638928,0.03234225441616482,-0.11372944021988368,-0.18725955997207722,0.0045840635746908515,0.1462696590722682
-0.019782681054517207,-0.09434057090785147,0.26433954352392997,0.270671776158923,-0.19641673262922626,0.11550684358125746,-0.12883141052275868,-0.007618723026133652,0.2203952471685266,-0.1879631558713216,0.08210226893791475,-0.06634679075869375,0.006377250315415977,-0.2997527384877689,-0.01958532797952116,0.11824451205152753,0.07997727494961017,-0.17930708529777895,0.024757503085178736,-0.047908291182799864,-0.06367615095652125,-0.05027118411355487,-0.23029694241662296,-0.0746889322873661,-0.21311841122131425
-0.22203886861993413,0.09301551486961264,0.18446382981627443,0.26397193792238527,-0.2354457878436242,0.05126614201951519,-0.32792605683941545,-0.03998875117146491,0.027611609754269163,-0.1575440460748914,-0.177540183898786,-0.06633060784867349,-0.13445285558173742,-0.1638426128013852,-0.13544652904186108,0.052225173305232034,0.24448668298415144,-0.08379921438013345,0.04672328750397679,-0.2727908021046626,-0.18585637968854765,-0.037097949077279056,-0.2349823356062879,-0.20916687272349707,-0.23028151714587192
0.408141046843492,0.23940186401906896,-0.41300931033581617,-0.024134981359375602,0.23598085816489545,-0.34214295736868544,0.12326002349478875,0.19944103678656425,-0.07918852399164591,0.18381052792369543,0.21874991752293432,0.13767346480537945,0.1240444707444748,0.07694673878513608,0.25657068726922483,-0.2575533692832916,-0.059727725403616996,0.021231747419593584,-0.21058010809609223,0.37228317607690914,0.3032014855921467,0.30507558390779527,0.26498744414256376,0.06331130229584818,0.2519127004480617
0.010057878905280569,0.06893476649718748,-0.06553564259012522,0.08166184955684193,0.10605980272940743,0.030625076533239138,-0.005475064501195171,-0.1698986671567921,0.030726523656820815,-0.19702340271000338,0.030946131108373527,0.05857302616747925,0.07813428888872276,0.00823082983154658,0.14853881950208145,-0.04211955675141206,0.14649582149090035,0.061102014224429374,0.04730902961854727,0.06659659352515745,0.06916870073204288,-0.06866186887855383,0.03118610475632292,-0.04550720016933668,0.14560325596076693
0.1808650877576611,0.40929052313383396,-0.4033839328804469,-0.30474765131085974,0.18337367578321953,-0.21499299288719037,0.2241147916505728,0.08246142766519461,-0.42540535114381844,0.1317694756309268,0.22380745483059394,0.23923806459355437,0.44169208851333547,0.3146290900129031,0.1697248478301461,-0.2328638099034774,-0.41888138954059034,0.35851718320875897,-0.3464369187210985,0.49402381456906064,0.3307528145202885,0.2603333805015129,0.1725104182746354,0.25229478168939445,0.2141876212795172
-0.11863618142770363,-0.382455662913167,0.28944761220458687,0.3380837827770355,-0.27910027079373895,0.34221211639060434,-0.33760754822083305,-0.02486303484315283,0.28086902914395373,-0.17840294771810694,-0.39286255997831754,-0.027153438328476456,-0.18043809622776652,-0.34504457613652206,-0.47699558974157,0.4474228796221423,0.47295919947762466,-0.33348025922325397,0.09622642250940108,-0.23972939996461004,-0.3899061800150998,-0.1697166583593228,-0.18530011855825618,-0.3390038625776221,-0.40199497202087936
-0.2586930766065452,-0.15341420222137697,0.2391328491645352,0.3848193533220405,-0.23779639723032708,0.2688912727154132,-0.17756622252476392,-0.2044630205047541,0.21927435023403483,-0.18956836171230962,-0.3476842260936095,-0.04269923505627438,-0.332075894527807,-0.2838177245322514,-0.3345810990493253,0.16038460150375733,0.20593530220405254,-0.24439135234885528,0.023005395978136542,-0.24040088819941238,-0.48763547084040876,-0.33874530004394426,-0.2690508340121575,-0.2096805054600637,-0.1883887557663443
-0.008268171627733847,0.10053261966741393,0.003932768127411302,0.18894418971144156,-0.02980984996811814,-0.015306317326567976,0.0440817002748359,0.002016755843511072,0.03316407567906044,-0.15541755991554118,-0.21911003039138174,0.08469636684526592,-0.13533093554726935,-0.1206804362634483,-0.0016504263964753289,0.31209826008724995,0.27266550995340005,-0.0663698381953809,0.040549549076435286,-0.1397507041515298,-0.13406405577612673,-0.09573256183751644,0.08288705139269807,-0.04341718089719283,-0.13907151443887725
-0.10252198113643811,0.029608281507842657,-0.07222109960562648,0.03248677045678688,0.05903796361372997,0.043700873885660095,-0.12889553178082067,0.16070595450588168,0.16425761993054122,0.06193562171309178,-0.23852750087146637,0.08864549598035679,-0.036124330310440926,-0.01845319345702305,-0.27651598792172544,-0.00616341248837844,-0.029815550513292988,0.03790210519180256,0.012141650257643117,-0.10820992774623749,-0.15376699648268705,-0.1210748661715156,0.06582546051964608,-0.12895065426494395,-0.06839712762075156
0.12484733495057011,0.18067650880310587,0.1955997818998899,-0.005717334230560551,-0.015126754656146005,-0.11906979805108787,-0.04046016653742809,0.11996482780389787,0.11373329661791973,0.08073536369596249,-0.07588734128745674,0.13752037976077724,-0.008900601727762927,-0.15888527305343214,0.012120617888766887,-0.1227819876910249,-0.10847529651267981,-0.016216081505168147,-0.09240350256827518,-0.004898966567225293,0.045545253111005074,0.2029345889953431,0.09528866145497451,0.03748017205175145,-0.019102360625523434
-0.024523382196723027,0.1984168348574546,-0.2841793525139595,-0.08624603112846184,0.19466315048364352,-0.0696084709549132,0.04280651811121431,0.27976588815734516,-0.1628020126021136,0.13194308380997744,0.31375455832324706,0.10228356043745594,0.02628967303216435,0.1857185686498174,0.2625592863016658,-0.19063378080634963,-0.24199649829741252,0.1561375775923659,-0.17798841889605063,0.19120459312324484,0.006010587833955108,0.05040793825620063,0.24191245964504793,0.13561020856014092,0.17139186507742774
0.09152693328209763,0.23342894210863063,-0.3743436189009096,-0.204922339684247,0.40225862402423795,-0.07900035675482042,0.3096131805627124,0.10973603051712719,-0.24518946005807923,0.24717490927311342,0.20920081180712435,0.16752019067281163,0.42782427964727254,0.4044100803397415,0.16372151193678974,-0.4234599267028597,-0.3371978448687063,0.05359230983211107,-0.39233409501578254,0.35726971271488556,0.2028377465029799,0.41321732820433843,0.32521103622540853,0.24211656605275197,0.2840722044813345
0.38228326121573764,0.4013737280345501,-0.38270667495037913,-0.5086656393982601,0.3857182392558904,-0.43872795210020016,0.3281019489025991,0.29136496591123384,-0.642848474018303,0.3155190769973794,0.5467294156796775,0.1529866136354799,0.3281092345538492,0.74247264381427,0.4619431081999452,-0.6057407781987657,-0.7046473840510481,0.42484195223245275,-0.2838463056649106,0.6472655547660822,0.4962617541267497,0.6692512252361122,0.38578396386104824,0.3709564084720359,0.558042585346953
0.27076362907175816,0.4203705277129198,-0.6724263746504414,-0.6839631357325465,0.5320796379780391,-0.48258573855319664,0.5593840228503452,0.40322559874312486,-0.6867600930120602,0.5859462610117678,0.5805865172067327,0.36601324793094087,0.5233865784350936,0.6193860728505413,0.44659842534803174,-0.6149511118483089,-0.6467619724243806,0.41615401706074423,-0.2967197913224648,0.5398590955193712,0.6760329773693369,0.4519802496092043,0.3572398874463032,0.6506079926450792,0.5012127288727095
-0.2108444754848833,-0.22758831347288336,-0.004586286334267975,-0.05009275877083106,-0.04304285285112953,0.18784245321744378,0.05877456331859142,-0.3311141510746132,-0.3177054833479858,0.0598928211026597,-0.06437771216764425,-0.13493716946899856,0.13567325179116355,-0.014790022240675148,0.172731273725097,-0.18059821112485502,-0.09565576344254914,0.009299136360749333,0.09538009750330495,0.0792896496521501,0.02590847375289495,-0.023398789183666655,-0.20104510791864355,0.087339182541716,0.12158924426394775
-0.13674737167496817,-0.0927916186564538,0.06478685039085023,0.13718170740743454,0.06111694865159155,0.020803640425567184,-0.321455860188918,-0.35746941686738043,0.10272058803217624,-0.1173814908606412,0.006699804054110698,-0.19415852874195597,-0.1953990206731473,-0.16607925490706898,-0.025558484041860327,-0.056139065506848884,0.23313246113046207,-0.1634146808451441,0.13915943604596323,0.09637760007336948,0.004119320351138201,-0.0982050785689701,-0.1831654530021168,-0.16994595704056242,-0.07342304722164679
-0.30148285141734454,-0.2243516356040212,0.16954989642145923,0.04403680971235462,-0.11408879116493267,0.1621233263088026,-0.0011252350747233764,-0.3025436836563836,0.14710443698308923,-0.031340143682791394,-0.05962834462776506,-0.2656700554126781,-0.12605068946747014,-0.16472579467054982,-0.0965979097324295,0.207021888353675,0.23778296942464486,-0.21770900965610174,0.22182000509534106,-0.25247632173981677,-0.15802131160473923,-0.07559857794969908,-0.252953969844681,-0.09948413809498666,-0.08814351691369061
-0.0382951786041357,-0.17145246609961676,0.001311938185518959,0.06890043054213403,0.051615794350320286,0.21080651171643708,-0.0062554209849363,-0.2642415072121975,0.11266669396219901,-0.1325269409874443,-0.17585261787401368,-0.13039430540494357,-0.01683016031468375,-0.21965749032516377,-0.11564837005547408,0.1293357898528428,0.06909610429537606,0.08206107818294518,0.3815255200754701,0.1479670584133996,-0.2466101382738963,-0.07431165425498361,-0.22474838943893266,-0.25287132232301723,-0.022615980323570196
0.08916245344555343,-0.01576598404127148,-0.22310125918509502,-0.07819079224997487,0.08963745844344961,-0.04283172472931282,0.24100297617056485,0.025052067383507327,-0.23417110799075075,0.17409718131122848,0.07520202678727711,-0.014447799512425816,0.04719331426382548,0.04681335975213375,0.03784729166441166,-0.22083267288316497,-0.21115676148358536,0.0487237836021552,-0.03525718303698217,0.051555960740675505,0.061268120821307046,-0.026814301929111085,-0.06521475594900758,0.14204142347634433,0.308539839933411
0.30886479676475664,0.16514626261381357,-0.37611287686597755,-0.1784212994556606,0.35943595191986905,-0.3118368744678448,0.0317655212192335,0.21036110083905252,-0.47086835069761873,0.3204592063814059,0.4167288887994854,0.03544127346869071,0.41700424285455695,0.25782231574128495,0.3574090502259355,-0.389484491229701,-0.39111490384098163,0.1483292612060496,0.0036326635432909968,0.467538738471465,0.3367371337445182,0.1668372568783535,0.32668369992086066,0.23897616461150326,0.30033430063397853
0.2030301376969816,0.13358830777355565,-0.04620364707323661,-0.12770390004701535,0.014312395943429097,-0.09654564067913174,0.17168852235001414,0.08481536221102635,-0.05980249717779094,0.13161909784065265,0.005103590138826029,0.04445746634625709,-0.04313744490050103,0.1169932906280795,-0.06409331791087604,-0.04694473262812284,-0.008625574940838066,0.1757694586770513,-0.1542794015096202,0.08584495975472564,-0.07006970595248534,0.008553504181542297,0.19410831593845934,0.11287001377089938,0.14696032216141938
-0.2837418610805392,-0.2215463393468369,0.01644101905957681,0.1531615102701655,-0.07453313022669218,0.0038073977329257202,-0.16496494659244648,-0.14493274136712417,0.18976054896837957,-0.1949136451639399,-0.09735878469333767,0.09695095880039241,-0.08336852517672128,-0.20093960262262062,-0.25306138554171886,0.09878510575231703,0.005428490004388865,-0.1863222755885382,0.16033581238342437,-0.16455420031025375,-0.041014429074949954,-0.14332151719363456,-0.0027629090761494466,-0.07675815618662812,-0.016965597038091845
-0.1853853581936112,-0.2916117580504577,0.4783076113130557,0.3162169838722618,-0.09963288717510549,0.22574064620486964,-0.057602213919975664,-0.32434908505764876,0.2713940778618251,-0.3371234525799605,-0.10297079775105769,-0.2913423761573967,-0.26897632553803574,-0.2080554783891239,-0.2651621240456368,0.34851603992561553,0.1538550037620111,-0.1426828452562291,0.15016460262109588,-0.2400565927811883,-0.4457019104059781,-0.21923285781779506,-0.307175571690629,-0.23206759804029936,-0.19013803273035274
-0.010881019680705461,-0.10312214488005055,-0.03372831933347632,-0.01511443128452343,0.12046605304683569,0.06205630954575733,-0.06910426150475436,0.06501964423164117,-0.061858692737225635,0.19979393125755918,0.04135639722156902,-0.026368664648644707,0.07874557092439358,0.2204758643779329,-0.1405414951295644,0.03422827899149639,0.06952528671273166,0.05730451710925353,0.10577763597682872,-0.01878855082469563,0.19145651581619993,-0.06539293159244015,-0.03691720542422254,-0.058402918399131434,-0.00958306318577442
0.13444646110940311,0.21841258457945348,-0.1727097595282459,-0.2116178574252532,0.15006166870126,-0.064308846400538,-0.08767056981035126,0.12030696985276648,0.05835780611637346,0.26155253234831205,0.045673661101320276,0.23874879313209504,0.2358251424086982,0.1931557283036014,0.18291032221697964,-0.1373209432616333,-0.3219403948642407,-0.05607481374250582,-0.14631435354209033,0.41719819160799626,0.1006225573164067,0.17618494708077106,0.32684255476995877,0.06765172415516951,0.2930071834626699
-0.32702725533068516,-0.20335924498999333,0.2731261821130727,0.2697928818459397,-0.10864193976502559,0.23802339055979088,-0.3437508178867078,-0.1930311936193559,0.12562322104592025,-0.2064499923516889,-0.16946564776726425,-0.3221176454158069,-0.30442624950835656,-0.28480355471702784,-0.21519951833015397,0.31381199104940904,0.2976159228354107,-0.5571054509791693,0.2290450120240578,-0.3939334262838243,-0.2584252148762911,-0.28942518820670315,-0.19993380566905888,-0.3457417108142826,-0.2196058067654436
-0.15074059498796133,-0.058915616156235716,0.2538799428061853,0.2519144050020955,-0.2462410989254236,0.17541799785720522,-0.08926247035663337,-0.33852527960258066,0.16245543346931096,0.004075966629542289,-0.031355286807294894,-0.17258706187607775,-0.24169777723080188,-0.17754792182014556,-0.10882705912695857,0.12179436946342231,0.06794970053120128,-0.17963885047790695,0.05502821918331816,-0.07350118604144251,-0.04000140392629894,-0.09957831432054402,-0.24286205166407418,-0.1869181862457754,-0.14178610967367541
-0.22325684083896694,-0.32364661150451446,0.16951576027652343,0.04359002445403127,-0.07590070023420048,0.09527346254192744,-0.23909475690656012,-0.04417772037444695,0.16425179328368042,-0.019983635171552452,-0.14514318509486415,-0.07348952686912026,-0.19266134984211308,-0.10161367631349254,-0.15958603489196266,0.1818765207226695,0.19358637533894182,-0.34005364559403534,0.18513323239989585,-0.31179380276178736,-0.09503476162892599,-0.014739803274414232,-0.09869501730146267,-0.31585854432105526,0.021398845027132324
-0.0028976160507584604,-0.2715291925759815,0.07638274175580323,0.2986438676498291,-0.20685245637232083,0.06562830820290352,-0.17104525070814602,0.04712144436491457,-0.04325465676681149,-0.1812208620320905,-0.1902930538842254,-0.006969647448468913,-0.11782458781053055,-0.091949327506151,-0.21800601943173198,0.3377774762326461,0.1722242043631861,-0.2395377086978094,-0.003997077552787147,-0.30828781266059635,0.01766021603235021,-0.31483791613929424,-0.10518470580829477,-0.1634820458476328,-0.3206983168081216
-0.2017082038034402,-0.14898270258228402,0.3012557647223901,0.038919637883659736,-0.17634706098754555,0.10218551610579628,-0.1625006048294258,-0.08374821878427588,0.1600165667096114,-0.08585260767243458,-0.304746487525605,-0.0011559614814509024,-0.0747031664267756,-0.18740038706772966,-0.22013985194666802,0.11215264200175724,0.4357638045994786,-0.10783200307414244,0.11785556518618055,-0.33294636548514683,-0.25141297342987745,-0.03439191851023582,-0.14599781246850152,-0.2963235804012817,-0.20233515436929553
0.06084483688441678,-0.040500661210086455,0.02436170682746763,0.05556544624095051,0.10010844031098923,-0.07458159405576682,-0.01796702600536008,-0.0055517973804228545,-0.130679442393078,0.1936310375478586,-0.02856766545646957,-0.08351169164750577,0.26079939652852774,0.07259902082214205,0.15153991925157417,-0.08483822057157832,-0.19329404769644107,0.28314817877949366,0.32902799045028497,0.12281495503472632,0.11726903893312784,-0.15407701333700383,-0.029460834428975086,0.12405904872671217,0.12183036595059252
-0.32101462591592256,-0.15399393025764574,0.06924112738920689,0.22497863235429913,0.02955187849770929,0.21296997389037667,-0.20656098094007455,-0.36502522087662215,0.017245993898189284,-0.17789695026887095,0.08061780304515936,-0.30408360185389305,-0.17608350085069951,-0.15569102399957443,-0.12469876407893347,0.1844328158222895,0.08053843892422141,-0.09367742959651765,0.2772709744142157,-0.12213819006826332,-0.11271853390838737,0.06191017168328157,-0.38149549353991113,0.06910550067370132,-0.13379364238833133
-0.30203711295088176,-0.20880427579943964,0.3271420337820703,0.041011387152065426,-0.1668500716416643,0.38290994483838353,-0.204886670628078,-0.04857380940424735,0.21230756282617513,-0.254879533772558,-0.23449360326745664,-0.2548448395957397,-0.4006319269881455,-0.021955843894206,-0.33475834469516674,0.2709837441401022,0.2505911376568921,-0.17085593525649556,0.19469026212392854,-0.33137062180982507,-0.31252803531424284,-0.07494200058037748,-0.13718638019454885,-0.1787967494630311,-0.2390773692253603
-0.1303701555446001,-0.2617238566792573,0.2116845560990025,0.16708551825350704,-0.271513026874098,0.1965546920765242,-0.12122462567894339,-0.1909319196457694,0.339839190206305,-0.4133640976862954,-0.21150178003386416,-0.09957000183920263,-0.2019680468367722,-0.21585249198238418,-0.44052856293646236,0.46050556977402674,0.3833575408621722,-0.23440469735728148,0.4504085189718494,-0.307667975834972,-0.24653928126297625,-0.2371342460717775,-0.27207789176156694,-0.2433519869246783,-0.3571168101421666
-0.28018251666821714,-0.27654957869539376,0.37082241833648105,0.08473073894056589,-0.2489322129994043,0.19763123800215296,-0.3439504993548028,-0.20332420411839514,0.6277604059790186,-0.49642164312280346,-0.1138253059735353,-0.13019090871460426,-0.3306210650158896,-0.258959948394993,-0.31433775172560224,0.3074697705210644,0.2219348487968292,-0.24156905278975896,0.24838444561977882,-0.29578240902088637,-0.2799984505578082,-0.16087533808018542,-0.2407182157735353,-0.3900048811556517,-0.283287313885846
-0.34132908676598045,0.012457045593805342,0.41469027820502913,0.2842049095162994,-0.3980453968481727,0.30492032075976727,-0.44869957003818856,-0.26049296152532997,0.3674161373280215,-0.45459608208059554,-0.4001198006191415,-0.2448346999234018,-0.468284600221288,-0.2975570651479159,-0.38613634882004527,0.3085814414240568,0.129164320381413,-0.182059437890132,0.05651651635398261,-0.2786124807885184,-0.1737874378411746,-0.24583292382561214,-0.1113606157709591,-0.38515657915218304,-0.3852717677006571
-0.10345653276604443,-0.26701133988281056,0.2639661451611108,0.20337060264051285,-0.21404944449086788,0.2494766051062599,-0.3043343729219647,-0.23992231749852314,0.45356725856358626,-0.3457332191317417,-0.37478531509816493,-0.24548193565972817,-0.2603819957340032,-0.2292927809553814,-0.28506340395465957,0.39874493996355165,0.4853329958565147,-0.3820954124956328,0.18439629414209502,-0.5647955081674766,-0.11968039313072416,-0.20615624007244168,-0.30364560108708144,-0.17444975538653248,-0.36608331377089165
-0.31816283613950885,-0.3854552349882689,0.2323771686784829,0.3136008230398147,-0.3580496694343706,0.453912875225168,-0.25912298146604357,-0.09864491744843794,0.3768989810622073,-0.11768467852617133,-0.23973081466078455,-0.08387579714841197,-0.3147853924909005,-0.13713392561364965,-0.38570902702348286,0.14225939340638963,0.2625018166118177,-0.2706218658540858,0.20176272672589096,-0.19495581295351994,-0.28680287853788733,-0.2192263163745084,-0.09435499410470598,-0.22604182582631774,-0.2108712722048753
-0.19438749990251866,-0.11544629411905312,-0.06833577385930892,-0.023250335243957598,-0.06845859470923911,-0.04938842471310711,-0.04935528677504106,-0.1306077882808545,-0.07497683918962189,0.07730975753301171,0.18327334761456002,0.027248039044899103,0.14017310441582959,-0.006777838841827529,0.1607610855972208,0.05049713837214967,-0.1346770231426701,-0.08745755938102573,0.14671177827233992,0.042145596610464846,0.057974440167766206,0.03801835130989168,-0.07075567654307699,0.2641780898811646,0.029134858793446208
0.38824851018312506,0.09369375644789321,-0.38841515366775176,-0.473607012418602,0.5604274223077359,-0.2246152162973977,0.366227960564873,0.13624322810399725,-0.3734198991168426,0.2921805850457121,0.4045811532907053,0.19656012010515236,0.5037543956410979,0.3562962707607862,0.28987686092530945,-0.3398132165653469,-0.5063776035522556,0.5614930195457142,-0.07171454493222508,0.46049516870240176,0.48371550653368406,0.20062490784615863,0.13749100207560536,0.30927094850976383,0.5840732309636409
0.10261991435990345,0.15568627910747837,-0.30318687847835374,-0.031376113300417355,0.10596192779457667,-0.1433977803056195,0.060993375567083306,0.08476673859791517,-0.12672654180153617,0.18412405293497922,0.10631045565488338,-0.009337566007989549,0.1602331423545351,0.056294906169206606,0.17568035589695558,-0.19726537681740894,-0.1136390718917138,0.07223032004227511,0.07255189345176774,0.07393594222455596,0.06126964819446721,0.0035382158238927417,0.04594051958545762,0.2039230345427983,0.19398209402718716
-0.19260570860208964,-0.001996975361291076,0.35963524242163064,0.36634614376143726,-0.33640772016197995,-0.029257221850213122,-0.31780708920090156,0.10029186180041072,0.32106868461703075,-0.1513463977997061,-0.4104096558541597,-0.04736750365442858,-0.3028498333241794,-0.39734646135171114,-0.24966549965639756,0.3329104986965934,0.3337124296702302,-0.1217357080597581,-0.01429499818998711,-0.3613265328577362,-0.1400475015453054,-0.22111893287707968,-0.24239734906694063,-0.4003141127375523,0.05848198030248086
-0.21650817626518573,-0.08563188881380208,0.43163442698316246,0.1517219041339138,-0.4262308530623243,0.2848379427397544,-0.3343610130870798,-0.32368726760189065,0.40667439214187884,-0.1714463025745796,-0.08858121801904707,-0.3030716710476217,-0.2175005465326768,-0.3594981389277156,-0.36197953528919774,0.28720747809817104,0.4733596332908699,-0.19539067237532262,0.35374465628015217,-0.41532454978699673,-0.2235914421283774,-0.25158041265960074,-0.007897866374949413,0.004032179820457733,-0.3048512810782581
0.11306630485634464,-0.09174664763021387,-0.07963947576034734,0.04989612028016348,-0.053640927946914975,-0.058980433919984344,-0.17447884598396743,0.15056302906911864,-0.0899489587223947,0.12380736070535386,-0.09006177145974781,0.1452303418139939,-0.1663584762831512,0.03158261533896886,0.05730375235998533,0.07730485158672407,0.1833822144820406,0.14984281750010903,0.015236601316763437,-0.008501922772408915,-0.15448303886149947,0.10763701458999358,-0.10664413440189849,-0.049046666132757995,-0.20366234018800028
0.032366610824005236,0.0891455974025293,0.2641757575253767,0.2187533092793929,-0.5327267877314298,-0.14289193678453527,-0.07144938823769133,0.10603832190532167,0.351618320932539,0.0094216953260556,-0.18109709612431224,0.15786758205012866,-0.30681290064195016,-0.33352150333979924,-0.13084964793521464,0.17332572557701081,0.41075319531043447,-0.189620999843496,-0.06011460004429859,-0.12293810884923868,-0.13561265981058088,-0.02293436126372194,0.22953991451235778,-0.4193514099417424,-0.14223132657896295
-0.29021052001661113,-0.4335479983917438,0.23927390133806806,0.15788712730993607,-0.14236694342032968,0.311961739580375,-0.27743780442345206,-0.3736474704698523,0.34274653427085455,-0.18309244213033393,-0.26850793734676104,-0.2272213038529225,-0.27803618363771576,0.08121873030092042,-0.2949599725989196,0.41856647375978107,0.2595530331480056,-0.054602015379008585,0.45268188421371564,-0.4012274874243577,-0.1277421187552712,-0.24505937269058672,-0.31632484636398417,-0.2016442722881385,-0.4064954570064786
-0.2270905262130122,-0.12869893455689377,-0.21085108530158614,-0.16117300919487318,0.29049901139341405,0.07126397349910045,0.21391962539647272,0.058417164299523136,-0.4825966372229452,0.18745133450580717,0.014285786036917807,-0.06744746695554601,0.21858712852680862,0.0790939673522428,0.1608483034698586,-0.39040086312730043,-0.2065685016011115,0.3105172190699626,0.09116719418943132,0.15272895070709247,0.09566906897439684,-0.030442344956576047,-0.049008386054546466,0.14417732948995562,-0.020483599945667327
-0.15123755148453635,-0.058000600280940715,-0.019646820472311772,-0.019288474806247468,-5.739343078786553E-4,-0.009489760532345263,0.12968131257429466,-0.12113022845762164,0.007684468462371317,0.09090250209328388,0.0620488441855659,-0.1682016996620455,0.0983100654727123,0.10950588472232044,0.0172464808845394,0.05621048991400265,-0.04176505314225764,0.0772757145870053,0.2732831860979799,0.04512896693143238,0.12521248202217558,0.02041227008369244,-0.20285654998515304,0.05454839218978256,0.1841924012720412
-0.08822878482294957,0.06041764192456541,0.1846024728323692,0.19183989731960482,0.036530066490720416,0.2527917277279266,0.010487367093160171,-0.18850101766060237,-0.10069894319913815,0.017288934507681163,-0.13700599579196604,-0.1164371807423263,-0.018627507606780776,-0.2184259103823469,-0.1794359340710216,0.1480284038107589,0.06654056864305787,-0.09758187243473744,-0.0015677922542631235,-0.2910692394746104,-0.11573361017064716,-0.06905835487904172,-0.1761013770389444,-0.08308835397519185,-0.1538529126837819
-0.24073998847624506,-0.2788437607222802,0.15179354684000476,0.018507563980963013,-0.24695903979596015,0.1639534697565046,-0.13856570565743231,-0.2409608691812379,0.2606966210303999,-0.2236843771321169,-0.25603635308768175,-0.3801989140151284,-0.3341661654014795,-0.13241805817580987,-0.01183637054205196,0.16633410156163822,0.2617929034922108,-0.21771577134809406,0.312759942464712,-0.24816705194924618,-0.10525979001384082,0.024810188740578693,-0.1617908401973105,-0.08732811846664328,-0.055740184384553235
-0.2346923439431741,-0.3268062810378045,0.28887925216624455,0.32055558827919,-0.5360819473917072,0.2644477130810488,-0.27215585889116733,-0.017385711827370254,0.26556945037437385,-0.29381538934286,-0.2916840995582924,-0.3245727937987512,-0.3458724362980664,-0.3085971512389273,-0.27751486136748194,0.19955432429792888,0.18347581017200676,-0.2964223055960029,0.19636206370868728,-0.2558605651733023,-0.3206981901896234,-0.18906218788549956,-0.18271587929907968,-0.3138707922556092,-0.29861405808503716
-0.3068302326166178,-0.20947874770953878,0.3264925147695716,0.30848764823722263,-0.32859702900404875,0.1746711473294795,-0.1576233382854831,-0.229557004128813,0.33672892178555314,-0.31353207452001364,-0.3255917642172093,-0.22033479907097697,-0.249977430277392,-0.2634957657845741,-0.26998049180439637,0.27179237096187203,0.2492899720075284,-0.35534842031472613,0.15164637289378888,-0.2789048095525329,-0.2705729126234209,-0.3093634472455404,-0.5021346950632583,-0.22480207127167978,-0.5192866215424172
-0.2255242129179909,-0.21786505146850846,0.39991010132284455,0.43511561224091844,-0.3763817740029201,0.3568926292074743,-0.4559862326074922,-0.24246468861438472,0.49464787309942065,-0.09227915040607254,-0.27132032378414306,-0.36550201222639433,-0.389264201898211,-0.3792046416334247,-0.09903088931882253,0.3488209989053169,0.39875686111152314,-0.3592446454586722,0.24086006479240357,-0.29274641496254106,-0.41549435845202404,-0.2525251185764924,-0.15785378058895094,-0.344647324342095,-0.48030973134434474
-0.3914380094943832,-0.35644669517750205,0.44973063010495506,0.45789353345905837,-0.4296482549743233,0.2732899807469169,-0.418092639770745,-0.34392169312258314,0.39465038367164085,-0.4520668480278417,-0.3428430478614556,-0.383648952190999,-0.37642702262712574,-0.2974108520873767,-0.38011548233305525,0.29223934438877336,0.42082422033887334,-0.32831319089581623,0.22696761804786073,-0.18996616908565525,-0.39855341751781487,-0.2802914520654525,-0.29886814274992374,-0.36192738288601806,-0.38157115999285196
-0.2850651099586521,-0.2597900135044958,0.23248906031393674,0.1959283192526337,-0.2552422661682238,0.2960880338763843,-0.3740266540802493,-0.20294314409787104,0.35516794193519746,-0.21179862259697485,-0.3554750171378258,-0.34771915939271003,-0.2704016922850284,-0.23451500651251972,-0.2996292154611608,0.3478446678636576,0.3956037602626491,-0.29129967406910395,0.3813060155775016,-0.3335598701409097,-0.4450409498262402,-0.4784955563092643,-0.30216742628906185,-0.26129796338074646,-0.457053586289977
-0.34471860692680945,-0.297011040656145,0.15883507902955385,0.36967025628690253,-0.24465894530678395,0.1758994319679685,-0.1913048339210222,-0.4231626661043576,0.16982221180437385,-0.38441290321288024,-0.2486660306136869,-0.09780315834544806,-0.29468517284695717,-0.2627755770217415,-0.3220001020319326,0.1289306895992075,0.347037600918629,-0.26456425059926114,0.09304467162510041,-0.09608095949469041,-0.3187796040402392,-0.1718450172763889,-0.20361463766990595,-0.06999063301378143,-0.2667508067911712
-0.4326881109938244,-0.39343752787012276,0.21611979375289295,0.19462571454311545,-0.42324284475119056,0.24069927828515975,-0.17884108034563378,-0.36876044507309275,0.39380521318422673,-0.43382239365837943,-0.26571644260970984,-0.22090412290472558,-0.3686457619703305,-0.3479204768333033,-0.2394222291064564,0.38239974289421036,0.2524388956186168,-0.36615736307007585,0.1522883731492029,-0.17318681068130198,-0.2562923315533282,-0.18692208536940697,-0.22197534841433372,-0.32149735100764937,-0.2609347329057709
-0.26177348525749117,-0.19760521428880456,0.1537879235834568,0.20076153924470136,-0.2161878931271218,0.2422774401720796,-0.28131168521780453,-0.28336225822498157,0.45449948464420603,-0.19741455639994224,-0.16257928926592352,-0.18574875569912777,-0.21595194642930068,-0.3564336393849274,-0.2065097484237637,0.31533981045744713,0.269872382440653,-0.17255404452321874,0.21263629008050325,-0.4346225311700127,-0.35886797150948935,-0.25242136977164203,-0.38321712732744795,-0.19652923897115623,-0.32909226412768566
-0.028378506916468548,-0.04594690466748107,-0.13648924831692633,0.03026305001309447,0.12640835694002175,0.05817504245143136,0.02416567372141342,-0.12824701204715835,-0.10080234371885417,0.23416544365428435,6.529838842760947E-4,-0.1218473326211619,0.1565679975889866,0.039515639255858215,0.09583606816313696,-0.04477262918680107,-0.003867717872698694,6.121197493015224E-4,0.10261696989225962,0.16409067796522944,-0.0019610305855123243,-0.004011354149582878,-0.0428763020198569,-0.12397816969911712,0.252485755854982
0.06947233839700555,0.007773773930427155,-0.09269941590410093,-0.03127335308021358,0.14778674937436548,0.03565448165440956,0.05412243490971475,-0.05998855434794524,-0.13894628648654414,0.012882910092958654,-0.035396459282479836,0.06596612940848942,0.06614264726466206,0.05577553726648107,0.022033433276618688,-0.04014712373705674,0.021778653572779912,-0.01603618685499431,0.18192140413435293,-0.02134200960110464,-0.02988984828355694,0.017135954187265805,-0.05558475598676088,-0.17380901303348334,0.11808403239804711
-0.1982111513093918,0.04125675879936713,0.3174211474225373,0.0851626450892669,-0.1304189743420606,0.15767546613442332,0.02175243520145283,-0.07638504051011931,0.11224544444398937,-0.194164570304256,0.09006772524284956,-0.05774714781896406,-0.13623796879037162,-0.29659721405021533,-0.13759490892900567,-0.10668481140869486,0.09051192032713587,-0.08465397645976251,-0.0536528083447995,-0.02262548101587709,-0.10186740462393154,-0.15852405961666982,0.02016160609774915,-0.07615283968330848,-0.12244582330962546
-0.1447976919457828,0.17058211803780188,0.08068003682169109,0.1184689877641919,-0.2856428201271837,0.018616839036406412,0.08809411724593237,-0.18780975738588312,0.2636979617137605,-0.062019338254953316,-0.23857733126777048,-0.011761247922306548,-0.1049103139918296,-0.07454834917703708,-0.06706450015110305,0.22033384067383005,0.3016734610456733,-0.24522236699393202,-0.13846386087060972,0.041579403771366916,0.060274447742620925,-0.22726990992508955,-0.042884943765205755,-0.441318303325813,-0.18531827262749961
0.38717093284221604,0.4055217873401242,-0.3098179440847159,-0.3827115538482775,0.3924481685719737,-0.2770521834432648,0.27436169670706895,0.25868926365870265,-0.09312740596225078,0.19099152491899526,0.4604243164389951,0.2986022601131941,0.21195264674666786,0.3715834894230576,0.28648447310164604,-0.3524377170482147,-0.33054504013743113,0.18348334626210422,-0.01515556852868111,0.38192487960438043,0.2550482229643558,0.46564183148240973,0.33699800713705336,0.13190635269911213,0.09451137934653504
0.11491779942151384,-0.11956729921708903,-0.08362041830958683,-0.01575806223556517,-0.016987421460934293,0.08402328642626482,-0.07328746932883524,0.016933096613621534,-0.08399065357351161,0.025509534214456748,0.14514045158385186,0.014364571542904079,0.047503990516136324,0.07516175335137444,-0.1123335516921705,0.08694827020259527,-0.1122205038485355,-0.15788526110621365,-0.05031822603767893,0.06497427400082124,-0.11277693389725184,-0.13687589457697735,-0.07612465759466397,-0.07665819559213685,-0.1533625395066014
-0.44315052832586965,0.07805903983262558,0.3614351912608338,0.5965304821681329,-0.7321815081902213,0.08560937589327357,-0.6090804570653504,0.03624647052759903,0.4440382959875358,-0.29822176862844063,-0.518492017568809,-0.0880437245790025,-0.5556092293910505,-0.4628316435973698,-0.4646609839946559,0.2946910517817899,0.48997119360451186,-0.5525129885507177,0.02057122289558263,-0.5157414533350584,-0.42536719924143057,-0.3091387031315954,-0.3141635577286134,-0.46304608856351404,-0.37979520028201125
-0.4124903627706736,-0.4172978629745039,0.5167499510472592,0.29777705124834264,-0.5360848150318961,0.5498679873326424,-0.6445650326903792,-0.48151082818613167,0.5493648395425894,-0.4386282861133832,-0.5603457758303293,-0.31389762407964766,-0.5639573786680062,-0.6738775772194153,-0.7297110657512096,0.7802555915013808,0.7298004677269946,-0.5530336261513635,0.5934471662396984,-0.49163725059512486,-0.31196124547505316,-0.5578280668421864,-0.41943283101340845,-0.5062524738695303,-0.673539313888132
0.11261139509850185,0.15047711357720825,-0.2641308459201057,-0.3333929616673714,0.46341473224187446,-0.3135771730285032,0.30637425784410915,0.008740477942201053,-0.43482254645397683,0.3103049305327544,0.3798661698676442,-0.13722422252469108,0.4319179476114084,0.3785727058620706,0.3964402264121771,-0.32826692878479075,-0.4530282057566878,0.29027230019557104,-0.15576873747587336,0.3179633497972617,0.20582599992608588,0.09046124106685957,0.09308946516753817,0.3234308246344855,0.4234493629619567
0.014282414953401486,0.017834221122467794,-0.13763799563819729,-0.050955172772436046,0.21757235154274981,-0.07627773014502358,0.025329122818354928,-0.025025517073451665,-0.1692966489448145,0.009655793241806274,0.16911795356204065,0.06063522178532117,0.12094039878665397,0.07862995994928917,0.05807003506169131,-0.10977969500714126,-0.09167894451765261,0.13847599861525914,0.03214305569272562,0.09882866485314774,0.07614066629066132,0.05602122784030104,-0.15233843183812706,-0.03027426960115011,-0.08860967961839186
-0.12233963027464255,-0.028517563329862605,0.2122560620974701,0.18591280484140085,-0.08943648627367583,0.23647461835450678,-0.03556477962356377,-0.1890357664368614,0.1133070061108961,-0.08480359566577864,-0.25802049771091007,-0.14934680459256716,-0.3321841277437374,-0.16922794296315535,0.07297090113146584,0.007368037100139248,0.1740329727013436,-0.04763860708406681,0.15136166457260497,-0.3319364778803028,-0.015446423151026059,-0.09749549768252866,-0.17247990046314893,-0.0390030771351751,0.008042829273892101
-0.3009507509431314,-0.21144039201122766,0.04186445856334121,0.22611551342644493,-0.25684923282290295,0.15094539881881305,-0.11856560063747422,-0.12820223079247944,0.21011610527429656,-0.03208917028671578,-0.18582323182141497,-0.230652535886292,-0.1946356957508199,-0.06326452612374259,-0.39181780901266644,0.35541623327601524,0.37862269961284617,-0.08200236258383609,0.14097266137078462,-0.16716256682630815,-0.1946984627644728,-0.1603122085740868,-0.2542302457474722,-0.28710375424335477,-0.3929602987467211
-0.27115698909950325,-0.47533878554924025,0.2941241206511728,0.2459357120924609,-0.2709945272769784,0.39254840372065364,-0.33585723365347087,-0.32958172423908355,0.29134044919776614,-0.2643552964585183,-0.2679894201997656,-0.3229472779759233,-0.3487392586858918,-0.31347492967512347,-0.2209848699839581,0.4091944815540147,0.2830215647206099,-0.056394882417630396,0.3082151719207741,-0.2928295032611303,-0.15846891145684167,-0.06915965418430914,-0.3432717012428921,-0.29098026235744523,-0.17976604312714214
-0.16944264965481243,-0.323241424888424,0.1918717069148383,0.29298185968925883,-0.363322265283774,0.3041564256562092,-0.1624151038304818,-0.3414896103427299,0.19367062390934103,-0.48018667573103946,-0.4278621239776544,-0.2622538029350893,-0.22406123805344372,-0.3530670094736617,-0.15861850695592145,0.13919923379185226,0.253770257681803,-0.41469224899689366,0.4471848824642547,-0.24953339715888925,-0.1676144612171994,-0.3193305065684996,-0.19734858406304667,-0.2979359392507559,-0.2774434610277803
-0.32950714893758937,-0.3538408729564752,0.6360216403595568,0.1619002685857272,-0.17784024734857906,0.24447364937700453,-0.2729409782020991,-0.19893296295949733,0.17545836581800678,-0.275947677382373,-0.34538186099263235,-0.40074443268874244,-0.28845209519798864,-0.2741020057725544,-0.387787343116132,0.222447986082233,0.2369229027029145,-0.30492490546362705,0.3072120848181237,-0.33201463772118206,-0.3354931072491911,-0.21975683557658646,-0.2526947703270278,-0.25861071492756155,-0.36400616342768793
-0.22429693425331876,-0.10631492723056488,0.3121494178961946,0.28791988706092253,-0.28633831721351444,0.27321394989021835,-0.16304081013379992,-0.37784565223113104,0.3786798784887608,-0.21987744815795993,-0.3201759848794302,-0.3725431804828479,-0.10817234937924672,-0.19016499388630922,-0.13123000324927128,0.3881118350096471,0.23645297823578748,-0.1204556017280063,0.2522397904655102,-0.1817149880701943,-0.08420659826026658,-0.21042886068625366,-0.3024771678400335,-0.08927529753567864,-0.32793574814785675
-0.24881757277269134,-0.32013416329311234,0.09797663192197371,0.11028187717936384,-0.24166737671842714,0.25748148970134066,-0.23497147997215687,-0.27886292060131523,0.34341574955094917,-0.24366123462270567,-0.052409008890204174,-0.366566597993572,-0.37355046222949884,-0.32091903544308137,-0.17605076574371342,0.17690923481619428,0.1825611985895211,-0.32915917910720394,0.3376518476372696,-0.3372806603556493,-0.13399141457217414,-0.22733669405089468,-0.33309030272115864,-0.2817537113916735,-0.21213060118731294
-0.3644651198225183,-0.3317473423060224,0.2028157959602413,0.149139185261961,-0.06965477266022398,0.16605904029412855,-0.19712702542104396,-0.45938658489431683,0.015258515386965198,0.13354631907936762,-0.2616304756883119,-0.24322243698100712,-0.12001994069336155,-0.10749855864344598,-0.1112089794692966,0.14913014241515762,0.15125352750241436,-0.346219194080797,0.3318793928850683,-0.024410541594655267,-0.010869017160661378,-0.19670088204174105,-0.4075875464230778,-0.16690043181986444,-0.26424887230597266
0.12419744307958057,-0.06938995958621325,-0.11487018945611684,-0.08979876234123454,0.47636396471446274,-0.04047022305840601,0.2546962198945644,-0.03747258364250843,-0.3474887736211082,0.25843556231320336,0.2862713443838199,0.10604425821342954,0.48146712624930127,0.1730191706452657,0.2197694443584965,-0.04047017772713157,-0.35732251227458317,0.8403656914072135,0.18703508508628008,0.2467500562078351,0.37791466681710834,0.2499706971426725,0.006260806889359318,0.07254855276544832,0.5657829697407558
0.37943192034724643,0.16005119933825762,-0.43029579915645855,-0.6157823312370254,0.3602103113017865,-0.2032808039906692,0.2706262279528355,0.07458121684948131,-0.3953828729351459,0.13251592310708965,0.4960679023156453,0.10901329771999961,0.4856509312900278,0.38772967537146635,0.4078029938744455,-0.6175990905740221,-0.4246152475611068,0.44443871725890316,-0.2559449946424972,0.5253235617512098,0.4270697913613915,0.3701508075115518,0.21803191853759907,0.4510112479879925,0.43254625362908
0.1934075599872673,0.08229107415579179,-0.25594463484324415,-0.10635936238411718,0.09686931403322928,-0.1492267623039617,0.11107854357212422,0.015790846093052435,0.11911099443047463,0.16619048067317213,0.1712193397756425,0.205787310340422,0.03336761372010762,0.3213813607778979,0.10527272816465051,-0.3263230753858849,-0.14765180800777486,0.3234007961169841,-0.11964347175361277,0.31224338435397514,0.25546362753207097,0.030433226358488625,0.08946621746197285,0.33079425722916056,0.14199596161486544
-0.10352247478611683,-0.08507345728257082,0.20303428920042052,-0.0439611302288534,-0.2417222287199472,0.09444356335724069,-0.002303894835303998,-0.059592859255213605,0.0780793145046124,-0.05947977878945031,0.01234670646811122,-0.12484276939437908,-0.2499282303024438,-0.23875165852506083,-0.09594156852073361,0.26290669337579525,0.10669609670026309,-0.17360900900748996,0.1251650401648106,-0.267570288961544,-0.161657642067044,-0.2039865164641963,-0.16958473419336523,-0.24489962771015106,-0.21439258547356715
-0.10337721538947639,-0.06887221340490682,0.23513360624842514,0.171342370669634,-0.1307089587922526,0.23038418695789062,-0.21117336449377105,-0.21804190570314835,0.29143552972229636,-0.15398253668226589,-0.21196249446602786,-0.1463816419784939,-0.4932998931243519,-0.3328342200814435,-0.0100814968924919,0.3335745222905755,0.06435446346210216,-0.24468545562525817,0.36632085396210273,-0.08608768600864354,-0.260715150958742,-0.22669151473177324,-0.14205743636682736,-0.22467967570214056,-0.14385891902598752
0.20128293412492324,0.3027512625523217,-0.30275876016307135,-0.5109815852854327,0.3519441093925902,-0.18554134417678622,0.28742788903843636,0.20634858551556925,-0.5305124094014536,0.23221567434578944,0.2748162225387639,0.4508606273427969,0.054727653124948976,0.5118744315582403,0.2171234663759921,-0.3301932715156182,-0.2301369881399684,0.44409463842139113,-0.03354896898305645,0.4781332891719918,0.42388243126513403,0.3806444700120311,0.2132005277738307,0.49084421301924025,0.25453868856873696
-0.3184817379316079,-0.07496462457182411,0.33937879002584637,0.16492191901459363,-0.29336526449689515,0.4075939338681739,-0.216384386325299,-0.3188673407446049,0.3730120874473836,-0.3318496444101589,-0.07206469765646575,-0.4619972209219035,-0.26877122568182565,-0.321945279423637,-0.26751991857568863,0.33023006109824116,0.14749870646225516,-0.2939119128263452,0.4504958596079468,-0.36325101146797584,-0.28523471380020615,-0.027617312655469416,-0.09848157595772945,-0.1790080252293009,-0.3721813745217906
-0.003964250597710191,0.06286370580986105,0.00211886513536428,-0.053854043963639256,-0.09638238178568732,0.07950605492803288,0.006669455465428129,0.06370469062334383,-0.046055557507835146,0.09217961347265351,-0.016326708556743744,-0.08408669093558134,-0.28331270017675314,0.04927979123469243,0.22055665427889812,0.19457892679573954,0.01801375777973065,-0.018984988755707876,-0.005306276689284024,0.06950288401908684,-0.01328845576048684,-0.10923446210664581,0.04339588002061853,-0.13174098905975026,-0.22087997453928648
0.03590459380789268,0.18894757435502416,-0.31038164257463435,-0.07872711638309199,0.16100862534827184,-0.12059058182356092,0.24147447674870684,-0.025458352018753162,-0.4384773073444126,0.17024891060318859,0.2515193119997951,0.09590917964694444,0.1592426086916837,0.1846189521976998,0.22594918957880564,-0.22077552287139968,-0.400965340729652,0.21646125132520658,-0.18210214491928584,0.40591316089468843,0.17167029835078723,0.009072205597109988,0.12325477432902052,0.07921687481531435,0.21573642058527817
0.37576543306449667,0.2639658266653331,0.02530878169373401,-0.11715376790964169,0.09181513087378293,-0.3621798173227637,-0.08213143888444198,0.2679185598293257,0.04494920033461733,-0.05588416600851822,0.022809533594548525,0.1739571068913049,0.09950578308458251,0.0532327662953859,-0.31526671800365696,0.23717745769028634,0.2151364560449358,0.16019389339485401,-0.12610738696288934,0.008976478938144647,0.17725168279364856,0.027256505209780058,0.22550953857222986,0.23270556077390173,0.15942268699467926
-0.07929400313807632,-0.02528124646384605,0.3980891813168673,0.1085268351336882,-0.20719824713880552,-0.034397061238490505,0.028608002198896896,0.0058425266982367165,0.11883802809474187,0.0049303344954818515,-0.07580979117850294,-0.027657722381758492,-0.2544450511903444,-0.04453581684581496,0.021969805741614827,0.008883534725192715,0.04913121236159893,0.03233460693410737,-0.05632303659655856,-0.0979343546871373,-0.012276902879082792,0.10692242373227294,0.04471980054882105,-0.16615158826394108,-0.15238486836827955
0.01679401897038591,0.0284404162885618,-0.16153231939726068,-0.2230220477223739,0.17150994820797386,-0.1719894903326107,0.09881551693454789,0.05518406856434255,-0.07067115985226265,0.0569343626601401,0.07157812772549847,0.123016257984646,0.33789823874820657,0.12840540755763338,0.050069914378431994,-0.1458225122600272,-0.17690273581575097,-0.08319240474352864,-0.08768034871146956,0.05633625023565798,0.031528947612560476,-0.08290187029723872,-0.09142560119186531,0.05725329352445618,0.2881213583760947
-0.10224492748059497,-0.15154105621200917,-0.014035050876325787,0.002031420260125669,0.09875994131286889,0.029944959078415236,0.1104932788997337,-0.1468680488429272,-0.14169230790369106,0.241006399761177,0.1325758242661771,-0.02152514475028572,0.16064981891286856,0.0808314980805484,-0.019177197931701424,-0.08544513426667365,-0.017417628945735272,-0.11189182327431935,-0.016001957300207138,0.021172117898027323,0.04435960593363378,-0.045544743292296824,0.12749569556859075,0.04048399042724035,0.029855164598623057
-0.06839005979507398,-0.13392455454445906,0.08648755271150678,0.08063828145838355,-0.04109998618669944,0.1031126433477238,-0.22814683882130732,0.002317091098518673,0.07619649017361213,-0.07175967186546965,-0.19278448089879716,0.046028795410321,-0.073542905601986,0.034297035733020356,0.004773765647456612,0.16087885993987094,0.01605460963106548,0.02775934681552171,0.21552632917370343,-0.04853277999386973,-0.26557889427502995,-0.10742846064022445,-0.2505679534587387,-0.16128708414704238,-0.22895024768473093
-0.25577321840085254,-0.29789391795662656,0.03805857594540775,0.23333248775795004,-0.1326238797536576,0.34954578518743656,-0.20744867139195547,-0.10150236419257133,0.1647733291582835,-0.24051522692456714,-0.05331395751706942,-0.2482088494580209,-0.27504077595614357,-0.20747691105951604,-0.2542255217448924,0.19449518822704456,0.23282391556958956,-0.26737605853544577,0.39099849147160654,-0.14737763882049176,-0.1664108074477003,0.03284674609666065,-0.1024147690303331,-0.24043909883658782,-0.1486619862739409
-0.2852698514353542,-0.2944035079694236,0.020672482725882072,0.22955028238482658,-0.20998376083100034,0.1750281884181118,-0.06802997939558754,-0.27818226018860054,0.18511485032160974,-0.04261842128160823,0.16621064588583429,-0.2068274562682163,0.0851839687056188,-0.16914489563272833,-0.13522399636578988,0.017406200261523293,0.014980364569094485,-0.06797310470877098,0.1921360793729816,-0.20260408350572645,-0.052554146454357395,-0.088746496144956,-0.27771674815654546,-0.15483645109641114,-0.14104824640651878
-0.10551484122502178,0.007580281751366561,-0.11983074445547799,-0.24193156237157187,0.054211371598624686,0.22361065799848065,0.12344171109800373,0.0013356017844695645,-0.30200210811172234,0.23416578275728064,0.1677541483931317,-0.04146860080770348,0.24657527282098116,0.09523101048101525,0.16259418693587324,-0.10370913410555398,-0.3343827693075685,0.1274779386115381,0.21142577738668106,0.3471480145733839,0.11148598602268188,0.10814024481725078,-0.11980963897237812,0.15297079784809345,0.3189514857694789
0.40142517811305944,0.43154982196783925,-0.7946775262397785,-0.7631130308425489,0.6561661167078914,-0.4628648949810637,0.7155122682824525,0.31012443088410624,-0.6355493894097087,0.6150999983393831,0.3755110236350217,0.3129993564491425,0.6368927409035133,0.7612703680342513,0.47961145138983635,-0.6333074377009306,-0.6433588014370186,0.4367654846983991,-0.2505620541937986,0.6853210760985008,0.5579425996643244,0.6343251543669026,0.3147684018413287,0.6126283302234838,0.6526434266493867
0.4253989863960064,0.35106704283823875,-0.47165212818511976,-0.5006526513193021,0.3499867520602862,-0.3578850050302456,0.5427227371119442,0.16445918065395349,-0.5846673710302452,0.4759077021661915,0.5842786380613939,0.26534746852260743,0.2472822717165049,0.4139674841641272,0.42911073795640303,-0.5550405108831735,-0.5558326172820302,0.6244399568105771,-0.4293410643472022,0.48810474501466666,0.35885352043724583,0.42037747002036835,0.36328853277313816,0.520193692553917,0.4339884324673818
0.41206302048222754,0.2791929798109281,-0.5206102041349215,-0.37480607050880826,0.38543487344085664,-0.36692821096980077,0.4653404981923985,0.3678964546457921,-0.3104665717154752,0.28513920573362367,0.41355571574679345,0.18847603919387043,0.532273636415468,0.37202349838432763,0.4440369823839346,-0.7336052065600903,-0.41916097755856524,0.18143258972450158,-0.24139875594526916,0.4995027922542631,0.2764298366919524,0.3932410024233857,0.37755986234636507,0.5794768130473349,0.421716381839869
0.25578932105049024,0.2703630304029759,-0.2152451293158376,-0.44459289415985515,0.23863876575719464,-0.47902440284836934,0.3820367771013083,0.13346878341871596,-0.18902296552600198,0.19935164619541473,0.3723075344184532,0.34549111551207234,0.3960492430437401,0.19785079062771524,0.35500648014339364,-0.2538040912130023,-0.1825214003539172,0.20406335409420467,-0.32855672277887926,0.36418387602066093,0.17649501603042617,0.25105005616994336,0.37581100012531266,0.449593619940218,0.26598260776891325
0.27946235831769944,0.35242803234579684,-0.1630267869469949,-0.07962961343465755,0.11796853765588337,-0.09866058826375225,0.17409863030086498,0.27127744348187255,-0.12106937891555684,0.16588291255415644,0.14796441635667806,0.08643361933091524,-0.031168899609541816,0.14369772368574216,0.12610599138184625,-0.09435208378894493,-0.17292962674500506,0.12076672938467299,0.003088757495735904,0.2632065010801307,0.25441305922123797,0.17808005475162006,0.29935569887164776,0.11313623143594516,0.18208799715220628
0.0901942180144213,-0.04988048930978496,0.12808722210337137,-0.010394744348333984,0.07825821776295495,-0.0192793429401607,0.1886919814978382,0.23706326949373246,0.09534638250938754,-0.013632592993361125,-0.010725253468958371,0.0056351559156028515,0.08675696769767555,0.015197946050921854,0.022775868623505,0.21064570407666225,-0.01502635003813335,0.08119771495683296,0.020246008731813717,-0.0660690762561914,0.1312689433085156,0.1216897640762707,-0.058573083176218704,-0.013044982057463982,-0.023336595820923713
-0.23782836789437056,-0.18778313906346566,0.1968200048714195,0.3146293714193582,-0.34232212805728823,0.426657382497953,-0.10733847727905375,0.01717579944382733,0.16124334744273594,-0.15947464468624722,-0.28560251021927907,-0.14340140258379738,-0.1729936381329991,-0.27301156074456207,-0.24091597314741509,0.3223386692243854,0.3203200650447242,-0.4818403751913957,0.18147792904858326,-0.28044432417217047,-0.2607037911754913,-0.14656640036159652,-0.20916734644883087,-0.28514568497061327,-0.26522346301902194
-0.007403698920174445,-0.21115719604050018,0.33776547453416444,0.3006943997515181,-0.2917984741640347,0.3258591661039448,-0.11106111434805233,-0.3258168020283789,0.23585507714661316,-0.22299253938490174,-0.24372815983909632,-0.06280201770697894,-0.2621335092841203,-0.24146728772431633,-0.24956789603971294,0.34144374782656106,0.47982416635477004,-0.27243875667602624,0.19301549472358592,-0.3786433128127067,-0.16339288397759874,-0.29254218407879656,-0.3904138583241661,-0.20609456915507016,-0.5459785183571274
0.17565679685507557,0.2892880940339533,-0.26968413776814976,-0.08012681055090737,0.3487512241034828,-0.06730215704127968,0.4141094267524322,0.145884503439956,-0.17695595581856116,0.3161464227425159,0.3527270512088121,0.17854029060618712,0.11705159500026162,0.2781436368005033,0.32002560186737444,-0.586535499737565,-0.371743157711579,0.2653366674493352,-0.2593997270406355,0.28633068071988,0.4109248462767535,0.2965300763482719,0.07686866896530256,0.2691106127254529,0.338428672519739
0.2871155759835569,-0.17810857920701495,-0.08686952452695668,0.05027986393665438,0.1949486282010453,-0.2845979640615617,-0.19352735848645786,0.026843719085300283,0.0691530101560481,0.23765982106336883,0.16108352394356631,0.08810647133608997,-0.11141647822530308,-0.06684550128938263,-0.1156063378082055,-0.09914032094266378,-0.04357468945379568,0.017649810007556582,-0.0647487073179781,0.09002943091235185,-0.10809170206161534,-0.14748433532185026,0.03791968944202272,-0.028601107939634197,0.004999444441025066
-0.05987531667837266,0.22184289690098274,0.1970155192996077,-0.0372745808877772,0.05620018489790895,-0.07770454027972717,-0.08476461310942171,0.16727432876681975,0.0948372339041639,-0.08728829963294324,-0.17125075270433385,0.009799256718291297,0.009413378910512414,0.0262227102073778,0.061559258071168,-0.07982936232387347,-0.23356195331847154,-0.02449255151351945,-0.09252282708332663,-0.1207162522011661,0.1985724459532252,0.13437442838110722,0.07396380314541064,0.028633661629949753,0.02142494745060212
0.20796388771587107,0.06211062264802754,-0.38954699401881676,-0.37294890822502125,0.25899088386769065,-0.24137230969306686,0.38937914252052475,0.1998780566227738,-0.18216180032271678,0.3359343839224041,0.3855373900915616,0.14685748678324465,0.38494850351024873,0.5340836809317505,0.38593886121275084,-0.3481747527391408,-0.24165314323468065,0.3419461772451507,-0.24371249101086576,0.4976659879252936,0.4034036163314585,0.11669712283156518,0.08190580692910315,0.4256158590660801,0.5298054546589414
0.3074045524983322,0.210809014081102,0.15430019007647372,0.02666491344867267,0.05600521668662569,-0.21163539301496198,-0.18071805692479925,0.19411577670562635,-0.03619167027373364,0.05441457042791448,0.1648725554069348,0.08771383180791445,0.16401414696300945,-0.10753427689327327,0.041184776929265365,0.12026798925786264,0.04109429332351147,0.12768197221621477,-0.3915977804896313,0.13586124599904387,0.10059873133672331,-0.06438194881019163,-0.03834478374781945,0.019432700852055357,0.14117476134438625
-0.15538581419388842,-0.21061060285266892,0.23766506913526939,0.22661496865134395,-0.21397654146671094,0.30063792580763526,-0.2573013376757736,-0.07019217095094113,0.1702607927162398,-0.3856203598998631,-0.3252654287746399,-0.10817309034885228,-0.3518901320199338,-0.2559217373850831,-0.3889087223180353,0.2772053283325522,0.26611974389826304,-0.14061340008908096,0.18818332326922413,-0.41635766488586345,-0.42716224011611253,-0.2328776767476332,-0.19403809298177513,-0.2292019862408628,-0.573620650698876
-0.2493535371246902,-0.16658471473767028,0.2758235419047795,0.37736038198549826,-0.2968286030276701,0.19863988099732768,-0.26182068960405025,-0.1256618289583329,0.35182601658271706,-0.19617713172027926,-0.35176370744813984,-0.024187239876081876,-0.39571632671803036,-0.09366965196381635,-0.2838710204269847,0.3088637460392283,0.3537900066873337,-0.13475068791531875,0.12477391685380526,-0.3973520474986333,-0.23317682107263504,-0.16415557822514126,-0.17057090505655448,-0.19034447270109756,-0.5339891120462514
-0.3355041352059864,-0.04976242125486843,0.41609356604088177,0.23878611094707652,-0.1474908412908031,0.2040939525762064,-0.21770832910265236,-0.05794157974042936,0.28183350410399566,-0.10808889975033037,-0.4016463354163844,-0.14287071070991594,-0.20590067662685768,-0.42109135119563923,-0.12951188513129308,0.2696401272845308,0.1931242433919274,0.005428634849042042,0.05350056045430032,-0.4869330621102032,-0.06382375127993126,-0.30216623384523417,-0.20690687434569152,-0.2912906269790672,-0.28016931802375405
-0.09512874118318436,-0.19483974803010717,0.07922695327935025,0.17762254766255156,-0.20436231981553385,0.08034989602026045,-0.019092169207479536,-0.15196417706187282,0.11507342362350534,0.035365965460080584,-0.3328482766075907,0.06637648614576849,-0.21466346354581697,-0.20343255117343464,-0.15601334909645395,0.23093036739332232,0.26729399025218326,-0.2488928675545863,-0.06678176908000254,-0.33622188627538135,-0.28306446403877994,-0.23427526861742032,0.044628205671645535,-0.19690454142726108,-0.08437789053955681
0.5738846902488466,0.29546750440772157,-0.056936210901188035,-0.3020849739294236,0.12759513880356155,-0.17992741618571284,0.1601936383217313,0.15751613568676215,-0.2798446472902464,-0.01326373438893175,0.16780847525069723,0.14238914774385078,0.08336345212288708,0.16246478967105538,0.02956642441508378,-0.06891566366318659,-0.12090270435581649,0.24067040902058626,-0.38582975139863945,0.17644559208238547,0.07308496895860238,0.1456295406575567,0.3067972454167751,0.15519866003902805,0.10618171352655667
0.19898836449664253,0.2519308055627153,-0.211463882753981,-0.278896319452132,0.4623897623573076,-0.5591492555481714,0.06708175008436651,0.19544513689748355,-0.19466166212567104,0.31960100197314817,0.39270130556422417,0.32861173633977314,0.28804318283836794,0.2754942504454193,0.20321495952424917,-0.1819430073246047,-0.3658370222306523,0.4434880404663106,-0.3078452285532444,0.3479263498632788,0.254953819531566,0.27819262489331725,0.2303122629920928,0.3447771560217688,0.2408612007923374
0.5564248162395261,0.25732774770028694,-0.37638113759784114,-0.4951443383934715,0.3599315483725622,-0.2313887205961328,0.4574167374141301,0.25168247081393624,-0.3225887534443206,0.3345054132779448,0.2620810614346536,0.25925384106124294,0.11380389414502902,0.28739966796178734,0.27497740074962695,-0.40982309731504085,-0.36052248266703946,0.36757808214167903,-0.42454567012261885,0.24662812973351556,0.18627202256087455,0.25651485142029584,0.36099927065041393,0.49705594272300796,0.30703086733535256
0.4098901075907592,0.32992750447527947,-0.4046535456437458,-0.2860966849912337,0.18706332601326095,-0.49879623470466844,0.4639616207969333,0.4083171304855971,-0.3023116120223135,0.2100658590030865,0.41054135630823,0.2699155529761218,0.27769427723879336,0.396579664526919,0.4533146573558163,-0.4515924976930951,-0.4401170219391425,0.3695275682142617,-0.1283633604995171,0.28488248602958377,0.19811690555036898,0.3277313200622673,0.48178394747196707,0.31532133915933946,0.28605592654132855
0.22202226680427373,0.3657432080908371,-0.26429095861696983,-0.37067098339466487,0.37624509190035393,-0.23929980132806497,0.33128859856680626,0.31734346921789924,-0.38344413323746623,0.331811564683854,0.2585281394259503,0.14488256774512726,0.10978476907071893,0.2596396803911494,0.2066056562887109,-0.2699747875038716,-0.3492237204802457,0.14273709059841813,-0.33837465719697274,0.07972082211465606,0.14816712488557487,0.36681829099847135,0.33552399366532704,0.31832868114226465,0.06919788787142724
0.2028814271304424,0.36492629206216237,-0.19358809151911427,-0.44657825087170655,0.33615698972008434,-0.1274174646461293,0.1574652550692769,0.38450747975914557,-0.318195114725753,0.08481780537126886,0.14924574118409303,0.2648275866797978,0.2500481775774918,0.41109932175345093,0.32418239072721533,-0.34095645932281293,-0.18403099967301395,0.33203660246983224,-0.22128652767879717,0.23528934681127986,0.2798440666961566,0.17145493587841623,0.10805211848917179,0.2328767407424109,0.3394250662839772
0.08363812719427749,0.12635869469548752,0.12962571230057923,-0.1201135415344314,0.19087174629822518,-0.12724998645845967,-0.052702512902068996,0.22583715776056384,-0.11933964823247863,0.11459937178307551,0.3090564360459739,0.07205949493642311,0.027314581936641026,0.21857018398784683,0.24170993220740303,-0.21597001510322764,-0.0823263827886229,0.29558765779369744,-0.22355775510517062,0.26747293115456944,0.11246547203814108,0.14165093566721915,0.17519558682067596,0.18890971522216285,0.11586713925458711
0.26123978985410107,0.0023056024945168024,-0.122084775906003,-0.07868312148332601,-0.07885710421434261,-0.11259258969423554,0.12169362792047912,0.07789779797394594,-0.16848282127158648,0.03924994443200045,-0.041304590677553855,0.133291377984946,-0.04874325513791997,-0.05694492692195784,0.06872940249766174,-0.08305748605977469,0.021968165967716807,0.09041718522727449,-0.24141758883947823,-0.1205520510813118,0.022127070740899743,0.16220578133650984,0.09059285161376635,0.02331314185803268,-0.05063095707400442
-0.10611483938030132,0.009056035441228396,-0.10151076669399357,0.0288494494080036,-0.008769820447413519,-0.030537997441220086,-0.12164582669910635,-0.06154227039112946,0.14360773985658712,-0.05538981387672119,-0.17024678688382824,0.05731130246991656,-0.21084674203769105,0.06845366623808184,-0.05578018745704992,-0.10610228183498628,0.09816330432134127,-0.04834904527872872,-0.14038292085741913,-0.1629042203415517,0.22510032857075932,0.09958254573433777,-0.07595099171739843,-0.10650737057668212,-0.15673356299889812
0.006795460050268539,-0.14301426625206123,-0.0029866499933476416,0.07795528314647825,-0.07793667896387699,-0.027683409024861983,-0.12228490845292438,0.01666389621737003,0.03258286187819727,-0.172470808905612,-0.01978226331121221,-0.017132546616606487,-0.02604173600270494,-0.13571067780457594,0.03465487248445479,0.095733539864035,0.12718327532299187,0.08251612626400526,-0.0999565683491353,-0.1553185335707578,-0.2306129486172254,-0.17130609135011496,-0.08360092281210904,-0.01273439533604724,-0.11706010914377106
-0.19463162272927892,-0.3198429817814133,0.051493278317348956,0.2363750624808936,-0.2765605876319534,0.21466765188353185,-0.23212206578827208,-0.2567274571118432,0.2577847635697956,-0.1628746022463909,-0.3436611194007756,-0.4346273994967433,-0.15779176185469898,-0.2985460674761275,-0.24724773600159627,0.22174988932276843,0.0619629297505995,-0.2840869298383258,0.2793458787516608,-0.15904060271437348,-0.21731887354513843,-0.3818484547618021,-0.17308312896024036,-0.21566212763166795,0.08214294903579904
-0.010819862498200394,0.040113224274066724,0.05976993747643224,-0.016052499522578343,-0.02334615688261206,-0.06201353420909371,0.004230218293413147,-0.034074984222256965,-0.1897590882927132,0.24369278187682772,-0.0029093990266132208,0.16742367476865389,0.04371376508594209,0.2825645796120378,-0.020345193966723702,-0.17389323722439068,-0.026244770242090248,-0.19458629597506233,0.014997707441188324,0.32538929955764045,0.33085734813664663,0.11243288983004784,-0.022057539980809716,0.0018205974331471273,-0.27377473615281694
-0.18602157771062108,0.10375322523874415,0.05543923683111645,-0.17753911650570287,-0.18956275127075323,-0.1108674061115491,0.07567627617361417,0.06638335679869042,-0.08289124409658419,-0.11038961608869569,-0.11850844442603903,-0.04473220926312931,-0.0171427834019802,0.06636217060068142,-0.09850578208936317,0.016098252067446337,0.09684614532374937,0.060940220697659656,0.021710740584030698,-0.012417057092603892,-0.1305408926909931,-0.11504473918838556,-0.026049312584603104,0.12566274781894832,0.07177048503535614
-0.044949526027775716,-0.09467080395566142,0.06796915707401922,0.12400304770995188,0.057205198955411735,-0.17573406547875242,-0.00784755807735974,0.10426814362834916,-0.018398063004449083,0.11269692700427186,0.12104080015069506,0.15986051952784083,-0.038157009595413,0.15037227108679327,0.062550499865785,-0.17914530817278285,-0.10664266392147548,-0.0245451798202288,0.19350173161699413,0.006215214799556031,0.05014602100906033,-0.01152151605155248,0.2461291500397773,-0.025402255161800724,0.04853945682407165
0.18751946353923965,0.19370931890035098,-0.2679430810496109,-0.25966861342386865,0.2690754209948768,-0.28043558783891176,0.3756268340469837,0.18516663873719574,-0.22282968549200724,0.36040901155800165,0.14533310616123604,0.2125181439703058,0.2418272062747929,0.0209552483074029,0.3667791497929215,-0.3858510923230197,-0.23063107645356293,0.15877583669679315,-0.4364286798606489,0.16599294408800686,0.4748663311353278,0.28929350145085353,0.19851828740107755,0.06793116889538876,0.23342355264161307
-0.034691539967729064,-0.1264051574189034,0.3624280495153328,-0.06718298536576386,-0.28709805703071417,0.07818691204865841,-0.3163428019025177,0.006588683396880287,0.27514146917750404,-0.06305439929586759,-0.060590335878559415,0.05285676084561577,-0.11804939617621468,-0.2682938128457189,-0.23666986755785116,0.21649442065285446,0.2445456973439698,-0.15236377313007254,0.2808750989484845,-0.067995871436059,-0.2664493763592601,-0.25563531626341435,0.037501758724221776,-0.29547306528492934,-0.044400023845252434
-0.2697742155019879,-0.2519658617250898,0.387580712940397,0.26079001533667145,-0.2881891843920465,0.26856747818106574,-0.283173136346184,-0.10395523432576066,0.3752334451239605,-0.3190382850429463,-0.17344884619785492,-0.2661231746081992,-0.1402808919076929,-0.06778309885927637,-0.17823794915361477,0.22925148641269188,0.20945514241993168,-0.11909572468889106,0.16033337139456103,-0.16328789200385277,-0.20218307774718014,-0.06681126941914325,-0.1240549302159247,-0.2466805135094256,-0.2954741774661325
-0.10800015255008633,-0.11261743082310649,0.1173526208862479,0.1990800772929671,-0.03721132786511722,0.16804523629239213,-0.1374467054067208,-0.17894878631847908,0.30097037738127475,-0.1181601568937019,-0.3383671660896932,-0.22211842760736375,-0.2182849936875817,-0.1775022731031045,-0.40093325488222364,0.24852571068665208,0.39502503997593236,-0.2922401163340085,0.17092501569695204,-0.6106914545436868,-0.18143731286006937,-0.11939251975886865,-0.27172355776471385,-0.27312390584662316,-0.29512229305212845
0.11779798019968853,-0.2368146771104077,0.06709904288477975,0.17867201505305758,-0.09154950270853046,-0.10821312246990317,-0.010034899093330104,0.08092945353471663,0.06504410800559507,-0.18733704736141812,-0.29084520020815235,-0.07090451994127614,-0.09649849064137841,-0.2245474662309149,-0.11415941404704111,0.272652811423145,0.4253909658009558,-0.2253815444016209,0.1039832147048296,-0.06085936707222417,-0.09942841209044381,-1.8450309671757825E-5,-0.07670047617565699,-0.18002509977992964,-0.007916380698935093
-0.06370847033133888,0.16841800757405326,-0.044236310004962046,-0.2780728042857426,-0.030966773881138922,-0.16700480800917153,0.025845232715910434,0.17496015448865493,-0.024726106528648577,0.14501725477610877,0.20032639035243607,0.13945487267854423,0.03228769781710796,0.05078881501218648,0.0632705549682555,0.001706548830289059,0.12441280580800314,0.05093173382976613,-0.014876534549569498,0.06135523886692458,0.23253185082919803,0.07077640288428363,0.03567773421830513,0.01627316824501563,0.24308468000885594
0.28520600702281584,0.3193501108863084,-0.14443806372860077,-0.1263179249586104,0.22009714710646588,-0.2543458809343555,0.16708809440879163,0.3027117152250085,-0.1433509789548632,0.25180849046609016,0.222863782107716,0.04499472543750118,0.13638240216443007,0.23371871564404795,0.12373068798766154,-0.30997354529697657,-0.3008315298449296,0.2403269963769294,-0.4448376701338246,0.20610508265853808,0.28631217947817755,0.21351395356766759,0.17171346993350392,0.22516458699624625,0.29968012092680174
0.23385528648268783,0.3334900016658023,-0.18052881274958824,-0.3808726379728951,0.1940875206708443,-0.1903349359912509,0.36016917961603706,0.2716071246731962,-0.28744921908108445,0.09805509093002818,0.22986707066735812,0.3046630624155125,0.4457316595342834,0.22140310482644832,0.14056789645831677,-0.3745469086811629,-0.24454916213240963,0.30290853257444567,-0.3101712026282487,0.37049525280967993,0.1507879236915095,0.3564224410855705,0.1767492286367414,0.2605178221294937,0.20191404943811173
0.2454735512416792,0.4242560622858382,-0.2878550729581209,-0.29518478039558727,0.28190368897392803,-0.28374858672545694,0.16159979739713995,0.14030696684515956,-0.1849780040562165,0.3182004156117864,0.09116746854358986,0.22938702770326724,0.2340660706439845,0.23383825479214895,0.29357971776371655,-0.36846318069300166,-0.24154204134534096,0.41622189501172374,-0.1647212840639888,0.37302604974191866,0.3311041783710756,0.16797132950676058,0.3431907446160534,0.10929241380149451,0.19464728607753712
0.21860833095491622,0.4927565216746002,-0.3854779495470957,-0.1865419694245655,0.23591458286385092,-0.24610702944977128,0.15648576857790628,0.20552366586967738,-0.24512046642518653,0.08010067579774603,0.34282328668766926,0.24743994811442044,0.2708589634159746,0.264551150128095,0.29304844103914973,-0.47402686728853355,-0.10870225172891698,0.3132418171128228,-0.35111531179651734,0.2693576802076806,0.1317376684936778,0.23743637916661606,0.3408588210103316,0.2758934879049399,0.1353564176408903
0.19427436899330158,0.4393831960791315,-0.1334153485414531,-0.33035484145694316,0.2590563782988947,-0.3348798582431861,0.08244809516693082,0.35739007850398163,-0.34895285506186363,0.058493412462038874,0.2965241055878854,0.0031358784818421737,0.22030411904780747,0.12044305806390458,0.15980258665716973,-0.33304153204548154,-0.41696590865246946,0.30181619788585246,-0.3159015923185003,0.2653638882138877,0.39276537981989457,0.15830110525609503,0.30383394241348416,0.5271957865897223,0.2499065666553612
0.17733262479942513,0.12627258313444756,-0.23662312724201628,-0.2554029377694252,0.11081204011730425,-0.14769542536020605,0.11620624528018575,0.12002002739038842,0.06777213304061842,0.07739244789813961,0.30970344635304864,0.2600162144348086,0.295062115321661,0.045109917737276545,0.3119761430748278,-0.164456127419595,-0.27523047350723395,0.25585197982812186,-0.362031509284587,0.23528463090155358,0.2603939046810684,0.14340176639841018,0.1259515396324498,0.22864650134658931,0.1815006473775776
0.059633222904750934,0.07641596994520082,-0.22830041199656465,-0.1198380741092502,0.09613840813631125,-0.021529940845161764,0.30485766393485736,0.2724831583471061,-0.19463581513404524,0.16501983990747252,0.22809659785406,0.11660292606240473,0.08677487526045846,-0.06585546886926086,-0.09074620183060628,-0.0734542992092042,-0.06591316610902953,0.017361061569251476,-0.11905230281639376,0.1596747830485669,-0.0470559426251807,0.16815137039958541,0.23384254546578098,0.03894645892121913,-0.01446317219771636
-0.046173324425053675,0.10641066588681328,-0.03816353796864884,0.12811790072372783,0.0069521011301354385,0.01829252929688714,-0.017903545733357742,-0.03148263501133436,-0.03311810482818949,0.013477559298313133,0.06820661817956013,0.25142425047953915,0.0010835422677551278,0.037204717561160575,0.04370645701056718,0.11926054832930337,0.14594409609632963,0.0518456510825638,-0.05865933727727231,-0.17674374779099292,-0.09228615370045148,0.02470394018895278,0.051821616571634546,0.09607145656185277,-0.06357944773046287
-0.03210028792980654,0.016420600454090044,0.0348129227077914,0.08983850131587359,0.09937829665365586,-0.12540959530395088,0.09262788822695299,0.016620501690749856,0.03946690572328351,0.18655998634432264,0.046124496703818886,0.026135428702265793,0.04856108638793131,-0.002562695221520828,0.11310079739996139,-0.06745150157992169,0.039867649334009464,-0.06285061401259816,-0.10756047753906187,-0.12650296663719698,0.2558516868643452,0.11105184845056121,0.21647598980875798,-0.04495268129126036,0.03481332886108686
-0.2004648186441885,0.010631910177864162,0.12842245044256406,0.1900311012664036,-0.24647012040707084,0.181469993664223,-0.13535529654696923,-0.1815251827439772,0.19605037182011673,-0.08365406242858434,0.019766305364517307,-0.028993075218342854,-0.2861302407546292,-0.42448003567187215,-0.09783358017296818,0.17047863717138562,-0.10079292649822512,0.04032530584162106,0.22421801884259898,-0.2874920049696821,-0.16521137864278035,-0.1314842483407791,-0.08556015196589392,-0.42044963539746705,-0.2219098461770121
-0.40107869066125823,-0.12042855418633769,0.5001236932627969,0.41277074569342104,-0.42469200392316847,0.4972549266659237,-0.2639800942239733,-0.21606025876926305,0.2734875390861532,-0.26529039499794915,-0.2910144918216162,-0.30395752413219784,-0.34572809360202333,-0.19396312945764088,-0.4035281425401527,0.23604332524100294,0.3583418313846389,-0.2647614985059665,0.228482539593299,-0.32420188376524117,-0.24412492263690508,-0.4175850962908774,-0.5707629211778167,-0.3939807974316962,0.014519897624969124
0.2377817659216218,0.09967029751633462,-0.014357864035151977,-0.29987255940238683,0.07660853871505494,-0.20098284357263219,0.18698889363585366,0.21074585006518165,-0.2014328966084948,0.32762754596291627,0.2511136456545876,0.3749669711319689,0.33817482657000214,0.3482341129494852,0.25112129257034327,-0.2593464197246147,-0.24630949895139667,0.2969322482793399,-0.3486631935190805,0.2914196720624315,0.21937688605070554,0.36734541795296194,0.09920921424224938,0.23187898390441394,0.15280436171902273
-0.019482931994405334,-0.09017108321223682,-0.2566624547715863,-0.21290423868923627,0.18952382732763026,1.3489124976397168E-4,-0.0455280388624964,0.15161452921884902,0.016490159301358605,-0.07617334844049989,-0.09066533133605298,-0.06027789021694877,-0.10320451757694767,-0.13437291351430009,0.10538677440006511,0.12013931779182203,0.06663318003060677,-0.09151958285017936,-0.04376460908824546,-0.13383452045170646,0.01612142434448071,-0.11329500433696238,0.002774778309747759,-0.0058471677746916315,0.0684148848286329
-0.04755768536955657,-0.033946135069149945,0.13202536451984054,0.039860465502677245,-0.15517753680800905,0.07334024255297521,-0.12232629151434649,-0.0358345217569799,-0.06597487752219501,-0.0451784332771684,0.06770328084585603,-0.05920458995256792,-0.01186703168024713,3.4467126381487723E-4,0.2104772524300016,0.0054818548483426535,-0.1832173693202283,-0.04173744549803987,-0.08650242385375188,0.046316362341866944,-0.06295521310682418,0.1882332453755468,-0.025791631527991188,-0.0782938859368773,-0.016774165351157232
0.32464134859206517,0.22080594165511183,-0.38130394078661706,-0.26335719835481436,0.18025472243101354,-0.12116123683544373,0.23134041194360025,0.13154821892647248,-0.24927471551355118,0.1814047768308531,0.29143178812265724,0.1147267367415188,0.0040457105934246715,0.1414712945294309,0.10714405208207703,-0.30343165612523076,-0.5113669089200316,0.3470447573792129,-0.27091219366297326,0.4029193976664178,0.2775972608938266,0.1329753629679762,0.16522813587955434,0.3540395339035709,0.260863810254886
-0.2277970090926101,-0.049845116621387284,0.26524826334597906,0.3109401613579673,-0.28348968885708203,0.18585142443566358,-0.3684836180246346,-0.3245954659863651,0.22520399772485727,-0.5505281619246853,-0.43742750378687395,-0.44363807582941334,-0.21125013338042006,-0.32336427278872465,-0.29463017528863,0.18028399955529786,0.3273969585715917,-0.44280457290555114,0.1637684123889556,-0.26599984742037325,-0.31239951597189847,-0.2973933418770624,-0.14144350948788606,-0.22300402477207465,-0.2273908056809615
-0.3135149588952722,-0.2436204059100914,0.16853311169604165,0.33527010832686777,-0.19294521875746906,0.16561588239565758,-0.14451763638723122,-0.2007129794348639,0.27262917784950674,-0.13319977477751613,-0.11815929459555356,-0.14137316869283076,-0.3841120603914838,-0.24300849908036018,-0.2676493649932188,0.24892021830259362,0.16786822136816576,-0.1820130334676695,0.13175804750089848,-0.20968249772740868,-0.2573725156630009,-0.2969628862293535,-0.346938888374734,-0.21872632028973224,-0.22452141176527213
0.022711851372560984,-0.027419437076044266,0.19859993035026322,0.25384025043156616,-0.09464629928153534,0.08884305345879112,-0.11369437857039702,0.014936916038902506,0.1428699720709281,-0.027498508849011102,-0.22801693501562184,0.03698714048415772,-0.14645547252865387,-0.15561317983957354,-0.013676824354123714,0.3613787990753915,0.23188783579650052,-0.21675914656864725,0.03815277789036999,-0.24142111768462862,-0.25100347267955525,-0.1989863976518132,-0.2606930909732406,-0.0848060873628892,-0.10693904026502461
0.11532450588521358,-0.013070911266417896,0.06438735088570932,-0.03964443456369315,-0.022299842578300717,-0.037713523839728015,-0.007071359344896089,-0.020906321123231514,-0.1323109421858784,0.09677995498575155,0.017941812973235764,0.08210927527664369,-0.02469014254912942,-0.045221571929957134,-0.1776055886289646,-0.10460476856899448,-0.05695336691933073,0.09774524455967748,0.04041854003536138,0.08059050024895284,0.16435493746248653,-0.01819232991797549,0.17031905080594487,0.039613391362202,-0.08009133873333396
0.38757641402115034,0.13258670298246322,-0.2574042024101708,-0.30242670491457396,0.15047961661260553,-0.09635054880052203,0.325450673773599,0.16062155426493907,-0.24951918583178842,0.25925660924563554,0.028264641469423066,0.16733354880262702,0.24642308073879843,0.17789313528756767,0.15187820458377327,-0.2975754500925418,-0.26238709679557337,0.19090808530784786,-0.3962242124263288,0.10806942430752202,0.1791497733342186,0.19871107609975458,0.3065616060412946,0.17839953839801626,0.13911989215068415
0.24245839354383056,0.330066560177504,-0.23667476132255355,-0.2802154031565073,0.05079962944769929,-0.16391393321713324,0.0823436819936726,0.09193716740828467,-0.08035238412932341,0.2985582787630784,0.397903865378148,0.21204470439059578,0.19961740471433828,0.21892845355943943,0.3410925572045656,-0.0615912441073235,-0.3672409204352217,0.035319900315807,-0.4533711231166889,0.19588499532677975,0.36188393265566016,0.32368945777097985,0.25261669869336356,0.2430641962766213,0.15915019949780188
0.27719401469712684,0.20751332530584973,-0.40147134879688096,-0.44218792487761127,0.23597995576290684,-0.23009373338232192,0.2210754308167037,0.23022396180671087,-0.3494344160148119,0.0516306764565116,0.43094760276478894,0.2766306944885304,0.19861983325262747,0.3017903029554463,0.22436750426927238,-0.2917092068801101,-0.4144572116562273,0.3940255788827376,-0.15575886702967912,0.29085990284940527,0.15694660551750989,0.27113858574390726,0.16963811575808252,0.17836471356503958,0.11269848926928769
0.10042128028288101,0.4245917210287691,-0.17270614402908804,-0.19944295115896385,0.11081782317948694,-0.26379171902301646,0.24578461892372316,0.19811133251532773,-0.19278565853203686,0.10868107931667549,0.17514659679629074,0.2615385517888147,0.1318392271344629,0.0932686715050031,0.14513457657118897,-0.33914246572562917,-0.20063715618133196,0.2546348196543557,-0.16028739676423534,0.11349201492520586,0.27442693904621857,0.13276856978683402,0.3348534337269015,0.2624478390764396,0.3117345480275879
0.38110634846528046,0.09456876811273703,-0.1689758321739694,-0.26329671205667854,0.15031007981105451,-0.15787515879043315,0.20062068727455792,0.0775276912906687,-0.30965322881996404,0.03504096503447854,0.4459764984959048,-0.03209362315799011,0.3398729513425446,0.13564284642105234,0.26092789948979356,-0.06355977098355314,-0.2774527321580113,0.23886080298910967,-0.10447354052266421,0.2566367481186407,0.0024698904098101725,0.23716336390457277,0.18490462505193064,0.4204186704154256,0.30706545969898075
0.27410526524235934,0.1545403989156988,-0.20337021703503202,-0.36039727984310194,0.07963349766161895,-0.18957509143477771,0.15956997967701528,0.1705860407605391,-0.12763601439297914,0.0267627803629068,0.14501809259529735,0.1672773695782896,0.23329460952987788,0.28075187325295015,0.09385862809915375,-0.15093720845033212,-0.2639234153500441,0.3772074941516881,-0.07456635701176734,0.24076563884197127,0.2621524911924816,0.22344961375735808,0.36097321680241323,0.17230925186949758,0.33611105388682533
0.2537259602577073,0.12590813858743785,-0.019953657388620052,-0.2400190915798734,0.17343791975728287,-0.08043221955730948,0.0311047726114452,0.21510226033244248,-0.15704255653257893,0.22187067276190098,0.23173342121878954,0.012438419161936352,0.16650529580479276,0.25823385547449934,0.21834396414073445,-0.36444138114020747,-0.2395077378026664,0.061933720885874094,-0.07928998840237755,0.3686914235020667,0.2205686742681759,0.08316236092752646,0.1664276394259593,0.4603172386145399,0.2709274801869278
0.4036059169499061,0.03881517931511671,-0.21289418422017245,-0.26822847995769833,0.03538635770847159,-0.17052807962914468,0.06292199655708756,0.16866155097559252,0.11261123196797393,0.03443740004414537,0.3143943548384366,0.059773623373659934,0.06861112214648316,0.4839301774019161,0.21895397098717562,0.024498796327761044,-0.31199020242883296,0.08534720337343314,-0.14363229894637194,0.2780979515201961,0.09288467757441564,0.02232829636428256,0.1825396403400372,0.07745062722600446,0.11270255678579572
0.08097413557497118,-0.04273359642249218,0.17644878249730264,0.05644693112248828,0.03756156697113261,-0.06721970860053816,0.03325079077485427,0.06899258008088881,0.09037050303365697,0.113447421153301,-0.14752286204270623,0.2649373874972413,-0.057554979218774976,0.17532099014052244,-0.0054528709026460355,-0.04784092276689219,0.2221382073116356,-0.022727922616523996,-0.08380864001241159,-0.10459288949108653,0.10663341167480257,0.04453953510503901,-0.1599128144695889,0.0046042207396353296,0.06246864951066243
-0.048469241266861904,-0.08710501343078209,0.14991232040788835,0.0088267472055646,-0.0844633389898861,0.07066343028859645,0.010032135991182554,0.1659098484564758,0.13975002789996613,-0.08319569868649172,-0.14747162417793364,0.07608156800419585,-0.1593542521786878,-0.23687048611440265,-0.1700969739754278,0.11757097601055899,0.13641335322423068,-0.13232080038267466,0.11161591509580288,-0.08324616043841958,-0.10873876210446129,-0.1633379380258568,-0.02532559651292268,-0.029077852421968226,0.10189998655437142
-0.23375220752318462,-0.40035042441018176,0.1417148196361896,0.2249301363744073,-0.3341392474925129,0.297937775432405,-0.24972111062869431,-0.2964378576075451,0.3098267355074992,-0.38690140014377716,-0.2721214346194852,-0.043266725484939046,-0.15981586439761275,-0.25463487942361424,-0.3003991001901644,0.2649935046979195,0.2306086534785631,-0.4153755721408742,0.1466423678021576,-0.2926265523124409,-0.4752469469536,-0.33839105701069977,-0.1029221154830334,-0.377482791296743,-0.14619513323865765
-0.02195165385255574,0.0989970067878291,-0.4425582042369853,0.29469646566547575,0.10822764568328644,0.3624656293540053,0.2292065418465634,-0.06660277325202278,0.11969524761079647,0.15745286392434618,0.11979031772184472,-0.16854763258968053,-0.2504787126663855,0.10119377014948489,0.08060603472840058,0.13847722965091208,0.050510242714353684,-0.2783164869819176,0.18631966084014723,0.03865613780697696,0.3704615017166456,-0.24010266886968012,-0.3703634993840449,0.10532899283699736,0.3069308002615022
0.2754630144124518,0.3521100838572714,-0.12508789416374624,-0.5210595430813754,0.15235636952708154,-0.31206743403199166,0.21802406636757857,0.1596802537549595,-0.4151896503333925,0.07703700081629511,0.22063187964671657,0.25843539676351646,0.418327748286717,0.12276348142651805,0.3748267385487187,-0.19971790213048432,-0.335656217904502,0.30704902829797753,-0.21877058423269127,0.08769710358679188,0.34457233391165387,0.4429399299316092,0.4427178445032511,0.16390739946914834,0.10990024886090326
-0.1149710702889647,-0.08933140112308771,0.020998872052555146,-0.23907729312378478,0.10057381463712636,0.25364652656017084,0.12876480531168677,-0.1823502140578671,-0.1826374787698185,0.06387622433370083,-0.08375185169556848,-0.16720146753498566,-0.15662319530624172,-0.04122645064108643,0.08747220671945571,0.05072482853171667,-0.10112967446539994,-0.03636739009193268,0.12641389008379342,-0.051109173526210416,-0.0072657604754298825,0.0386353190396526,-0.04293542534195688,0.03162013946813435,0.0024900016412977145
-0.07282789893728286,0.1786088224419673,-0.012419500316331,0.08554993348685487,-0.04371824593129001,0.22021439995480294,0.16186399590348022,-0.22439684147747246,0.09735297918107517,0.12569049257106535,0.028076163964615642,-0.06059996692890506,0.10080149438330195,0.027090204059954756,0.09802929428354612,-0.05389301082116008,0.2247331287180165,0.01179498731644326,-0.03317627359725199,-0.22504718053486458,-0.05960432409887484,-0.13004942743916056,-0.012660474185003002,-0.13816593357604884,0.0801526816785213
0.35773912628928944,0.16845664069540928,-0.11747707549281196,-0.20460990346565933,0.22933990810618293,-0.28353849287284427,0.292775660420194,0.2240543662592549,-0.31115921325319273,0.22509417762433326,0.1453011647525196,0.1467277362083497,0.17203011887406588,0.11697606790204404,0.08242459179696074,-0.08218677742614287,-0.3820008019178625,0.14337579842005516,-0.429821842794542,0.23033460807807546,0.12132020925290952,0.29061572660190527,0.3269298854326196,0.08634570649403692,0.19196918481683406
-0.11853404015335427,-0.01977434267823698,0.18296084566027584,0.21586751077706856,-0.23820578156215966,0.22214463903534734,-0.21261009725922778,-0.29980012387430127,0.11419350198097636,-0.2482837587521399,-0.2998689541613052,-0.16411843626178169,-0.19889356310390646,-0.07413207486132721,-0.11300846822529093,0.3103685449979482,0.25408083443948143,-0.1851846338143353,0.29588061738792465,-0.10793511166916687,-0.1232448479030137,-0.25942905673990324,-0.18486124688692748,-0.3613541347291045,-0.05307874166052055
-0.290205935597478,-0.1945386522110414,0.05281894901117454,0.16636752842447589,-0.26792363299451527,0.3558145250367002,-0.1741757090390886,-0.012030093049471646,0.31153875447361395,-0.0970118089989313,-0.2399615507944091,-0.1412504900499286,-0.10373639585602876,-0.33351741429374093,-0.3171484217199349,0.387568441170747,0.21494649080960057,-0.31462746131852803,0.19331741934134786,-0.40612967785557175,-0.214195837053087,-0.20752789388212678,-0.36364523612686356,-0.3689776125968978,-0.32289572062826366
-0.09670431564248104,-0.1264868255451316,0.3411167294358149,0.16470018807005185,-0.17202789704213045,0.10659247556442128,-0.06669827859738274,0.024832078094586527,0.2101432965439116,-0.21746688525831462,-0.08803980919141546,0.14671213437092334,-0.2968644306597546,-0.052289223369907455,-0.06877842849461038,0.25072551470167714,0.21165345508588776,-0.3125970447464794,0.08203972289768134,-0.1639280671650645,-0.09208064386009181,-0.14691051411700398,-0.22897734150729368,-0.17712176989175818,-0.22226144764162767
0.06224755975540274,0.14769149633256312,-0.16434467067566613,-0.07145201043679077,0.2065957615324046,-0.20376382161341186,0.22963763829996187,0.13487506350556488,-0.03234959537823578,0.021049048774401165,-0.029976088822607626,0.06409326932599878,0.1674516494907706,0.07160551498400275,-0.014122069213185434,-0.172514389034204,0.0820579098939736,0.25428650028260646,-0.08498537845732342,0.2754458107301827,0.12098009252798808,0.2048869751416033,0.2776601395757147,0.0603862727264928,0.10629801650188188
0.2893373010293643,0.04445928852882125,-0.3050679436031027,-0.17027305724543357,0.30703631151870714,-0.21927387441277596,0.185710167786852,0.14786593885250293,-0.34519703008812413,0.17962837130363882,-0.04551353589125036,0.2788724368639244,0.1315509196140164,0.33551526379477714,0.21570955448024987,-0.4622153815371541,-0.2374340794948074,0.34464553345323407,-0.4384910894560547,0.18379600168132823,0.028341070590533913,0.06976876122240001,0.23845900888179206,0.36446125668774204,0.26907500855974537
0.08572637638035586,0.11443360037526125,-0.3381530227215142,-0.12596777618535238,0.2567876826713988,0.028942836732797562,0.14265535406223162,0.2899872909173256,-0.2541989936896769,0.2516794046615188,0.22351323564586273,0.02287128199010047,0.3833002769597585,0.12364215959988761,0.039000822187987894,-0.33433974201756017,-0.5125550419442471,0.2377645717405723,-0.22502238898273563,0.42985154590412616,0.25156678596391185,0.035683029602872916,0.2636289238065829,0.19925906351054892,0.28706557125663235
0.39824461060347044,0.2612040695129021,-0.15297346401382333,-0.18211193660940064,0.26463933551650975,-0.21082692019330992,0.09437101919315825,0.09919966368753635,-0.16358382948416383,0.19172161937009058,0.372322806768652,0.27852684864529864,0.2235794793840916,0.2077598245733673,0.22351495440179805,-0.1101041153649461,-0.21690363859456926,0.10212823795653007,-0.064184187175431,0.11946401670814168,0.15093279936309734,0.16960433775314399,0.274766631261554,0.1296488421941846,0.39848894012591807
0.2297309981956279,0.1200854320915083,-0.24202000039053598,-0.28162907465903775,0.13261177291064824,-0.31249753048070433,0.07858612662023745,0.2689643694010324,-0.21531805468974402,0.08280056781118804,0.30025873343779996,0.3064928919865706,0.30929765978199336,0.1597381772482263,0.26027928451272425,-0.2630836294091828,-0.27204485119149957,0.18339131716281182,-0.33243727904115034,0.29591628035099304,0.11437860606350667,0.30211469253747286,0.27051900928194755,0.21194596092114945,0.32947589340617156
0.1319126279364055,0.36409030353224703,-0.265427580764637,-0.2295940816200766,0.3278317323247057,-0.5176284866377405,0.2459379255635597,0.09404322992736602,-0.28512518142862553,0.1587029688128222,0.13121501745707068,0.24332049299152111,0.48591509150936274,0.29953976013909656,0.13197431026252565,-0.16178783575429256,-0.28274448665879387,0.4106246566890669,-0.18382690154181924,0.1810506271033727,0.12004274426936672,0.31583422468482114,0.16194139906908392,0.1768997296031866,0.32139790727920536
0.18553628687973459,0.14244404261993499,-0.15688722386473908,-0.19358407267362118,0.3640081300500795,-0.36766845773150136,0.21890271116567353,0.24462424439479957,-0.31270108724055645,0.20139552595466187,0.23339229211835014,0.03911563680790906,0.24625647614014254,0.24252929606330395,0.3148364215288818,-0.3274529863480566,-0.24726932500256707,0.3898492662409392,-0.3374226872024774,0.40740952205325376,0.18444426728644098,0.2698484510671757,0.39214166027649533,0.31363438506161834,0.30437527428855365
0.3905525850494446,0.2731407531028338,-0.17051781730691298,-0.20642141805041875,0.10941139141987058,-0.24121558036165658,0.09528149778260066,0.2619929091054741,-0.4699697994017853,0.19152373929593614,0.2654316172852468,0.18125076547407573,0.27433440993461505,0.38817239615204163,0.14229962230126503,-0.3029894876181566,-0.2618182254095301,0.2656692735214772,-0.17163514567944912,0.4697610521961106,0.27512614777248284,0.20642468432426017,0.3359001277729507,0.42381430303823897,0.3255375595138283
0.2745746904349275,0.2677951349460132,-0.19554517930513457,-0.20171832433188244,0.17069221329965048,-0.2409655039262276,0.17899499628980248,0.3307017971955735,-0.2416302398520679,0.13372503612376954,0.25733267907505986,0.15233191154481973,0.1160318281847921,0.09411579842230051,0.04738283169776016,-0.3110645776414412,-0.21128342163874106,0.28999274342041637,-0.28550448035700093,0.7166584965203775,0.15821335561231686,0.32102977091921797,0.30136736828180105,0.44142666261253893,0.2874486056225045
0.10621515482971487,0.06273728610839277,0.15013098651974707,0.07927593832338756,-0.07903354066656214,-0.052450716245281775,-0.20748198255083491,-0.07804922223602173,0.2427048192345289,-0.14794745326279868,-0.1685927277808464,-0.09757821247173855,-0.06350543902523453,-0.1442410166399312,-0.23175611450499936,0.16209724537823525,0.23716258658268616,-0.1440888801146747,-0.1760400432530618,-0.031092841726958455,-0.12110423000461125,-0.12283853570767266,0.06635685424127079,-0.2004103166934825,-0.24515404145420927
-0.19888416470555256,-0.34749117351239905,0.25597954616287727,0.6171262177809265,-0.6100716038749352,0.48555658308395777,-0.42700445231707346,-0.2321587843363843,0.4742748386526714,-0.48082602593965934,-0.44185641914527013,-0.3172568738384612,-0.47972228870560696,-0.46518988931522703,-0.20893855545244078,0.41749511745061235,0.4901036898682936,-0.4351644431940644,0.4089963537327856,-0.5573086420761594,-0.5247708422048429,-0.4307982184768693,-0.17177063483530333,-0.4879353738630812,-0.6630674438913554
-0.3179389956197565,-0.46651870372914656,0.5890731993572804,0.5050701119284489,-0.49531253283561155,0.2420149948687638,-0.2976715011750396,-0.508044622647579,0.3978367959274175,-0.39790781612851334,-0.4565599174231163,-0.23268997578159786,-0.5405761738507785,-0.5819938681208168,-0.48767379664419397,0.3732731527876837,0.5378517989603173,-0.40877922009424356,0.1872167883602013,-0.46646845756146404,-0.5390280454595425,-0.6342902148581462,-0.5044160364555561,-0.4610565752107948,-0.6898329274261387
0.5842675949431262,0.7800810414873726,-0.8446752127998575,-0.7142883497446557,0.669027216230269,-0.5467695290289938,0.826839921173869,0.39533240486719307,-0.6633399674334096,0.6214160216841704,0.728930788887824,0.43807718954306313,0.8444606399112141,0.5841685912009466,0.8880255609450527,-0.6907769742283331,-0.857083596166503,0.610079943110242,-0.6988211430032049,0.7155580735620183,0.7311192277460787,0.5996053913971965,0.4618743493397545,0.6696488630163865,0.8507400286362157
-0.24566065351834893,-0.09448138914495526,0.49030932952361955,0.49521688392898655,-0.35121190910273375,0.13728685034425897,-0.3468016141284655,-0.22972204194008833,0.11525083893880873,-0.34915121861043436,-0.29262820287561203,-0.1640959273682176,-0.3332906310448138,-0.27535905388178467,-0.4988332353682312,0.5075707345146987,0.23773810282349986,-0.20484979226998073,0.25635895717196194,-0.3883113912503103,-0.473629891864857,-0.3678286936874341,-0.3190097366843574,-0.5430784760764529,-0.3480170880593761
-0.10477657095808601,-0.2058683424625113,0.030495499134296028,0.11133811991513272,0.12976935848764035,0.1351028835873225,-0.23206428101215903,-0.1120032801171071,-0.0048462154443793,0.20915831910199556,-0.11000857098626518,0.03893478877363853,-0.081309312713439,0.18621482640273948,0.11212445463152416,0.178995578252095,0.03037246096055309,0.07027475039816664,0.12407723471326847,-0.07486596029503623,0.12190788982414909,0.15135963889683451,-0.026550725854629864,-0.096657592148421,-0.0028953857443886747
-0.04126046869132074,-0.12055001590662069,-0.01504558805201555,0.05378760420618536,0.16600161993200013,-0.00881190554056827,0.06255623588914472,-0.005969540623700736,-0.032320220979440595,0.1070307596721061,0.020928762100978913,0.04210945082795443,0.034935399207178156,0.19424082964586079,0.028127387371578744,-0.018078409622185283,-0.1316730104123334,0.12535814660531755,0.1265422014356366,0.1248332535195877,0.0673260658004944,0.09265221213538512,-0.0611535978013139,-0.14078366290250557,0.10221957816901649
-0.14438542139917265,0.12602514471273296,0.11374040666815988,-0.17110133137529795,-0.056792030491439646,0.08947483885912959,-0.28227527511016676,-0.15127493573352374,0.42186530012559287,-0.006662127162882856,-0.29298282171958545,-0.12330726872038585,0.04968374215270763,-0.28157848281767434,-0.3524349227429954,0.44433682610668884,0.4288885647915743,-0.13210841486483646,0.33956089337651796,-0.12098330192783127,-0.23406641240552242,-0.21695920618383355,-0.044280574354796154,-0.13791325959307166,0.16962399332808284
0.27984194340651514,-0.001996780466604291,-0.27846241858784737,-0.23838711616948607,0.4396430243016027,-0.3752923280508079,0.5383612984452859,0.16403388204978891,-0.3538165430137513,0.46966095326009594,0.5898001003475468,0.4241439418472947,0.482389641465935,0.49854725648186615,0.4838661368280352,-0.550038520874556,-0.6589787779740724,0.4397026455782732,-0.8063653084130207,0.45902761505464723,0.6023718619826097,0.36031661931203984,0.3672148389887556,0.39106674780385975,0.19906898789785296
0.15197634002220428,0.0534063038353405,0.006587197867839093,0.09511375422657489,-0.04579688155155594,0.05658825480875625,0.08990015630382617,-0.08118412128606983,-0.039817860450607374,-0.017499341993983872,0.13171484610328918,0.0720043506697659,-0.06117916981996891,0.03952877884139075,0.0641887259960041,0.06502352140709466,-0.21835144932109563,-0.024694183696854555,-0.038451829774618924,0.1809641898549292,-0.097264916344967,0.2322780780500146,0.00948041038627279,0.0671184937469644,-0.02853646662174623
0.36582576811456363,0.13239214785199005,-0.18989421848414276,-0.08375144120835641,0.17022734327348682,-0.16105954467574563,0.04516326283611667,0.15781840283072823,-0.13883644039436904,0.1458009613875353,0.18567833163098377,0.2014653235085323,0.11381293979767748,0.309345739942908,0.1744116545301439,-0.2750866452491114,-0.13322880135461804,0.34909856227702907,-0.20141624681314238,0.012487601502794474,0.03754619943394824,0.07593152829890777,0.23210242387491986,0.12285583852378892,0.09956983222262872
0.39065475683638257,0.17242218021301986,-0.17741634155208127,-0.2950365586722047,0.42378523153068737,-0.22674105629707436,0.22729617366846114,0.2435036727698864,-0.3619533713109445,0.26491934440707504,0.18811398376748126,0.21444509206166956,0.41780839557449123,0.27826786509606655,0.318470797040982,-0.20985097961620036,-0.2381020058860175,0.07591673242365489,-0.3540464806916218,0.19395535454420684,0.1857175220136842,0.3644488652063343,0.2975620148933267,0.2965333978145581,0.3341350735137088
0.05733461183145616,0.2827736541773866,-0.1721342319191875,-0.4264813387009009,0.04998618715486917,-0.1864389963914459,0.17188186158538368,0.33954690568054346,-0.35972947840901653,0.1278915749794968,0.057341980892028986,0.32411253750269964,0.2683892742055042,0.09076719463879201,0.29727699197465457,-0.20037563010276785,-0.14875486754544023,0.0214042537570713,-0.19492570478186463,0.18266907269886082,0.19871286423011925,0.22840388143974813,0.31556966701371664,-0.09792822646125232,0.4738924243601318
-0.07251644946714687,0.04511817233004519,-0.03641902913858212,-0.09285458890671797,0.25097607819565454,-0.148163398656581,0.09620996329096027,0.08896947921940505,0.1533542395738418,0.07411360589826992,0.16958712989759261,0.1820141491791421,0.12583230028955758,0.09562514917908804,-0.05647320593717365,-0.009228650436781461,-0.15391346564134173,0.10033679764495629,-0.025120552349982332,0.22704058202088817,0.0885753614720952,0.0671310338093661,0.14045987196177573,0.24450058374539482,0.20272152709955968
0.12887023460789843,0.24543063271264473,0.01477664358783183,0.03242969862641869,0.09934374268590328,-0.27377959421275744,0.28010702101112567,0.16043271025315053,-0.11381421342585632,0.12205962018881833,0.20415618834725924,0.18760682268027304,0.30260889357950455,-0.014408550590839722,0.33419359184840614,-0.24016039685608392,-0.1897933765255924,0.09125359752596958,-0.255144463775156,0.15459583751895195,0.10579277434262521,0.25203683065221694,0.17749584978404362,0.24666393846442294,0.22039868855672595
0.1932514453178507,0.1635472362293434,-0.36230157367797033,-0.14003504915455028,0.15250432588004847,-0.20776605611969456,0.13694113890424403,0.14881919950511824,-0.08267383036232016,0.22688318281658457,0.15734701931352355,0.09837900617703853,0.3005806451278839,0.18251898356924853,0.11155855199333807,-0.13637733759973625,-0.2691968628231,0.3317322652395834,-0.1753860852816942,0.36423691119548823,0.17671335581545802,0.23619883496742708,0.136296591465486,0.11081628715590693,0.2920577074135797
0.1447744867145877,0.26086892919998533,-0.3036413192526083,-0.19247844652309423,0.2810476279519249,-0.3421466338060727,0.3134970611062273,0.2028998961110947,-0.24978244738500413,0.11462401001964417,0.35908288693521045,0.2771234424936825,0.30141328897939923,0.16275403826898102,0.17496669710144772,-0.23680098416120066,-0.4604184665078579,0.24753255704138236,-0.2453580698182067,0.26689452576455924,0.2645558755693377,0.41504507861375844,0.2975506484566397,0.2245544865404849,0.34478210557927647
0.2237254035687179,0.07497625404624522,-0.23923708383539774,-0.2730255933503554,0.37370167386526965,-0.23413141645176955,0.1931909990747303,0.3120501911995148,-0.2022856674348321,0.24967972150917336,0.31872570624360996,0.13049018819542454,0.38554670675993336,0.4105147016903779,0.4536705815199625,-0.36813138311114907,-0.3392085140523902,0.25894653691230246,-0.28806023237880723,0.39177065471307493,0.43184705180809335,0.16472919465886518,0.33000607615704947,0.3744098666864047,0.060394848757426976
0.3428763889588328,0.35809621717309004,-0.5157523763877004,-0.4301758430932158,0.38842885047750325,-0.25169617400817007,0.3623009401358887,0.2505270955718505,-0.536974204776905,0.3013289382438548,0.19794186022420332,0.3788960569737661,0.33245265619995773,0.27699339595360567,0.3289776820058615,-0.14361417741103344,-0.367079986896436,0.5039276471914318,-0.23607233676080838,0.4937079939979174,0.23349064630218772,0.25227853946997897,0.11891480790552285,0.42082465824120757,0.27187864870256434
0.2588378549449615,0.05183354547517359,-0.21083003157567018,-0.2929704305723441,0.2549590765940367,-0.21932488315057094,0.15767674530289047,0.15676958522212425,-0.12023760339626814,-0.023727449469997077,0.29274257234337875,0.2315589975951028,0.10829732203855535,0.3175562075482544,0.299893903548296,-0.2924799852363245,-0.37079053114179555,0.20667851010262434,-0.18628047553004265,0.2813042470361429,0.2273590067346742,0.218967759264642,0.2037952034560892,0.2300825170642411,0.31137285246778573
-0.6024927604915098,-0.24978745661276178,0.6324508735274794,0.5980324388689287,-0.3653989855393214,0.4459884511813905,-0.6540203728895553,-0.46313999366649133,0.5618511522685516,-0.6786307478175029,-0.436387687133535,-0.5023116632868454,-0.350688272217726,-0.6446863124148992,-0.5032099347473428,0.6723642192014166,0.3731264131766629,-0.6550227054764367,0.5568698413641038,-0.6498333798858339,-0.4942416291865846,-0.6036352886557228,-0.4314436563611091,-0.6116360075150433,-0.6261852555071501
-0.676044878495022,-0.6664975300296737,0.7270424692928994,0.6888774767592794,-0.7157327710601756,0.5856006957960832,-0.8101026339598266,-0.5190242564417872,0.6331018283820518,-0.681394117912617,-0.7575422655789468,-0.4316662991920999,-0.7478694046734766,-0.6019238333058767,-0.8070165030133436,0.7693606663255861,0.6554448924176859,-0.7004348129160852,0.5508537002375716,-0.6913861436124032,-0.8132995740741887,-0.7538720794518079,-0.46416419994399605,-0.722784322857958,-0.7611795513226913
-0.49775311797220306,-0.39979821451752556,0.8151631868847509,0.6727026447951565,-0.5584806272445282,0.3852143104711637,-0.7623283735468012,-0.6888834493264041,0.6664485271487137,-0.7200989116773698,-0.6741423265769458,-0.539807002486099,-0.5997420669977664,-0.806515453695121,-0.728184088072509,0.8400124874288318,0.7234810079642687,-0.7007749918665127,0.6168349616571989,-0.8707751095011214,-0.5984348063527722,-0.6917862876360559,-0.5256446939638691,-0.7519534991392899,-0.667539591036954
0.3822483703446265,0.6345172089699621,-0.7398859731269687,-0.6206853823507583,0.5490158479068584,-0.43890461983283297,0.8468930702940726,0.5018824937240675,-0.5402800346847604,0.7753636252427987,0.6790940402975814,0.3597144733142654,0.629919035473244,0.7061327786873508,0.8152094385039331,-0.6640805270366044,-0.6256019353591541,0.6000438719196486,-0.5496132527986546,0.6265028313346463,0.6413838656464601,0.5184771538137545,0.5336217697731744,0.6427265953481961,0.5316866761428944
0.10623504180506456,0.036484680406949514,-0.15592863337156224,-0.037252997560397266,-0.04262921818282556,-0.016028568852058476,0.05108476245941375,-0.07338940098368328,0.05580471497440815,0.14362481363285265,0.04647805857012054,0.19466783506851737,-0.048031787296130064,0.07960150591077025,0.07954079359084114,0.13311609544775654,0.07307168840462855,-0.08993248019659253,-0.03526788987496188,-0.05153026764962948,-0.18702778399734854,0.10801889717976469,2.4700512510288883E-4,0.11697529817272079,0.09401087433870017
0.05506220838718173,0.0015123854898150592,-0.15724845494274597,0.007861261310322823,-0.05180238040999165,0.09518601117616118,-0.07148047876795749,0.11787352608827506,-0.06741968760827353,0.01745229323350053,0.08397347248113905,0.11350178690882187,0.0031247978477013105,0.004814408546344358,0.17095685855342035,-0.11655583633683936,0.03718630469633071,0.13067697363047323,0.019385754044761564,0.00120506822179116,0.02275471991131807,-0.10566145498219255,-0.08000680603659532,-0.04678380005207164,-0.052879794320393574
-0.03852059662848134,-0.007421751855483074,-0.03685148970446636,0.15497130800404388,-0.07737954983009537,-0.01755735697891591,0.041134204885337894,0.15053718006019598,-0.13274431220179989,-0.23282361267188847,-0.03657309129103676,0.06516417047628853,0.0082024203106545,-0.2857672651282572,0.012378614755542585,0.034547254719134696,-0.08269412692754223,0.07125659788380649,-0.06497626996316429,-0.21345502171134845,-0.005707184812493101,-0.18283126207415384,0.04221933796196041,-0.03298651862608461,0.04337096882309974
-0.048449310662279796,0.0913254474960396,-0.04831237473747682,0.18337228044673554,-0.0020520832109178298,0.08071428567244605,-0.05994514143291712,-0.12196031029025768,0.05193045622764309,0.09283108947885206,-0.0032141259355137884,0.04207494935584955,-0.007267736644461597,0.056573946205884205,-0.0509384431810356,0.017046175097136334,-0.06159077797952448,-0.09523746790878414,0.06411649003677887,-0.0980427543947326,-0.04198711907022463,-0.008346510547019393,0.021933642230246148,-0.061822589545458266,-0.14952283154723203
-0.0014117423412445167,0.03784087837864655,-0.027998872440569107,-0.1748835818969218,0.16742610930710558,-0.061656269705865976,0.027048788674028882,0.08550337596168524,-0.02028830896355747,0.13497190450028526,-0.06592252446421183,-0.06507712308616208,0.09960258978806345,0.08137986283927555,-0.050838886864206456,0.05565162338941705,0.15442322383234142,-0.055478158363385634,0.15453325947351185,-0.21034727822459082,-0.10727406805639665,0.14619220250718437,0.08485492609879806,-0.037162101391481794,-0.013297390389604577
0.21621966088539932,0.12552013989046287,-0.273172748331424,-0.08896339926731596,-0.0016441933685977146,-0.12573845610387083,0.03099254943525397,0.237647041213616,-0.08776981578601435,0.1746281882917841,-0.11210621133072475,-0.06658319952432713,0.2532378495311573,0.03407738229545516,0.19357506726178877,-0.3141543485836384,-0.2297186799485904,0.03210839918995381,-0.23151683009430296,0.19397841440271832,-0.0358299559707111,0.12183010936110689,0.04620821850575671,0.08545047197088061,0.20538874098562246
0.21686759906784717,0.07091443310680387,-0.11477618971525864,-0.2198879114541852,0.23509297054436437,-0.15743597152651537,0.16615274716974535,0.145288796977764,-0.20363817116060437,0.08912222853772059,-0.030681971410381873,0.03806518662668394,0.19535047951016882,0.15480891234063152,0.16508648698573003,-0.33835275454123914,-0.17263111514510301,0.14553802320191683,-0.16792988624564778,0.08771154192143334,-0.06812562167030722,0.11996649046748825,0.2086400233689362,6.555855830111401E-4,0.35801902208021735
-0.095367039036404,-0.27830857320010455,0.21971284640958064,0.210981984380167,-0.05218748575898178,0.08335396474979366,-0.2204284851758938,-0.33167305637034306,0.09874966894189446,-0.10118899722693211,-0.07323926348411974,-0.22557463761961588,-0.07346900226998032,-0.17750134138844814,-0.28947600271211105,-0.07459021993425048,0.19993007178353214,-0.18341620011161588,0.014688969013156913,0.03598326471066405,-0.11058014500777197,-0.45373238394771276,-0.10217673239567591,0.09510121755895833,-0.10901860786571062
-0.24390030394506984,-0.2619421468929905,-0.0057924333077726325,0.09974757462311883,-0.2038000622543445,0.06228036252559055,-0.095935908990927,-0.22374639695253193,0.037200563583490116,-0.15230720525335067,-0.09176047024819764,-0.18815022432610617,-0.2514615447669792,-0.038191157539898345,0.03289341921468502,-0.05450588706214571,0.06664420611951226,0.016163649894042044,0.1055384694415892,0.12502975012352466,-0.211212668396837,-0.10059435398367529,-0.19113879622858046,-0.14008732440769167,-0.07683586561234539
-0.7768327119486018,-0.6812984822518984,0.7437231036645479,0.6414611764186217,-0.751266996370384,0.7025264072630738,-0.6090159464383585,-0.6646465131683769,0.6695568564178688,-0.6624824644213093,-0.8387010633501712,-0.7215871027474025,-0.7177785146478889,-0.5963168881299308,-0.8062453447201747,0.7085755267406743,0.8142179935514718,-0.6847865370775362,0.7266857428364196,-0.833184353943262,-0.7006017031178576,-0.7257740688782889,-0.7349431112358109,-0.6503678104108982,-0.658128127779436
-0.768941535261745,-0.5159815138892891,0.6436943679732291,0.7602803689774774,-0.7431312413155072,0.6748553171087394,-0.7872107890401051,-0.878196285638446,0.9822871687387652,-0.5754995562756448,-0.7730077978942288,-0.6968669709339311,-0.9491369489973421,-0.8558185824472271,-0.8412664334223257,0.8224831312968228,1.018879058526711,-0.6837208953676451,0.5764564047561166,-0.9971772602273942,-0.6849650304395856,-0.5436914932577738,-0.7896161632968296,-0.690158106646919,-0.8482116830524266
-0.11959795715882857,-0.14593503080354325,0.10584783821010178,-0.05148942706274589,-0.05567091595730009,-0.06622299995025832,-0.16586342336327903,0.006459589056834985,0.07237247040073594,-0.043928207657748325,-0.015080505666973448,-0.0286262093034358,-0.14962716904432471,-0.11119705811453523,-0.12370396225713413,0.10591229671466719,-0.06728100499843194,0.06097621809120798,0.17474896599076958,-0.11852721299074993,-0.08006182667418546,-0.10355846209467426,-0.09061418175964725,0.01339077185491499,-0.06149013071551541
-0.29288317740144,-0.09125033475475416,0.17177239477521852,0.4748295599660273,-0.18687123193265298,0.2551966244574469,-0.3173535788638208,-0.3148966950464268,0.2915851352960368,-0.14696937105753233,-0.4563410428080824,-0.06577103353831534,-0.3165544011885286,-0.20518456505460164,-0.2272516581961533,0.39001389146044796,0.28420662133794045,-0.3733276910417784,0.21202902909176963,-0.44770475360094647,-0.2496466590206499,-0.1188740396918273,-0.32058301881234585,-0.6530120088401895,-0.2812690882503094
-0.32286837202232316,-0.22891230290832515,0.24466672090039146,0.21289140496057543,-0.38087205761248544,0.0941810758152713,-0.23898853279706422,-0.24247620077682586,0.3129730482482028,-0.34693659728074944,-0.2235055088929009,-0.24090108692037682,-0.1426618059643738,-0.11864206080210754,-0.041412433688478925,0.2736077529353009,0.3066584675584896,-0.2157930059326009,0.25177422121431486,-0.39453443340939903,-0.013402580019268763,-0.2743294710321893,-0.1934741491314834,-0.27326555028587496,-0.3901738764625242
-0.2829562306226011,-0.2550437830264335,0.0626388884619553,0.34313609774186754,-0.20054335558058148,0.22768304940109813,-0.3040699114653801,-0.26436931372486866,0.2480751939423263,-0.19418320062742245,-0.3882388113839904,-0.2585825396507414,-0.1164880933353497,-0.32823946739570964,-0.2068521039263288,0.2386915743556729,0.374351372104314,-0.0725056548873072,0.20732090767700265,-0.5618447063723327,-0.2969206375917227,-0.1843290914371465,-0.30658017621349165,-0.47415124672583264,-0.37463082010335824
-0.31033211911292924,-0.19407854832990842,0.24036721607688435,0.20090033398411464,-0.25419763393723965,0.2573883640924438,-0.07356034763897602,-0.12123153037351998,0.15035583758512178,-0.1483511327179694,-0.23525261466538253,-0.18855103267154852,-0.22023078261829232,-0.39220393778154905,-0.35391064949531115,0.23801126522295193,0.28948378730027513,-0.23147158112983038,0.374476814041115,-0.1675914705299665,-0.08775336103632403,-0.30881720371145893,-0.1514680012218154,-0.3458105498977145,-0.17043987816156628
-0.548650979817086,-0.5512403230834357,0.7326514979534683,0.6318772121198825,-0.7710558445227939,0.6989167073801218,-0.3896368085130493,-0.4395857537202688,0.6656118706335933,-0.667973646787332,-0.6461986085038164,-0.5187672388375786,-0.6251554490026089,-0.8184034088084733,-0.7927410430293911,0.7888352848535652,0.7199576752653768,-0.6209890204313566,0.49230954199132765,-0.5549661611026603,-0.7738466051130024,-0.6005140277604952,-0.5044174079451024,-0.6991317117318412,-0.5304561533655378
-0.6689535705170879,-0.4820480552441227,0.9691127891992903,0.7801079856627003,-0.6359479066350399,0.6584045160981286,-0.8390306411406004,-0.6017881163124488,0.6460237006122261,-0.8015048030290745,-0.6931807556683992,-0.43342503096861085,-0.7818569452024834,-0.694495938843719,-0.6771073875861074,0.7265284402513051,0.806241843544479,-0.6185398258919356,0.6018518941381014,-0.696248237907199,-0.8288715607411629,-0.7690619305712236,-0.5861594351790063,-0.6690949021741496,-0.7504384571502842
-0.38599825489692324,-0.4973360038520976,0.6975185250057746,0.5235729131246614,-0.6466216956171367,0.6051840073419094,-0.6821455064120924,-0.5131250599608546,0.7212354519377789,-0.7330912966159732,-0.7474051825284032,-0.5665473079630169,-0.5894904255037492,-0.5483693596900839,-0.5228366044768733,0.7330867483073602,0.5378476411184838,-0.5700071833880426,0.7003890130713104,-0.6860158518922853,-0.7588553154624784,-0.7317901385385303,-0.4749997800376001,-0.7263041452041514,-0.7024440183869181
0.6092271682798922,0.4325765536898391,-0.7233444652259494,-0.6526395686361632,0.3390751403493304,-0.5909961039133025,0.6347193415816559,0.550819596423496,-0.7299801539603803,0.5368321238256543,0.4360427522768772,0.3215205235706245,0.6542188028310535,0.5829799011935927,0.6077746014524317,-0.7072097265308104,-0.33959844302823516,0.34004118948674744,-0.5025524520481139,0.68049056200005,0.6494643042473363,0.6699906334254836,0.5737008855076138,0.5352084764595075,0.46478075787696055
-0.1916758878490704,0.13527158916483556,-0.20868176644103964,0.1390509632826354,0.07149435661022012,-0.06666133850550628,0.08655355655405395,0.035233520885338994,0.1297835451643905,0.08202149805943719,-0.07903642022031017,0.05788788907995774,-0.11833969912263839,0.03308528677876426,0.03106045763590513,-0.12905759953438092,0.08022896248952738,0.010517581127126042,-0.00208232800680029,0.2174379839162342,-0.02386113720733017,-1.0431872076180492E-4,0.09826715509111801,-0.00507999238614934,-0.08005692619903063
0.0051759689797744625,0.15908992974027378,-0.07220346651467788,-0.049533996930077984,-0.07228784857519648,-0.22953405303562358,0.09134398253439399,-0.015338948334866745,-0.04098264235472263,0.07508927795721021,-0.09190351986482188,0.04006127508829643,0.016542128322717196,-0.04676310171218045,-0.15527646908202664,0.0418382836975588,-0.010925494218925386,-0.05731005279613523,0.03598917470548205,-0.09821510016003698,-0.0023297457671319906,-0.002684461674255072,-0.20459429900391612,0.12493310034634009,-0.004343893760974985
0.026285294750321528,-0.095134109054411,0.11424812663730272,-0.06723678480666932,0.02909577890456065,0.0781970524060419,0.17970279551278318,-0.01113869061567401,-0.03391461208319045,-0.005711966793670294,0.0012002487851504864,-0.014836595422287727,0.14683652416227383,-0.13068460817379163,-0.1024991733854382,-0.09169190452203126,0.15691354902192328,-0.12057885574309202,-0.0879066355452417,0.030986936812946866,-0.18882757231365155,-0.04169239634439757,-0.019932409224029026,0.12403264569980055,0.059646548816362624
-0.1334705625961153,0.09415012169815562,-0.17183473318124012,0.03530906106427216,0.1068445539920738,-0.0598110555770129,-0.15451389816570027,-0.20049490588275934,0.021175783543343006,0.040118965706066136,-0.03218330534019297,-0.006287817264619804,-0.08954136969081536,0.0768489063280097,0.07956692415730669,0.20660914822497978,-0.04931741160998444,-0.015386002566491181,-0.1937530612589321,-0.13051229618103513,0.16335914557256462,0.11259861334957932,0.04203065518493951,-0.12319332754063879,0.05728127848056366
-0.15733730505058857,0.022424140903990815,-0.08692024962512714,-0.19115133986728877,0.024564121733294038,-0.12565855262618242,-0.06052492310588898,0.16979396878081165,-0.06467938082328835,0.039278096875458725,0.019703126998184904,0.009596816860658674,-0.027569475929222192,-0.009364394047602734,0.21783050311678287,-0.21093599270646507,0.06378045231574846,0.04665353972141711,-0.3095972253843238,0.038238616084417414,-0.06411570474909244,0.12176652018646181,-0.10027791091936439,0.17778904214168206,0.013072503664107425
-0.058246507962952984,-0.19920653139332958,0.15869187516383837,0.23424695014810606,-0.34716174957372387,0.14708015942398384,-0.11423700762509165,-0.060170370373784136,0.15813143586798348,-0.21732533845588164,-0.16758163218090552,-0.13772640681917234,-0.1189346239229865,-0.18879104415061007,-0.09184233030928403,0.08421058134576419,0.14632394793157902,0.04124244532955151,0.16514072931731644,-0.19642649918611363,-0.2770238098046493,-0.18042896741205647,-0.2123218574612567,-0.174773280072263,-0.27227141571042457
-0.4090652216571482,-0.08952651004999285,0.026464103466439005,0.15203226352831534,-0.09313431960343779,0.28074419525975364,-0.10011470135299842,-0.24425276146493127,0.17095296282143113,-0.046552416016470345,-0.044390105385366925,-0.02834365726503441,0.07526200529044678,-0.14535676417237667,-0.16345844268534904,-0.05356070960066145,0.1627180336983092,-0.35078332495387704,-0.01835816970282567,0.018244652889679375,-0.1149461540652607,-0.15386419592985096,0.044796858487253996,-0.12473182905247206,-0.25275116513813384
0.10616912826203992,0.12593856078227067,-0.25366903373029387,0.059565653011461044,0.11536265052515292,-0.06783936154428495,0.0627355703086438,-0.027351170461728223,-0.13024219962656836,-0.14066659356747588,0.15326029840817415,0.014586191962247206,0.07137459285077345,-0.01114102728737524,0.06891450720725242,-0.02708209007617922,-0.051868638500326,0.03796374126210177,-0.005653938011405213,0.0077015456684020175,0.0542728494181106,0.022358903708013557,0.1333941917089207,0.047935732150936654,-0.033085909230449725
-0.036175046974119905,-0.2430825179939482,0.22241405820684698,0.2481092573354373,-0.1869519241433709,0.3130870297273689,-0.11703771418269968,-0.2997285741393881,0.3322517560896551,-0.31894411029068714,-0.21087685527640296,-0.1547172244049241,-0.029356735264024263,-0.11651726678124827,-0.09632864846936556,0.26268974022701497,0.42350168816689604,-0.21917283894485542,0.22076522098114834,-0.19361359461838115,-0.2557500143880701,-0.3512851223645513,-0.3338292298970979,-0.11918975087356626,-0.2506074462716975
0.6156985741560105,0.5591326658125958,-0.835937729931208,-0.8065816157639887,0.5435024816635263,-0.6851151708200597,0.9920899837386273,0.7111292017572122,-0.7763700822529106,0.7652313197095871,0.6961219929569549,0.5684673765138424,0.522722281794545,0.7899539808631184,0.9454592210788371,-0.8085349565926782,-0.7876234592728144,0.587304318033734,-0.7220850613285882,0.5964063367681826,0.6698850424529205,0.9396552534381668,0.6573540811106294,0.7591386340123183,0.5973519829863451
0.44698701927765344,0.34373249257644584,-0.3460806633998069,-0.6473596824030701,0.42640202813406664,-0.6091616441715919,0.5968728619948874,0.4118556618832323,-0.5156343142382949,0.4877515430485414,0.5369218698432126,0.39550989176545354,0.3069207589096493,0.4716586672825193,0.6188099283844576,-0.5818689814103692,-0.6161196962638031,0.4694228882280481,-0.4719938526072738,0.620419717340721,0.48501947843509746,0.653691031138892,0.37775004883678936,0.6987677294731334,0.3733617757475516
0.07738530590141167,-0.29769706170600885,0.1184582175902594,-0.16138064362898666,0.11344578993040383,-0.0627378211742699,0.1452054105141691,0.12904391403080562,0.18273181534396862,0.12087995175822867,-0.11965127680971116,0.22208335029235726,0.14764998336069404,0.04133838837435637,-0.09032229197058637,0.016765383158860284,0.07418682451321955,0.1259623433224838,0.1252468201083749,-0.030741079334388285,0.2677428270086383,-0.05303639565703497,-0.1445184059424031,-0.2281948584886235,0.006881913905524067
-0.11350480153230398,-0.19768423249539935,0.3763699589828081,0.2990089120557804,-0.23317968572964232,0.30805226215339954,-0.22985070141223451,-0.11065592100280221,0.6140332462005095,-0.3977256164155659,-0.3074167705080231,-0.069803055870333,-0.29057404193852976,-0.27189163213600254,-0.43933054813062444,0.43744852962761754,0.25101055073299183,-0.1755612769239983,0.2228588287820453,-0.2685089603888402,-0.19084907734343223,-0.23404921362526304,-0.03718147747926914,-0.32985794579389427,-0.2858890681216018
0.16112365602576137,0.03781837931975596,-0.05694790838110481,0.1353816315923756,0.05054438846764049,-0.07080105855972796,0.1689647826442698,0.02877816298515364,-0.0863646773745733,0.21123550050149792,-0.01763071499259232,0.1774746410959683,0.1665955763186582,0.13683884917966263,0.03639419609166153,-0.14028341550352627,-0.3821919244654335,0.24627265761878067,-0.25033891073952447,0.024511766811548527,0.26428901406073396,0.2050222070517801,0.4912152618091143,0.23763751403933694,0.1728584790941834
-0.4687109669455692,-0.16619353735775924,0.3139132879008746,0.27135455112044665,-0.2898737641813184,0.3556831616818824,-0.3982975668044333,-0.28278590172958135,0.4618344443252783,-0.3472516189656677,-0.3443107283682441,-0.23062222421093065,-0.45209713831923065,-0.38391782428630944,-0.41263009052604177,0.38161489289385375,0.38375091878518164,-0.4444585429953848,0.15391497147116318,-0.44542507948364957,-0.43802603627432646,-0.18296938305977994,-0.3717287905263911,-0.27417275837595284,-0.287878965675484
-0.3850467652441869,-0.2775605967439143,0.3391370147817359,0.3619870373681782,-0.3867320102450949,0.4177387962275985,-0.4097127517756883,-0.3878090581285254,0.4382664576407758,-0.3329743011676768,-0.3390086417775116,-0.2067888032981589,-0.24611100698384508,-0.49600508588342934,-0.46196495748488847,0.5834783462550498,0.419596806183674,-0.3444671847914862,0.23104885717425164,-0.4466501878167981,-0.31271010751094136,-0.2511474456042067,-0.2901767487825255,-0.3625781806624223,-0.2620272331980437
0.4680210030232341,0.45321096111509035,-0.5051610239987092,-0.2773566566163937,0.4540762274090977,-0.24518774840664873,0.5544357529821965,0.38331695699826895,-0.4262899625015227,0.482102278736264,0.43654443794727227,0.4156451094671689,0.34630560589143555,0.45783369157002146,0.3784961821900642,-0.39087309659543185,-0.5031592961806165,0.42090266605284704,-0.36288415021487747,0.26525692413792673,0.22875226773669094,0.10868533928028244,0.37077843833445107,0.12038206282177294,0.48306158316275893
0.4200210070579603,0.47821418024073137,-0.7576741183047435,-0.659802080864562,0.7353403577380554,-0.32281954367442584,0.5265501847375345,0.46272486663340867,-0.6303632866830129,0.5891412395212298,0.6480901360765717,0.40188631569773947,0.5504614531345096,0.4889007950644594,0.5955456721558375,-0.5454025223520602,-0.7733751346655554,0.6123829981671818,-0.6505452100970713,0.7072827372632036,0.6838730353737178,0.545432957342449,0.6143733854743822,0.7158070021454948,0.4762930279416731
0.3116948733482808,0.4948105401636029,-0.43338971464816173,-0.3438686777695684,0.3613379447425504,-0.4590406928416693,0.732152609102078,0.4317621590105369,-0.6283915375344087,0.583308383599467,0.38684047115835185,0.35248273661323465,0.45222956669946396,0.43654140325018753,0.5296074395106527,-0.7619140848977171,-0.47520052543422836,0.5133672378334697,-0.2578727383867826,0.6077718399465555,0.30702552958265267,0.6912084444658182,0.3321076901583391,0.4253677086468338,0.5418755027402266
-0.19159438105005858,-0.42967956503797466,0.34756998872749917,0.3237597090905739,-0.2252435937097029,0.31645092323146784,-0.1305378557663172,-0.3264955826158253,0.39745677654235834,-0.23682796178733895,-0.5086522878208775,-0.3850762546446018,-0.39922582627165004,-0.39504448761910493,-0.14710141907189705,0.42455025632564425,0.4348094222091323,-0.19785220142395638,0.1560696582801775,-0.29167435198199015,-0.2515222350061007,-0.49144402066999676,-0.15408723491347545,-0.39657469156900776,-0.23773417268162517
-0.13628612811454488,0.2795512884199954,0.025408329907658414,-0.17999867377891304,0.09125750209342974,-0.032135572508830465,-0.014519004183310251,-0.030017838486375115,-0.06655670182992533,-0.09606907067972599,0.08888151690284027,0.07021284143837159,-0.2960853199930835,-0.09157371878168302,0.004762575257041234,-0.06193314752911139,0.01868876876158314,-0.11420397859420728,-0.04575970388582651,-0.10967065468554511,0.005603042548966914,0.0733629504847667,0.08578296497452965,0.1712912770626804,0.04823780312331256
0.04387807705490634,0.08742298941242282,-0.022256568218186043,0.040059000675521456,-0.07488547406481605,-0.038562770733347344,0.06649777028698972,0.19048232794824146,0.1344937697667998,0.03185844464499093,0.15581636907002328,-0.024779710711363437,0.09717854212217342,0.11976860990835739,-0.12176748512254482,-0.043248577262504695,0.003198375092734062,0.007488249637484847,-0.027428427330030786,-0.04104182770082067,0.16783773050971865,0.12495961346764184,0.18223210709715787,-0.012123913943095678,-0.10803243798705549
