0.04551330387922427,-0.01367211451000851,-0.2491007295622837,-0.07803683969544722,0.024295846543334772,0.06583119251850353,0.04056992617142138,0.018441100697455505,-0.2681204073521434,0.19653895805869745,0.010889281566053031,0.2148318280412756,0.0547366353676647,-0.1364141439226187,0.1865496134087508,-0.08576222485943429,0.15017417152930373,-0.07421017617127501,0.15303982095752813,0.07482587661627722,0.03442029487037767,-0.06601909004591357,0.07020506041356228,0.02883510534015507,-0.18456858314867647,0.1256414890679986,-0.11890132260178514,0.1194891968562533,0.3196654643849282,0.05076627198360201,0.37463812930489504,0.20190706684626455,0.16997854185897346,-0.09253765050289396,0.03329587486201425,-0.12189521220684793,0.15309344088336774,0.16826296311224642,-0.14000999586987012,-0.01576901788588826,-0.15279951514195453,0.16006135941569796,-0.013021206699807827,-0.07887469050589842,0.07449157660893524,0.10490879677407804,0.16754270423422873,0.3405410659604108,0.05702349364478974,0.013898189477004698,-0.29224308672175886,0.09846327587080647,0.30084617985403755,-0.00549381069421873,-0.21110602256850222,0.0637950303065952,-0.1832047551626133,0.10260206200431785,0.02581092478883511,0.2602037502678898,0.03476058910974043,-0.17192332450318643,0.09965096809657922,0.47135184416045134,0.16082538768275081,-0.16694817632855488,0.014665604522477034,-0.1014663082768152,0.03566976337029168,0.12144929239154385,0.06955099302409751,0.11119102261809086,0.020547948000519584,0.32309079030816507,0.09273623259779848,-0.11856425589947138,0.02936810159836371,0.23031780769244725,0.16536409577503738,-0.190885452398571,0.06676877338008365,-0.12139202121339823,0.23453449029091358,-0.19789389206081082,-0.015925058542418494,-0.051957112757247854,0.17462273271158749,0.17420826972386394,0.26909933080197634,-0.01633482146249394,0.005792203885046469,0.05848002551647901,-0.139198030588211,-0.05521959753158121,-0.25196277312250653,0.13418346554665872,0.11853411935610612,0.0704033315923902,-0.10427522636535219,-0.030027990459355596
-0.03323060583897682,0.052398942522024976,-0.06216065154198154,-0.061806777293638177,-0.03152969196546595,-0.035673469349686966,0.08638066425219633,0.006273375470070196,-0.04609886303664723,0.04852305963409467,-0.016453920709722698,-0.021101251877284108,-0.05287704799963589,0.0018641563704078032,0.03692810081922325,0.010686070696031615,-0.027208732238070896,-0.0066038237508182695,-0.019393162082835147,0.14344017327390418,3.5833648447247923E-4,-0.0074912154688763916,0.017626108913935772,-0.03573191019703513,0.027131311687570357,0.023851051003444465,0.007921996790220912,0.03579751672862768,-6.743876844250501E-4,-0.007134086552416004,-0.02764697352746498,-0.055367010139509266,0.028410978725303744,0.09392586207312581,-0.0265568732005351,-0.04157992543245277,-0.008447195249389246,0.01872775824085931,0.004345568183846535,0.03530244365556004,0.019158208176695796,-0.03419568551515986,-0.032749389405732944,-0.0068109843147516015,0.10776131425197431,0.09370290531730652,0.024734984902074226,0.06416109577018883,-0.04876779369170327,0.035734844069432226,0.03846121899628853,-0.0016976789149905978,0.010383461379963458,0.018720511720531553,-0.0011676497908090018,0.030633926819700293,-0.047231030632169005,0.052874109338508404,0.10565098042952976,0.035081366864987945,0.011291332278671906,-0.011705471079598842,-0.08217135871432463,-0.11696052034316455,0.048374726504387955,0.011727047273029046,-0.06880295851465397,-0.06330593860950932,0.03572129627614727,-0.029203848562875827,-0.022315826856640953,0.08366313828539648,-0.05685639269477287,-0.010104449816496063,0.13695072250836027,0.006613374043703955,-0.06296957143508898,-0.059085881292556396,0.004384910229413567,-0.033530230244580427,0.0010834670431748726,-0.0494094935734884,-0.023453942834979324,0.029758647661158447,-0.05720657958811869,0.018175578445672604,0.05651745623045318,-0.09912618246835068,0.009050109313676159,0.027726139494533078,-0.1184481386004317,-0.09528081900607431,0.029882301604073288,0.046328028348077054,0.023653699523292084,0.020013242284021616,0.03807315785525527,-0.08486907548526655,-0.014118714834939657,-0.039820238703625166
-0.10389719343347925,-0.04822634961414731,-0.31827123859025686,-0.1535833158084499,0.1045570408076451,-0.1382150645920712,-0.07155860446298268,0.011300193142554992,0.20435193166793245,-0.011872402156503313,-0.013748208201551631,-0.06636768476260944,-0.17733579323114984,-0.038336727800216526,-0.11532730558811606,-0.024032976059678794,-0.16662813685094055,-0.08224695477641575,0.10197225399328692,0.0010881861270005985,0.25887564243619743,-0.16205098002908902,0.08574185795092396,-0.03293416306145467,-0.1523251153935785,-0.1733236084469435,-0.029543359305344834,0.24296669980837945,0.03984707370368237,-0.2099292759613458,0.03369686675962526,0.031346016737963986,0.04738296746535491,0.08080184671605496,0.12241568452110022,0.2109290605717473,0.031021769640835053,-0.29339807210412805,0.12903072711270222,-0.12705796260980462,0.038353633449184174,-0.02169336803116068,0.16033401072984327,0.18187396654952923,0.06967913641893957,-0.10565764725290157,-0.04663990251101015,0.1669995781432078,-0.11147412732982369,0.035164619774889744,-0.008329663211954212,0.03916185340539182,0.19329934526641906,0.0923082463204671,-0.010196059106926707,0.08896592872956761,0.10310487960451031,-0.1356713879642303,0.12401409433855623,0.15353844336306652,0.22134921630291507,-0.4070896473640467,0.10307902993476349,0.026458080176348712,0.00802561368894772,0.0031781159473518784,0.0513274378427626,0.24156985279212873,-0.11373989904130477,-0.14018032513248918,-0.1474981968494315,-0.09971542008761816,-0.15256819208039674,0.10004010351523807,0.13555348106388335,-0.16921406314925652,0.025850451744859778,0.2842065128086105,-0.02517951012375887,0.2024190460764811,-0.44514109844844313,0.016643353814305827,-0.13327407209121067,-0.00787744619904237,0.019901550473084666,-0.16155463005535353,-0.12454689894937247,0.02603943400131944,-0.04645581617656836,-0.22574293007301788,-0.1910740690917395,0.029198657781709596,0.05484338455025258,-0.04180142412985986,0.10900526697776435,-0.2030889445057929,-0.10571519405064307,0.3606282763048624,0.12127561890642846,-0.11866064722794145
0.0034908518391786017,0.05767563900463719,-0.08068586386729762,0.07402118014778254,-0.0063875556908801,-0.012702591757185317,-0.01905482188626769,-0.023399567528185176,0.0754955539974842,-0.0253473210309,-0.035383451007474656,0.05597411104142189,-0.05897041248593593,0.04728763827642584,-0.0077222136878533605,-0.026859827531513895,-0.052309579283986614,-0.008317292179272464,0.006974717956908399,-3.346175242787016E-4,-0.13577151058694134,-0.04301050758750863,0.10869916039888672,-0.013567803232160733,-0.08993579593092933,0.030984772416593937,-0.018799582685057627,-0.07874637450624666,-0.021814939505766146,8.286135953513116E-4,0.016359609712422295,0.05364717234458571,-0.07866906411218091,0.03682979897522118,0.0251106433769131,0.05090306481421199,-0.027613199422256266,0.029468226488266015,0.01631532815143985,-0.05948418821876063,0.019619655257492697,0.022794766486863183,-0.007601021297298145,0.011446151160982413,0.03425790973253685,0.06400327635896537,0.04250218680598264,0.012683433141303895,-0.04590765518389998,-0.00925772994009566,-0.14406050075481625,0.009918083705795654,0.0045985647424349125,0.04558357831071712,0.08487191673682613,-0.10260610865670056,-0.060355933623761085,-0.029484848207533748,0.011578864996109318,0.06471895340728231,0.018415540263921153,-0.010024751619618211,0.042917052525386454,-0.011734315083158774,-0.022206897550438753,-0.09491705384151608,-0.05137923154648304,0.026601906994256345,0.01996445613212663,-0.012342164183874153,-0.019660138564750837,-0.0113785146927626,-0.07907815956281382,0.010524882016162992,0.01604107789888481,0.02620676257065388,-0.06949843067053024,0.042531083891079444,0.00881786317749632,-0.0028136689891257046,0.012611552486395488,-0.016411499096513068,0.012077768844004052,0.03691444773564835,0.05518232340723337,-0.07475137339194762,-0.06761299177545907,0.05152856549541988,0.061386350234600734,-0.046939473642922315,0.02010585430959089,-0.04629181396111088,-0.0634330769272183,-0.00953414395887331,-0.09122460106977404,0.051400291315260874,0.019094930447906652,0.08870382769287755,-0.01901638129089434,0.011799427820939576
0.24563406326587503,0.0019534809855784336,-0.026734374080817944,-0.01038474201191586,0.12116434854234723,-0.0476554224516326,-0.08688006384365021,-0.16692845884422153,0.0866525015602501,0.2271624067522465,-0.1356215144926639,0.0947251386820723,0.20180454028062558,0.07803606525508057,-0.03263333038796019,-0.1365939365052594,0.10500479568821965,-0.05174899657268827,0.10640343773671924,-0.0259615184166613,-0.3088658567874184,0.00523011500935014,-0.06992290981079224,-0.10645613149734666,-0.1251385759091451,0.10423632610620202,-0.03330601525259973,-0.2104725030724411,-0.06149808318426445,-0.14750370748577887,0.011099996059308528,0.2907400023098431,-0.17498429635804666,-0.0038211156237436287,-0.2888988240075529,0.0855470752480194,0.3143945897137677,0.2806403728128599,0.19493936740717852,-0.25770648973006827,0.15577048265558213,-0.07762760059534168,-0.17279915396059314,-0.08244169891209628,-0.1835748922804432,-0.32793861077482067,0.2708254993508358,-0.1347935423122999,-0.5171092237949442,-0.16079583877156595,-0.1495411368455126,0.2808636436656371,-0.029051919642429116,-0.14167823418012024,-0.10486049656003629,0.15043158257010414,-0.32301519924816124,0.12324769087711945,0.027277734160304736,-0.1559829345937547,0.07829385036493106,-0.2289260523188663,0.13764431096750263,0.04736713895788719,-0.07068292926981641,0.31496030702970873,0.45393722484859506,0.4977285174444754,0.006015673716696102,0.08511680137958023,-0.07581500585278296,0.2558233398653252,0.002902042282655416,0.053815954010664344,-0.11032215097983755,0.2411673396480187,0.06599121466329512,-0.05230633460834055,-0.41876908962689186,0.20527117564669856,0.17497149747899698,-0.04762145602170447,0.15356896114886015,-0.061802394299694384,0.047994110445378074,-0.25495541826526585,-0.042863887521554074,-0.3044615536696315,0.1345027293773578,-0.08483326689283613,-0.15506428676111633,-0.078638293943891,-0.16319494877697438,0.0068692656633458065,-0.32368932559369595,0.32028495049683436,0.1832462990757071,-0.04384669734593257,0.16953147490714252,-0.31662504940758684
-0.06459859922944249,0.010570094948381589,-0.551576996872115,0.10421328162829936,0.0010061074805370364,0.178000573086626,0.026398409950475495,0.18183573047077467,-0.9228759597528793,0.3174954312441602,-0.2646423188911218,0.1489169342135063,-0.021311803660500037,-0.04234893412824697,0.2512833012693354,-0.0856328336323542,0.2616657609057103,0.3125588004620568,0.43113674925955814,-0.03665940764656951,-0.22938071259644355,-0.12833335465329862,0.6836917354274511,0.07838643003549987,0.4405741267909315,0.04671973497588535,-0.04729598767096324,-0.0077955165026239,0.3939395767086031,-0.02496428367466825,0.8425777778025252,-0.026273322788968084,0.3970639210837512,0.08659175128005712,-0.13010086699117498,0.19530115291564265,0.05992634276397537,0.4038821685938984,-0.2003339754048467,-0.2312332480972399,-0.21025545930767414,-0.24864194860383973,-0.06833800072582176,0.4708417152766945,0.23928227929452,0.1283898756074198,0.04635468022712764,0.15716606887556117,0.15176532657867528,0.09981890447030696,0.0728974243579754,-0.24168982737587172,-0.2775220124603794,-0.18694367433973885,0.22492892175784998,-0.11403866203808952,0.21482836558563823,0.06946641218320507,-0.2098622417730423,-0.04786297626314749,-0.009511071771855232,-0.26358963610708885,-0.5270706713092664,0.09947441425275848,0.38127295939210476,0.246332356313836,0.04882170336216458,-0.17901040697003884,-0.1655626051073353,0.12483736299735315,-0.3713586079182953,0.25099824032304596,0.11683928135041126,-0.143480001425751,0.40836999379736644,0.11418385555964224,0.46469229172010484,-0.029431135868763923,0.1114452315804985,0.23937032957704676,-0.4732845085897838,-0.023344952775382653,0.17573184634016686,-0.04778878216623588,-0.3928993417060593,-0.18547085311361844,0.3008147650416354,0.2246057605085558,0.02957988494974391,0.5719522817844656,-0.42199543392383454,-0.3715811129110773,0.0342956431975453,0.04674012066313836,0.047759425695532605,0.21188266592434846,-0.03266649665119519,0.39882414615443584,0.41162747639110236,-0.5108836883114718
0.1733721242722562,-0.1694615543261857,0.06585533762127775,0.0971685489280602,0.26062780005895037,-0.16159604789041138,-0.1102968992226658,-0.05056935285052816,0.0772632921877286,0.007145769716489124,0.06234277384630865,0.06914622383638348,0.0979539276743988,0.15787571387719812,-0.04645046863288048,-0.0020556043160646453,0.06356326694847066,-0.27216625337166533,-0.05031027862820417,-0.13604044082465186,-0.06124896430404282,-0.05961001827108337,-0.0952703797804226,0.11426931057116028,-0.09039665398194388,0.1330234670435066,0.020028198708819733,-0.04002052572911933,0.1879543936458899,-0.0055513418719654005,0.1291471771527151,-0.0818169509603681,0.011587139497962766,-0.01259770828452052,-0.06091610483265783,0.04098339027230995,0.00249814271398657,0.14236874411303155,0.28058057570736444,-0.26196438511903625,-0.0476233909226969,-0.21847028476094776,0.005564936771199562,0.0625719045461919,-0.17581781110008027,0.17081410975010972,0.31876007845808074,0.007286320381768116,0.20537478517953167,0.10926083147480978,0.027920487308863685,0.01742708037312243,-0.011260582739196919,-0.1324513914055871,-0.11223905015923559,-0.0505564700844205,-0.020861332481445706,-0.18069452601350117,0.20537174371143171,-0.06528350170802152,-0.0810635872626246,0.15240790209188318,-0.02544442590235609,0.11209382800654022,-0.16004952468875888,0.07455524177592703,0.1636309786999732,-0.09415792586129122,-0.23046512442145592,-0.1256370259274609,-0.02284327991786625,0.11725953473585675,0.2065752150234248,0.14194544337671833,0.07253604517535875,0.08365489445347567,0.06260619713276573,0.011677344918274653,0.023817794294266798,0.2641837521342341,-0.13718204603339956,-0.004439902001699713,0.019196016660081756,-0.11986934774086672,0.002745618881323227,-0.06400523478919351,0.08486862461944872,0.10858953015407541,-0.20555830090912583,0.007856591590525824,0.17123167425671793,0.09144444039180995,-0.12380427752101077,0.04933321542131466,0.20438543001724757,-0.040933533479632356,-0.17754645288336998,-0.11908066556463018,-0.04358729240769455,-0.11756123771421932
0.22618039500203715,-0.0738064698110557,0.7573452651715716,-0.5794302890260162,0.48465772419158726,-0.04965505728997522,-0.4429735807351449,0.046496685568715244,0.16305845036017225,0.05003251747299796,-0.31688948460898486,0.17847096432348994,0.01171774066354469,-0.41740928756820483,-0.14712253193782274,0.3102884184063523,-0.2635042825332238,-0.59834136469673,-0.5440902039648241,0.48644313594296845,-0.032650776713142406,-0.27442442564164937,-0.0010223543287302813,-0.0523347460554042,0.015220559202055964,0.27713475748876765,0.25642369518543556,0.29047716597044665,-0.5700011390093608,-0.09419191365613531,-0.15617040972023982,-0.33200340215046337,0.3196040201205104,0.08043010268213241,-0.005222845834110761,-0.08066275450229013,0.02263934295133844,-0.11389002606804902,-0.05602458957644491,-0.5776043994039676,0.1454087210727188,-0.28147249558835324,0.22165168057375575,-0.3553673291983562,0.1388553182635682,0.008470544105913531,0.044015339639926924,-0.41905592198325425,0.1702948953070156,0.12027230711062924,0.18279108103828196,-0.1778493723622132,-0.40336838402975217,0.23164082384674967,-0.3559101463319087,0.11949388135627041,0.6180921477588869,-0.23393487253798767,0.16355649176789308,0.057751162558997184,0.07889260566046138,0.09849604641709896,-0.0920681898437267,0.3448195445324805,-0.01323896211929752,-0.3124689463859881,-0.1718980825475211,-0.0030467133098121663,-0.6361641487087704,-0.026089022171513713,0.23762607225678964,0.012586630589398868,-0.06983646570569324,0.7591554718403802,0.3302992710409142,0.41678939533130394,-0.47484841213899376,-0.01997903410156089,0.36297215342384137,0.19824752258029082,-0.33539728607758124,-0.534903034887388,0.09293634475295091,-0.35079931134121156,-0.23856332261198276,-0.11808473455998664,-0.36917287499377754,-0.1587607551211019,-0.4125907527009491,-0.1318260759967422,-0.09417291241114505,0.43692393426138076,-0.4005034449963853,-0.1609569919616437,0.15837853616725,0.01905171017693278,-0.5420028693056981,0.145734081190189,0.389253627494545,-0.1476021809924588
0.01758959027369984,0.06137175867262202,0.10138435553611609,-0.1240023406025405,-0.008730459812455097,0.012240259887443037,-0.08272872187581227,0.018905512073950484,-0.19059746992884696,0.059358714539023805,-0.05745747922057361,-0.07460314532066269,-0.06681654430844396,-0.013492672641504212,-0.04505518574059256,-0.011747835011630575,0.01798544406024205,-0.15477932536546987,-0.01165548758721714,0.17072892978387863,0.0721752912976646,0.04481511898578052,-0.08262944380376308,0.011026793417558372,-0.00570789353055492,-0.020019454933967413,0.03517645850489337,0.16582892629323395,-0.06279112731934414,0.07168729473849367,0.061951007874801726,-0.09053906393309227,0.0954338728693162,-0.02278094901925291,-0.04410581870195583,0.01449094983170107,-0.09775394120792262,0.060484477806890535,-0.05122973575853026,-0.041071343890824584,0.057827766029910674,-0.055161713946636076,-0.15318480503194992,0.10851670951921384,0.009472019027401664,-0.022123418813936258,0.01709311787826726,-0.04500679533662163,-0.0168507119463159,0.07880517033425305,-0.046428983859315875,0.062220084033338306,-0.05437145652752352,0.0872463157749811,0.08305395017241413,-0.004500325616095067,0.09154954911905784,-0.04116120615104387,0.044856504407499144,0.03859746654093748,0.09821224570724751,0.07724558819591534,-0.11051682305499515,0.03759569755352557,-0.06382065541127355,-0.05802404477544849,-0.024296461596181155,-0.03537184919352302,-0.01920570262585685,0.0970835859627793,0.015487762246769846,-0.04194591944620896,0.005990291633536274,0.001451543552480069,-0.048904877163368075,0.14228454294452594,-0.052657354801500515,-0.09944529225697878,0.0998460153055054,-0.0542190177086699,0.06073869854400194,0.03732965111617628,0.010222057568416631,-0.0336909796599675,-0.06363530878887981,-0.08688464966399954,0.013634581455454878,-0.04540363708864335,-0.08597765732414835,-0.06478218279636266,0.05050346977048599,-0.034617396315362044,-0.057118750100516424,-0.04031477012641787,0.08858149129699387,0.04003703797532509,-0.05865884653707889,0.023069940890610048,0.042476150847616106,-0.031253497110030476
-0.041703594844674785,-0.06497436007335207,0.06642111338211124,0.009727877802262443,0.13802470939183287,0.09610058889090355,0.20102104234676793,0.15986241043651148,-0.056005082624401605,-0.02081886612053024,-0.039873070049675045,-0.041298107800765656,0.05979854325131411,-0.0031641100293538457,0.03804205638229936,-0.06045573515379421,-0.07645494998408674,-0.12676770520516245,0.1110299831287706,-0.033791884584051884,0.12994886424702728,0.21174746290962101,-0.12536296215617934,0.036793763463580216,-0.084991905307039,-0.07724051490117095,-0.038777631037716434,0.07402704397359307,-0.11387258056892162,0.13024322305013247,-0.01379092519285299,0.016881810775521904,0.11222174535110278,0.09939604752496373,-0.003982633804211437,-0.2769809745350111,0.1549095577153997,0.04815438664005181,0.22330918248614404,-0.006798696208122467,0.0230140442980095,-0.09995675593039592,0.03101863731256364,0.11927062813384048,-0.09703189358134705,0.1192386560925335,0.013929235403275392,-0.0058325891944328336,-0.0476876862577144,-0.01749569829675042,-0.02329577796970702,-0.2829833750926262,0.13859793968127013,0.02030049312866017,-0.04567041804911946,0.03931939918457095,-0.12952905536017376,0.0757410303374676,-0.04339611360892121,0.03654160207859044,0.06488234625153162,0.0391335703202422,0.0599300179999064,-0.07498145489633078,-0.05359191805178547,-0.2062070948155073,0.07613910525482516,-0.03139842511119795,0.055830488491437166,0.03573561954977441,0.16898145237987103,-0.1041082279881619,0.007695105423460065,-0.020055386965565674,0.07815932110613383,-0.042583749680177176,0.10055416660466769,-0.061111868029491076,0.01128935132202169,-0.1445458240950522,0.12627296783036882,-0.09884186661654894,-0.08382745992508223,-0.05214974872968409,-0.18414889850054555,-0.08971101406441775,0.07461965356165146,0.08537841905620439,-0.05566316925518481,-0.11715639655912033,0.003578617003950185,-0.07715783919944479,-0.07089417596580498,-0.11494812482526386,-0.02204655102120184,0.12260955903700835,0.011050979972178753,0.11001799079136593,-0.19825447513584632,0.0136176794065348
0.07957253016789985,0.08366079613667113,0.2366369206895957,0.14645142382663384,-0.4343722111890124,-0.24495180271610417,0.2653813548625773,0.10402871735457349,0.15622116226464622,-0.10689717022793627,-0.1552431645006855,-0.07027457520174193,0.2513244673063442,0.21182894471015856,-0.11015875693580043,0.41659644927811496,-0.4234022728373384,0.13878029067612002,0.0672129918920406,0.1594472581658551,-0.3001178946005223,0.4017154836432032,0.09717808556491098,-0.12134425148272208,0.3082390458432286,-0.22175147862549918,-0.039088858367657645,0.4673543847444046,-0.29418306828068413,-0.2377626032671372,-0.6172917662780985,-0.4253423468584368,-0.001133483168813489,0.37375456397208057,-0.11377199030467398,-0.35908902646550617,0.23945601815536569,0.06381163167301998,0.48700407563125403,-0.12562266507995057,-0.16973193893664298,0.06916237003908832,-0.44834561990978256,0.15307795839675042,-0.18630673303691725,0.4207694023801057,0.2230130167418412,0.33493140441168906,0.2164396244073577,0.08910366930232212,0.205526749218875,0.12615146747551387,-0.22976550484069402,0.2456285023885671,0.060754221401126164,0.4426342168667644,0.25600036819636107,-0.36258196221528705,-0.12433006406404419,0.1549715807587717,0.05010555811144216,-0.2505292956281399,0.07750223674751394,-0.33605665734846896,-0.19827443524285301,-0.32933871543161797,0.03305171216577697,0.22203441384350478,0.32683996699937257,0.3935908465691075,0.17296236438136486,0.0023103537244300153,-0.6080941259972213,0.11452182980402048,0.12544978106186383,0.24141365958557504,0.24570379470132406,-0.011073843724924206,-0.4317625944114943,0.10557293402081287,-0.01014749369476426,-0.42072312721814886,-0.2615512135056648,0.03306066789220352,0.11620843010877177,-0.1513023385446871,-0.09506648977016194,-0.12397274882471906,0.05757881105736285,0.19806665046464447,-0.008611082356374387,0.0849949218731174,-0.18305100175635594,-0.10476895706566897,-0.305760857127543,-0.49571365512360804,-0.25075794445092525,-0.338242990597384,-0.22937481120503114,-0.18786164039056547
-0.04266056585711979,0.1009398577076841,-0.045539415292895305,-0.1644900956195338,0.07407326300897249,0.14312190157679322,-0.0032749316167410276,-0.03590185788573519,0.020770860370397607,-0.08003589700010748,0.12514075186912704,-0.05088972553014477,-0.10276581481915457,-0.024295165197206134,-0.037491608606054924,-0.191866687881471,-0.06717098953968757,-0.012385323822305536,-0.08121461055702711,0.05034541456007989,-0.029654058221287517,-0.02620647696646973,0.10077977094630061,-0.07134182017979813,0.07377741294934669,0.05512400234748323,0.04302974266777218,-0.09331311389733982,0.1749373073065133,0.0216366753626815,-0.004553873467266675,-0.0977994762601481,0.08286353805756355,0.08554055688900514,-0.0607458943114769,0.03102325626962089,0.03291302156871782,0.003074707886611849,-0.14206565850740308,-0.05573998194695961,0.10237369715722208,-0.014823530570881949,0.009528845914279296,-0.1101274822237929,0.07413604625091409,-0.16728543484900887,-0.029463248836281607,-0.02331040025923228,0.039383430132896816,-0.09185211821271365,0.020543737168482512,0.13397930661281388,0.043440597471025195,0.02614280549346496,-0.1623234195581976,0.04334817983728623,-0.04215279510573547,0.1602451204437156,-0.057665002598640616,-0.11588493641737005,0.11490311776786528,0.07450747172951294,0.0508266850571501,0.10518319846837454,0.04041972083064634,0.040418040005121024,-0.021799294603506904,-0.07100070510480337,0.10565402234388166,-0.10910136262026046,-0.03650214330445738,0.15428188796017578,0.09905646629626677,0.10739783263562946,0.11916492737950116,-0.02996688198183897,-0.03909773295469694,-0.14106145976054005,0.010784880217572334,0.05622915775887077,-0.09097755839162303,-0.09589106916203774,-0.12961369499167064,0.044025681178348916,-0.049109635864787386,-0.03651317763976905,0.017630995457384366,-0.09887981134370702,-0.04142916268867625,-0.02374225532255745,-0.1280769648910191,0.08051258065065978,-0.0541745194003426,0.00808533261638076,-0.03765279073221858,-0.016877348222239113,0.07209878323125346,0.005991759791216932,-0.05647034460862971,0.030028429772480696
0.09363382862409353,0.012688005481575372,0.03746779216936381,0.02687909672445503,0.09409668068954617,-0.04390800206484489,-0.01148166367367296,0.022646029715076895,-0.13134979092708993,-0.07012366163058521,0.06658760938237294,-0.026032022802069663,0.004763294213479417,-0.04644767497987672,-0.14713858432809426,0.0269602052018967,-0.013293508360805334,0.03369667531679379,0.09349307891932296,0.06594671245224884,0.1199695594304152,0.026953364274797047,0.016199429454095197,0.03756131281019948,0.07132746663622817,-0.08379572621807845,-0.012576231655729422,0.028406277279353517,0.10319056850629828,-0.03378476683842847,0.09405656178904079,-0.05212077566881805,0.09944266018252433,-0.017651350198186134,-0.039860127131924494,-0.01749120002334128,0.09117280114408094,-0.02904466695854527,0.004117871928011464,-0.085019709803,0.020301776339138725,0.003125919847990309,0.13124475598145172,0.06884766956156921,0.0411429737867309,0.06478518168526334,-0.035694734735569764,0.05128138619392638,0.03725930818946602,0.017511152730296364,-0.07557582383530134,-0.01240801082661117,-3.7202067468842864E-4,-0.02624690503943153,-0.11849846102835965,0.01984500486695358,0.06310745778768552,-0.09693824992601224,0.014291459893635465,-0.03803014358259327,-0.09574914561115863,-0.18665357519323053,0.048180953449505806,0.0014199220708320747,0.038699165123454136,-0.09931381470602108,-0.04940455260674993,0.11793855286459297,-0.04998120649969688,0.057669269612794644,-0.07322605732357644,0.002078635712305796,0.05487258958667909,-0.13124628425341353,-0.018366560266582496,-0.020518447833263825,0.12053232233173128,0.00572572452164679,-0.0015786960087363498,0.028653433152556963,-0.21822945857096931,-0.01840319601527349,-0.07609683183537608,0.04964311747899925,-0.07619708151605573,0.030603129307382994,-0.06191644812924778,0.02080523713646657,-0.18699223794711617,-0.08149530988228457,-0.024407308537616697,0.20744700189262577,-0.012974304994773473,0.043479098354799704,-0.009447087039988027,-0.053931106409828934,-0.11695250300038729,-0.03662585282277412,0.1636344658573397,-0.05228908810341063
-0.03845615582396501,-0.04553519026413738,0.37816250181001926,0.3590494134637727,0.1197806149298093,0.3738540643764376,-2.6527233122811682E-5,0.12800750770365857,-0.39672139209205076,-0.05077277894696565,-0.37596317338463175,-0.13369070993077006,0.3447875683248428,-0.3081442098266888,-0.024707893767281004,0.2612364782182631,0.32009756494185765,0.1618651625888229,-0.2591220096825997,-5.518200450245261E-4,-0.28003861291928556,-0.02667283434048836,-0.2354773282445126,-0.1724780202816314,0.09970900816802727,0.09878440805466822,0.05907236804886516,-0.0947644782381381,0.2514479852851003,0.13836736766051178,0.3603755887881809,-0.13687464573634045,0.33482083695826165,-0.17045810924460741,0.28997174274996956,-0.11297359170491778,-0.01871279590013638,0.1715625038381039,-0.11985074433578757,-0.270123847774387,-0.005329378004306978,0.3753891246866753,0.2562897187514945,-0.028861729376712886,0.13803920603059167,-0.18082235191903498,0.12848258455510256,-0.23030628907823167,-0.3558420221853065,0.2921373081270343,0.19688857224343181,-0.12711619957775586,-0.4789837172359702,-0.4869824717171356,-0.27907628491149533,-0.061570039521730346,-0.24702994133530795,-0.007515855011650177,0.18353545747372976,0.10917277723816947,-0.5226836078477839,0.5826023558350256,0.06440828702727046,-0.2650102405758216,0.1457298019296721,-0.08058894530492183,0.03810105170874573,-0.1263871858705715,0.2645470321755306,-0.026716008911792422,0.17678584842656964,0.3801305188596841,-0.45327075957275065,-0.061255960764988925,-0.3314854622481771,-0.30139918176462654,0.09495677146349803,0.10963134568991695,-0.20185643974765138,-0.19963158974534861,-0.013024895799603956,-0.23798176250867256,-0.050666946506412,0.09567862466609946,0.13628302271576162,0.13379401394725673,-0.31325681933816124,-0.3300599483068201,0.1171194147997475,-0.07767731825770165,0.11241634827302985,-0.4675375828636089,-0.47378240462070786,0.10157619381866548,0.26316555841673006,-0.17875546587564606,0.2929338168263116,-0.2917813347759138,-0.12878697747009665,-0.03637910494640169
0.463553139214169,-0.15599601138136113,0.20572455049749366,-0.020423717021871853,-0.25784836642802966,0.11691768972499739,-0.07992329741781916,0.34278401238483924,0.1045344427248318,-0.05777715232652389,0.07096402223767939,-0.0050777752425867845,-0.23625652654533175,0.24028911317670695,0.06328490016548202,-0.1458518293806682,-0.16297459149204183,0.3581680471225267,0.0704665737169921,-0.1481807175500045,0.0861000069704423,0.18030600053847412,-0.2171349794980025,0.13872853069378382,-0.20328788974720358,-0.23172867980402834,0.12654073078500533,-0.05216161651300043,0.26962134481798017,-0.05748340829047942,0.12600032039705297,0.2241719362399961,-0.16772959078622304,0.33348640699333143,-0.10169595954053295,-0.08715637842825383,0.1965930541372581,0.003635550079531904,0.19512847333123173,-0.07255918485282947,0.11447258999084658,-0.2810031067418929,-0.14589537934423466,0.20256399395114136,-0.07347360735268275,-0.2249700101444528,0.12290317349064257,0.11718589552713272,0.04302463282976525,0.18142460115510947,-0.11828132774743548,0.11835720010595457,0.06021161078757615,0.0017726175144542342,-0.1548462872531063,-0.018245535190024288,-0.16719724076985762,-0.10187678358156362,0.04300919117113147,-0.04027234966926125,-0.11058578545824693,0.20170277819187785,0.27526290900387174,-0.014665632638690822,-0.4165069794776434,-0.18241900002494335,-0.37065162186934447,-0.019237875878469386,-0.06412265688528053,0.058265917740830404,-0.1835552035509196,-0.22741446747051902,0.1371573934551563,-0.16683216166771944,-0.12999477085571004,0.0922016614756432,-0.33872881488114925,0.024457683100147735,0.0025591704816853057,-0.08717085208892608,-0.11415656720984742,0.39832562459509435,-0.0835735871646428,-0.12017067880749113,-0.282352055057179,0.14171449994914778,0.06273925575345214,0.1488898031626853,0.09700257693630866,0.12489959077439562,0.13447297274508763,-0.1310412238703034,-0.019137738015323105,0.1740878232239662,-0.11564008866508002,-0.07681614565987602,-0.07567070925038684,0.1528549842225724,-0.0575395476859477,-0.19407754513767497
0.11049554516702141,0.02268027071519078,0.5231457611062303,-0.1409799094231154,-0.28940228616731506,0.1322640306392191,-0.055889038771321745,-0.034839886366646804,0.008348931891379563,0.14411667054044472,0.10784007289745771,0.24571313696819336,-0.26882036158129624,-0.01962474446567054,-0.5599119629446063,0.01480822294259791,0.23818876430968416,-0.002086911849003747,-0.23032017203246066,-0.17062832775057363,-0.09671905416329306,0.03608433765313853,-0.033799759354158944,0.6723565926823337,-0.010150757676669408,0.1134473032683472,0.22248511453152822,0.3684237723201374,0.427146045556637,-0.19384005846844174,0.2293508099927744,0.07659711320807411,0.3658988427301181,0.27508103899298725,-0.41377892581771625,-0.01804181257409558,0.15263082007774878,-0.16130283662672254,0.11225715753270032,-0.20924366410011278,-0.45584610330112746,-0.08590586393357053,0.3521067285652648,-0.011915475589146863,0.017717021479843838,0.33746417843645626,0.2908738994169108,0.009964380474828605,0.12231269986680401,-0.19834985992037113,-0.3849294128606996,0.1353726725222217,0.03673470960791973,-0.4756816887338998,-0.18217345863295692,0.3263893396787378,-0.6557607998710177,-0.06778258305100747,0.5782292588866714,-0.5191532036849467,-0.1470811058066599,-0.29467619337575346,0.22268049023511624,-0.05642470115331029,-0.3390676750891937,-0.17217018987435176,0.3465344449069151,-0.0695905478533968,0.14111485946855237,0.12476823500597094,0.07040252912834734,0.2160383920755311,-0.21145796090977806,0.32844243839578946,0.17144331049383962,0.35475418004426906,0.15531197095998067,-0.31714360646305184,0.5001203184029763,-0.26012887446399463,-0.1743659503845059,-0.38536582043894957,-0.32344386774358935,0.1909445206026529,0.03617994480042106,0.48808854475042485,0.28587726549422654,-0.10650340172717147,0.22041254863287904,-0.17128566443996754,0.14897762424652192,0.6470238998007254,0.14145019331580885,0.6810042790948951,0.05774687946487638,-0.2793585455676784,-0.08982087192016835,0.013976664302785602,0.08275301171997147,-0.06681986253487371
0.10796093496632615,0.05498969867868335,-0.3495297715687478,-0.6583065773375726,-0.14366081641725306,-0.28825734175852463,0.1370398789556399,0.18994101387709406,-0.08987147246477435,-0.17666027328824038,-0.0849518632893444,0.2961469960978862,-0.027840650225078145,0.17770182678181434,-0.45096620896138334,-0.20703593042799429,-0.9804149151521572,0.0658929967920664,0.3415907232221626,0.21197517969240906,0.18517192982980815,-0.27657990433923707,-0.06972574492327537,-0.15409183901955348,-0.06187856143362721,0.18961411952928642,-0.321998813053484,-0.05344442911932162,-0.3597857467925305,-0.5922786381188831,-0.1708847480141116,0.07210453490491232,-0.7119042679205775,0.2593829948985261,-0.07090952536132127,0.4076162774653734,0.20104082050093172,-0.27572243267781776,-0.6047208136474824,-0.6074200167419112,-0.49795523297771377,0.14060280531896666,0.07887991594259054,-0.09283683548504201,-0.08761626173552396,0.208026589131793,0.7529699329745884,-0.057115006296016846,-0.008174474261991471,0.22372675315745538,0.08457136426080443,-0.6589586005359838,-0.4004520392336096,0.3763589883343637,-0.2757080869377661,-0.03791994781430504,-0.19147687521132714,0.07769581006531528,-0.048902081621406905,0.1389670566089725,-0.0827059033288516,0.15845122406503756,-0.5424423381776364,0.2575255421880481,0.24938812234779859,-0.18004334099884992,-0.804785820182637,-0.14531428308098354,0.3152699007663361,-0.5798857080666705,-0.058281987934859086,0.7391857779864435,0.01999402089426055,-0.28741573331890863,0.022659438112699944,0.26474094632135137,-0.1555005539889833,-0.018230054574992584,0.2933719336990989,0.39407380212245535,0.4344070643959055,-0.37677230488498376,0.08307381534495893,0.28846485623509915,-0.08536346397681999,0.029040369749290057,-0.43221394909511923,-0.4625356280465461,0.394906930393441,-0.07233230312200813,-0.21555391767069418,-0.23746020173131557,0.14221747348803193,-0.008111603731954166,-0.3827398094339221,0.36606361247901587,-0.3994124040507036,0.5136124194263283,0.1522547663751684,0.11331126253605885
-0.5085141894588556,-0.047101953964317114,-0.23744786690752945,-0.4249712872722048,-0.007385482588199685,-0.3128775877333662,0.008333094692746392,-0.11773829790327181,0.08793356016925777,0.1804251096320563,-0.42998076119122275,0.14487575995245955,0.494650928483436,0.09892643585573896,0.019650445643204582,0.13169829901128496,0.30304000066454084,-0.6859668356163731,-0.1121621421269169,0.1480385390768973,-0.5144699835529812,0.11881008875066422,0.252802591527674,-0.48649144255041693,-0.22095394158624299,-0.11413848266745746,0.14163116390420083,-0.4038553562733636,-0.3816890095214493,0.2474487247084952,0.4861889168616536,0.37540319657542737,-0.4465009456537684,0.10850458371331992,0.2946534293028098,0.4179795316531141,0.27049591956995933,0.6247958789726835,0.42927970866470716,-0.21211539668261495,-0.4502160477629374,0.3620702935414431,-0.24147762572582143,0.49909774346122837,0.10283526750108446,-0.1375738260765623,0.19707056683176144,-0.6512397304663569,-0.3978614385820101,-0.1009623484494008,-0.18149295033957158,-0.16520486927905584,0.2133028269755988,0.24290365855778584,0.28945911227246257,0.2379530398727063,0.0936527489378717,-0.44423086326547684,0.22909470430658285,0.18042138812095052,0.5093152051618262,0.2835642985607241,0.5126946755947106,-0.2775735336855924,-0.2517089569422311,0.32948837872015235,-0.18927834528785695,-0.5046352905653364,0.3604701205855551,0.14433508445636997,0.3434080713612438,-0.5025511528557408,0.1181346986047787,0.19829985615559037,0.1382766096239197,0.40981160896577307,0.15070325437362592,-0.17085644682529813,-0.15055260452403366,0.3826048495009885,0.22939220886990733,0.057037394346065376,-0.45182368525912653,0.34995043010152627,-0.12170382316517746,-0.24388952373295616,0.5325435555123534,0.27847075872823024,-0.13245080350355912,0.0013984036438922447,-0.13217872113534387,-0.2552881105838052,0.4120931549915043,-0.12947414167342156,-0.82228117035197,0.1871863052211158,0.24540022503860448,-0.022774375448839194,-0.7978765902604098,0.12807348714948333
-0.1340469162420737,0.09039030112652016,0.07482247765493749,-0.20720383602042103,-0.10468514231042766,0.020027923185894914,0.07438985257542845,-0.04514075598741365,-0.09442635679447751,0.07381252291721686,0.13392621837619859,-0.13236572778949576,0.012114645596329606,-0.22264186800816932,-0.08965017195362314,0.15553410140260845,0.012221339071793914,0.021954775970909408,0.05225952422065738,-0.1088912274084201,0.07302753298583903,0.042824557785112884,-0.05446325882458948,0.04270328312286587,0.25444050918157674,0.05263308315364892,-0.0850727969170454,0.0058449036869900545,-0.10209353692749053,-0.12111774128058324,-0.1094365801215875,-0.06316842516276244,0.015848188652843476,-0.06912237061944532,0.032003203574206086,-0.027698362931590403,-0.03959484651112178,-0.02213909227519746,0.025942041796920425,-0.06506488434928515,-0.01616017972691882,0.1225894018383552,-0.014804371097685258,-0.0665219280670118,-0.17693467562700543,-0.1543480430842826,-0.07964843346273952,-0.0875331442565669,0.1308921587054067,-0.02831138186393767,0.1345410108942421,-0.10075652412686385,-0.05990728202210183,-0.09526562872491094,-0.15912026905984383,0.10192122004888994,0.14885132525396647,0.01867520899414088,-0.017569822639472668,0.06313459849480908,-0.11502139880665868,0.12573894051529846,-0.12783159820848625,-0.024928789390655796,0.08450417637469589,0.18040690906097887,-0.0771942410228274,-0.058733091477727144,-0.005721112386204436,0.03366062238444717,-0.03812516428388621,0.0833363275282494,0.16301490691306533,0.03189237041691258,-0.09976393630464646,-0.019561251109410607,0.03542023828310804,-0.03836270373814064,0.05156741592255935,0.09251491933420887,0.036679462246237415,-0.034765856253883204,0.054873421690054644,0.07574789442043596,0.021053964118812735,-0.08695152921663638,0.015246685476271444,-0.07453035744618204,-0.07343135729666055,0.00457524010370112,-0.08984340232096798,0.17156598433810955,0.035347766567282696,-0.0017276017839159038,0.12413975181537898,-0.047621664193001616,-0.06148161679195815,0.04346018144934196,-0.0396471726208557,-0.046065567085720675
-0.16436091276239137,-0.060160166442478846,0.1496881668350729,-0.10486764223044244,-0.024296349887260784,0.0025433633116628824,-0.2754426455672994,0.02839763575789985,-0.07726892570906284,-0.17778417681734096,0.06611257841261163,-0.09064776277895081,-0.07700509721538928,0.2630692848115374,0.0268494853525601,-0.3032961388881517,-0.2715260039553222,0.14821616277319755,0.1888652703725802,-0.015471855750297048,-0.050115928982001755,-0.07954760833055159,-0.02033014695574784,-0.03814524620164027,0.10922847859813711,0.23855111671127432,-0.05389276426826719,-0.056984110752142325,-0.062279946929520096,-0.2521186473027932,-0.04737017582190408,0.02676601666621546,0.06664863475518351,-0.1224441952311201,0.11620602390926296,0.00864285797922756,-0.2936749415353479,-0.04109939093346057,0.09979562779563002,-0.10787083722605398,0.09603572205500499,-0.15066603542405918,0.2488279260951365,-0.1205609162501192,-0.06347785664554818,-0.012036260786242483,0.2218916369192333,-0.06755712683870001,0.13854373999206673,0.0011604121068912762,-0.09973848855018944,-0.021685866877350395,-0.06338324124365256,0.06296319540442327,-0.021790176435285562,-0.24492455023155552,0.015021855636084115,0.05269502524183358,0.10103981938305712,0.1814110485008815,-0.28140061906640484,0.04545183290217582,-0.15491885991305726,0.00797304447546147,0.26899257657014836,0.01027879129655056,-0.02248580643807713,-0.04119065421291242,0.005191960898189542,-0.06110615662986669,-0.1764402960409816,0.022896451903010828,-0.21658463274761905,-0.2214539657198883,-0.18450992274472355,-0.046817336823014484,0.034590346560036504,-0.05488135111567091,0.129022966254443,0.16049992909012753,0.10584192469589493,-0.08969986147856623,-0.026908807447172632,-0.08472932809228517,-0.18089083539806106,0.06838295567195661,0.1749283759018865,0.15311806689396737,-0.035651475454003934,0.055242338439591095,0.06298805150242458,-0.03732382264683254,0.08951599475758482,-0.10344240868716842,0.012272820151366408,0.1274738619581086,-0.15852240970769715,0.12512967169190065,-0.0644106319992911,-0.009766747278927455
-0.012987699759852282,0.026717876054742604,-0.010847079210173327,0.12247163053461987,0.07027470234686023,-0.12875319003669428,0.04466363239380308,0.08745675299294071,-0.008064047945326868,0.06113419190610025,0.21277664200702068,0.11062799768554511,3.92485008098958E-4,-0.16200935321039517,-0.028503141135327387,0.008005175797238747,-0.007505506691275163,-0.017968023259411988,-0.006371797517420033,-0.022096260842630878,-0.09600812808943648,0.001988615332919224,-0.01995896256338254,0.0784421341099769,-0.010110746953178758,0.11187571960888183,-0.11581107425090124,-0.04720404799394999,0.006342736967390474,0.08413293628957119,-6.86596741516236E-4,-0.026798753973966683,-0.018112112719798335,0.030793761721930598,0.03085761173987381,0.018206587110705816,-0.05509534549976686,-0.04250849899849526,0.024400541553157396,-0.0293450209037191,-0.005808260833148668,-0.00982089730486965,-0.056574449120483095,0.04130761475969504,0.057630321430906156,0.05134100081043546,-0.06769519682338862,0.04386798520691461,0.03637204378080247,0.001672484235020502,-0.03854947989914075,0.029792686165885717,0.02355627031109619,-0.026045753908552186,0.06406946143728098,-0.02565790031382428,0.02793163144407828,0.03372966117997438,0.0494218343967395,0.0476343553940268,0.040592828898046496,-0.028612291993266703,0.06219794365392182,0.07419746942753018,-0.05439800123472672,0.032984529301881955,-0.03330307911854237,-0.0158667945774099,0.0180315487647883,0.04725628975548235,0.059290363325268415,-0.03417308882163549,-0.05879655078030084,-0.05193483403307212,0.018884571777379247,-0.02015180375261743,-0.06607097377785193,0.01174372119448381,0.019078514789561546,-0.0022145250648989458,-0.012693561682074046,-0.01578745064814196,-0.019311718056909614,0.03746198120621128,0.05045465097522385,0.07352604404838559,0.047352624347784596,8.583512388273331E-4,0.03952474702683017,0.04876323165610256,0.08294691410484627,-0.003655112318927587,0.07606903847424214,0.06226930118890619,-0.08334660808616087,-0.047074112295011114,-0.1100984009965885,-0.0015357582452669844,-0.056556878603185375,-0.010036247548276997
-0.020282446935578752,0.05912827491665885,-0.06258209891960816,0.01310860671906522,0.019027020343143162,-0.004812868808975263,-0.026814834701700114,0.0981589209019986,-0.008624181799685797,-0.021825040638808996,0.015565686649877508,-0.003660187280892322,0.0056982604983112,0.007681429843619468,0.008288917982257568,0.03018408909557472,-0.05485500821853758,0.06767597402203816,-0.005969184712033485,0.007267220851484304,-0.025692372721185002,0.04244205174481154,-0.0039012611494932156,0.023083059609656786,0.00850178361076112,0.0013910394720075233,-0.0018074690308143744,-0.005670985371742994,-0.023763545364402804,-0.004907801630001655,-0.009615772690165454,-0.043838030648819734,0.004024571876033361,0.019497475932370452,0.07593406496501873,-0.006810652305402213,-0.01958650522507105,0.04436329511193476,0.014079357817439882,-0.06976008911043532,0.06097236478519421,-0.04360098824807405,-0.014881771234662047,0.024796157367450024,0.0010229130902851672,-0.004655589971771117,0.0654031048608204,0.016500665231306975,0.007347045866786524,-0.007711823895979284,0.02339809193808732,0.028264000748118245,-0.019715784793274994,0.05568355210044395,-0.032150834852186866,0.016908106779062754,0.020378831828452713,0.044214918754190764,-0.0028032446110005118,-0.03411420885825096,-0.03949614465518486,4.729667568070547E-4,-0.02271254887429009,0.02012489162438459,0.040507529754798176,-0.01533988790020761,-0.08546942424890211,0.05313170122855992,4.911942373551499E-4,-0.049845119484913866,0.01962595406136066,0.01269770986405805,-0.047957828763062135,-0.03671709134928054,0.06450826049793781,-0.010622083452309217,-0.028374583157432923,0.010687574265487755,0.010011391819130027,-0.0014753163331533193,-0.01241398986182315,3.153319388558087E-4,0.08584593473882643,-0.019736725579242616,-0.008782250706841362,-0.033595447669493135,-0.029400227752475343,-0.0610123350967944,-0.029926592152307363,0.002234235028778862,0.029665824838837836,-0.033629733805814785,-0.03459749363521544,-0.02905079627269869,-0.0464281339116421,0.017964967248564473,0.0011299774009692534,-0.031359055979318075,0.0552565344851761,0.01955356445920512
0.05511208705953734,-0.19546419247801738,0.14702303870124614,0.4892546911965832,0.16545807347135325,-0.10207702697751368,-0.45631696804979205,0.31079575177444757,-0.22054037452288233,-0.4242090274204354,-0.2679067746060627,0.588258594412785,-0.04271577981716966,0.22413039930288373,-0.7737747739493208,-0.6947178051911539,-0.08570185257306213,0.43003790697534344,-0.2984564330197966,0.2560950874348846,-0.002019074659920628,0.1515635244333002,0.23785978548039619,-0.07508885188181161,0.09564279815672891,0.07449434091577713,-0.020695235083661032,-0.22093418882310695,-0.07188410333597486,0.3259071511599865,-0.45147836657788815,-0.08515525236706974,-0.5370525684633214,-0.4250101987027918,0.5732110466962257,0.053039517104938774,0.16780525182828063,0.27204895934335577,0.27051721305092413,0.0233019706116775,0.1672005617516463,-0.41731273853275014,0.44717302292764793,-0.4317532820095739,0.4836936898402303,0.35033658059804595,-0.559755533004026,-0.24082413763206742,-0.02039540358496396,-0.32734094532187885,0.17747635762668298,0.05335165730289012,0.027291012911221102,0.17532539236241576,-0.2741614287902168,0.4775873910027062,-0.2392709692470815,-0.09757712337540339,-0.5642967495217376,0.1979418135173615,-0.07915939610370795,-0.38546505698538847,0.7052048416223221,0.19378104808078292,-0.07700090638826737,-0.5515456679544377,-0.02997338428531886,-0.19683207034426362,0.5191513327911131,-0.5897887613918223,-0.14393269610044793,-0.10446033683493447,-0.013332092506462818,0.2866837762480081,0.0805398015308759,0.32089404372308367,0.07121952346733114,0.111249986679914,-0.0655760803369089,0.3878408567453754,0.16176974481605672,0.1272941238785487,-0.09382176148554236,-0.4383085547520495,0.3836981554745499,0.016471852074305775,-0.1261577533643117,0.3318412002187896,0.137919789205654,-0.22866525284829028,-0.26457952623921693,-0.09963201770532494,-0.2926554144799479,-0.6387846990322263,0.20858103206711323,0.504499851108003,0.10065846162869119,0.5888890216690656,0.5205056937494273,0.08792032721672075
-0.0014183817843915942,-0.038722040663110954,-0.003211532852914975,0.04412823794113282,-0.04088983281425274,0.20450833038963087,-0.08553186945615095,0.1443010738683868,0.09741396898994252,-0.09217077350478958,0.14636679524797522,-0.10014705569518029,0.041685528234724184,0.08176768289547905,-0.13413833654014462,0.029196688824232035,-0.06712825138990258,-0.006596674077801883,-0.1150494983813338,-0.0025459802718577882,-0.11557683138337765,-0.1212445466301432,-0.06040404578018519,0.05782865225488392,0.13543742002879758,-0.07475994333966246,-0.2037347998368475,-0.030493010519127915,0.12421107299892749,0.07801080028987217,-0.027198619698465265,-0.07825643527847162,-0.00570656505431363,-0.0029578943066718333,-0.13516068054313488,-0.0052703207315559315,0.04588548952046075,-0.07832028583545642,-0.0919852746255857,0.09836979411704388,0.023017773288343674,0.02303394696549497,0.05567350892498447,0.13045997566281475,0.07535262175873883,0.03179396764859849,-0.012596498325902027,-0.15327246698099664,0.10277622562538656,-0.09746067048107558,-0.19176358503744706,-0.0077091489205713334,-0.10332962173484173,-0.14934518478673348,-0.06145223456614499,-0.08299147078393877,-0.04164763275498767,-0.08683413589781139,-0.029477428827130333,0.025969497052196977,-0.028442202386130634,0.05271060260357143,-0.048685621811856615,-0.0037353201132051986,0.054368166358370926,-0.08159116843384573,0.03577506228809575,0.07758597274462788,0.007644246467728564,0.031141114796768184,-0.07013572819827137,-0.22738682415268827,-0.0903061635463237,-0.08781148333313372,-0.035642871915812266,0.0951487418772269,-0.06176368646490433,-0.1374242274002356,0.09621295017388896,0.08834764808553298,0.1340061318664329,0.05982755720212497,0.03600190484353266,0.06961644691072026,-0.1607346274144689,0.03153110953687396,0.12073170418187333,-0.07528971227684901,0.0027078709481819104,-6.258307788406397E-4,-0.044757070189413266,-0.11028595668724384,0.046147119753689396,-0.11518282810010229,-0.08445862893971853,-0.010137324853005105,0.04236451639145543,0.17833822587372905,-0.08797819987987303,0.07878279062657169
0.11350602118540905,0.06280790149224307,-0.015373649030970092,0.035107996102941325,0.07481055948197836,-0.004506104518466809,-0.014889748275221801,-0.060231315914705846,-0.037957166825440876,-0.10540236571570727,-0.06650733783487499,0.14419394105990613,-0.05557778545960711,0.060448777857510724,-0.061105213568020615,-0.05124934881763503,-0.08905039166133862,0.11965834564395739,0.11095369233097939,6.0304161880989E-4,0.013863176096938663,-0.14334996502061914,-0.024146109325466344,0.04324164985194373,-0.01888718381384119,0.02674423262100828,-0.022056931499683134,-0.11181609429949602,0.002295392536011442,-0.015511745124953145,0.07722629115618723,0.01864097696050479,0.012089918225081825,0.12933479083405147,0.0738734584568986,-0.05104690198744915,-0.008845128166016982,0.03913169716579032,-0.02228225600745689,-0.054193529332643854,-0.14967086577357697,-0.12038442041148018,0.09871242713904793,0.05751249284923587,-0.06112182077136394,0.1217327810734959,0.0263529078799844,-0.053794374899832346,-0.013012628736571963,0.11806421331389078,0.003468175273093081,-0.06342885782009292,-0.0934503325280873,-0.04046196025249351,-0.08878115089222813,0.0748736926729765,0.03797081044543079,-0.14907991960128672,-0.1253708007293306,0.059842884967319626,-0.10034528245533836,0.06206439722938315,-0.02325738514955725,0.11871606423960175,0.06272986515410939,-0.030807019113068327,-0.019334916262117044,-0.004693885814032466,-0.007040616583706812,0.008633636011086791,-0.1266090888124273,0.11079970216995663,-0.05081930916315764,-0.13329594326310087,-0.005412747864578788,-0.03597819099466,-0.022586507954973797,-0.06093011542007479,0.021683899437537422,-0.19721045394495615,0.0731531584844644,-0.122214412766124,0.07247068383899209,0.06655803616056362,0.007830908462879113,0.02928208399910311,-0.010962771829186637,-0.035243453266783666,0.004604474753120246,-0.09695306403875784,0.0015526690656079288,0.13001497346493252,-0.04058463637837528,0.025508968080895644,-0.09166928884394777,0.129092364914562,-0.07713594132353618,0.1455954537679574,0.029711538137181727,0.043470455293376044
-0.1481843823771483,0.12996803071826304,-0.3349572223794327,-0.23016353257318675,3.582018046316565E-4,0.022264859793521587,-0.12333463833488864,0.2740761119584219,0.0643516614135931,0.14774554284382102,-0.22769006285475826,-0.4425002193470489,-0.1235774836297331,-0.23867813098997603,0.677934127207787,-0.09559591129457992,-0.10363253774313697,-0.18113572138082087,-0.20046275762878207,0.12202658729570719,-0.32695669687101264,-0.04529759389158808,-0.10954165319283167,-0.283542138081772,0.15637576362951977,0.3124198185158629,-0.22495371947211343,-0.16062980949592276,-0.2589357965833653,-0.11120657498613983,-0.16710832538752662,0.26628812895288945,0.022002843587077256,-0.08448629112026894,-0.08478277482790585,-0.12949668490854951,-0.04628893492013097,0.014533069700113092,-0.24694516209150844,0.27983094048499035,-0.29545823708592023,0.07449759054934549,-0.15988534292060605,0.5475743697527369,0.300955621827191,-0.16846027947748027,-0.2425932636700862,-0.15089783246269092,-0.7185523366129243,0.03093332554082976,-0.01960070313808081,0.38198867908933826,0.13661270383432095,-0.3263084107747639,-0.04076053069185108,-0.020561326823908113,0.21117192545333768,-0.06776182568105762,-0.025155983872497283,-0.3394211464328711,0.08446024186675966,0.2261823586476799,-0.09304906676480867,-0.2713937311131921,0.18405897623744802,-0.2978365297176865,0.35671919980779637,0.22187794126554716,0.331829303653471,-0.07860699324242207,0.3994503005221043,0.35188783138312213,0.0752972585771033,0.07538147392389473,0.2906027588002571,-0.28906640904623454,0.07108066127042292,-0.22889363291912687,-0.015180074899742166,-0.04507100087880815,0.13978612539598118,-0.11829238417868403,-0.2626073126937136,0.13169376476556494,-0.17808515867655578,0.07094417610589156,0.3394783365803183,-0.3092976428850855,-0.024202244283911167,-0.013750663553481993,-0.34596058289001846,-0.15722261416760314,-0.25971135836426,-0.23108100324386574,-0.053738438213658854,-0.27653090185657214,0.5077976136445649,0.4088131803691155,-0.2771933438355888,-0.23921132577134066
-0.16015434013342664,0.06475888900051915,-0.12358661824833127,-0.05300070622734954,0.17903589621408209,-0.04561178011415357,-0.05467193338228324,-0.4510265183626852,-0.04951608923232823,-0.15685245530294806,-0.1758936496630078,0.1327921741939929,-0.059133186937131134,0.04774096668981074,0.19474810337237022,-0.1629981308906041,0.06972458488906837,-0.1404206147206202,0.09387098931714746,-0.04342089962979623,0.3296784893549767,-0.2145953941347925,-0.04053615424321214,0.06186620486719505,-0.1700571256633967,-0.06279424439050926,0.04857133857463263,-0.2044887665234701,-0.1444326106882676,-0.024302759504335955,-0.21250945915081754,0.18200602051491876,-0.09340315073706545,-0.16227930973494883,-0.027909427512411402,-0.01979984831076971,-0.17093571822953454,-0.026232721980351512,0.061917635683203735,-0.1184592754330277,0.11238089187397245,0.051109052826340644,-0.015242723812753625,-0.11322002000748242,0.09332656980447111,-0.3180945256224646,-0.11678140665983891,0.25532331701533534,0.08232361291183758,-0.041205945252571964,0.06160128312974545,0.2147646025051353,0.1568965671983662,0.14730957206062079,-0.12256608704863209,0.18899819421373834,0.01040329313754513,-0.18728296509787465,-0.09856888034324063,-0.06759227071625054,0.010508907611003933,-0.24226005803109074,-0.0693361558022308,0.0351121256255058,-0.07919723529084159,0.20709585528262797,-0.06911488945377374,-0.02845269515760897,0.07484130911901705,-0.2574699409004485,0.004612148103868333,0.13727766908066838,0.03154743617102657,-0.27362689779394656,-0.14667938959235519,-0.17568006418772905,-0.15627705535378209,0.22380626054745698,-0.007029859385116191,-0.2084752413587796,0.16816683421695605,-0.036451802185030045,-0.026403696777259504,-0.0792613104817315,-0.06484919737906125,-0.08603995633918085,-0.02062584771551924,-0.18812766649387277,-0.014574368649411897,-0.17614921510854495,-0.12866875947999054,-0.07294771252598588,-0.058197652381083376,0.09936584390139695,-0.13563474414681004,-0.013241784230943007,-0.2253878975897236,0.04343700523952461,0.14071222975529937,-0.1262891670780315
-0.050760285138482054,-0.011429612220206366,-0.028141044339519087,0.0047486776038507626,0.07830075805596518,-0.08485616394327239,5.175009506751089E-4,-0.08213717013677031,0.019858535517837037,-0.018770231998189044,-0.004515510589243398,-5.631748898059113E-4,0.035538241209980184,0.0016258321789652428,-0.04725142481491323,0.013602003799194308,0.03141476664499802,-0.06330911640851483,-0.018673065266715704,0.0057514127315571656,0.07922652246873878,-0.037065642247538264,0.03047922016472674,-0.026266808173553778,-0.0016670049773827374,0.02097851803152343,-0.028721110002645846,-0.010307881666838596,0.03615306681682944,0.013908480003588164,-0.022827850273135466,-0.020115568950960297,0.021150985310032146,-0.010592680943253632,0.009372822620293573,0.006229261223478555,-0.023735071668992695,0.003090349500558029,-0.004775001156844814,0.005360809567554348,-0.044210229909164935,0.007149905485221141,0.02208962002445749,0.00846651097207679,0.05220005745101307,0.048093149024470976,-9.139897939145661E-4,0.01796507734516379,0.07209304827747232,-0.041013616158555644,0.07749442738336249,0.018021886268316308,-0.013824059841154899,-0.013114789832098937,0.04729569701045387,0.01127120742988272,0.028483224692012313,0.007526428354399462,0.05690269556335611,-0.026341307061767294,-0.007787909848959292,-0.019126730507899946,-0.0610390734316776,0.04454318392504064,0.030211901888348863,0.024234053388037132,0.00856970985596887,-0.05302286118118216,-0.008480823332697136,0.007079398287312661,0.04085084609766504,-0.00923577100871288,0.012777754301225751,0.007659544572997424,0.011573684793462805,-0.03278421942183243,0.05748115286204375,-0.06325311354073396,0.0038365410708370677,-0.010200815039565892,0.002083083951266529,-0.04882630405894413,-0.0027497268517046774,-0.008283340394806889,0.06048347304238043,0.006666005881173228,0.02231130088984791,0.06268670372271325,-0.027899720238868417,0.011253976242963678,-0.026464612230026337,-0.03927393176296804,0.07153627917016966,0.018729170573731385,0.01605761957321096,0.008057849993657485,-0.030280194811574828,-0.10297571228306494,0.015603292331120984,0.031579966489496104
-0.2386755241831796,0.6951966584287254,0.7162352004162151,-0.24384263652127836,0.024204756528886606,0.07101011414386879,0.0859049259741814,-0.29381779405218705,-0.12603209234174084,-0.7184279859100213,-0.03885879364163367,-0.4291728964653524,-0.02238544100182757,0.5174057038373001,-0.1819673933511789,-0.4765515325900786,-0.49727805884113363,-0.06023467853856601,0.12141822760765122,-0.005635364721551008,0.27338091828521416,0.4477431274544869,0.12906290721257227,-0.25890286717118816,0.05373481370472327,-0.47857800534697176,-0.1122089957275687,0.41897507094313635,0.2773424615486886,-0.0749829776217681,-0.19279303491572505,0.05045912671804029,-0.11768483218420682,0.10830677464722391,0.3656231026167276,0.04791971944976448,0.16089484099047824,-0.3370755782576785,0.23701002238686042,0.5899064130662426,-0.11629441401632847,0.6552795437895136,0.32033261892127646,0.20339685538523325,0.07162668535625161,-0.14793933545443994,0.082426568745041,0.322414099128086,-0.25123382191206817,-0.34743527812154723,0.3839663076056059,0.11584606094088166,0.19066012912627703,0.31556097094463015,0.631459749106038,0.30983436331030356,0.19344285233221442,-0.5809021722272234,-0.48300851753350754,0.30750742191251934,0.08857931400134905,0.4075644554346,0.19411378808935323,-0.14330781187129857,-0.22205682070479787,-0.03416250061009287,0.18196932487424666,-0.4794394331599912,0.7124448461941792,-0.11335307038833507,0.22255239930576698,-0.1345316081752976,0.1459532741923753,0.21189599249220142,0.3433224726698099,0.6648250528435296,-0.01946170166728048,-0.0281365487596487,-0.6802351513545648,0.47477917693385624,0.2824769913815742,-0.11430498094330566,-0.14000965106919183,-0.3790401536403701,-0.6088252789277174,0.08626266842102277,-0.2901539693941562,0.1376558769478261,-0.5538246783984686,0.3266056906873924,-0.40033981984122247,-0.1968339036315006,-0.19859856824918987,-0.006523801035911421,0.051002349451045884,-0.3184080404253672,0.003302509031655751,0.1587603652117101,0.21261595450647758,0.0985510781096677
-0.10743901665525249,0.03955533331244747,-0.1560969690411523,-0.10191793466201123,0.0652627673963201,-0.19086029549060735,0.04802813104087145,-0.09872946956534114,0.05335535567221043,-0.24063042398556975,-0.09835378254026822,0.2582267540117015,-0.12280304318847815,0.20413238901328407,-0.19787818521506542,-0.05620916617354755,0.11178938368328764,-0.1447291385287647,0.1461814556383624,0.06831447960444485,-0.2754066491538785,0.10279750038555573,0.18482294260265075,-0.17119203561484725,0.08001014754489613,0.35314879553467,0.033352841602880844,0.049280619186962346,0.18195030904545126,0.0994807430042813,0.054191943516183796,-0.09852241219651092,0.04607372111338701,-0.2027181366947045,-0.07507332844738529,0.3538624876983563,0.06463630756460877,0.09587152920570503,0.19290547409592235,0.06811296956861386,0.01963289606271255,0.10337486913907727,-0.10330281100925383,0.12674055411992988,0.10102685341830989,0.022710892351890045,0.03835209697343064,0.18324439487875263,-0.1153951572810028,0.002893466153327711,0.43223775888122173,0.43634596198429026,-0.2166141339313374,-0.16108611824072253,0.023825268684397178,0.0408312844730127,0.02820262973528732,0.2847993489660807,0.26864946541642054,0.03802627633662418,0.1421106305907422,0.025632175316508347,-0.07776270850722838,0.06836904820101934,0.3982491071318466,0.3219698265595141,0.03943782878312454,0.08073691620507294,0.18180646327395852,0.1951714628615307,0.05258100342191444,-0.0037134095039908998,-0.10766840017855257,-0.08090138954361464,0.003790081808871098,0.003971307151192767,-0.19751137493649065,0.01009014593254523,0.16553081463905112,0.1756957112319532,-0.15999834672878482,-0.02524964061396884,0.10759366646334938,-0.06969059176259039,0.16677091176097783,-0.00595810482030955,0.18161479157689125,0.12452222645107655,0.39087486862770354,0.09525883239141593,0.10473464537621165,0.06753775151564066,0.2423001374526235,0.4004699962948154,0.039010611353076,-0.005024866826684704,0.08116728592561043,-0.27714502044777783,0.36495734388419193,-0.008039604388208348
0.004126323662466036,0.07116451329163063,0.21711370425063106,-0.24857922041620084,-0.1461203660597055,0.4996354778791056,0.19206821391417064,0.49032350962176985,-0.1910902252083364,-0.22513440709714586,0.03564884629307331,-0.4258855405742694,-0.18607013119103882,-0.07656851258760823,-0.03305761158522512,-0.1101008928507623,0.03362688098285086,-0.3669895984523436,-0.04122333465674152,0.2394354056924704,-0.06796144082251245,0.3311531391863747,-0.13012214209096684,-0.07904866287621544,-0.10525247887423071,0.3028616814644853,0.15060365977411916,0.1693953859888536,-0.07360754686811971,0.11587154875012588,-0.29995333790106415,0.011965602245835172,0.07873950785959495,0.12458150304777839,0.13653859353121292,0.14417106408213806,-0.0690278489725238,0.049919480233029626,0.24981826852289662,0.2865607712390113,0.008144964920262763,0.03526730667345934,0.014463659363582975,-0.07214846212822987,-0.22099921632033362,0.09803193812726842,0.07740828002397077,0.08155043738942767,-0.05715484630507854,0.24851854324835185,0.11956727706824519,-0.0076708030803971415,0.026602474435740868,0.08912463729163538,0.20005864627181918,-0.17983269184562367,-0.051847424126268755,0.05061662706545474,-0.421218145692393,0.11622161112261546,0.19026388732037638,0.016397505064927827,0.05909725540341209,-0.06614729750687315,-0.3824010407255424,0.028735046736697308,0.24026447579482266,0.052233984190208235,0.43576844321083863,-0.08821856684657046,-0.32838383676533406,-0.10212406123239363,0.1077559153930002,-0.25521684223558416,0.20778465348988293,0.15839845669227168,-0.5073119013634022,0.253121883593268,0.26112847967270825,0.38882766842328215,0.17021790320853047,-0.16215953071702158,0.045093107139198146,0.13813132042277765,-0.09381763489463463,-0.06000904310504636,-0.20463683006758396,0.03993850346218147,-0.23048144768431666,-0.1619958033384494,-0.02843717485156953,0.08307423285997667,0.010071359019728235,0.14306868517477234,0.25408609521365466,-0.050359560820357044,-0.089432649117118,0.08975453812308248,0.3050848300303759,-0.10828477894144693
-0.46926973866896643,-0.09264893848566114,0.1964654777036434,-0.0018034737560976848,0.19158648306092257,0.24333243683883352,-0.3365621707281817,-0.026839724699472493,0.4080145452513265,-0.08964347306911723,-0.05001433273536819,0.014083144401274611,0.11413171578815406,0.2835925587318464,0.20581359433058888,-0.15092720392737644,-0.11118365601353611,-0.12881907233965748,0.007086768267426214,0.05100370454648381,-0.09213368100889874,-0.17103919081209581,0.3071452717551223,-0.3367208330409883,-0.1180614511624568,0.2881775087288148,0.10846785262681834,-0.3304270294579593,0.11273271248814813,0.1044342526242772,-0.0060344639184951275,0.36372588320056787,0.20423707866399496,0.33567721089000224,0.12986556525590268,0.33745536105278956,-0.24755285191795875,-0.21410974837309224,0.2266168213561056,-0.592772904569012,0.2838454009643035,-0.07827502919006883,-0.05144749545630725,-0.3399896635680198,-0.07666901913147363,-0.017840203409388227,0.3340178413401894,0.2683589145680979,-0.09579643571545934,0.44509730068734715,-0.1706734362971539,0.18332990707851954,0.4309597063440099,0.6980143651998786,0.2224073191873779,-0.4090849694552075,-0.06470389000724477,-0.31323754111862,-0.08425026603081667,-0.18200494764435726,-0.14812497689832527,0.14846218852944268,0.2301296956859059,-0.13108616466241,0.5431653899089,-0.07036527832667516,-0.10574154790901659,0.16756621388919948,0.2484768468813849,-0.15475944683396053,-0.20065959910742504,-0.08483459199754725,-0.049070405883776175,0.3001798073965481,-0.2221978046241166,-0.2324672468934431,-0.5588390821680348,-0.15057212612152374,-0.019120340641551697,0.2245718446279032,0.1594818906702423,-0.13478106061262685,0.5487295364200645,0.5100302911304854,-0.02175271346978368,0.001973700666304061,-0.06102314252568254,0.022232359477202913,0.34361323432687985,0.4325753987339582,0.175426779209732,-0.4703052330032355,-0.4681398398661119,0.008672204935797768,-0.24061777077065669,0.30427335068469286,0.2233800651975443,0.20691465886202834,-0.4702873182743852,0.06650688096287187
0.02234005620649432,-0.12241380077959238,-0.01618768780213773,0.0730292027460346,0.048996404537125136,-0.03365383142115852,0.017747053132898403,-0.1025370541852578,-0.04549894722602396,0.04236387930122298,-0.05957859500422315,0.018847664376805823,0.037401789978967676,0.040123999891803715,-0.10489391694145934,0.0046536640691066024,-0.0368655952047562,-0.11741836746502575,-0.021868051111734246,0.09113506410503869,-3.574868244970866E-4,0.08411661895116139,0.045756693671002456,-0.07400563763275612,-0.05391707174433234,-0.07154895904568159,0.05326939385367102,0.05209685605279425,0.08641129205815859,0.03529437179411085,0.01309498156869861,0.016693728508169713,-0.018076457230161817,0.005508830432556238,-0.012312702948728696,-0.07949883017668041,0.09304986247257063,0.00155426232744137,-0.08739032233277917,-0.0451830900563843,-0.05200045051799736,-0.02295293266730977,-0.01030650258832537,-0.03699079920661033,0.10222496870511662,-0.009210944525642764,0.15168126759033243,-0.018437386498780444,0.047037827596996235,-0.15631516452435126,0.016817169136550392,-0.006752085264525162,-0.049540873647758284,-0.037718849709743346,0.03896291182384739,0.08099984275432771,0.0676833001561025,0.07478458569770431,-0.03432138083537952,-0.0025229070957981763,-0.023867956788255217,0.07596095681338101,0.06464523419649518,-0.03699516730125477,0.08235564202640505,-0.053070368263133064,0.004236703371706637,-0.06834239108553218,0.05431548416328959,0.09071016090650388,0.02003608723463031,-0.01408414558345143,-0.04060044864292676,-0.02037722289148417,0.01411865932465002,-7.411019761911039E-5,5.729257098172071E-4,-0.017125013293596347,0.021974077062697907,-0.01834643663204743,-0.062139366423025165,0.04169785760896578,0.04207637732310768,-0.06362573374506592,-0.052401432517578436,0.02237109147463507,0.04853960113587474,0.07477023705628631,0.005977929674047679,0.0965998351469236,-0.039451251376391765,-0.06744840841811926,0.09695107506626793,-0.021567051803859896,-0.008368338662409108,-0.005447119365873088,0.06649451237469532,0.010376715873732251,0.15077544371660126,-0.004364914666266672
-0.005682676676921639,0.0034865845839570082,-0.041959486760347504,-0.004868747422594446,-0.025098033449324687,-0.0436457437216844,0.030302092650534303,-0.023674466810810844,0.009832139056332111,-0.05991054759849715,0.045011601752136234,-0.012762435914176548,-0.016417902180942752,-0.006765782724376094,0.0034673139485684574,0.05191071790150698,-0.021077995296717125,0.009909474191048229,0.008607824641295229,0.04228947909673579,-0.043129328144330736,-0.028113959173096576,-0.0237856575723803,0.01522215742288529,0.045580079934754554,-0.028643265552624298,0.011609775281075195,0.030825566110989907,-0.003773179656665245,0.042702271863964816,-0.021852331259686067,-0.008703843275718394,0.002978460121283814,-0.020654536385243883,-0.003237274088380831,-0.034514033360852375,0.027883534048222323,0.020817376431996226,0.019810530986314214,0.05342047094891569,0.005907049973849313,0.015432506963717386,-0.024332723448737683,0.03768078061242322,0.020469484422109965,-0.05910303994566441,0.01925124649208762,0.02897214537635015,-0.02127471125606073,-0.034980432921472154,-0.025511830741083014,0.006769086700029348,-0.07572271803709904,-0.041176870947446785,-0.005671417947955421,-0.05353582195943661,0.014349964760538979,-0.0020731578389165126,-0.01850891133272401,9.149037911774129E-4,-0.03486194890406795,0.007635739784242357,0.024181720106106586,0.021920622296955794,-0.04651763553067424,0.01988980361798055,0.008803588474131773,-0.035252734659210444,0.03137925054264964,0.0402831673909348,0.0580919821529503,0.014196420531221032,0.058455443848360204,-0.03173849705479498,0.007284050783178156,-0.03170157661412708,0.005262938216220433,-0.033730171551715205,-0.01223928890864879,0.043800605153064505,0.019346124367100592,-0.03402167546431187,-0.012860965242981262,-0.00508585750156706,0.038570141037294926,0.03814339953567129,-0.04941480739402296,-0.03242602403240884,0.027131778959708894,-0.03307769640671951,-0.008687147328742127,-0.028060227952281316,0.029239774203539237,0.039335796713575184,0.004252311181803816,-0.07252903429400231,0.007843975020829898,-0.039939695023496466,0.010939927821676961,-0.047121504994890775
-0.2601856393522886,0.2517945355325643,0.10903474199986435,0.14031850418348435,0.1706812286537606,0.20307466870472887,-0.051886063129636735,-0.4232656941831791,-0.05896407340258804,-0.037425458546510464,-0.00815135285261923,-0.2610918175181695,-0.2075527625777105,0.5023167823079684,0.34108061588696964,0.04142392725583154,0.40512942129221674,0.08417653927406728,0.22236498965728224,0.021525305893612404,-0.09490706657308255,0.3051448674928006,0.10557597337711525,-0.3464984700440187,-0.23316177595611945,0.30864828380957493,0.2593964690659807,-0.19708064606264158,-0.006843359485785393,0.04969052331025431,0.17491810261911478,0.17147762839213812,-0.22295398894675064,-0.20808677493845903,0.2326549126000524,-0.42359638542451483,-0.23955440801606878,-0.26888326004424035,0.6084712427243805,0.2019698995711025,0.16085121256848062,-0.49859841404931476,-0.22016961389252643,0.0036600459429375347,-0.15273803417591542,-0.07759857549668846,0.2005730818719518,-0.031081462819140426,-0.22353222327572903,0.26176826760195904,-0.011826076667147198,0.05857204237939514,0.2423008155104025,-0.04018996538041705,-0.43519214566186865,0.22672226272126436,0.3186406586840544,-0.2778900989118502,-0.2736280523467538,-0.3651451105093213,-0.45045041198248065,0.17608122792458109,0.20031723689604244,-0.359253770359462,0.11636172789777725,0.06693479432495088,-0.3855857628208528,0.006545531161105976,-0.33821378004578345,0.04009875759894518,-0.12960174578237865,0.06056325510316321,-0.6624246529930102,-0.3655640612616705,0.2551816951120215,0.1417820659781176,-0.08246956465569508,-0.08193357269301631,0.05459064579181344,0.2613677759999745,-0.26997920332317404,-0.00853179977980255,0.03598520337415763,-0.053424252162300005,-0.42467775123695106,-0.11851157582435937,-0.027670877699128713,0.007537849912288444,-0.43723091948435594,0.36390766384522544,-0.059352689086110196,0.535362805951559,-0.2559422301718469,-0.1769088067178967,-0.15824051809418008,-0.7594152812052563,-0.06021769528747032,0.08694594266168153,0.1923753883757773,-0.07558272631489389
0.23272630529905408,0.0949702537923247,-0.026844966631207518,0.2902290139896229,-0.1439988203806037,-0.14371263067893592,-0.8860675784028441,-0.41509216128316095,-0.1673313175255409,0.1282898108904602,0.06123131876492067,0.1023183176787149,-0.4772779923350718,0.24988253885619313,0.2286045555582944,0.39291328892254607,-0.30883546163596515,-0.003378049886157287,-0.6591965928124338,0.1629700850071589,-0.46996182006869247,-0.05609222960823797,-0.17569822137468105,-0.049100633992017834,0.3131106175952674,0.6639188212998957,-0.0768246261941603,0.359331595688297,0.27583897082394615,-0.4266972266656005,-0.3026492422379276,0.1668240396459217,0.07379930000936344,-0.1217125413359236,-0.30349952736720126,-0.07994496179761716,0.308707781614875,-8.958510498834386E-5,0.03989067054128376,-0.05073414879114477,-0.590647680612631,-0.43750480160219624,-0.16252308076177266,-0.17011792060514055,-0.06226683175894134,0.06459155557500458,0.22457372464773673,0.12527429263317386,-0.014480793963198247,-0.2335017705050296,0.11219782646257717,0.2880601178292779,0.3103730511208451,-0.3815883786613723,-0.4349827914230345,-0.17075405328505797,-0.20893455232056934,0.18817536699130655,0.39045961463740997,-0.3742172327167233,-0.11566117916881791,-0.1769464315927827,-0.08444187220357681,0.4443390882593233,0.2955329641779409,0.505306666973954,0.36248485943794523,-0.6219361363081448,-0.28343993719147087,-0.31469098271154844,-0.1727527029646233,-0.21857698161863728,0.047131185584463484,0.046640718930179154,0.15346857349765433,-0.07581815740672104,0.3932428943143432,-0.33550149161287823,0.33219060126788263,-0.07514841426535461,-0.1463732444232826,0.061287910874748816,0.13517449678697913,-0.1647389251550664,0.3026652998524294,0.016113051620046715,0.5148235772417774,-0.16440044674012705,-0.22593031443643552,0.3024047041012094,-0.38307072941081355,-0.15809577132935634,0.27332140470405475,-0.15236768685988267,0.05525219610097751,0.2564205839318065,0.24331603606950797,-0.10850353654720545,0.26446549089334237,0.022138794055863508
-0.29537383214634994,-0.3633010363573658,0.13109276845308787,0.06431537302420023,-0.1436350303586799,0.32278125371526084,0.02863013911718062,-0.06574617563417733,-0.1872026128706061,0.08409355961872009,-0.32368120498090286,-0.19908795873128912,-0.273807424061324,0.06707577692830678,0.018169142861369815,0.2763425231814591,-0.13353828870838952,-0.008000385349003351,0.2747123302668051,-0.12951816309942193,0.468330555539279,-0.021150571562979992,0.3414633792991468,0.3696467382143723,-0.15086949411136352,-0.18184482819226871,0.0948955751024888,0.12925426184056168,-0.2013864155397642,0.14977715453739554,0.3261408120838047,-0.20398116218572218,-0.2991318785148162,-0.05108351886933093,-0.3492196153277871,0.057644042767025165,-0.10745899176354856,0.14761265772733392,-0.3641830040642407,-0.005926528154649122,-0.12603909270350205,-0.48482542127628614,0.04269526618340166,0.2931268110023529,0.07096745029729519,-0.051772601829450274,0.25785972992937084,0.10129965321039988,0.18018513599387367,0.09838172997339578,0.29232993751346686,-0.0400057678589272,-0.36289377203217654,-0.24834070812962059,0.1370605368937074,-0.08290674149425471,-0.06427912784337132,-0.2831325818520697,-0.14031496937852325,-0.12579999698629746,-0.4305136918924683,-0.17558774282121087,0.10725868772300956,-0.24646482858677562,0.13370230827186583,-0.204868445874707,0.29543015581211196,0.4691520198495396,0.24765574817997318,0.07508496782092212,-0.11931284449717745,0.1239934416878173,0.23603186854120173,0.017039632913997214,0.046250896054862704,-0.17079864808765638,0.024991878489354847,0.2560552196979765,-0.08654242475572563,0.05926153006244853,0.023889840209247303,-0.03646940643080222,-0.2290543157945667,-0.15040173507357762,-0.01587595243439882,0.015934299585019875,0.06674917049632811,0.14464694071786907,-0.012992922486386971,-0.3311521850480353,-0.4612806505360382,-0.012552083401444855,-0.3017914276252857,0.032367157818565265,0.03146541379529828,0.05498041489634605,0.13563443761965815,0.2979547705215907,0.03309417407945163,-0.12449102860084775
-7.725142425125456E-7,4.32333616268337E-6,-8.018616607315524E-7,-6.638645817443433E-6,-2.8000984658601513E-6,1.6387176718200244E-6,-5.0091861105858716E-6,6.759983257205735E-6,1.426282053745068E-6,-1.6265964919265267E-6,-1.6882008842757997E-6,1.8082050169041292E-7,-8.458998530695304E-7,7.229135834413998E-7,-3.379699703192069E-6,4.12782594993957E-6,1.987745343352789E-6,-2.888611519532042E-6,-2.7333815695584746E-6,-4.696924007707999E-6,-4.571024429119904E-6,2.386505318616533E-6,-3.0555685656495343E-6,-6.525505314587024E-6,-9.218615013379751E-7,-1.253701856382218E-7,2.0853678778235776E-6,-7.83115448391659E-6,6.53472369381682E-6,4.607968822754374E-6,2.381539792908846E-7,1.1228360350141707E-6,-5.274476193633718E-6,8.094437119855893E-6,-2.9291614133101516E-7,4.622631030394079E-6,3.7291707135896143E-6,1.4980221499709832E-6,-1.9282322195981316E-6,-4.830260601099656E-7,-3.947946533730563E-6,3.808721816271751E-6,2.8073156861617623E-6,-5.169776198886541E-6,1.7635326511121557E-6,-2.3557180232928E-6,-7.314430738949005E-6,1.9493773045845147E-6,5.861332340287741E-6,2.1563702274442793E-6,2.6849921386678497E-6,-2.660422424787201E-6,1.969595603787921E-6,2.804548866455316E-6,-5.452508475213284E-7,1.5681956927308002E-6,4.3393732169746585E-6,6.118517299866136E-6,8.212987709454377E-7,-1.9636518975436806E-6,2.2825965909037406E-7,-3.391646773083911E-7,-1.0000916475456553E-6,-3.052843188696075E-6,-4.935490427029497E-7,-2.172575436861016E-6,9.537224652731873E-7,2.5027621834803703E-6,8.544695988877427E-7,-3.5932008441519207E-6,2.6102282604320665E-6,-1.791378424362917E-6,5.044282053225341E-6,2.569071971321649E-6,4.2120031603516645E-7,-2.278847583806107E-6,-4.793383551758141E-6,-1.2121574792866093E-6,3.2979544416247925E-6,-1.6900527837413678E-6,-1.7665022972991544E-6,1.0397280105045938E-6,2.9404558603099933E-6,7.100135406162505E-7,-3.1068032754594745E-6,-5.840385056608603E-7,1.2552506429128878E-7,-2.5059387748664375E-6,-9.987509618625254E-7,6.394135630298091E-7,-4.320939863200058E-7,3.5216870592957833E-6,-7.447383990834111E-6,2.766034047868028E-6,1.1312755789868364E-6,4.13304539040379E-6,1.97138852274351E-6,-3.47432928345541E-7,3.6723245235485036E-7,-3.4849006129676093E-6
0.004384236020451537,0.010740493060948398,0.020245408214387865,0.04608487504359019,-0.008700219534004943,-0.028291937818622884,-0.014968767994598153,-0.032301180398277785,-0.018916845546683703,-0.008594809226409995,-0.018226161022944037,-0.00804335107339649,-0.06185816370063519,0.005595372411445105,-0.028598888719093638,0.001116021553455672,-0.032328868297414756,-0.001526444704996422,-0.03857097020065178,0.029640600473657356,-0.02326087151350078,0.08948707905098288,0.03680395531207529,-0.0106998280885278,0.027441656723204498,0.01832079940428538,-0.0036643658574849213,0.023008005369893926,0.027775992805704138,-0.03915028714690793,-0.027132579140245586,0.013154417120765404,0.016034593475644475,0.024600929762021963,-0.02716945402835307,0.030061424199605318,0.0640935048169659,0.006374246421902352,0.014069545319805707,0.010376527849355003,-0.061503020970709116,-0.024213472906990406,0.01321809808746882,-0.023805553429958163,-0.025432215886235014,-0.026197510487165638,0.020626236270820407,0.009243175098804285,0.022818711481089504,-0.01115006050325885,0.018426494602933167,-0.020003534072058387,-0.008070309515789834,-0.02581206619010771,-0.0465372231034138,-0.006606922129205244,0.003119297640077287,-0.006757581297355514,0.027966337675263058,-0.03258839816826037,0.013285438170601621,-0.025479011220920278,0.0014745508074630314,0.03228207052460482,-0.030778674325147633,0.01642538145242803,0.05130600385152248,0.002988385234388168,-0.024309937765782656,0.005628434301139678,-0.03244216755450422,0.0062296412973644215,0.03880066069407569,0.006570041932784224,0.10589240392754883,0.011101003027932651,0.005781977480216644,-0.020193660366764087,0.07158679661537291,-0.018055364544445552,-0.015154701479702489,0.022825923914772187,0.006786409605324667,0.009644352376701002,0.0353545522761489,0.018806290282282936,0.051566695993365705,0.040585144452747524,-0.010240660284597511,0.0038877675401213126,-0.02189243700010649,0.0285369860871483,0.015241249065293241,0.00995332098099611,-0.00709500026534154,-0.005709503571760254,-0.016663207812869844,0.01649785144556721,0.0481412950574603,0.011650058742274183
0.018262302476584495,0.010265548753691055,-0.06077479360901476,0.006526540043218387,0.029962599811065773,-0.032138057892976295,0.05715178640696706,0.11618006643067426,0.07556700807510604,-0.020897535793956527,0.01449156404768975,0.00464422423671182,0.09125153177799084,-0.02070570930298137,0.05523361073373949,-0.041084352371120264,-0.036899326879065136,0.07630737339330868,0.0520872260441069,-0.04165237544251669,-0.008928338589402922,0.07849409628669643,-0.061002826791768036,-0.07871235127125815,-0.1256473744719965,0.0064088445187425016,0.10602155437558804,-0.10229344647242292,0.07887474010374611,0.07682902105217945,0.11750997055559517,0.07756551452215486,0.013445545527929257,0.1508768528513954,0.10625487186015516,-0.13268978204042745,-0.00748284046815561,0.07125150979310424,0.09573038032060921,-0.033680548348221394,-0.05916035392774966,-0.13660347017009236,-0.1341912197781013,0.20006202074809323,-0.05259773132205279,0.08006271732432457,-0.05014664443380182,0.0574652665655398,0.013275842788714128,0.04335386356169071,-0.06752748808664032,-0.19464379327921943,0.02042279684718123,0.030827094410715777,-0.016121091691210093,0.02808341178499276,-0.03343132261035198,-0.015001401305152155,-0.12116179389549311,0.043963828640834396,-0.055014913761849096,-0.010716118306981088,0.03468794671274939,0.04364795748986726,-0.03740394505653181,-0.1739501370202516,-0.1497109418967743,-0.06951937754645689,0.03227343471629469,0.12176370325783108,-0.026006368691790946,0.04078108244732223,0.041874947073072794,0.08074401273660133,-0.004271550259537881,-0.04579304164553194,-0.07308385598655448,0.011454903147651824,-0.016849239970758052,-0.020615907887277175,0.05192137742185384,0.029793251871003384,0.016756193503651113,-0.11868144119546337,-0.06747069436798243,0.016995492887780184,0.010531022389259756,0.1091424007898363,-0.08733467212731727,0.015007809763281473,0.0070901667820038655,0.13462977112920171,-0.10858517682467139,-0.0738546082525516,-0.05071934541477826,0.05518445491706034,-0.06043786323857317,0.11513660266955514,-0.02152832145846609,0.00865376093302188
0.05169772809298288,0.02966547751352893,-0.030338592265406947,0.011534151080750153,-0.010646298630504323,0.03522548403636075,0.0656834478960238,0.02385271426782834,-0.006462952733294775,-0.017281580787842414,-0.04977374123431389,-0.005353740633326643,-0.028445962381460032,-0.037578020534361864,0.0037490538031086946,0.0065001044576115255,0.0499869136570701,-0.02181958411570938,0.01027623689481115,-0.019776226533919153,0.027544847548906102,0.05300860963469113,-0.01708648659553777,-4.406933765751186E-4,-0.008152141500568746,0.010039169379920158,0.025992109438779647,-0.025073374768076476,-0.02132908996890135,-0.02000918769281998,0.019556787471624024,0.017373481892077526,0.0022194349480743254,-0.010504134600527229,0.010963709630925212,0.03506574359974961,-0.037900230089689874,-0.024581369151096516,-0.062008690775793164,0.027126543935503455,-0.01181290301897354,0.0018247041165921373,0.0038102027461060523,-0.003507935855205643,0.02947944845353378,-0.005871784778279196,0.014662816634995548,-0.010282542956332363,0.012686364293296086,0.03137812718673943,-0.029288693876761304,0.016682860283490412,0.025509697823680316,0.010896911974948157,-0.03196376274937067,-0.002833599922728265,-0.06597608651110959,0.06000960675627582,0.02241417881499858,-0.014915697007232305,0.004113439105016397,-0.00558347103922222,0.012298655795168634,-0.009934426469747099,-0.005993150761057551,-0.03135899797434362,0.05436466229376958,0.011160082422793054,-0.012932202926771162,-0.025387163181275287,0.002831790230250927,0.006092260682903207,-0.017408223909264435,0.028706344809594945,0.04587670669532724,-0.03568339526309124,-0.01466464683124884,-0.03167768369699237,0.0011416028372614887,0.02424041652028619,-0.01822506145417942,0.006704812556025543,0.01304831095448788,0.029804446571438655,-0.04704398700031675,-0.01393920484114137,-0.015977910115576383,0.029151527870758833,-0.018507121329218043,-0.013589251183821304,0.006973005788941718,0.03281065514433986,0.014844076977836216,-0.016741942764784978,-0.014870080823827313,0.05204012693706548,0.004008670797175324,0.02159105027510583,-0.018890596283554252,0.07184367770540395
-0.0023946823907106916,-0.059076255862560635,-0.003530948889811872,0.018991576553949036,0.03106074231024077,-0.033580598810842105,0.022563761067580634,-0.03265701222198019,-0.027888005763742615,-0.0032023595332902432,0.014208442693575293,-0.07407133525170141,0.01790406472316562,-0.0398040642298828,-0.0914348870507798,0.006761534406854153,0.015134685654518237,0.015255378578405152,-0.04357703233462476,0.02823811118019805,0.11205352648650437,-0.012098481215603559,-0.06017609500340705,0.03756498363976482,0.038466215578541664,0.029596272750468323,0.07604655565956088,-0.028612184025910967,0.013216181570449946,0.039781101930571036,-0.009162654512608373,-0.004149900939672953,0.007171976775396337,-0.03439272363724701,-0.011858696402064666,-0.016595291864964553,0.01793862845121977,0.04413045772242748,-0.07468814042006598,-0.01606515094556755,-0.013314357128150326,0.02626104723688444,-0.017549914565924526,-0.03977956285172663,-0.020613497515094392,-0.03018150324534448,0.05689677449226571,0.042045681391607956,0.08396055964719933,0.06899414987153868,0.027873977768357233,0.029893884028751424,-0.006352351947631521,0.0134919785691391,-0.020384591792609184,0.023776602367594633,-0.004964089980770896,-0.012394557405779725,0.0061079283945684616,-0.056184517656153204,-0.012347523620969613,-0.0190034801447268,-0.007776960561523864,0.0372614997549234,0.03950425878638413,-0.011789027975623803,0.007240135902251434,-0.0023260734083105053,0.023239246055900935,-0.025418048520272914,0.02077687626501207,0.05463052584843747,0.02296246242926624,0.026965915416487043,-0.023608459846854207,0.0120451060949164,-0.048889636576886664,0.01404668030877704,-0.03677862791065829,0.04212364024718782,0.006160511837256829,-0.050682466845570456,0.022249546569760976,-0.002698652098468323,0.012990345954753567,0.028526617923581524,-0.03671604088490167,0.026706014995046056,-0.005751920569350498,-0.003800495478196763,0.023911894225942802,0.04087288717450123,-0.013133014197800934,0.022438249940886973,-0.014255344297297247,0.0069905020338818045,0.006995176767480082,-0.03381989448682742,0.021390832078213157,0.029249494630660688
0.17573731476230972,0.06148319096385835,0.3289668643291058,0.07569589955903386,0.3696275622883535,0.03648217410463262,0.20208452729863466,-0.4541595863552041,0.462223594272015,0.1662305146624563,-0.015246701046015101,0.5332719925811062,0.13303649836803613,-0.3930808810951096,0.19064185282233584,0.33684173990219307,0.1163163435993155,0.47534700471215063,0.5989598573966023,-0.12346275250703304,-0.17217616167545258,0.03167811288930693,0.16703344569108028,-0.18458926772115353,-0.09187564238288976,-0.046794944494331275,-0.13042807207716992,-0.3443067380004171,-0.04392673319986646,0.35724992284069707,-0.34548439491189936,-0.024142759041960796,0.25592906823784356,-0.026923621325339184,0.17211950323968586,-0.22343450606686807,0.3941429460196529,0.6648708951652784,0.4550306992395646,0.08152356193742612,0.5037581860274517,0.17860149693445246,0.2593385201317374,0.0636668509948468,0.2300958640568783,-0.1696662749621392,0.10212417981424181,0.10566541031720618,-0.15190208242558834,0.184038970720539,0.3518833116407716,-0.17485806150976022,0.12574156659725788,0.17178035417305937,0.17311353808758015,-0.10253763237553212,-0.04406534586290703,0.8171232952064712,0.45312181277238217,-0.46400628149216205,-0.45394329102619646,0.14354528950041653,0.19116571773071872,-0.13859705217107707,-0.003267234303003197,-0.07958360166861617,0.04732706994756255,0.2811348613202511,0.20715211481038012,-0.2179013579998953,0.2177173607415812,0.27843490692799744,0.4507602492156762,-0.37194277400858017,0.12863413247928168,-0.07231894497939444,0.06617696877940647,0.35263167771604553,-0.29737119836180886,-0.11087360604734668,-0.04554165109314512,-0.6854580148372106,-0.03316903343994276,0.46580597190358525,0.3263589963839365,-0.05101280653163481,-0.04522722079440329,0.546842904071585,0.1493199883571879,0.031551665980965315,0.07756924988132351,-0.22284005043923233,0.4049686893703763,0.17491421506480673,-0.05273911113417449,0.09740272302817507,-0.5008486042899787,-0.4417756571553678,0.3130287558857026,0.2480039523367928
0.18177729170298135,0.09485433918416152,0.0900441622223916,-0.22182956668266143,0.27171300417325817,-0.2024090126630269,0.5326698019285988,-0.18457821521413717,-0.18145399609194415,0.3765644768569752,0.4155467307996032,-0.03060434122032082,-0.19989300668157697,-0.27562616387831285,-0.08199059244985417,0.17930078074864395,-0.044885278795960534,-0.2173666540632656,-0.13422271156482612,-0.11473593448904248,-0.04442278979908756,0.6219845597757321,0.20151121203349898,-0.1681596211784542,-0.005056000373538584,0.06974577765086955,0.05916158508772809,-0.2279400620882739,-0.20230120269775118,-0.20481159453604508,-0.24368301035426704,-0.6566506657548257,0.28578833379484486,0.14317282123705022,-0.3630273473052586,-0.083305040262368,-0.05639343522472497,0.041291114730012374,0.09904551999827721,-0.018320847706995384,0.684309041168712,-0.22942077051311172,-0.3302162686613613,-0.3437762479700689,0.017366173409562514,-0.1418105266372555,-0.565799139817661,-0.237597434112619,0.2064217499455491,0.24148508228611493,-0.09857586893136214,-0.3748826317899974,0.2877634587579424,-0.2298591253902975,0.19315211198945298,-0.07474447543266592,0.36480105263030815,0.2951205611001056,0.183826455786418,-0.04370670825166177,0.3373274973671147,0.15769560053536727,-0.7334166748400238,-0.7441722866371845,0.19733516329201523,-0.2494854359674072,0.19425373844805172,-0.19970105680703293,0.3647832209883336,0.18388016176809005,-0.08328406730652677,-0.052548929826274154,0.4361759274351733,0.4553909641682912,-0.2200227137987879,-0.26787729168901747,0.09481048158798192,-0.45458828799478707,-0.0420981615693695,0.20084289529355256,0.14931165494469037,-0.26349383374300644,0.22413774383971966,0.25582040015601565,-0.46745580522419217,-0.03039838365034871,0.5221291828861342,-0.4922598349704748,0.09444772747553783,0.10497883331649142,-0.0935881708025253,-0.1729553873031217,-0.31119670819759954,0.08809998641406493,0.4309179766240652,0.32437873327914984,-0.12533275653956588,0.161521346924138,-0.49602314259171437,-0.33561546311044965
-0.005745516313456741,-0.4185060605760701,-0.21951666548523713,0.1395642729538074,0.05951541052733851,-0.02419446288435653,-0.03548672108853817,-0.28295539818506843,-5.09059212008655E-4,-0.6010067500722924,-0.3228731724481683,-0.18023676653463097,0.01540740353819054,0.15185785487501818,0.337537582130365,-0.0991897136148718,-0.02031528019372727,0.32409788655281224,-0.2682623771745259,-0.09862353520354071,0.24363138138904744,0.4073571768316599,0.12774778139885593,-0.42453282294714245,0.0019488123259327847,0.16980057889089614,0.18074267198337665,-0.033226488635617765,-0.41116145160200845,0.01912840436850818,-0.14085026411317034,-0.12057250365685054,-0.061290800928366806,0.374383834687291,0.016706085608530544,-0.020451002939922004,-0.059124226441970185,0.03422835070129107,0.03126398468468907,-0.37074732064580224,-0.08338367353903935,0.41465632894448556,0.023959748867389736,-0.3258478089029728,-0.38916067409741983,0.007472738098967732,-0.11674130368522695,0.11902534991557237,0.23791158292004622,-0.47570941238569736,-0.39942926044637206,-0.07341478430823256,-0.0367070606851626,-0.33947388934807654,-0.26096802688837517,0.06036129884778279,-0.21732950946406146,-0.13525381230747383,0.340143648827832,0.050458371725877,0.17462846808528928,0.6690522293194817,-0.15841412458253723,-0.3142205618687389,0.06963679700504431,-0.36087376800943344,0.3028800154059992,0.42564582437942594,-0.2917471034936019,-0.01019522009412069,-0.05516594954778921,-0.6228596731603891,0.14046694338581167,0.12823326191860487,0.24960932359253998,-0.3179520485156208,0.24181090269720418,-0.43339917331788025,0.2551488764217218,-0.3317322325904333,0.09441959151523897,0.30308961186771993,-0.2238209340945122,-0.4111644875057476,0.17178875981239047,0.056600971463626554,-0.1522506673537951,0.030344033443157326,-0.22041148575916814,0.4417383850323715,0.05560578142099289,-0.01612882835792125,-0.04200968196111184,-0.04222245493466388,0.20214876598765896,0.42223777088349074,-0.3956501815580896,0.30624694790944496,0.38102433482658293,-0.048100795538912666
0.1255798664917331,0.09361778755871306,-0.04838081705295531,-0.05777572312222083,-0.2137004402421377,0.03339799686187888,0.04381705540172241,0.026406696826148678,0.01298656108724269,-0.2367972535463664,0.019937278923845003,0.0877398590153717,0.20155665516219298,0.07801048736802717,-0.07608420138072973,0.06738881197232878,-0.04361998658306388,0.0027981997531601652,0.1616689176945885,0.04431581542669372,0.06550455562330376,-0.11747869007899482,0.03470105463677791,-0.06570052412738099,-0.050779899907489656,0.056273383994982995,-0.005999752364647142,0.008423248143335914,-0.07338594454785606,0.027294207559096124,-0.04100417632326828,-0.17489840360302444,-0.17290657496721978,-0.09159096412598547,-0.1022415799713906,-0.07445569697739592,-0.06975569936980075,-0.1300051932115098,0.08553645922787712,0.09010283494946082,0.08602648861828477,0.1966522564133868,0.038771780298273564,-0.1498354835913746,0.14355699431320776,-0.04784502739038449,0.04822704929296026,0.11781327968702253,-0.06421282289754256,-0.20691216697706935,0.05680739075988663,0.22121909217471314,-0.05436409111301573,-0.013214293541414759,0.17304635191347292,-0.0750963556562428,0.04235623033391102,0.059412398011798664,0.14856827637938946,0.07211132899620641,-0.03003476241275099,-0.044162405311120576,0.06604824912788457,-0.12306799727583757,-0.15182277588692758,-0.06898193645917251,0.024340280541329994,0.004998012419683343,0.02138483330593183,-0.08637276800504357,0.030506510356960805,-0.09817859041205226,-0.08981600379366238,-0.06549605032684447,0.08249267115108104,-0.016900346900025377,-0.0077745724566397455,1.6323599275020365E-4,-0.0655964946661981,-0.033129860797178244,-0.11645287175080656,0.009616104225576544,0.07535931278352848,-0.08918650075535664,0.05885764351061929,0.03776330295813541,0.030471666038155057,0.0462643367059818,0.15071442282828487,0.023379096373270073,-0.030830711230132708,-0.11809138546803143,0.26321493407580926,-0.03084686610741746,-0.09276593724276083,-0.18936072913598012,-0.11165669685043776,0.022168226113318,-0.043686158539656586,0.026123670687930117
0.17488808340090967,-0.31438480125611273,0.28596574707303596,-0.21942544144959947,0.24565384144872052,-0.1642486453064886,0.03419181131648396,0.0740138662663351,0.17980036515360792,0.017230228323261466,-0.1683039386645734,-0.11924761831784227,-0.146307593755105,0.060802935802355136,-0.06146954476864856,0.04122130740318053,0.018320505216729305,-0.08107406821476547,-0.0858793352781854,0.0867090685186604,0.015628769100803398,0.034790947449245,-0.18398290459660785,-0.024486746697820486,0.09231037240080064,-0.19393536037352016,0.16285410924290913,0.23819232405063778,-0.1520851200825826,-0.09989658649784584,0.15756977854851983,-0.19986814953882828,0.09241079105036556,-0.09675519908263634,-0.0014124753951444882,0.034956288889798785,-0.03067654578876276,-0.11576422486626152,-0.23262758681152282,0.17337961297937082,0.06998892723189619,-0.03889059633340472,0.2004171655495052,-0.11211872972757944,0.27377721034940994,-0.02831571809550139,0.01122442572386687,-0.04009013300137287,0.07284820255992548,0.015925556871782553,0.13368503178575383,0.20819853804950855,0.1565026852065528,-0.22965330757084873,0.14817773805913817,0.03632671295801078,-0.05185600768510409,0.20098412312574224,0.18654835075103093,-0.06311889479383545,0.1953759149933648,-0.010205978157181632,0.1377230420143451,-0.13206047693693024,0.1602728741615539,-0.0991376171287118,0.15828241331140666,0.21351426429609088,-0.18812427644142887,0.2357388498444878,-0.1364709567025646,0.027185403005486025,-0.029277261942284357,0.22735120326729694,-7.770346922565535E-4,0.22629403421534933,0.005949060833564357,0.16826503790707598,0.04419518058185156,0.49530171666962713,-0.2509526520777713,0.17024220037165425,-0.14190285390617327,0.16066728021108173,0.2791005590679994,0.08603668053009361,0.13299988390661435,0.19683544648539178,-0.24940510981081856,0.016615530005164653,-0.30322095408449634,-0.2132326183094305,-0.18410258523720435,-0.052216231336842146,0.21148826737500845,0.16756349057124195,0.12801300702860913,-0.07025949192736736,-0.23845109051602859,0.1795738567282244
0.09313414653257383,0.02046198051944238,-0.23703596547810787,-0.26722523691555683,-0.02413986137707226,-0.029133798049422538,0.024170210671978238,-0.07064306432200468,0.029423527231176465,0.027148493186744622,-0.03965606364990818,-0.11442925197605758,-0.05758180230181758,-0.04825171958433177,-0.11456740024906235,0.07195544730848653,-0.3402264954186214,-0.058194189585345356,-0.10202917759979795,-0.05274634218218849,-0.05910104551506692,0.0017447249222343677,0.1325569473493381,-0.368120268620121,0.15292997758784477,0.07063321615477326,-0.20663800342756114,-0.12162684788056916,-0.16366048723059617,-0.12622962107227276,-0.0318036636218772,0.17950010119974513,-0.25549250154168784,-0.058325761174969896,-0.156434414643153,-0.015883751660006044,-0.085948564386594,0.11051507294740297,-0.1784096847119683,0.09195609694198556,0.00355172458907246,0.06004115843147734,0.008049448616747994,-0.01491108101663577,-0.09969877202533528,0.019657177826859114,0.024671943099696506,-0.021196279551119187,-0.2001418066068622,-0.037642786863846985,0.07922650389355179,-0.10345267535111137,-0.06666239556663076,0.09429933682170823,0.021429311989428712,0.0767061683949475,-0.0010779255939199794,-0.04640917835419547,-0.21059015228800768,0.056021212502037836,0.0571711373871107,0.14689428698930687,0.21504228269160908,-0.2360542784899695,-0.052620033779369475,0.052738028440254464,0.18850156094596318,0.03736270416660113,0.10196876504390882,-0.15433205815624748,0.2365118961765976,0.12737025789162318,0.040361306002955774,-0.19891015212144042,0.25807132497206964,0.04698849153618088,-0.01963358596221299,-0.12072928817989165,-0.02588500595261197,-0.0651780496213577,-0.037172102533221056,-0.11982687156138404,0.0027206093854980256,0.12690499680436038,-0.09904670402276361,0.01840700167028811,-0.1509315496873198,-0.1756593849689707,0.005443968785283463,-0.0759696086449308,-0.22552891427202248,-0.029618550503576098,0.11791319146319218,0.05313502601431776,-0.07795117566528716,-0.22548813792935493,0.11525095283451857,-0.11128482222413161,-0.08172756944482652,-0.266005701410308
0.18761467453592418,0.1011456068353959,-0.23588584078139277,0.40819817374772527,-0.7256676245280385,-0.037969679337305474,0.2517943237320461,0.5254667142959493,-0.6905617059906457,-0.05257413293266541,-0.5927315395874666,0.08987469542118426,-0.5227006122625716,-0.7872280340500641,-0.12202362418383703,-1.545053795724106E-4,0.7805207987648396,-0.6728682435868674,0.8680329951237334,-0.6968675375856137,-0.4247073623945191,-0.6786566465718471,-0.06503838498622942,-0.6405042315460004,-0.050920777828070696,-0.04638531143566253,-0.2463576908528313,0.4427025640176167,0.08047472605931366,-0.0208674946304278,-0.07847059430046875,0.7666129289244414,0.07467052352195883,-0.004480161837350689,-0.11063916773049554,-0.5046107467564183,-0.2821541894034191,0.22723334260274164,-0.10513116923108384,-0.5772274152515311,-0.06318334330625962,0.30320911980807136,-0.22100414539976276,0.26286723093056624,-0.22337821009392056,0.35197868766780865,-0.7545323233565275,-0.2786897188705746,0.4216687864425337,-0.3473272873933869,0.3583839687134832,0.2968610498087088,0.3881775971261816,0.4395700123653219,-0.022372637526152865,-0.1671146658758457,-0.7337524140943102,-0.03325178181184437,-0.36102748650567523,0.15255785687275297,-0.12825910377342412,-0.20735746282782422,0.4025867131800834,0.38599125410843654,-0.17964479546230572,0.17484323613379804,-0.3827206826397642,0.43702405372932535,-0.051265054771900506,-0.5041134323193519,-0.679411826394038,-0.4857023579328894,0.4802792184663678,0.4398690474014302,-0.6888585417792522,-0.14277511570020135,0.2277709140135475,0.18492144457059873,-0.28741662687967706,-0.15024521354953443,0.24380649771448565,-0.9223838830862047,0.6395254132628917,-0.27867226020220426,0.1624084042498966,-0.07238398747829228,-0.20548537989807628,-0.7074385400020116,-7.704270154921471E-4,0.7369602080200779,0.014659144366126935,0.4690724344609389,-0.6585072980965784,-0.14308588871612443,-0.3897180358807817,0.3411834366183566,-0.0859771395798161,-0.09066746701925948,-0.3560652472697224,0.40318414614343157
0.08196331751900028,0.008345028648744575,0.15922579238275028,-0.12642947735313292,0.2397887467306788,0.004043011466530178,0.11017130715781001,-0.0828779611030555,0.32074823056437524,7.697905853916225E-4,0.04662668879389005,0.04873577999355153,0.029834500145420707,0.04796417271951039,-0.08377860322983878,-0.11230396289824145,0.13950651029896663,0.00562202272639184,0.07388696339389857,-0.235764430053523,0.10681684354876339,-0.03913031789958916,0.05483471300053387,-0.00729283029117126,-0.2691117062267133,0.11008930031255411,0.3195574493362546,-0.1235472251987484,0.05747905558078437,-0.00617547727642849,0.10177871633018934,-0.06258549564181343,-0.21597401888380025,0.010016391890169634,0.04224468167472848,0.0022448200182962016,-0.16639259321424496,-0.11424873108213099,-0.09840315634854033,0.07887526037616574,0.03072600667028436,-0.22860728991220228,-0.04930393522812038,0.03682275189305857,-0.25985416904196784,0.1026935064862913,0.026652169007538935,0.1416015822497125,0.026847997071747398,0.029465564862879014,-0.03600397793246067,-0.01581037964437575,0.05969441752733179,0.1955861022376571,-0.09287631529250148,0.11333018652877228,-0.15541007844452948,-0.1407840121700793,0.1153867877436424,0.047998692407024604,-0.11193039476164025,-0.036846948285737674,0.01291308832205159,0.1383571700095996,0.0489558930681466,0.00622005547107773,0.06157748151020801,-0.13453802237775472,0.04821842358122398,0.08515826102512675,-0.06697975618020233,-0.06539753340793339,0.09312280977405185,0.003152088789606453,0.06238262531540198,0.07114055041747253,-0.2161643214250892,-0.01674363322445798,-0.004514717719450409,-0.30294165649317867,0.001489461559962378,0.07247600635918312,-0.024861091117553566,-0.07517390387152725,0.17550140672897804,0.19372914503339408,-0.16467502667507267,0.13939027690838504,-0.008088965082887725,0.010340552102299519,0.17600175540531315,0.1241244097553472,-0.026592621795310366,-0.05037652367430464,-0.13722037938210707,0.0281843362615673,-0.19622256121715925,-0.13611586028751352,-0.02836389842103801,0.09668904953625676
-0.04909500037424085,0.006633953889276371,-0.0904656396750191,0.041661176407336686,-0.011081656344087375,-0.14323601967080754,-0.07160924473760771,-0.06407095256389828,-0.005795383829629897,0.02476544271995228,0.025649048838319418,-0.054116752091382475,-0.04743031901886533,0.011204126761813017,-0.06650480342021614,0.05248726018107062,-0.04077290935903974,0.06180772429640745,0.0595222257720884,0.0642979850489113,-0.022183074723728553,-0.005870505192894486,0.025715465270032625,0.03909527637336486,-0.08931240708512189,-0.0534453602488049,0.0244806914621703,-0.09378164833825917,0.01783168612216739,0.03180662140536397,-0.04703672227864148,0.053081145570431046,0.0701252337816589,-0.10904613277982574,0.06242678150915313,-0.004509316776733285,0.03446551119362735,-0.0939461150816146,-0.09024459772507788,0.04454023873051221,0.11875145636822304,-0.06471759280815484,-0.003909424872903762,0.1537763648123197,0.07048319590399969,-0.032694092733146767,0.061846934330942356,-0.026993648146777235,-0.01679519014915139,-0.013096360910856477,0.1480419546629951,0.04937984132997448,0.014258069071923011,0.03136420033621251,0.021594098636516255,0.02351987275856651,0.034289399909810274,0.03776440071859317,0.01053486157024426,-0.09826716470750618,-0.004847036568063318,-0.09487019492182817,-0.10121172957093293,0.0193195872483835,0.08483661527935299,0.03751470812745505,0.02704605295471862,0.06807646157352695,0.06791658129056509,-0.043924940622880784,-0.06138216229652796,0.038443399251432565,0.03337715336150446,0.05983663957308901,0.0130721624863339,0.047162622236421856,-0.07183918954754707,-0.09770535922267255,-0.06043284054754947,-0.04699322626148152,-0.03652902696027331,-0.0558818366788515,-0.03230088604473325,-0.004647212434768189,-0.022803443183633816,-0.009753443819745465,-0.023806781205777946,-0.07077679639691188,-0.13176010308995914,0.01956888015594281,0.09388896883259804,-0.06167413588233079,0.008045006048231784,0.049184048016022636,0.04184369832378464,0.07718352597874886,0.02987689078914547,0.007119680838524838,-0.165848951969807,-0.03189420079918948
-0.014364104004958975,-0.07109689503955569,0.037424438485938724,0.0393191355031948,-0.041963411277903054,0.036314947735963575,0.01410908415445993,0.012029865758470747,-0.10168166659016792,-0.024169234193238607,-0.052562990440713435,0.024265495453614845,0.03209858097938099,-0.029280524081976247,0.004100767499812911,-0.11219809299982167,0.07033759826489994,-0.002492401786564747,0.04771992946892982,0.06062227840270264,-0.031582218732263294,0.004269084926936384,-0.08460864761563036,0.0898497102292048,0.034202504832393094,-0.06747635568406633,0.06025104143815365,0.14034710154612962,-0.04152962288361009,0.10366469296406888,-0.04939269866308853,-0.1325608117398211,0.056403672410911744,0.06776249277536452,-0.022481951108003523,0.026535867329188695,0.07240596052182655,0.01999400242583728,-0.010167725569890226,-0.02217920208675011,0.043420960714273905,4.505259233839177E-4,-0.07955966440853905,-0.0026372381563102626,0.11923199416832746,0.02875954832299369,-0.05087494567639604,0.01330735719345977,0.02868211937095295,0.007808055131344388,-0.040986600412250156,-0.006726808785167453,0.008088876076790336,0.09292531389199028,0.04213827908749364,-0.06405303631502364,-0.015119655601848504,0.002768853754348712,0.021774039082981037,0.00897267915114167,0.023380681285515535,-0.032273464931146474,-0.030271308504963207,0.00880641604157188,0.012644376511181409,-0.07254915329267973,-0.09796623694470814,0.021099939771743997,0.02024693418022378,-0.039665243460103146,-0.052869678739289445,-0.04774240107069689,0.03588079453650867,0.12365207649619572,-0.07733781614863701,-0.0038751001020020637,0.031023032254191625,0.06803914980523275,-0.016026854688662107,0.015451224456198403,0.06506487767649397,0.06495489097782252,-0.06931974691437671,-0.03403463854117639,-0.009934038801366271,0.014559116172729165,0.05161348848754545,-0.08680246162182238,-0.0501123796853301,0.02157165772992508,0.08847495310994255,-0.035693320443269484,0.011859033263658884,0.021916179642254976,0.05227850083662109,-8.499486222217442E-4,0.030354836706569504,1.800992067512973E-4,0.14268278234845522,0.02907144271890292
-0.04921978366644448,0.43002281949893745,-0.14139863109318004,0.22022516261902228,0.5573651759735184,0.1330000514509041,0.17398433346951936,0.49088044663261743,0.3800378347921893,0.2150449393977371,0.2772561391178345,0.40568131495753695,-0.12593029356818175,0.09345876249588062,0.6563907402919593,-0.12597551872139007,0.048135431898862685,0.6052644092918918,-0.10803835875218344,0.01003112835193187,0.02315909112230899,-0.2615792938799886,0.15499703334370998,-0.39090941457189776,0.07192923488721562,0.039115400536940785,-0.007708326162314764,-0.07122884090933013,-0.08281070297602758,0.2933913387152624,0.7007927067589681,-0.2983704657795986,-0.23848384519257057,0.25713143778276976,7.805996681873432E-4,-0.30845220821111385,-0.15807986580631606,0.17127312043394557,0.11155984101444226,0.34691977237577337,0.012022390046172284,-0.014531426903044651,-0.515552812552484,-0.2504504153892228,-0.045179067720260396,-0.6687805405463203,-0.25550774521452146,-0.4024609121603654,-0.06253344287548572,0.10349489692978171,0.36513479627854556,-0.2096511471500043,-0.048466004344126956,-0.0743339882059645,0.15591224887413033,0.05462785285926085,0.07649438966182415,-0.04492910716708035,-0.2080401031438437,-0.18995194160397033,0.033516733787629364,-0.338117867423338,-0.18129377615017828,0.17563415282240266,0.7499719312835209,0.27325700764236044,0.4044977762472092,-0.1172753730343967,0.3614202165198364,-0.8027690238470883,-0.15927577229937745,0.09400729150918044,0.17194223925957153,0.3705423482289121,0.33066334576416145,0.25891356756861683,0.038038262510131045,-0.2050890399548303,-0.41938209656123104,-0.5446460880094425,-0.2591553859692664,-0.19417077317184686,0.49527756768584835,0.16064849908548753,-0.4274929287530165,-0.021664901316630198,-0.427278098266558,-0.14017827480322334,-0.15622769517710564,-0.42153433189981526,-0.3521800365439793,-0.08125021415300725,-0.26936509594801067,0.25312642520771694,-0.35639573515153766,-0.003094226044355379,0.10166561112450445,0.39790782519340406,0.16940799517367816,-0.112200270991667
0.17752204982358255,-0.06500171702060474,0.46328985162933817,0.10737387451007618,-0.168117566026544,-0.05763790835326736,0.07413916335252159,-0.14687585639737144,-0.2338437621766398,-0.0015200319846263202,0.28071057114880343,0.07388314538464155,0.11858032276185854,-0.012597481412928982,0.3696321107219566,0.14539568794820087,-0.2112993508730694,0.12368495379213806,0.04453981315398563,-0.058500435909018406,0.23250726790447515,-0.032621708248288805,-0.4154562679587887,0.1044154723596586,0.06996537763189185,0.04387166736811811,0.035747879893546886,-0.07350624987880398,-0.36686856654531325,-0.0680797283520615,-0.15034979692979228,-0.05230972869618935,-0.16513209649420546,0.04933651924350626,0.11968928908641327,-0.11907366617194512,-0.0459191594230717,0.1626792674308314,0.2159741484174315,-0.1950803049406627,-0.23458427969288356,0.05240956828234225,-0.09128178756269026,-0.17785632293922168,-0.33324363234266585,0.059394571128298476,0.12034714962883082,0.046187910561394104,-0.0363634340877092,-0.11937821418692077,-0.16389285079064211,0.08833853545156344,-0.16567344974739315,-0.034333465442850535,0.11227513470637722,0.23948561451565525,0.11369291961296576,-0.4121601837447863,0.06557614785929201,0.01808617003863387,0.0016730673584897141,0.17523898560874993,0.12766495548386958,-0.11913146547694843,-0.12340279024422285,0.08716594824468774,0.0291106804701889,0.2543400435459825,-0.0027687984101179217,0.02869401180117704,-0.19758458325688583,-0.09352173062155938,0.16785668007257123,0.3077744100204039,-0.04196319907441699,0.04476520546461605,0.02875007709202834,-0.28507742836976535,0.1618715055808752,0.038492784766461174,-0.14959211101227024,-0.15990725074780887,-0.17618339819161957,-0.24917469121884933,-0.02441916368732901,0.04018521011003114,0.14820757175062094,0.22521846485932528,0.07779275138160986,0.0020127252397751207,-0.20286899239823364,-0.013779675466200451,0.024624476482966905,-0.06639899390750646,0.007815750004699569,-0.07975180845690431,1.7041235840384956E-5,0.023915230739073094,0.09017281060904435,-0.09662989815355476
0.0027190394485022084,-0.009740040351879585,0.045198748788833114,0.016472914900819834,-0.12717667132599825,0.12018784644196426,-0.13448233388501052,0.15407932658000462,-0.36483160392889763,-0.26565903409930797,0.1019032900097342,0.10484328905671116,-0.16401258232090443,-0.08344681941002037,-0.13621965491509655,0.02529229870348342,0.1814390262679373,-0.06554832772765037,0.13882316091552047,-0.31545450943264675,-0.01774064873095109,0.10257822169787403,-0.21614499551373392,0.18435014357059754,-0.03329118460230592,0.1786947869331752,-0.007705633295322687,-0.02174473091593122,-0.03414143729613486,-0.06174811314429059,0.2862894072380789,0.1771973483159664,0.1878917150426734,0.026290502555930687,0.043543166380146305,0.15435424844080656,-0.11100167441038046,-0.16097411838947445,0.002727419954728606,0.07336008861108947,0.06669604241331879,-0.12911065309790304,-0.30377046530530494,0.011952803663707354,0.16418019409659715,-0.15527000863254048,-0.1534721505100417,0.4102803040847166,0.08482289796136865,-0.009857752975340086,-0.17199275391466542,-0.07015516549878795,0.1788913723081902,0.15291020962188953,0.16723612894353976,0.09508264872760282,-0.048972393449207854,0.09550324921288868,-0.026176756422768517,0.08083735928528604,-0.4430442316336899,-0.1986725382192185,-0.0805870701013005,0.0538098114656142,0.12902882013110498,0.07831768968701361,0.08265977206209624,0.07594985065421543,-0.16666404728991277,0.07873953929626933,-0.21110131815724884,0.037968987221142794,-0.049070659024750204,-0.11701325733896309,-0.1131714281831467,-0.2151867881416042,-0.20946176858954355,0.18239419835263698,0.104535258467738,-0.309613472898139,-0.10478168451482085,0.17208465223560626,-0.05411302219862538,-0.16647616335378448,-0.10791441793261806,0.09758928067320861,0.11067341973899808,0.013819420866618509,-0.07609654087480265,0.31382734886955105,0.020686075626616965,0.04565873640749959,0.04665470221193732,-0.22085444627544412,0.01024889284624537,0.02871340104824236,0.05174815690183731,0.34450905606813115,0.2499189089256333,-0.1557708346353721
-0.20066205373696602,0.11194668176971426,0.02969591326955017,0.08882173597627595,0.12144552062182101,-0.3029090184531438,-0.01536715690225435,-0.31268606900635554,0.3552986243631704,-0.11451485217424072,-0.08818756034542187,-0.18423403702378932,-0.0574306052357333,0.024031149655115082,-0.07142943567999378,0.1368382508404405,-0.10737500109669657,0.27234286872769303,-0.38217186997575053,-0.19033449685049827,-0.3151988066705896,-0.14824239580717197,-0.09168659656321437,-0.2631328723001246,0.23743769551978372,0.0840355917097207,0.3219776510698236,0.026267408510511906,-0.23607071363338558,-0.17942390673287095,-0.6686309438055454,-0.07816735746717894,-0.18302666224092748,0.22004728610240146,0.04496351804336677,-0.18859157913898034,0.3677754372627182,-0.29997159470461493,0.0875995355652225,-0.008223137874132152,-0.06156019762807102,-0.33288324413427434,0.5384259650225915,-0.19802301156528584,-0.26699204653830677,-0.37547233870079283,0.12377673977464146,-0.20996274732851816,0.42105183670808055,-0.04333899471834364,-0.026517666460054466,-0.3647925866254793,0.006611342129737326,-0.2869115213164354,0.05171569761753718,-0.3213580265181044,-0.3498000891210943,0.09201230545542473,-0.41572338632610084,-0.5335487655895446,-0.24333004376713205,-0.16621791292098845,-0.3134124412991804,0.10201700082484567,-0.21578436115738986,0.2881597293102157,-0.0566875772374713,-0.2251107914649231,-0.09390443358449578,-0.2086115491951253,-0.21852680525761403,-0.11225926926054401,-0.34294948177407975,-0.15377830447838797,-0.02564199582790627,-0.26085152111458837,-0.37919504813867166,-0.007682354639757581,-0.1286796700084733,0.4664822127656156,-0.1355089356266125,-0.3705581764330178,0.6068990477146902,0.21717193908568938,0.0520170072055835,-0.18286984622578722,-0.26815857111081204,-0.09850827247730616,-0.023411564896093775,-0.03773619035309122,-0.4651858963946931,-0.02426229765030899,0.0361241413428718,0.09809530037388918,0.15535366187133182,-0.04110625657835638,-0.06408541962435686,0.014910785504145964,-0.10814371099173006,0.05473539324085712
0.12990111469431087,0.06886817817525351,-0.06437810203634024,0.1791962256633891,0.11518226802208502,0.09974541038677939,-0.2603540420398441,-0.19333179527556948,-0.13792935265845788,0.20794089252561096,-0.0752431351381719,-0.10456850002174639,0.08613208006011609,-0.2778999818320221,-0.23270238667995677,-0.2999606822484375,0.11066376099486616,-0.07294868278691266,0.03322768576373048,-0.04860745926229722,0.06894404777623174,-0.16088704122287284,-0.1435065676845633,0.15632566033398795,-0.3380045992997374,0.12963698052234918,-0.08824494763198341,-0.3849618451366761,0.11299282148827279,-0.1331766278393487,0.1556185279915696,0.3147963287712039,0.29296911766090145,0.06309914834836208,0.11550537988568044,-0.21661123973929702,0.27909205588980346,0.16863538348308715,0.029207641303478003,-0.11885351674038577,0.15657385384710806,0.2420801312253219,0.030140873816622893,-0.37518554914529945,-0.04866556256400226,-0.023875406241396675,0.5239013043638756,0.2743995848138941,0.031468869839613424,-0.22080922945216233,-0.5543936849649357,0.2960952370801585,0.18841766366481674,0.22890711887017443,-0.24657054088092956,-0.12649430947028822,-0.2855774908482372,-0.19289262297663937,0.02153388341548386,-0.1146122896411281,0.04947529640879016,-0.2124245732615523,0.21483047934698207,0.14145084399303423,0.30948747607511773,-0.373727846039579,0.14626604324320192,0.21839274466683206,-0.005070561396860616,0.15838638993521112,0.08487774569343469,0.13739518149575516,0.13766512450427837,-0.01337266795644483,0.06526225770302826,0.009174765525711346,-0.24878429577143119,-0.19706606552115297,0.001501868119075643,0.06159237618031807,0.08225289248963388,-0.3056098320782535,-0.020450852514623502,0.16871239834021562,0.08755646568165572,0.08890790048193681,-0.025206909301212332,0.13269194530497627,0.3036660925816579,-0.3149535577650712,0.126629149211453,0.036320262193512885,-0.5232639377136417,0.2556467404316975,-0.33948697584058296,0.03841959896988396,-0.16681012540216159,0.24435044876974188,-0.12597111630796126,0.12042651000884606
-0.09498487501307451,-1.0452819442484937E-6,0.06137042314635483,-0.0025157871715702014,0.10945471345238938,0.197295249828929,0.2644871027180747,0.050206392044433355,-0.14487259890465518,0.028644140589474825,0.0037711989218715443,0.14671785784558716,0.18312126171399698,0.10129294476401117,-0.20346278093875353,-0.0968451950645099,0.0676914555591547,0.01716340056775706,0.18364150507366922,-0.07697070108024129,0.22051344817133292,-0.3960836247535818,0.2607824067184057,-0.12747435024193884,-0.018447816163043432,0.026735011092605676,-0.08963508662751825,-0.16391233177592332,0.03474518125721488,0.004048643359353348,0.2507425268223708,0.25125485196246966,0.15881027760263255,-0.1307311567295447,-0.0804035356781026,-0.19635323573494665,-0.3186373757730377,0.28869993878283706,-0.2076714059071643,-0.17843642212392133,0.046846537624667235,-0.10309751682330498,-0.15039775022504764,-0.13282528309510716,-0.13096550906915053,0.24291742594032883,0.42116136645941715,0.026056941306681215,0.28461352285171637,-0.03415928597986632,0.05754685569785771,-0.06111117413874856,0.027094038439348465,-0.21154625925229453,0.09490205180810639,0.1108018283579583,-0.13066928918828954,-0.12796120071197614,-0.15833477714216249,-0.22779830239995394,-0.10328729488210217,-0.26844617984754515,-0.22042736323926942,0.18511410691890745,0.1591020261885465,0.07185736926309046,0.26741122037017206,0.2597035399508908,0.12913852469956263,-0.1736666376191701,0.04508285041064915,0.0846511845720352,0.11793786237036562,-0.41324181470214183,0.06156403614654621,-0.1295162462236057,0.05323875990139462,0.1760818292478401,-0.20347086289654445,-0.15533898720981848,-0.15014444722418044,-0.14297006920047942,-0.011267102765059376,-0.03211857756851053,-0.003383016096799385,0.029246465694368864,-0.19103179777011964,0.07493361361398589,-0.0481458789495654,-0.011637178291173226,-0.13393431131112826,0.1403666406981593,0.07501901677563397,0.0038107123917288837,-0.05047563984106209,-0.12652822926361681,-0.153417446296406,0.07960677562432618,0.3618046861535404,-0.2246116675381953
2.7012638323988106E-8,-4.583901382897209E-6,1.5266259490402626E-6,-1.5559423887080455E-6,-1.4451317979989826E-6,7.923643383266136E-7,-9.317313340179044E-6,3.590385667101956E-6,-2.131797251587312E-6,4.3257468599596635E-6,-2.699837033774055E-6,3.6073361867887524E-6,4.359397992481023E-6,-1.5317759748901056E-6,-5.507078763925364E-6,3.3409539146490604E-6,-2.761632982655969E-6,-7.637422488466588E-6,-7.683051308492524E-6,9.661901396789326E-7,-8.29443753701968E-6,2.699473998461451E-6,-3.666839988402417E-6,-4.857807208991429E-7,-5.929671695459461E-7,6.575214547015317E-6,-5.815794382818425E-6,1.5902346713948255E-6,-9.586925699161066E-7,3.8845539249161066E-7,-4.512948345041833E-6,5.753364039084113E-7,1.4606025351121531E-6,-6.090764417287783E-7,2.0722549968317756E-6,-1.6881105846734342E-6,-4.2409963579394594E-7,-2.5070964990700054E-6,-5.484708737848703E-6,-3.1065334312971325E-6,-3.1522610851320953E-6,3.4066493222867106E-6,3.085062458160845E-6,-5.470104412804419E-7,2.3561403940763587E-6,-3.1691361923075694E-6,5.5036910973280895E-6,-4.740657204143663E-6,7.175457816987567E-7,-4.946738090253895E-6,-2.366657874795742E-6,2.5796530697441718E-6,5.836788771281412E-6,-7.479794058310017E-6,-3.037817466523E-6,3.7098796476612543E-6,2.458148466175898E-6,2.132105959531885E-6,6.162543851264741E-6,-9.016628928227373E-7,-4.978464144237279E-6,8.401125399183919E-6,-9.578173160612732E-7,3.180898803144994E-7,3.922704462583609E-6,3.4392489078548766E-6,-3.305725521608378E-7,-3.2975773601647695E-6,-2.2453820249381167E-6,-2.6188132113556327E-7,-1.6325806323843754E-6,2.2060853237333147E-6,-3.918847242653851E-6,1.5662026353734819E-6,-3.6005329414899108E-6,-2.7401899488421506E-6,-3.2262716341842027E-6,-1.5292678451212024E-6,2.12513212656861E-6,-3.100434555164436E-6,8.606216517855152E-7,-6.24252633745855E-7,2.449935007396834E-6,-9.170870724729576E-7,-9.943648879054614E-7,3.8041256898881624E-6,-2.8403007252899226E-6,7.828705234609843E-6,-2.0192352655660395E-6,-1.2873091934964038E-5,6.152048888909781E-6,-1.6528687871761073E-7,1.6523152788689198E-6,-8.573485978565408E-6,-2.077967762796626E-6,-4.597345654717551E-6,-3.5317817359240606E-6,-6.313655614080285E-7,-4.602831469416259E-6,-8.646990947971405E-6
0.011369561783369186,-0.28745239352659196,-0.1908451007133974,-0.1818401311063996,0.30027224864879654,0.2727943336198967,0.045303100598303656,-0.004479220085835677,-0.08357138137817449,-0.0929535294482407,-0.4681925047581579,0.00467631482335085,0.34973529722648156,-0.06452903505544844,0.059474552000172834,-0.04148075508879882,-0.0017656387807457993,0.41855695577232427,0.14250938820119322,-0.12276901260287632,-0.09495323117890524,-0.21553597044367365,0.027638748362362645,0.5030774723129637,0.23092448423189138,0.04668703748127311,-0.25572187514749956,0.09937923422609347,-0.14889838851640558,0.2751988420284611,-0.3100590970891815,-0.0012544364108119904,-0.15267325392822825,0.1544475508565166,0.1704913909940777,0.29690973010388516,0.09067253371118467,0.18906064022684885,-0.12543285804493945,-0.015719690047548248,0.2165957804513397,0.06581948228617146,0.18159588465909834,0.13363478492791495,-0.32945685029178046,-0.11848069550775572,-0.17197396032178675,-0.3002910374221668,-0.02727982229084561,-0.01009849941562041,0.24797144310783376,0.21502342027086063,0.039052962895132694,0.05583662750129585,-0.023163576511321633,-0.12007839969749014,-0.10706567362374225,-0.291043913729607,-0.07826597983127867,-0.16991275653061583,-0.2648184897175585,-0.28759499302405017,0.07262958658685328,-0.1964745024338446,0.023516284882607506,0.04013545953291739,-0.04238272217934375,-0.14437536853271865,0.0840856318640933,-0.11368129060867102,0.05392045891229832,0.018173393216701698,-0.04976239679409427,0.1559143409527718,0.14430167267894126,0.44005058116225737,0.09257118592765308,0.07434705299705131,0.2918354028165815,0.48651078585334395,0.11615701231618727,0.0056524930307619604,0.29013912587817103,0.21755741192079178,-0.08299538343611608,-0.03090838492488721,-0.24761579150328977,-0.10448745646897958,-0.19049801942062836,-0.07455777138576057,0.007870208563210041,-0.33423685653284935,0.0281491748044561,-0.057560844378033736,0.014835157416343687,0.24863537142763517,-0.024929548465008017,-0.2892971702152188,-0.005380722132837043,-0.03294325430241833
-0.11663258849215553,0.01696799326052508,0.08145621493973429,0.12960639500169252,0.1800441330949274,-0.03769993142055574,0.10507018916018178,0.10280931891767929,-0.07949609129472653,-0.2843476303416909,0.5118930322346875,0.35626045543554496,0.2877141005933504,0.2151067101871371,0.08360159796845754,-0.015981154383982916,-0.3815254138132593,0.3951831784642412,-0.14028445020234612,-0.22859706051436418,0.014003580520593669,0.17912278184601516,-0.14396263128366024,-0.021665196254699873,0.11409996288052486,0.4948348653081478,-0.2856486960351366,-0.03599211292523359,-0.47469873699073906,-0.18540092703768216,-0.26687766178762484,-0.29765405409507945,-0.03197203040144896,0.19972999041120565,0.22911836270171895,0.1429111359003353,-0.18106278096772255,-0.1140909403023825,0.3143137297538701,0.12784201669698655,0.08757485721387787,-0.10262066612982843,0.21303713043116485,-0.00851037549438754,0.039703718997706916,0.06342566969569302,-0.39719673662463234,0.14341459979919097,0.15135254376525953,0.24626448360028996,0.12748429692770727,0.22945531485024875,-0.32869366780461434,0.22059913464955788,0.012658041543558433,0.28957631382729365,0.037168072072258064,0.2669629691985299,-0.06832567166447533,0.1775552878593383,-0.3025100939193891,-0.029224526514881808,-0.22974748282373017,0.4718016561905965,-0.2456865976594328,0.8548840068170349,-0.32023168995791185,0.3485881432563878,-0.24175310425147037,-0.10971524102948248,0.24149737215144473,0.15845087713603645,-0.40632812366609644,0.26291966353984186,-0.1570385472857542,0.0075374816735956,-0.03915220591710476,0.11395854640343896,-0.09908457226235892,-0.05851537284630274,0.11880521616929302,-0.09113529518416812,0.44501309048171056,0.07681513583716049,0.14410389351653963,0.10372499452320759,0.4639273470330882,-0.09959302819127429,-0.11399434472801628,0.06607470762161906,-0.19230538944351888,-0.279465846387277,0.3185420966693112,-0.09798659798081116,-0.2446784279049361,-0.10065032628129254,-0.08791548692378062,0.06897537579723949,-0.07627156779991248,0.007639996884351032
0.12671825700002975,-0.08251181267439019,0.05751024443719979,0.30294734959154623,-3.5349191788999166E-4,-0.2667045006921202,0.11461541487149542,-0.5690859065750192,-0.3302567062227477,0.4847952402088959,0.5539713180163,-0.30070694906062406,0.002351641642219269,-0.8287662882335596,-0.8112935158344925,-0.20279368995518493,-0.1341769710174905,0.243257952016807,-0.14806707665246688,-0.040165406836270304,-0.008878195993573701,-0.12542221755254424,-0.5122945436180949,0.26474676578662565,0.06132416223458501,-0.12220494334374109,0.07324126241738976,0.02605955666698707,-0.1724487049072299,-0.29434572231930306,-0.21209377306484772,-0.08451825260224023,-0.038674641235636416,-0.05206303721529973,-0.24922762335253532,-0.017628363820397022,-0.23848384626197286,-0.11872598452053673,0.08271080780335345,-0.022634229540311347,0.310315042592735,0.43501744811553505,0.16901575771340518,-0.1478159325169434,0.1029788118123099,0.06577839541001847,0.12826385363421888,-0.052421364862110575,0.22398875191527282,-0.2774664357311918,-0.3247472615908455,0.4785616799222591,0.09090724616483756,-0.009129808795584175,-0.14329433668867994,0.19169796430938515,0.18195708797943094,-0.03277502117487202,0.06361911734659952,-0.10604304060403671,-0.042295386767658906,0.5883033386405249,-0.01974820566036929,-0.006174400698159078,0.1581851457174649,0.22759129084656607,0.04143868637899127,-0.03713922417467085,-0.1875659004848469,-0.5667653588020984,-0.09991690154786946,-0.15564606688425323,0.1683029605806629,-0.15940178092762816,0.044624941081577295,0.21643423345558963,0.15632240197126804,-0.21215171328259208,0.10152610258404159,0.035016057796419905,-0.4169869372016446,-0.020054719288905894,0.33591737023455565,0.04190353837215461,0.1978530390202214,0.31564636829850484,0.030035038152526266,-0.23550133061421089,0.19298237301984403,-0.6012424631387824,0.16089501915740098,0.13614770110030078,-0.1445570471887618,0.05054907651869786,0.12561200549069837,-0.3838624968631313,0.14849265723098443,0.12811974455964775,0.14300565105857663,0.30122630891444707
-0.05633101971563357,-0.04145419172837395,0.08547082333521641,-0.1797585700306984,-0.06778672097157468,0.20642177544877754,0.09347493347167594,-0.32285639550597184,-0.09439389375226301,0.10739437017849794,-0.06997073338728362,0.07967643596298866,-0.05086081130618243,0.12758084607174797,-0.1824338519649632,-0.07809055785148315,0.16916558805094353,-0.06296188788146696,0.03303152817415376,0.034186306393139354,0.23613974572109217,-0.015682422471481248,-0.04388952637393344,-0.029116122413151008,0.11698722975359613,0.04956386707326414,0.1855748233048147,-0.0038951214686812436,-0.1446626923921095,0.08348647238567285,0.12158993477097482,-0.021109348641747207,-0.0025830675263761927,0.08769040750641369,-0.005460344560533009,0.18373224767709526,0.07869367405008094,-0.039792360414383936,-0.018608582461083437,-0.06385447671059127,0.08772679963179497,0.3477275912967848,0.2529410594739122,0.17938043971371842,-0.03526218727576838,0.0014663555603250478,-0.04051815805260072,0.015123797516092469,-0.19587919369491613,-0.09521254700302371,-0.1482824800996569,-0.04004082337103623,-0.02942966189239784,-0.07025228406866635,0.32198161932998975,0.28943371688623726,0.4504934312106886,0.1288110530417195,-0.31629177073863507,0.13826596544389338,-0.04296246539964846,0.050774179818554935,-0.25315934940231993,-0.1568753255234431,-0.09538591415309179,0.09608483835930397,-0.044121218100903685,-0.11261357069886795,-0.009986095306281128,0.09993184953385854,-0.14338177415753425,0.016751844965202562,0.15767366716693013,0.01849107576185552,0.15435486592727599,0.09506227299342332,0.02263531172172426,-0.06869437107467628,0.16099408399319112,-0.11023617443654228,-0.05745483596393863,0.057314670409543314,-0.020154986146023485,0.20653621033135655,-0.20298792359462556,0.06477957625051428,0.013421929922285698,-0.3345191235878666,-0.09553094593605944,-0.10343032054434315,-0.2165962614832002,0.12326320942226805,-0.08607258493347576,0.2262913927085735,-0.18221827371005464,0.18478551396259107,0.0019192464987865306,0.04733397244949808,0.06094293707316001,-0.09520394383846797
0.05553183434212211,0.009129640492155918,0.012559662951870356,-0.05450627145602819,0.044867615680845324,0.07059620396332156,0.034398679804800374,0.04254014187372905,-0.02193975498108137,0.019442386000732493,0.12593284974421415,-0.015801318034384663,0.005992993690250984,0.020834187212183036,-0.08112343528790852,0.013168539585506312,-0.03099903620904859,0.014410504732634334,0.06288694424857982,0.034423256184930515,0.016512943286228394,0.05781639569854096,-0.01899109655100818,0.035589060235935235,0.07041120727227775,0.037846281510563115,0.03288401178716636,0.017495327837003846,0.05872438941469023,0.06663277310445191,0.01219361924828832,-0.07063652289209081,-0.05822197369265847,0.06574990395393843,-0.025744271760141928,0.058980755833533405,0.018466745629696732,0.010505173766089212,0.02948882253253814,-0.025976655459401095,0.033513729802483606,-0.03533348869460024,0.043181672430601996,-0.007506957065051,0.041658328852953015,0.07215404462017445,-0.06412525620366784,-0.0024286143174891985,0.04777291750183841,0.02291904175178349,1.1311067596460365E-4,0.004777134365952256,0.018132668105312656,-0.004314288562407818,0.04250085574478556,0.005828866310005574,0.015763151244931252,0.047770855746538325,-0.0402180306470733,-0.08967046060313807,0.018411429339456557,0.013302015893402037,-0.11153578326782541,-0.07864938840601084,0.015601992109485291,-0.03871130192683692,-0.009740178930869184,-0.028722213104327203,0.07410455592585438,0.0249418223721568,0.05344134934811399,-0.06389120015206358,0.02971860348461946,0.017208855508867135,-0.028202849907826566,-0.08141040135802836,-0.024045756639837875,0.009613421162200804,0.019054783325837276,-0.06902230192803516,-0.07727042397112238,0.01817917050002294,-0.04284086739168238,0.08382513458681094,-0.049529829524083635,0.02054248832528319,-0.0700759666712507,-0.05105370998005497,0.0543628930548472,-0.03435588551731895,0.03937466324308344,-0.007881391823101042,-0.010684738137062826,-0.03176321811702962,0.02308773354454429,-0.020781544634576,-0.02997529071910812,-0.04568317936298677,0.14608698947295318,0.04779623207716463
0.015351549061263165,-0.05039347242287413,-0.025456224348189192,0.08523770044666112,-0.047394776790784986,0.0955401578760982,0.12143377285506196,0.0500918927613074,0.004583205324789325,0.014582178834168008,-0.012351058652573093,0.11805222804724151,-0.0055115008351124106,-0.0910442798958401,0.05489589721531764,0.09747344348821908,0.05613670813885239,0.006835727422875475,0.062052153639989956,0.17667076565761644,0.0816765842274604,0.16104822078365136,0.06268576241512185,0.16523302738617252,0.023865762778585483,0.10795185061801517,0.029699484085403925,-0.1555925183238435,0.19210352837890726,0.13858752214186398,0.11445158675126246,-0.08442424148881084,-0.06751255513637616,0.009905611686241685,0.03511480542719038,-0.049136718512553385,-0.1355357560774125,0.231450499002746,0.006284705994182653,-0.10092288277787113,0.0018191755558793182,-0.06000298857933253,0.12620807436533707,-0.04065988182344721,0.09668575720462753,-0.01193327693036554,-0.062508568432299,-0.09254734104987855,0.006144228140781134,-0.1176382245597113,-0.0681804272026987,0.015890203515742864,-0.01689304015894703,0.028642053678638483,0.0354962475698299,-0.06398227161941807,0.132256779617851,-0.011328222768091149,0.0036713898059187494,-0.09203765323369273,-0.1739774451145141,-0.23992522203793606,0.06762690809743452,0.05437469527439239,0.04862173373442241,-0.10540778343001536,-0.06511187991647986,-0.0056347303282142875,0.08255370754208172,0.1182120831143611,0.07218809664461201,-0.19961232013610933,0.12114590929724504,-0.00526003668474228,0.06591404811556414,0.03659254048085998,0.050022826112691654,0.037828939899182186,-0.10062558846037499,0.12671017367784151,-0.056461735784939536,0.014738866549570576,-0.017474412278070995,0.09609168949996351,-0.009868081897075342,0.05048040254124203,0.10448059731281224,-0.07731033919776306,-0.046521333694406156,-0.046674921687821565,0.054722475665718744,-0.19258770571658368,0.05763971546288179,0.01593912672313554,0.0012535308013127346,0.19506308294512542,-0.12873597105920614,0.02503901473073567,0.03354565514197162,0.07743658550630692
0.013091775237314966,0.34995295686157873,-0.06206140222529015,0.5487849775896497,-0.2975539224261002,-0.5023418913631104,0.3790508291095124,0.10329948412027092,-3.9561364537689804E-4,1.2390085794346217,0.0626411001673368,-0.02344779219066036,0.5041360111869156,0.1075637573432131,0.10464320843823977,0.5543762155877684,0.6090084949287377,-0.07349864485975648,0.07812640074426215,0.10239314423461886,-0.07057770210521927,0.035494180847160654,0.03037232121387345,-0.07154485232905376,-0.0024388753776732447,0.09552994748711761,-0.6780664297816151,-0.17414719914546506,-0.38679142539902867,0.4445498208922594,-0.3246569723818825,0.005382747822541646,-0.2550094894716631,-0.11619560009649241,0.2592063278771183,-0.015391572366334911,0.46882938055102114,0.3162174145272256,-0.2764115287496344,0.4055312287793205,0.5944525481946881,0.5031871486858328,-0.14616484374657293,0.005022371298940196,0.31370291090913366,-0.1903108180917035,0.5864893440858939,0.13751429286083708,-0.32481197857997035,-0.3006570483216356,-1.1674583106901493,-0.6373207032736683,-0.3707803656717353,0.7849726130714747,-0.035175679347651326,-0.255003566618362,-0.09743645372503051,0.2073724905497942,0.055370253882723944,0.4516845924206384,-0.06810303189657885,0.25123608123090235,0.004495919320315855,-0.01901344656550851,-0.4025450025135418,-0.36218288208283644,-0.37014568674381176,0.7068829218755192,-0.08505897678106576,0.2684807080752791,0.001517739484259235,0.41577644751866505,-0.26563126766100187,-0.16310672934448567,-0.01152176725611318,-0.09157486957804237,-0.26776008133300694,-0.27452452080097256,-0.28089878455247486,-0.08633218209206238,0.04118574533939451,0.18294658433520358,0.29992549370233773,-0.12227179134909756,0.6060019049521644,-0.31916127349822526,-0.02884070919959839,0.7701471292734486,0.09722769887715058,-0.21580534289902115,-0.48179674595662647,0.168782556196677,-0.19361138752330337,-0.8067414994750612,-0.06232497476629353,0.37980870260033334,-0.045818109788485946,0.27811355226380274,0.04324284752294399,-0.16373722386983294
-0.11401219654009316,-0.204494495110227,0.051836608396563816,0.10025989718388414,0.1359353765526652,0.19351322103179022,-0.005009538372566875,0.4413748668060205,-0.10185759193112594,-0.0717687975770895,-0.2638961998810506,-0.05385251104572109,-0.07618944151065361,0.030728452498686085,0.1318425075187906,0.03187102863016908,0.15357536276926312,-0.6480928581343688,-0.032662561325691224,0.47491563171724577,-0.27594944943815913,-0.08250936743547355,0.1777453303081963,-0.18751634564764552,-0.3750277115715545,0.3319932426961201,-0.27896456775315204,-0.331397672534851,0.14599210862564688,0.04024875895694357,0.023073392535415054,0.11521886151458376,0.35376959330197366,-0.21933667972669996,0.340973585346364,0.07028750679804076,-0.027326055501106214,-0.27711297932742796,-0.03010136581578647,0.5819476526525454,-0.030780175314049054,0.2690410443255667,-0.5314239094636114,-0.30182481047145865,-0.05262949178001631,0.018671313776112614,0.01875042655692701,0.2545788246974358,-0.2754767918054078,-0.2203584472285746,-0.3719332263904016,-0.040829699095533425,0.11911241859837877,0.02428588989665604,-0.17153277077573384,-0.0019084812861944588,-0.17599884807408292,-0.016378068815201985,-0.4148335066986195,-0.03994606852123829,0.04548996302028059,-0.2336080999094612,0.0665795793691969,0.12312598395426855,-0.03263394533904035,0.14517314678155868,0.09033705695297277,0.6773195679414873,0.3082074934034196,0.031233124478277724,0.16166882434560675,0.05063045199744237,0.07489367424788244,0.19444756042384875,-0.19583510718468677,-0.3172423853624639,0.053201168972704785,0.5336941445666005,0.2636541485275204,-0.016296483225432725,-0.2711754756058681,-0.03808185928911653,0.06610783115460551,-0.06210092852427163,0.1874239449837717,-0.15419686081482126,-0.28483733063273936,0.16084858979234926,0.1276509242582942,-0.10552033087152188,0.1703505352784633,-0.17733706029279914,-0.3792705868985409,-0.25284844551556573,-0.012122133810882927,0.14270403268720766,-0.0938543090432716,0.06685529574835873,0.3369346779563657,-0.125214059555826
-0.0025238433009529696,0.007653539921785799,0.0023700825821614726,0.0038602990252502457,-0.08593687320354597,-0.02678553167023851,-0.013845694987810929,0.06981827229589982,-0.022340088789809944,0.0228718615012043,-0.04104155440293175,-0.0075693837262689675,0.03984397772032534,0.04622155334147708,0.044703363503062594,0.0033962715379595,-0.048574553485254274,-0.015106752182567828,0.07944000267765546,-0.003388195125542098,0.041079911694810727,-0.033089401129532195,0.02073276901427148,-0.006925842780073613,-0.022541745632669113,0.037505508053248676,-0.012406747646324705,-0.018484654188217372,0.03598905163190587,-0.014573372944691758,0.019116756077886536,-0.0015651498039856585,-0.04985937091790099,-0.030854184677262628,0.006458981938694038,-0.06163992554101968,-0.04310354490921084,0.06045940410932247,0.04745446126261624,0.02328488419879171,0.006165871708159179,-0.04792926702284539,-0.04472225030053345,-0.015384948734471502,-0.0073973106506592815,-0.013249447435702142,0.05087771751224277,-0.025021259333879265,0.09981804849020985,-0.08586037526608209,0.03614353080428539,0.05616629668283852,0.025225667405571205,0.0039041592187661445,-0.0026580743876372763,0.012212087114841086,-0.10195352765440119,-0.0022980309229103093,0.017253249921755764,-0.0205263033566016,0.0348660558942423,0.04547679465811475,-0.017249506834094756,-0.0056320786142483965,-0.02951381532378445,-0.01951163102162029,-0.03152644776783905,-0.009886602939700301,0.007803590109059502,-0.004107727306596029,0.03278623000181217,-0.014030655080755908,0.04219457752214318,-0.03615453691682954,-0.009391940918937212,0.017050485705001336,-0.00142144515993976,0.012970102786744557,0.03607492327817457,0.006090588266853671,-0.02365045645986536,-0.01709229044499717,0.022623682292635578,-0.0748527399104434,0.015542904043187611,-0.050216849152131315,-0.030700618597969454,0.036959494794599444,-0.02646846219917637,0.014950063557397274,0.03771139951312306,-0.0494716047616854,0.04717320515942677,0.013762991688304393,-0.11579639283909028,0.019566601535201095,4.085275644671304E-4,-0.01169402492168113,-0.0576712907226551,-0.03763324547965364
-0.3381841790762786,-0.4142428261686931,-0.2257250937464482,0.11308592740951544,-0.24589338797840163,2.0495511054819998E-4,0.252749085011025,-0.060629185150758345,0.03411687109987941,0.0749572719982299,-0.05916749314130619,0.2995231063559803,0.04792038527120844,0.016059554552705343,-0.24225381924591324,0.18889367481256064,0.13706489537717959,-0.018308996465757652,-0.06161528696029659,-0.07894393464346346,-0.16599047004226902,-0.2737423169606558,0.12821587538206392,0.038721550606537945,-0.32790405696140756,0.10323246821257324,0.042751769788714485,0.08895137702460497,0.03914062060443412,0.04679889274742309,-0.37732124420808677,-0.031600051830976146,0.423949524250294,0.16334936086051804,0.23389183846651693,0.14922190010061417,0.03489708085818851,-0.17411093046061377,0.3310276753362593,-0.031464164143133064,0.3469692950431445,-0.04375478889219397,0.08321346493503165,-0.019232989156422603,0.06776541376267933,0.5554709999885362,0.17874001861389638,-0.30762097292487567,-0.20343364961262203,-0.1485584001731365,0.0765156347964809,-0.034895522491596824,-0.2989747049866711,-0.12861396236641987,0.02059766994774611,-0.06101635301063343,-0.02827041939247522,0.07626526843875477,0.05901504740267697,-0.14403291564332377,-0.20137004957154175,0.1644836632811552,5.074903787119745E-4,-0.13110138842364588,0.09196358545373101,-0.1618492629087861,-0.060665163340707796,0.09532772897040655,-0.13467851238131265,-0.05624131183083604,-0.21560020189386214,0.13299060279824737,-0.09814011763538909,-0.19102266658129027,0.0992286708511728,0.30247307510300364,-0.03815807469677812,-0.11177550077323486,0.3389780758552752,-0.17954380654690028,-0.045147455969256046,0.052532926832351515,-0.3670536707009486,-0.12828560691214227,0.05887659374663016,0.13528344164461048,0.24295546221268993,-0.18036405859862895,0.06035922393600219,-0.0026800192268803045,0.317068118062364,-0.0563778986927706,-0.059598918778635684,0.026094399274170135,0.0014255102842351995,-0.26545244975589327,-0.003105108912928392,0.1946241815026924,-0.07895665635772703,0.27105545478051846
-0.015021167717401696,-0.0017474110558077858,0.00756149115482768,0.011514764810119623,0.0038050498701882895,0.01952956880061352,-0.009322517210638818,0.00463855461394532,0.01965766415488995,-0.00540198571268665,0.01631356263525251,0.012838040294227611,0.02763588939190936,-0.03212841085935897,-0.019765006254204333,-0.021028229022724186,-7.813576523991491E-4,-0.012349198120890274,-0.013927575398107463,-0.010793320248127233,0.0064736767389006735,-0.01170143770495522,-0.013900540438233822,6.164328401482087E-4,-0.017088624045930877,-0.011398051268907257,-0.006352802010807846,0.012447601607959102,5.152574016581778E-4,0.014643998820609324,-0.01847120407910999,9.545432299216345E-4,-0.00783413503093939,-0.014356127739938437,-0.009517175584475512,0.005120723497320057,0.002940716061173034,0.0019599689687411236,0.032802428057957446,0.006829297958714477,-1.7796407852377924E-4,0.02720924725496077,0.016567586967812728,0.014503580318357164,-0.015003105402370404,0.017235226350727575,0.019004786803508228,-0.006079372879718736,-0.008472073086153041,-0.01037548049442536,-0.011191176154615961,-0.0048773040036002085,9.201212477817209E-4,-0.009563549752658563,0.0049225853948146265,-0.0026496977833188585,0.010814261192767315,-0.012159818190157082,0.0013325911553265513,-5.50023318170216E-4,0.0023178333745782426,-0.020005145090171206,-0.0031300782731752312,-0.002792618760701863,-0.00993343431105628,0.006291698296474462,0.050343204862885044,-0.013657173568735772,-0.015070321899736058,-0.014725341840783775,0.00779962547986262,-0.02068657729363725,-0.009717125700921987,8.141407798229162E-4,-0.019055420491333637,8.933527300541589E-4,0.003040874980277133,-0.009719436104880443,-0.015664188418669824,-2.969558359742497E-4,0.022037564796911945,-0.021657790132514888,-0.0055461805527337845,0.0016208537032619025,-0.009089971579073089,-0.0030232754592722684,8.335440941786924E-4,0.008618320276836462,-0.01679410001501414,-0.008245619651269003,0.040060650984816884,0.0024856718930299617,-0.0016891625656740555,0.0034415349850550883,-0.005389189062667876,-0.019424807231148054,0.0016739359432073923,0.012648606683549767,-0.020443687858268528,-0.006012756913273854
0.04964583719035467,0.02565314514060445,-0.06427422281860222,-0.049516881046003505,-0.026807429203462328,-0.0797472485076898,0.23326828932598892,-0.06859687497562512,0.14232779432882264,-0.14020156626959945,-0.2313665781238798,-0.03925939816396259,-0.03958846472382109,-0.10618534985240481,0.15261481992758244,-0.0478346101826401,-0.06740368707132059,-0.023852346885042584,0.00577957118782999,0.03326616719859878,0.047551354370026805,-0.10893004208495784,0.07242381346222922,-0.007430393129297835,0.026267783052897047,0.08022682228531662,-0.08707523629775392,0.10283915056258608,0.0037144060290494035,-0.08641308451913977,0.16391351709705665,0.17429696748212806,0.19615462127881278,-0.01901150046138565,-0.14094310464945495,-0.056338676561185526,0.09725700081184013,0.07164294344717087,0.11994419838297984,-0.1161890232967398,0.13219989373737856,0.0685098038321792,-0.39576097381665853,-0.043829987183717514,-0.033148356010699064,-0.14963885860797166,-0.28410877828057324,0.08360699521412289,-0.1628947459250297,0.20397106820326313,0.007796159213048786,0.06898112556681592,0.02412220195944903,-0.09967372225519125,-0.1297801267598913,-0.1055713089349195,-0.24862829332235398,-0.1888092039002064,0.012107988207278689,0.14728984176981882,0.09221881624509529,-0.0058857406912235745,-0.06516046232369348,-0.05134968833883769,0.15175152177566184,-0.1436773821918448,-0.11024374379403225,-0.05526077172015965,0.11045210641196841,0.13591810147266584,0.018252202917478994,-0.11296157361706528,0.06319258129759264,-0.07408843193894257,-0.0923970084117807,-0.06306571553528081,0.05295871832360999,0.09384515864115232,0.08773788694955277,0.16123590476648855,0.22200099356512598,0.04327130509766588,-0.18621793580686663,0.058973920109263354,0.05408185398710207,-0.20324299862398973,-0.30769576852187497,-0.040544930917752346,0.12053717241433178,-0.17483017027587672,-0.1009919070753806,0.058125663234620296,-0.019378185987671704,0.14768116812847007,0.011991047310349673,0.14274262242690197,-0.02927045656592105,0.18828767515513534,-0.20370447732327512,0.05199607398647434
0.1617039928469455,-0.18670412257078625,-0.07234533602835763,-0.017016670972564412,0.19457665066355745,-0.16452516512093954,0.2273890296323026,0.4057073811707495,0.24577524792396638,-0.22428362201860452,-0.0032882648756791004,0.2300557304625979,0.06221334192055218,-0.32612067851691195,-0.12901332163190155,-0.06980589035869077,0.4071106419471905,-0.22808824884518195,-0.100253653777447,0.05696542293863176,0.03383583451280894,0.5569407600427165,-0.04402707935020423,-0.016835647778698785,0.0016555075784541106,0.2948980807537476,-0.15578309498323795,-0.17262118561621476,-0.10990134519142343,-0.09094001401630494,0.22564774785274816,-0.08978559213862783,0.03398680613387239,0.3620726147091682,-0.0035605355832125886,0.11509186427422169,-0.2956672192020789,0.21588158470809912,-0.11124978196091029,0.17608689778905529,0.0032354531140143163,0.161504631907159,-0.15239730586125036,-0.4309005776226836,-0.6697436507962997,0.22339295384378685,-0.01571474448024094,0.17636132297771645,-0.008830783827694692,-0.20332150488719797,-0.1090105881164097,0.12885164383078956,-0.1873149246089261,0.10601266206381137,-0.1555823616754091,0.27314241453800214,-0.11949759904562819,-0.28940545377113924,-0.5443642962218154,0.1189001226976389,0.18333926049564103,0.031269834289699525,0.4717367660016644,0.047093071346097345,-0.5416456829419989,0.4397470229581127,-0.01098927798773397,-0.15213500189906687,0.09605836847988854,-0.13202257796707384,0.22042355945461978,0.18408465079147088,-0.1943052414574979,-0.3935445545275481,0.24970119976017907,-0.1610114601210064,0.0916788412952507,0.1825520000127504,-0.20114185799214748,0.04185170656162602,-0.08740820242122155,-0.2622527036151418,-0.42200123733841705,0.030347059406727998,-0.22997457946788105,0.12609378954932188,0.08061470460233612,0.09836570113572407,0.03875742343551813,0.27282132206363086,-0.10520378525808037,0.2931416972686364,0.5468152136538695,-0.10516436089459591,-0.13520291372262302,-0.4900131935354682,0.199411766179874,-0.484216817555047,0.09555652143730464,-0.21998236185115203
0.11169787721930619,-0.01334034896259861,-0.16488082145124452,0.056239683854122174,-0.07056249075891328,0.07348198013343692,0.24738803933725134,-0.18553795467257844,0.12878436829700993,0.008986743130247636,-0.05055013538463151,0.10817979811412654,0.13332307166815976,-0.0043372587923966085,-0.02818999046414817,-0.13452371636328184,-0.014474469663856447,0.1264880081101479,0.1418639434289802,-0.04165879223446196,-0.09126319297390577,-0.08833629226136608,-0.07722413402850371,0.1512301058728478,0.25838352891484556,0.11950978156145595,-0.03283607062385989,-0.20404228154480597,-0.21257067181790976,-0.10665526551569693,-0.037712453449560784,-0.026118346693566576,-0.05258619602487252,0.019275558618632987,-0.1301331715572333,0.05672121531548907,-0.022774810022775174,0.03766980009848792,-0.010045364245924861,-0.0834087492464949,0.11444785211102064,0.0410717223584407,0.023240659042685283,-0.1751342503157165,-0.0858036284235809,-0.16275799953258643,0.05980643157324035,-0.14986998934500526,-0.15751095486726308,0.0527784633178191,-0.26915706677262674,0.18480396588269885,-0.10423853491080687,-0.014228539095012555,-0.07296900692496777,-0.11199608093607803,0.01893505636861889,-0.09009079733432686,0.061739481720241955,0.014833897987848167,-0.2552513953870009,0.09012995046238495,0.11460782833720214,-0.11788345377314906,-0.010072772997728173,0.11989883358949768,0.12650591597879463,0.15196969452860973,-0.09067677269033547,-0.07183307069336076,0.05295221449652026,-0.0028478896233874,0.11983761004445667,0.008967657140447664,-0.01603781330638493,0.012698126559219688,-0.16647938384272928,0.2561567190437578,-0.03218176550070683,0.15229555563216146,0.05278003837882222,-0.05852327625120475,-0.10830087459634538,0.046404774780306864,-0.11792320578119257,-0.08845940987842439,0.002515003188005354,-0.16058540799554333,0.10062082274868843,-0.1456853639090717,-0.1476506644621583,0.25683665579947323,0.047151122721705865,-0.0857094893397703,-0.1373658869834538,-0.04306720624530996,0.01849355696570724,-0.01453146767175335,-0.1307148579743707,-0.08681747212531814
-0.012644064091823986,-0.01031531922316568,0.10239694215539802,0.1309654644545062,0.08655650371270886,-0.03166635825469863,-0.12180273534790016,-0.0061145089429651585,-0.06840831561480709,0.06122435914347299,-0.06383764523787894,0.026275162622003263,5.368280194997964E-4,0.1185895934421646,0.03554925328178026,-0.009434799100420176,0.018972397654364606,0.08188935138758403,0.03954335329287007,0.22682346613566692,-0.06545718235953223,0.12018103168315694,0.06511421830841903,-0.07492511873867158,-0.03678978726960281,0.01719372880345617,-0.0032240565213947536,-0.04713022074122722,-0.0016498250281958868,0.055923796033338136,-0.04282520026093279,0.028802216664081226,0.023629173030982314,-0.0620368092924341,0.238201418966807,-0.20154087546442648,-0.17601701367701916,-0.07573077443518196,-0.2034280779492876,0.15833774192865496,-0.04195702022956386,0.08766136998889243,0.11622076272724413,0.1717052818066574,0.1318622571338153,-0.10465569646258492,0.07558473770287966,0.026165289746429135,-0.10456564969843331,-0.08973191013617016,-0.1286851900205636,0.004434842266475394,-0.10588001681443304,-0.11892090191642554,0.1588977727030677,-0.03838355509531824,0.30366946517680304,0.07704811382832176,-0.007463845991002155,-0.0290702886865327,0.020138565400325978,0.21161283804305847,0.19686158140877855,0.06641369923849962,-0.07513408838587282,0.026182307131119638,0.06454942856300827,0.03727614851730622,-0.009018345029131309,0.1712059196675745,-0.06880046546630546,0.11812087287806118,0.05937503183952744,0.08643615363474044,-0.08898051906419406,0.0977705334147774,-0.027375304364998018,-0.007712948638288731,-0.08031622194720184,-0.03170922492923418,-0.06924801746902286,-0.09012322315169648,0.1150950958363457,-0.0019939136937977293,0.023095790528417776,0.11859872763379746,0.15898538711203197,-0.024663902046783693,-0.09305019325922527,0.05498047118538832,-0.05493339252560394,-0.05062295765936287,-0.04227184721715064,-0.05757333035887845,0.11690937197459543,-0.07042693478172296,-0.07090197755116928,0.2854677467360053,-0.0027651791671786568,-0.03149894683939736
-0.0806719034515658,0.04060978210053879,-0.0014942953117860387,-0.2901579552830729,0.05229488324198956,0.1984080466742657,-0.2082656390552213,0.06765153710194721,0.03946113744914257,0.10870515014815436,0.25098687998033714,0.3051713465248923,0.02269552699240429,-0.0727358423545482,-0.024541199907139266,0.10030919433637897,0.058763204287644706,-0.05500792707097779,-0.35560086426552656,-0.03433604123434243,-0.5541590783805462,-0.011766499745497394,-0.03915555494402141,-0.2820423951772005,0.3912526527285062,-0.19957769616100485,0.016043167472427518,-0.04027193229916053,-0.0659340742766525,0.3931008926420128,-0.07894011306304462,-0.15943579605773356,0.3470347254089232,-0.0324394846804806,-0.05192106509276926,0.5097650408267697,-0.43548743741490886,-0.08642748381584275,0.23016428918017895,0.293023244938475,-0.02006176338781264,0.22066332394074797,0.12532751576093887,-0.1812637816732674,0.23631262835748837,-0.08434057461186575,-0.023868767814850412,-0.025183958550104624,0.2613128867988917,-0.13452030775891427,0.3097837326703286,-0.1766732331648883,-0.3295902707809596,-0.2677834495536294,0.31495461716942197,0.1697491412520238,0.35278085591513775,-0.06895472231918934,0.27300205601922295,0.3926677689940302,0.2673003941077307,0.3840039995467303,0.0875691374057634,-0.21548335942013125,0.05532953888700262,-0.2462428538089196,0.14570331521261534,0.3086013075963832,-0.36700025175713413,-0.2871552376026156,0.06385824761996439,-0.30297246323158983,-0.07916055901858964,0.004996174691248462,0.18769221061148267,-0.17681646085553646,-0.014188604886121775,0.24426630305963076,-0.06896396360387652,0.3834492416990974,-0.09935136521475837,-0.04779648366771299,-0.03313029944316463,0.18955030898339717,-0.2711080989471167,0.7108317704529998,0.33392215542422243,-0.17661585752869316,-0.7506118294566722,0.2979310524924592,-0.01229931770411404,-0.17741665682594548,0.6241497430054721,0.42190632519038784,-0.023111857827148585,-0.6254036464990834,-0.42882959283223476,0.1612062508903193,-0.018497022985181695,0.594119844754831
0.02872058415316537,-0.13873082896452776,-0.015563816598982027,-0.25928921245013253,0.19752225706199183,0.040804968079000456,0.450899242329587,-0.1962554764179874,0.2143951587606422,-0.15264574710753426,-0.03587455224608088,0.2116289939781203,-0.03396833264118579,-0.3271462515461246,-0.24958579514625398,-0.0060341395338312,0.2302612968796312,0.3535143243537529,-0.07873434190509884,0.3626959644004509,0.4045678248127946,-0.04969435938880233,0.14286768403901642,0.1800988778990546,0.20672107188318659,0.04939293672552164,0.13884726247773507,-0.021394204723170208,0.11330469867761438,0.0702457336967368,-0.13131472658851162,-0.469552736163365,-0.38187370936004855,0.1527509071930871,-0.21984739623113592,-0.051433602900171044,-0.06202221318938832,-0.40138257162080077,-0.24416671848528115,-0.010554716633309626,0.03848919148559788,0.025057500336009092,-0.005355990083531529,-0.29132794306972426,-0.12695379664900847,-0.061610454050072594,0.15011359731490642,4.8109863216662526E-4,-0.3167725698875845,0.009430374043590185,0.12087962741193183,0.2689848348247214,-0.04763714136582263,-0.059744911583721076,-0.16095867695726762,-0.08843167206821458,-0.18267749827667823,-0.13042823827613856,-0.6430214086076205,0.024504406458083532,0.10939215067683006,-0.3467110485013833,0.3004459080682125,-0.19127606505104117,-0.010136112588765364,-0.27903186266072716,-0.02083181319316372,0.4537705926212231,-0.27655864657962126,-0.3225472765039128,-0.27660391055840894,0.3274820680615972,-0.15590647498617796,0.5009246474173248,0.24986583230255185,0.11935441647691353,-0.3222174702703261,0.21732995602617916,0.18723574034245216,0.1292235334084274,-0.06866628084898821,-0.19636707578758458,-0.3786483021877168,0.05150864209418504,0.15342568520752164,0.12624414940467263,0.029734074049428273,-0.03292088588206606,0.29739279541854396,0.09948343373435989,0.008636343487110471,0.059058909798223536,0.022180699156048027,0.2607560141489091,-0.1216706675440152,-0.06368339688074302,-0.08750161102929041,0.03319571690370554,-0.14823062557253142,0.06403945885598661
-0.13970061667133013,0.557120067950121,-0.4874145258796351,-0.2979526945969089,-0.13916503185226187,0.11270663164609589,-0.3012185701254617,-0.2756792249323837,0.08142353831904531,-0.4588872398163622,0.11586869836160657,-0.12112711333985006,0.16731782833021913,-0.3104842188316505,-0.27285589655492953,0.4701051058324223,-0.11375084312417905,0.1492406864702051,0.0501372666549505,-0.23228846451330068,-0.3364662188530874,-0.20614214164286462,0.10814487626880517,0.04461265066149604,-0.09052916243978856,-0.19359202465875405,0.02760135322565537,0.5641538186193931,-0.372770351266066,-0.0679830622651736,0.18297951706435372,0.09911619097334069,-0.13476074741367783,-0.011283690885638256,0.28140647708944233,-0.6552909493998742,0.07044690269830446,0.061764589542842696,0.15141926183546758,-0.18383341688239047,-0.03643546700908318,-0.023253943987494044,-0.6842169198759741,-0.39545516862346725,0.18289547669223508,0.3528702882607458,-0.24504405946848015,-0.001415844778330852,-0.10388167553482294,0.15896771846199828,0.2096923573994954,-0.23749625253606318,-0.4950771914877262,-0.13000640708647337,-0.08129612088479136,-0.005624011067121858,-0.1342969825689662,0.0501041760161965,0.06506238091342405,0.22603346593938545,-0.18331715751917493,-0.25959456967455413,-0.16325767119265228,0.10345114843106892,-0.0428314812507982,0.3529382956883977,0.006937590541652893,-0.04822517603536197,-0.06491725428061086,0.16879239938903617,0.35002333862886714,0.33125372214315385,0.15429554553668234,-0.017949600707877704,-0.40745746515009873,0.4266482749798185,-0.14666034269133288,0.39959017787119144,-0.17473613560632334,0.09093489363743401,1.0011874610610412,0.25496518837889187,0.22958540600659166,-0.009294612192265284,0.21495856176093311,0.26108472630265656,-0.08578031697775215,0.1532658709053572,0.08566018935826296,-0.5110221579922806,-0.06321626937661304,-0.5039250528941875,0.3728687360398424,0.11746422353990336,0.8892806067689776,0.2371383695825151,-0.7886334861398329,-0.31447931241861976,-0.07060472662695133,-0.04222408800271889
-0.15730166853995625,-0.01167195534203183,-0.013779139038868416,0.11469712014530159,0.1526685273817915,-0.28833154184201576,0.028544168932105846,-0.14107012992430268,-0.19025385942105036,-0.14813690273808222,0.3488052197776321,0.11511198334440842,-0.031265813112205006,-0.2273417487475842,0.21114351377570736,0.16960040850653135,0.054191243033841326,0.007482537591316934,0.22422416752227473,0.06054287276482174,-0.05218247389175964,0.2414858836480544,0.12138699057639898,-0.18773135035544142,0.05907910084540945,0.011295326880578736,-0.006173366532272442,0.07771602907554934,-0.11335072823317656,0.00968556100847136,0.09433022269632849,0.08609889733984015,-0.08853926543573255,0.1751426310823581,-0.04492911414596649,-0.06586178366852434,0.08626273203035142,0.21715821617694298,0.27664238170101235,-0.14545945024812715,-0.30691029289973837,0.028022540725484456,-0.1189735770455414,-0.07666180675795413,0.16260083576504994,0.03135818329037498,0.002021068731895213,0.07051692040126072,0.26109312022915393,-0.09328368051697858,-0.07275360419494604,-0.01645180768093752,0.04954824193295639,0.01483740661923134,-0.14140779992474425,0.19311988669346694,0.07266228373314768,-0.16935665016293885,-0.01628701912479118,0.2731847872113675,-0.06515814366449273,0.06362138450347245,-0.029989393803921197,0.15152238305675486,-0.11808778009937697,0.05853634484663145,0.05890191995107845,-0.364785025078637,0.13400115314114533,0.03739936239389497,0.08423345506228536,-0.17675905521989219,-0.08830000455721115,-0.10316165205569035,-0.16765080259685627,-0.13661120850780192,-0.21469180388226433,0.1290143978022488,-0.1021182521435184,0.0022527702768089116,0.015119436343648823,-0.22659052013505007,0.06617315509163649,-0.06766142156353584,0.00775392508809665,-0.022210176430677863,0.10716164201680392,-0.013259534136670404,0.1638925045027026,0.02064931901494621,0.05175894975666866,0.03595958143891834,0.21047510436895497,-0.09541881093682032,-0.32627760397522343,-0.204767527215516,0.038003312138087296,-0.22496747197964226,0.17219549530765774,-0.038994937125782274
0.19882564121461435,0.4460160031004647,-0.34416375298533497,-0.3231047378537637,-0.1682293226789691,0.1311884577090968,-0.11076848161058268,0.06960805157154765,0.3486279141366948,0.09827901227358622,-0.056949528663579115,0.015273914578300242,0.0915678112984426,-0.19324655218828882,0.1447283518463066,-0.48248253913268657,-0.4873760413140773,0.0024828491821999284,-0.05188068891679616,0.1425315875488374,-0.09727854355883034,0.16599999553754433,0.31613593292975556,0.12929492838854031,-0.05416847050471366,-0.06367135907890835,-0.011249228910719378,-0.054056492728442755,0.11071810105372337,-0.013606998110064678,0.27336997193635176,-0.109491375689592,-0.3596765194322689,0.05762630236279643,-0.20201358456132565,0.09962352532464196,-0.12139295574029664,-0.4334227192687224,-0.09333117639184152,0.3209987366795772,0.100878580380399,0.010848403639962752,0.17893684527540407,0.21923503019572088,0.1469451624125997,0.041062373847125716,0.22771593639116228,-0.38005749700048386,-0.0037438411056613186,0.08218908795426398,0.3226681749940035,0.19552602330445315,-0.20178970043261052,-0.12290594618750875,0.1294919093903099,0.0378918962542361,-0.21565429257995547,-0.04356080884473826,0.14822900142907397,-0.03798417820725733,0.029872707041501412,0.007455847773951794,-0.08184845592009624,0.07595468638631665,0.1266413529475981,-0.08555892103118054,0.12331581778312423,-0.04702175246637456,-0.21861729632439797,-0.10471294004500965,0.10253061678248976,0.012101101364635566,0.004545841291679291,0.08800301732037594,0.3296017813423628,-0.008026606161406278,-0.030404878889514087,0.27044671865042524,-0.017571285476583126,-0.07847872440626408,-0.1811606401768909,0.08539024539888293,-0.3323562104169205,-0.07312359014948003,0.12183261419252013,-0.15696171148103777,-0.19319888962504095,-0.09588258988700323,-0.08891389464956316,0.2964555818046771,-0.007833011552641076,-0.061034299951883586,-0.011266672624071479,-0.11793930457509232,-0.1742441242235202,-0.30933313714897265,0.2036139713182735,-0.3834324912837042,0.049811229509557096,0.027077922447553197
-0.06053307771418414,-0.017099314921538128,-0.0012631120641633659,-0.047014100857705445,-0.02383354604979228,-0.013844998038834773,-0.02963808951201995,-0.11178834683912879,0.059377781882843435,-0.003654379877132153,0.011903625782043443,-0.05048747073762858,0.016140956432107383,-0.05264026965361157,-2.429358382502968E-4,-0.0395812143269145,-0.05537195234922594,0.039349135631133396,-0.03974771158955424,-2.458886283875659E-4,-0.01863327870531644,-0.11540810909344625,0.010439816526353307,-0.004757685515984412,-0.02643781927885409,-0.029635367466515055,0.12278022029550224,-0.006955728950606611,0.09006533677102782,0.006614001622474347,-0.03597931861644576,0.03125438620153638,-0.004291848391529265,-0.04286262559071907,-0.06250642726347978,-0.04973524999865329,-0.016273534867355118,-0.09881751773667902,0.009391729348478081,-0.027878117073724493,0.12980812208658607,-0.011750570999469002,-0.055341261876585224,0.012903810048971114,0.10130707418437392,-8.086553967588946E-4,0.004359429752994646,-0.063877564484136,-0.105237082155173,0.016774868032809212,0.10857544077805903,0.18297484130270641,0.03245410695071222,-0.03508292194844015,0.0557087303894177,0.007441826381980857,0.09764878944988471,0.08501564649376225,0.04921052112776392,-0.07794591794029225,0.03560641395624898,0.0477186324747835,0.003709622315845413,-0.03643004522835007,0.05839890585107928,-0.022354730519425513,-0.018152460082055455,0.06789059121612014,0.09021624296534694,-0.0017929849459119814,-0.01546458900050861,-0.09203763888784404,-0.04934381007888793,0.007748616180892924,-0.0032433353995119318,0.06612099018646941,0.06244371871978725,-0.01608001335625103,-0.040801969399970335,0.10343969300295341,-0.22218450303743348,0.057949497128123605,-0.1950952253781249,0.01622135765191686,0.03951063501031555,0.03873978188530478,0.008882399433231788,-0.13964119847650538,-0.035726131143904105,-0.014769501259093685,0.06691268699896163,-0.01700964955333972,-0.03386114077260024,0.027770713358329417,0.011655184901059904,-0.12988305488248306,0.014508362769321976,-0.10585359207776537,0.02548346351260079,0.029719965259288734
8.806639524257789E-4,-0.06834751785687565,0.056483821919267665,0.5111813840840083,-0.11313282900817315,0.24457694880670625,-0.5393620527336213,0.20405869574971555,0.11254834339730982,-0.3138767831079571,0.8629670415316885,-0.22358715351002115,0.030361490641700115,0.1146369814976001,-0.043075138732830365,0.9854628256429606,-1.0473665960576124,-0.029552889281656627,-0.31820750330586006,-1.186803966634111,-0.06171284716244471,-0.526407345687493,0.08467096938205632,-0.7267412455597135,0.038339117240002815,0.005637291977041216,-0.380911225395888,-0.7447016757614723,0.35453343443464314,-0.9609133197258426,0.02166461335247909,0.9518795969381166,-0.47582798690405165,-0.15861060047037648,0.24417073658594263,0.04737881709928927,-0.6096691616490146,-0.09859315082362971,0.0029689718952393895,-0.24257591716162685,0.0240635047690655,-0.4317237628892668,-0.1799271969681581,0.6111629129316781,-0.213814704939614,-0.8302157917246135,-0.6363480490027731,0.08339003799309938,-0.018700795813878925,0.25643694016597846,0.5062420671514106,0.40620852895572446,0.42306806665770375,-0.7144080726814254,0.04714900088806357,0.7777915595457604,0.7617077629360393,-0.13095794550498208,-0.2796294840901306,-0.22485432044884,0.8644659396096657,-0.2546346886221962,-0.4672251512061735,0.22846080628377385,-0.18975738150948934,-0.5075233336509775,0.2259952007538538,0.30766274403489635,-0.3468804903129863,-0.23872220720169504,0.06722045035208332,-0.2693048419123427,-0.16077125630068714,0.18690773404300037,0.03013091711148681,0.21335693371983747,-0.009548392384422373,-0.03685703940479036,-7.362516320434625E-4,0.1369648485347589,-0.6075789333980077,-0.02188341126792621,-0.5097917237666085,0.8182101297065165,0.5251296703654703,0.6241787560958518,-0.29136680219442046,0.21949195979667932,0.48936483112516693,-0.43882409187341725,-0.11581465701974308,0.17358300507500043,-0.4161714782298666,-0.20347434633068204,-0.1265839342686537,-0.11112688009070872,-0.18086905837056527,-0.13218248202152635,-0.009838257881439216,0.41292490630510315
-0.010907728299401396,0.111608517918713,0.012658158045333542,0.11586406917094995,-0.0748884430080919,0.009760455332172556,0.006226003592782976,0.007236542707895221,-0.08710072839350196,0.003399087762427094,0.06268123747605585,-0.019691801504547756,0.11243865307371438,-0.01631888117478423,0.05503994778266621,0.07162745365750932,0.21255393162350517,-2.9513777381727426E-4,0.006584191432376103,0.05628943362634704,-0.07189894122083089,0.004357889818778052,-0.007036932020581575,-0.03332877191708809,-0.022709024603765254,0.004008461427293096,0.06118576144432787,-0.14238591757961427,-0.037980105118691834,-0.01428249829590276,0.03044629464510651,-0.005632720943962033,0.06797306028619413,-0.04638628863067003,-0.00291658628913326,-0.05261196043504079,-0.020254691692206242,0.08976449618157484,-0.023788216420929844,-0.06041180389217394,-0.06684571471447164,0.0860561478548594,-0.011193399430095183,-0.01700651621870743,-0.0466202206664635,-0.011742288633040183,0.015321344741836216,0.11734717082968524,-0.0036144964683660985,-0.0411199059393654,-0.10225558586255504,0.13505395979207085,-0.0054547157943089005,-0.023425191243818835,-0.09197191890812169,-0.12397767620249701,0.06645311891082989,0.030090210622193813,0.1613287241288322,0.0387690029145195,0.05977605393260258,-0.03486940540001175,0.05930168212755726,0.09894046472801421,-0.004214315160755898,0.0204733235144647,0.0975424398440573,-0.007918782534963375,0.0281975920120834,0.09456989463709456,-0.05062713579650972,0.08062410043028637,0.04294551915244622,-0.010021962690352694,0.10444453865986246,-0.09253318592645579,0.07249617144801283,-0.04870216501471875,0.014504854241913586,0.05730879746598288,0.06146700302500465,0.018057174131820654,-0.09520132438110289,0.018892626157051333,0.051591204117316415,0.15523919288769766,-0.05300743861705746,0.021903555461395424,-0.08726416796762236,-0.07985992749861288,0.10167739163111761,0.057325996639122245,0.03551174207625117,0.025363835429129712,-0.07412760682847508,0.04082834684731607,-0.08519156772529882,-0.009258377898619705,-1.4452424264769175E-4,0.0700547219085547
0.05142300652281191,0.11536681989479244,-0.04360417495775218,-0.04526627109820413,0.23596336638585702,0.015903385215225253,0.11975401158077537,0.1276949921389347,0.08230540867373609,0.012987660801592218,-0.06592134151166236,0.05985389222794065,0.15154308087813173,-0.030569062944761527,0.3005543466133772,0.07144689516638364,-0.18004949357116115,-5.849743125179293E-4,-0.06511600553161842,-0.009339420268149146,0.007307723054903286,0.00533525688957311,0.009792945380968317,0.11781511114118898,-0.1291876056256428,-0.2330009160377868,0.11544784977481633,-0.13131778051518933,-0.06430749649773147,0.03354893479147768,-0.06955902683220883,-0.011762024570681508,-0.03188488395087104,-0.057662942684248125,-0.03953815129561928,-0.013881589396838466,0.16193864979281875,-0.14794933615039532,-0.06383132878859864,-0.037466708152965676,-0.03483598999043253,-0.12963238359755194,-0.045563057524730326,-0.0732243265646673,-0.06450272778132576,-0.14724583201800445,-0.18687071955606982,-0.15602795829287064,0.09735633773715036,0.12017781212209001,-0.1397847343670374,0.13671138884134001,0.2789422935584842,-0.020067343092167983,0.027493498361255385,-0.1505061605027621,-0.15471238139280988,-0.12921536432634867,-0.2942595004616481,0.06442178772146706,0.02376043096525481,-0.10805364208748508,0.038479273871619604,0.06281327420727956,-0.24997629143028155,0.13611774716836178,-0.08440405371574165,0.05780270552663805,0.0555948330512142,-0.2644980704201261,0.023687118602440396,-0.0520513699330648,-0.05529629951891968,-0.1184842550867929,-0.21372775598536867,-0.08746067734335608,0.16201213441265425,0.044325697757717296,-0.07098291881542934,0.11032420789614406,0.013327575029009572,0.25962762986235344,-0.21633832478628107,0.01568075938455192,0.0065397807770447595,-0.06116513604828919,-0.09581616420452348,-0.04363270051128216,-0.1236469559402436,-0.18057593101245364,-0.10873612983700584,0.01248692865961346,-0.071295395956751,-0.28175102815147157,-0.1152491841330931,0.060319740118402944,0.06330610918710931,0.11511363003802655,-0.13873973999989483,0.21295585298223846
-0.006137430159927569,0.13062084675908212,-0.06432870918008175,-0.18969425616818195,0.09660253312946128,-0.21991763810916712,-0.23942049034757473,0.09581506176570039,0.02231448939774027,0.288391296544537,0.001520487614247653,-0.1753363757836873,-0.07314837552748399,0.07273047844541666,0.32203417820174823,-0.25504147442264435,0.085062576109866,0.13295515476342304,-0.057282164816051466,0.05915153727615355,-0.3039010746435838,-0.020155304386681228,-0.04771847132429411,-0.03604507993016812,-0.03146617540376263,-0.14042859888027973,-0.26133483048805073,0.00579364408497317,-0.07940076070991454,-0.0462040706685971,-0.04844808025215685,0.1164894151081285,-0.04998800538091226,-0.30909337331892384,-0.09239015462712992,0.004641148052729897,0.24517541855205832,-0.002555367390808484,0.04055462467331177,0.17522627651784523,0.2361606367520266,0.07654163302152867,-0.1284484658456491,-0.06954073171569954,0.18680683771598147,-0.12047999128918782,0.05459379227686001,0.1746220854153922,0.1625599153589664,-0.11757258584343659,-0.013441635609336986,-0.053148959235723145,0.025778918531831535,0.014762827055671848,0.0761097418880609,-0.15200482294692297,-0.1493304027234556,0.24394200395144594,0.3437842900073583,-0.15308717327009644,0.16490186126262776,-0.12144609023980871,-0.009177375344821551,-0.23923720155094724,0.27162985408040285,-0.19843307041628053,-0.007995130788305174,0.11464625186577185,-0.11896730511780791,-0.03952211683007537,-8.626010923393486E-4,-0.045377661514411,0.03703601966336038,0.0774646191936334,-0.23508895878859754,0.026123063006875512,-0.03183827333901083,0.058955379305512874,0.13083589055528996,0.1214996411461882,-0.22517952159448493,-0.016622096499649512,0.35924113668022567,0.12754195210068212,0.06830128640467698,0.16979131168863185,-0.15854388697798336,0.22464573559439685,0.1702944051126394,0.24335555219369123,-0.04333978009416073,-0.23362570562549312,-0.020612482281199232,0.36995871902217065,0.09307000345622006,-0.4745536345182133,0.02589515409099264,-0.07578418139172428,0.1778634633178917,0.16625870623383338
-0.07596761384832522,0.1212445538088159,-0.2295143848188249,0.05732467373152919,-0.08534499321565647,-0.02948880458838113,-0.10515259244057723,0.18142373029614492,-0.04287041872039649,-0.0032023464334313455,0.08427749713266516,0.01392174398814971,-0.014918299823646513,-0.028524661414521462,0.010044822586718747,0.02599898174219788,-0.08350703603645072,0.2087037362907726,-0.0926158210675256,0.052143916236613026,-0.05905933775701767,0.010118668670694298,0.007273381557662392,0.02992036513874006,0.05165255152793533,-0.025276633745295096,-0.032407201339072746,0.0014605200178178879,-0.05096465047863193,0.0549225639028663,0.007376924909298197,-0.151779456247047,-0.010339259591445745,0.17845672959334358,0.16624949692062602,-0.017298698241880756,-0.08232621029054113,0.140268321491906,0.009795186439083604,-0.07120164159283801,0.006745332865276877,-0.034593159164677575,-0.06042550937604314,0.05193988456056394,-0.026772256714348203,0.09010302272730636,0.16237294315054607,0.007905858328892755,-0.004256299554468823,-0.09378895940023199,-0.08423416121645322,0.008003887716998729,0.00949224861985603,0.17093288802048745,-0.0749689799653898,0.029853938466238225,-0.008040923169315855,0.010674922971270994,-0.07977973719486588,-0.0277169488659642,-0.1000915074980727,-0.04694568316650573,-0.05818624355089413,-0.018594142837057237,0.04654689564937991,-0.007096282547810585,-0.12274255599075437,0.10737669638107875,-0.02491922889423492,-0.10684717359400521,-0.00943112881021994,0.03681083583365297,-0.07164363039721348,-0.05894038459473016,0.17055157455116546,-0.012554861403144029,-0.060700386899238144,-0.02550384278671723,0.054019646043872105,-0.017923822259600018,0.0057543682229595616,0.09864010755963273,0.18074708544400708,-0.0484873639671042,0.012469798520134889,-0.07308248579713802,-0.054353575182378516,-0.062433479517806284,-0.08970352385315773,0.08769397038201854,0.04339401821708644,-0.03526037872637258,-0.09199154408630539,-0.014590562290618664,-0.10825432151827596,0.027997906456370274,0.001741505061899118,-0.001758343289063607,0.13267164709265158,0.0084471963958643
-0.15661877129536067,0.012861333492812866,-0.18526004712383815,0.049493472347122806,0.07359037100655451,0.066653458059652,0.05952694557816336,0.08284682878091104,-0.004957955311349233,-0.04195901379013522,-0.027467647551966234,0.13551201893370704,0.004210782411865244,-0.06965053200217011,-0.09770764156438479,-0.012401773417485306,-0.007687922428643163,0.12946877154231565,-0.010399550382881772,0.07248194599477686,-0.03219343349823316,0.012715609027446383,0.0389111859711112,0.036264201811229455,0.15162305229135153,-0.05234684202846208,0.06762329392337464,0.14241630117555154,0.032143121811275835,0.04480656325003747,-0.12193538142174276,0.01766639173790742,0.15612614010218145,-0.018804593272934805,-0.05001253504989281,0.08603148269871251,-0.04890248768542773,-0.050671439921463064,-0.11470204060072664,0.024147377788913127,0.0362107032643228,0.033450431720254345,0.07475541803839768,0.08135631875352764,0.06786401395505087,0.07421447227685342,-0.10182214836056491,0.0098055337480349,-0.05484664234347476,0.08061481213204111,-0.059421867748609636,-0.08254548376449805,-0.037508294277893844,-0.0724731914505554,-0.08904145140603843,0.05767599716895487,0.10588095905424542,0.08920821060674129,-0.08451728207809035,-0.01346543009025442,-0.05617038921701139,-0.18730887135845142,0.09646396258579482,0.04501877423605709,0.015967864283450067,-0.011056383683453706,0.1446056272944734,-0.0296667509165099,-0.02287432271275295,-0.11509586374264597,-0.059155092641217696,0.0692600636820849,-0.08133804363854782,0.03749255896427622,0.01752167259256727,-0.01199604541539037,-0.06539840077841451,0.09200334182691174,-0.12173437261285165,0.010617283778397834,0.05586161376954675,0.0606993276822286,0.101973587993732,-0.03141794970465212,-0.059510649242379386,0.10079667241538717,-0.0694790466290033,-0.10210022635784603,0.04571946796970034,-0.12009227846518053,0.1417834214918249,0.14253309680202383,-0.011290448105605548,-0.0019637870752695686,0.08269164991444708,-0.020928727153613498,0.08779200418645529,0.11942924966751099,0.06678141714634958,-0.029249257861979273
-0.023788641899290034,-0.4671109670435873,0.3890063081597178,-0.27570242379331883,0.10105045485009416,-0.3811878593975454,-0.004448022580564129,0.31080928206202824,-7.000532380950633E-4,0.021553858334098317,0.41187410446558564,-0.35673687415777966,-0.2876507280900359,-0.19866412220229857,-0.3999708324239927,0.294902111067949,0.23149264986295523,-0.10883218142214579,0.20072433130826656,-0.2664173492763748,-0.021169462098236246,0.109282148608066,-0.022407548031910845,-0.12863122028140953,0.2150443212998961,0.09144372857370858,-0.503234560729837,-0.27207169444385676,-0.054249598492471546,-0.05900985184583976,-0.0071448427921464224,0.017999926876635843,0.14128856377344703,0.10001936535232353,-0.12736220868189133,-0.2244517186091169,-0.0015283948077290332,0.16144719715844613,-0.11188240495857939,-0.20541712574378568,-0.036000255576714324,-0.3791809282338009,-0.31989579998504547,0.355237681792523,0.10472421079831876,0.09437718884016685,1.6458580827479898E-4,-0.19980173661450398,0.16405918157604052,0.07160771553713757,0.17573345744692354,-0.0239119631721868,0.010759006728498466,0.35646641816963776,0.26901407030828445,0.08771853193709556,0.010050241981148372,-0.2378221625021135,0.06385448218000073,-0.12052792270465743,-0.09663814261701947,-0.23442467033116277,-0.13549646732735432,0.360006071615142,0.19627577328911183,-0.4893842385568905,-0.20302367536964874,0.2239018845633767,0.5328104199022,-0.18544064226311738,0.5066654942321304,-0.03730687028275444,0.049641904055565095,-0.3818876186056366,-0.10393910756040003,0.26150075619458996,-0.35903733733217186,0.10602866529164194,-0.21754430142874867,0.3010614592594157,-0.03184741845802833,-0.1186064809545619,0.2132416366500513,0.17031866382713737,0.266096094281338,-0.05404723679513102,0.1780293337082765,0.1207490214568555,-0.6884865912544443,-0.4350049383889715,0.191956209631999,-0.28238454684171277,-0.26527678007544536,0.07955445892378671,0.1676317678688972,-0.34671007534930925,-0.22902513119215154,0.33656057119990107,-0.07347600768463346,-0.03306468158900225
-0.03921920725369406,-0.17815871854339557,-0.2629173348668646,-0.15031904307802102,0.23485414204807958,-0.2060283654820444,-0.20593728878065506,0.0874740096763032,0.19549304435470946,0.08935431269421491,-0.45322135217381604,-0.05337957680327889,-0.24376797934986127,0.19744974041474422,-0.21808472219558325,0.01560545090750566,-0.07694829685216659,-0.015287512261393766,-0.07850543280260704,-0.10272160815368603,-0.36728635865442777,0.43935761569959136,0.11651413089608166,0.22838653600532505,-0.001195987693913815,0.05034240408630504,-0.13511025063983187,-0.06649075068467136,0.1465819120990812,-0.037446048882066124,-0.13967414031427478,-0.22851627897175456,0.2037076939643991,0.026796467886640335,-0.04677603349866983,-0.06018082827512245,0.056559558921751706,0.03754367383766359,-0.09701606669249031,0.05922677772892591,-0.14033462205747171,-0.10591903336951894,0.1731887653500334,0.10353037755963382,-0.27328093502234413,0.03331536843527982,0.12230336715101585,0.3910591162993331,-0.10540511141576234,0.19185840606211824,0.05006658475985415,-0.0769367613203095,0.14584451692488895,-0.20382785196710312,-0.14292363715158135,-0.03958215278053453,0.12082486287246909,0.10354800168838889,0.18968981462861323,-0.13440390869748398,0.19767957668048725,0.10963637889273284,-0.2243983348071623,-0.19409965335042978,0.282129096631012,0.3827965553529643,-0.15061410602195896,-0.39608730920347757,-0.07978683501262093,-0.0011224301885189938,0.0639317956370575,-0.2254865940240628,0.21306280477251333,-0.12282236285384111,-0.06518937991617155,-0.360674065428051,-0.06793466237863066,0.32567002680682505,-0.313884876158671,-0.4807175120102691,-0.10919230823992207,0.038097391551066076,-0.19683913035998848,-0.1804871480511492,-0.1476575672477326,0.2829503849864374,-0.6447339662298922,0.026375382777486238,0.12684710132836235,0.10354918254257664,-0.04906102759995696,0.04010457495610689,0.20619319790015697,0.14251195525300658,0.30798553152308483,-0.10613991881710357,-0.21972031638829695,-0.32051055569918685,-0.025606390596092207,0.02453127328444347
0.18186422856513987,-0.10771892833698232,0.03226914693758683,-0.13104382971817916,-0.09363227553632153,0.11075121148165257,0.01772875317222057,0.012403392202337373,0.08593977041308247,-0.23521313330127475,-0.11487021061103814,-0.17713617783874844,-0.12515301191975542,-0.01199443934705646,-0.017228974199738113,0.14047019461751,-0.017084591329874745,0.1125774957660582,-0.010189838724528912,0.012162485166783718,0.049019001311666414,0.11567446016486545,0.07421211012119541,-0.08733953383951776,-0.009678602952896085,0.08829189088871157,-0.07531964152801282,-0.17688082346202988,-0.059026391664404924,0.032346416745562094,0.08001041143795337,0.07926539423802438,-0.1570980453699117,9.175807535863505E-4,0.0016833908154279664,-0.0062269165941584055,0.05986571110292151,-0.08883305864514753,-0.24725209927658673,0.29075105002281143,-0.03059035853041668,-0.033890147243688065,0.04809142529729243,-0.12919439440714497,0.0022128908991633127,-0.08321141972162913,-0.05037685783698469,0.1765180034259636,-0.060841369917804866,0.07265197155009681,0.19908323524326915,-0.1452931394636778,-0.06369286033998287,0.06502068667148783,-0.04359021743037883,0.12901631302434638,-0.06916229707928438,0.2155443390781423,-0.028272460114249085,-0.03166700555755865,-0.04201217060577259,0.09988231586088629,-0.07809655337291867,-0.0759632334769983,-0.21603093210752725,0.043078720468976754,0.12034363079024223,0.12751399123161003,0.025732437170955535,0.03086443796897561,0.03436820470999113,0.07285271544565713,-0.0757600610524852,-0.01563746843468977,0.2671354978861779,-0.033674971736938085,0.11916206368156314,-0.028007763288747555,0.057652855746643424,-0.06568877799001692,-0.07029706703907902,0.11845511982826647,-0.10686338170000052,-0.07721653931457981,0.1038941381710669,0.019947913823118394,-0.14386904527163819,0.08677369697203585,0.15589746948279165,0.16074414026242184,-0.22574756595490988,-0.19618705440174242,-0.09267609871036361,0.051463465489259015,-0.1186339529722537,-0.22755937399457815,-0.1992730879817181,-0.015230592255734613,-0.10257864310508318,-0.07293569778384866
-0.007548046726547196,0.0021489618448164933,0.27220367318594946,0.08454240198415197,0.09743257733176375,-0.0068119815769544945,-0.14133454676908283,0.1729170011680644,-0.2997570475233153,-0.09961792232628798,0.06530684996696759,0.10640153246291902,0.23758615200080246,0.10698902374156892,-0.18869609930409204,-0.17817019378528254,0.03875633092891914,-0.1077362340466993,0.011850406450486232,-0.07417729674442546,0.29813837315539826,0.0935425202314973,-0.19921411975828104,0.05122804331822898,0.1849237351771816,-0.04842072787226127,-0.15580486379703115,0.14259204405425852,0.02379659859103941,0.0456977768345832,-6.2117792198769E-4,0.10661775217027494,0.05030460740467795,-0.09798778354176274,0.16075666005000636,-0.177059993271681,-0.021581852223772378,0.052386423742499036,0.029725937304590843,0.06422430721955089,0.007607106642399813,0.0022682735200552665,0.08334456014730494,0.05160438683800863,-0.02054230550273563,0.15551969165426274,-0.3304914621678459,0.013952296544175808,0.02113140229118439,0.11175270648052629,0.09013510670655216,-0.16078600279531224,0.04397788234224447,0.09393829324092624,-0.20409524475998966,0.36924107183631794,0.030430984810221953,0.08135490100945436,-0.009189110011890144,0.3006275818860355,0.17025913152625388,0.3021190859092257,0.07738238605556051,-0.002011390098094412,-0.0710779479596523,0.01054967613611181,0.11029047890847535,-0.08405001736792109,0.0716288400337169,0.10021996638401358,-0.15893372592790922,-0.1430077843039525,0.3029846242685385,-0.04047486441111166,-0.1832534428414509,0.04843673903713094,0.3058668191121126,-0.11317109032459138,0.10919745953755151,-0.1525223254187975,0.012574235841541435,0.04086108527934851,-0.16165910372740563,-0.042404748740695865,0.05629202271314081,-0.008887728647892742,0.057702250906154676,-0.01498429827252375,-0.17596182323618997,0.13733963963079,0.1542699439258804,0.18814470998137395,0.09027269916689994,-0.3797909807787854,0.20050838041057303,0.10572397946122267,0.1358879798361105,0.023205473582971606,0.27035063188555786,0.24882060235258144
0.00940546894859322,0.3870456634118328,-0.14778680043695067,-0.0795511408257044,0.16812322823298217,-0.353465922579744,0.0667856256623209,-0.49528259322826174,0.3624392599584411,-0.37496646310379905,0.2450450843875271,-0.11001065065933037,-0.6910388503937904,-0.04612067915408997,-0.20195294913854417,-0.034395263513198875,-0.06043528733178144,0.2230657793960886,-0.22737383824737833,0.2562809606964814,-0.42115455274107355,0.24914802646501047,0.34992178761835335,-0.3830824090625912,-0.21083437826613455,0.12920518766605668,-0.519070051657968,-0.2994242195308856,-0.15911240030213408,0.18411215583763615,0.12050465566946451,-0.03850851800043699,0.07612290085354957,-0.463297075163764,0.6663834429945773,0.3252964440772407,0.11019059258531043,0.07924902187265388,-0.3284753022259991,-0.07795986494352782,-0.1558813302597286,-0.17652872557764998,0.34277551255775063,0.3787164420670337,-0.5221265682177988,0.456832303769934,0.14314886851871583,0.04481247843549998,-0.23759373543621237,-0.10419256330530882,-0.19395539022082176,-0.07085031804823769,-0.017561652283832538,-0.03528087908320297,-0.700139892390212,-0.32091754515391907,0.23220764098312333,3.2555262765621666E-4,0.20732305260332431,0.10575310187544194,-0.2721182423006618,0.21206722539816492,0.061307622141451405,-0.11199400324938642,-0.31761676472164085,0.35389134001176364,0.032105732352821374,-0.22151409775964273,-0.43619505221780525,0.17250268543988687,-0.19594920204768365,0.1610892464564329,-0.4051487574423468,-0.2585904876663269,0.03463935404744631,-0.1468209645362174,-0.16130243155310434,0.0412477500175943,0.4551910739994765,0.3216030937514009,0.4035565016569672,-0.09583886963404344,0.619399268615005,0.14433162009100625,0.13579059672172966,-0.36542212267503194,0.5060180021052071,0.25619828105704134,-0.4046059874018974,0.15399285115209035,-0.5658898980650661,-0.08509625778555836,-0.30432088883109326,0.12906266538402808,-0.1779765649740508,-0.3241596036268844,-0.2008051534109302,0.5421711462071062,-0.9950189608258797,-0.4779401781376908
0.005931047754242408,0.04268749372587657,-0.08049543216914105,0.1415486165237546,-0.06075156018153288,0.28396637728337204,0.02820700541509808,-0.031164141422032793,-0.16185915916188412,0.11436331652970393,0.14228292297431927,-0.14362712282322734,-0.016993223766468404,0.11686340751366694,0.14967531939730488,0.3119928928206414,0.02211273620251083,0.022758888957807557,0.28067754859985306,0.08625317680514233,-0.20310178517562494,0.1364297437378224,0.3259088897723429,-0.32536372555165943,-0.0282256377890859,-0.04129495411935406,0.2542858162126391,-0.26920746552876773,-0.18026857786946726,0.04027784538478176,0.005328102950912052,-0.03246157738007649,-0.07802791522178912,0.02398919403812054,-0.2131923307679168,-0.0010577271361436001,0.0921921918370989,0.20113592794938376,-0.004424037851528837,-0.2130476264706938,-0.161366530952142,0.07300153057870794,-0.160821407418734,-0.08827881063296011,-0.3819042523527417,0.11243664696758764,0.0673343215052591,-0.01703855937340791,-0.07625381743198333,0.04767123432166027,0.002404280554250568,-0.006665076452711931,-0.03951488897936587,-0.02421009658025215,0.09577690567980725,0.023415032097145006,-0.09611386661962235,-0.25430690723408444,0.031578003427349545,0.1907144050723079,-0.11876364504895182,-0.16121937169662107,0.1037990276442351,0.08583210259505872,-0.15012459679684928,0.1316107720456967,0.20372942596968607,0.3629424435006337,-0.29808578638810995,0.18134027155186958,-0.275700130182266,0.19249409858343441,-0.04106592196669517,0.03338904396468255,0.09276772358833557,0.04934915403326802,0.04489864011605742,-0.16722393594720295,-0.04778887805083467,0.05186209981382695,0.0537988443364671,0.007787444665460002,-0.09751592188529938,-0.08776440034821238,-0.1161315233139334,0.182187001185399,-0.09423724960492681,-0.10297447261945385,-0.1088272078562232,-0.07109606697744916,-0.06065509755354203,0.060749148115217644,0.013453013671687502,0.23136817826266876,0.20059174217365838,0.13301206127477258,-0.0073858577246562925,-0.09136368560585112,-0.016025436367284082,-0.13074663849067358
-0.10932575312114486,0.18484526178418265,-0.1290352637744906,0.026144500785368303,-0.06454704448066116,0.20220457084051302,0.09425466551685911,-0.22054823277776775,0.12410946856801852,0.08404631785976531,0.04068813165795359,0.0270395015377379,-0.046141276882997524,0.08388969622799036,0.04635799104281624,-0.3750961506929835,0.15991151475581758,0.16228028767538133,0.08774971861592995,-0.10479294271458099,0.0650362097328063,-0.022690452363767766,0.06978730366596507,-0.027724582476877133,0.0728994981643626,0.2681890556378379,0.3083615304297637,-0.18721013170544054,0.04404422038135894,-0.00968821211246607,-0.05839866254165137,0.24884000645086515,0.05352161599582389,0.061466568864258275,-0.11366400567789889,0.05385278817164728,-0.14104920481185423,0.050384695628428885,0.10125862410208242,-0.3188947540376526,0.15718399781148307,0.05628561570182224,-0.09099640576826444,-0.17828726565223849,-0.18825071130888132,-0.17324827075442825,0.08215987964622438,0.16931946385560406,-0.16726619414980856,0.09095797617493293,-0.2008629034962357,0.3045240287986136,-0.14048371874799803,0.13943664577983658,0.29030807635960876,0.013296553308929896,0.08930279437935645,-0.0520748510825614,0.06483840803662819,-0.055650502524803344,-0.03364228902501654,-0.10189688936770734,0.08219437128998344,-0.10035271090677465,0.048947313168014095,-0.00780201651252041,0.30124599275363056,-0.06856276108680329,0.1550100946125519,0.13886411240050417,-0.06466138379750111,0.10035228924017246,0.05042142841493965,0.042599533448045325,-0.013463202985945775,0.1330775004631445,-0.18434037347116464,-0.35820371030865794,0.10966275865938266,-0.08053658554317011,0.27916992934942664,0.02112480064300583,-0.1578255342980071,0.10692636986127678,0.1618761183015352,0.31326482497469993,-0.03477897330054075,0.290474806051062,0.22800804373792571,0.026549258301366185,0.023249047175877034,0.11710527697200525,-0.004240995731084847,0.07335912969053246,-0.14168856867053362,-0.012278836312309119,-0.030092860278730746,0.08692372226650456,-0.35868843138863055,6.529555730078572E-4
-0.08927531651440124,0.004892599814284972,-0.002703952582268994,-0.02268119844880042,0.01256049563875058,-0.16366297712088873,-0.08499268852723353,-0.15601832380448089,-0.03235466645181378,0.10384248100742771,0.004415037846851071,0.05474400487597448,3.1623295326672576E-4,-0.12100688649975785,-0.17339461757830923,-0.0615822592193062,0.03387903273226724,0.062208751082959625,-0.06422678606070995,-0.025276387372939947,-0.18702665127305595,-0.20909961729808718,0.04792841622141032,-0.04717583432945876,-0.04930606975410405,0.0572980931006992,0.09741657306958539,-0.19964982048198324,-0.04452772430561962,0.01950961397989158,-0.04310986834218893,0.16162418746789703,0.13488210302309822,0.013507789627145632,-0.08211376274651619,-0.06358935851716974,0.05278894570718782,-0.018600553458198152,0.040688141193025315,-0.2226233351444358,0.16232545186292724,0.04372627886377879,0.03731353953209192,-0.162850588988961,0.012421400631610844,0.004236985394148973,0.13384007240274773,-0.09100443588323771,0.03567830596923175,-0.04211240916574493,-0.3532023545618655,0.09898510241405054,0.02166838727601143,0.015300604137203168,0.09050702279519195,-0.1044861093217732,-0.01610505694221172,-0.056512785079979574,-0.03353659253194026,-0.1005834729747558,0.055761499210134506,0.15739219527593223,0.062091468192341806,0.018842433269671846,0.07659872305872122,-0.05859495032499756,-0.13113499132084439,-0.04137612388812755,0.025594280460399122,-0.1956355908569471,-0.062299562895707865,-0.06861556156341612,0.1258955763913972,0.059217334184519174,-0.013364327281768985,-0.08921101461939251,0.018550549418144168,-0.03584254071937121,0.12767393187606402,0.09170258707069814,-0.01067951723477378,-0.11026094978539079,-0.003697180459892887,0.15841303915521548,0.14974654365834691,-0.056028181448498644,0.05815216031757133,0.008030487354849259,0.14432190055928346,0.05901152298307324,0.06005218343368555,-0.03359678729110426,0.11454690240952818,-0.07298823211065679,-0.13888937844524984,0.17716951321651422,0.07537405323318982,0.03805718595862174,-0.15941204989116706,0.10734576563019539
-0.28180294333305816,0.1795609054819245,0.08050838676506451,-0.23054483913726323,-0.06926633751884924,-0.44853842669587496,0.051193031571562575,0.020920722978445362,-0.13971945874724853,-0.09334916811453162,-0.14268654544631496,-0.26789302264689757,-0.316404671422996,0.17573101865693525,0.05610634106136462,0.26151283847859824,0.05054209590199458,-0.0887994988971922,-0.07194511156279729,0.10857482894791079,0.06932662060835515,0.014861937425479045,-0.01619244573101208,-0.07002658359103651,0.03782211721713743,-0.6081909462970754,0.1426371651837963,-0.035111941442497886,0.30796089981074476,-0.07679318219559383,0.11084027687480194,-0.05027416059469952,0.06605260863764165,-0.2390986454000318,-0.2164911792616852,-0.5177218847975363,0.03541556664995745,-0.33503924130229645,0.12114087593827898,-0.1064914666722463,0.034880342560259535,-0.27010224553476364,-0.04789300283307595,0.3275626363465249,0.12778885214231125,0.0031926435171056072,-0.3639463937811434,0.4435732129036501,0.8040434688081155,0.1952939705299874,0.07265698885465996,-0.343244480758782,-0.37916597225079335,0.4792569481207628,0.09084783109756284,-0.07201520733698134,-0.047924537544584846,0.07956536720587679,-0.11131300621733557,0.34695593799935115,-0.20575743144513656,-0.40021709824078033,0.13405037706427134,-0.6895765821288194,-0.018952511897009548,-0.09832087504880795,0.14705331220266463,-0.21417990764562178,-0.1976046441599093,-0.33684463963995925,0.15163351890358098,0.22808119910520522,0.2650748763261837,-0.17074422534916492,0.3488858924940102,-0.07766155999192907,-0.027189174765816185,0.1446145478009697,0.24047770137622895,-0.04091668173619706,0.010322066895634793,-0.27607429602473804,-0.2506031921241613,0.47301088553897674,-0.21395170658913046,0.19392712553039348,0.17628789542204876,0.04372522726335304,-0.2960872907355026,-0.2903096687576327,-0.1985432079811645,-0.6531339255657119,-0.35165076368564313,-0.1370895556364307,-0.19215358179962203,-0.11822876726139,-0.14830541244416692,-0.3869671022012265,-0.13285309438986448,-0.05683529007889797
0.11948147917129473,-0.032196907097076996,0.11311517050907852,-0.0012984298267950066,-0.04113196194326289,-0.07351054644897635,-0.041658120281095896,0.05422543626023362,-0.13075147916940408,0.07739451536614346,-0.126836680683377,-0.27899798120976815,-0.21944578286524502,0.18535094306584726,0.29573877658742637,0.22185465229930984,0.028960944971087765,0.025172619716578533,0.27205555004725573,0.013878190738664614,0.04027397169334929,0.3199742564672885,-0.008274389750690277,0.08436209615654543,-0.05850616581570634,0.06980746737866234,-0.0427863293292955,-0.061614153474055,-0.007385130966502269,-0.055080594453591994,0.17756072375542417,0.24544164385643477,-0.1029608821408651,0.11037634269627578,0.027615075008158244,-0.09964978111831285,0.09668358164816097,-0.11022375720622131,-0.03917494229975873,-0.0759829359034872,-0.1307658168564549,-0.03398153585063892,-0.015241037542888424,-0.008723403284538774,0.13802860424087068,-0.15662372248251483,-0.1623049994079191,0.1382402676475743,0.08836809562069416,0.011458777045891447,0.11469072981007775,-0.07970812799509434,0.06805728261886834,-0.08211694306866574,-0.08976651166833029,-0.0479420140185979,-0.07530874691809503,0.3296632995001189,0.038087767751291225,-0.07391793632912201,0.12927037103110328,0.13198757960550256,0.08310011741592735,-0.02399516182281685,-0.04270631058971975,0.07639700575462435,-0.13363215161968692,0.12844995073221124,0.04673732664099831,0.12389473366376039,-0.010588058000065612,-0.005072353184298586,0.2841310277913551,0.20689414978531143,-0.13242512598929904,0.1258778514564858,0.06552237542051406,0.18499836110864895,-0.003349215583003425,-0.07611498134403909,0.1724081430070596,0.11268520582889278,0.07994208797580125,0.0034438303749842955,-0.28205419158160805,-0.20815877496682075,0.1919405489040326,-0.012364071431279676,-0.11268802862078219,0.12939205801697812,-0.2820590095537749,-0.10746105965993072,-5.886852629282527E-4,-0.05581265082560106,0.274073340860201,0.20503343297948212,-0.025218254420886516,0.01592272358772746,-0.016959103959050804,0.12931493781894995
0.010169247902340384,0.04269799722664309,0.05387946836674753,0.07421990686288876,0.1308685251813301,-0.05125452586202982,0.03912578491895665,-0.13371412403992028,-0.04668471086411883,0.010529591433367923,0.029916265614514676,-0.07643807147147029,-0.040528707454173474,-0.04607585704718435,0.02958444843153319,-0.011874759141550105,0.07005404974789992,0.04228356730976397,-0.04901568842761536,-0.026559222366479413,-0.030197078722843572,0.07611187164899616,0.017482057528608624,0.021611110237756772,-0.008873051338284487,-0.028466322788601145,0.18769591127278903,0.09168801604433915,0.062191807498748274,-0.004650502722997149,0.06934904297254067,-0.05111450290524354,-0.030508448937362074,-0.01767967667204723,0.03534920626117234,0.03843310910052408,-0.08556637840484273,-0.1390637653227184,-0.043025556521093876,0.050923980515954564,-0.002367127061592757,-0.07762778030685576,-0.020848459127769083,0.07447764250336392,-0.049302937148238045,0.04680763361092979,-0.018664602172066048,0.13934826749153423,0.1268388551668331,-0.03204748968361007,0.047366763317789363,0.06834368154932277,-0.024368832526720105,0.0279162963852605,-0.056237549706958094,-0.009699530751900555,-0.02069965386476194,0.032529342442752705,0.07874125732633741,0.06623058092032168,-0.18699525433011518,-0.08301483270404061,-0.09564267023798348,0.04215588413868413,0.13148483553284782,0.04592511106000576,0.07197717723803347,-0.020895656833753874,-0.01201516569946117,0.04842648161224009,-0.1312736067378996,0.06314518203053252,0.10886013904394806,0.13736876212897292,0.02998297933221818,-0.04695509758049407,-0.07998159844437804,0.10258427192478614,-0.041338779177337116,-0.0646300748266029,-0.07270055838277444,0.11134965772665849,0.1133159993711683,-0.1598120019975507,0.05864057409392719,0.11361039569328955,-0.05399301959290162,0.10753952539770877,0.02875507603557818,0.11622095328681854,0.08532456846526244,0.08151414540813971,-0.1584653149112615,-0.07204692667988065,0.022322197407600695,0.07307049386677687,0.0024427631347936655,-0.10220788758886586,0.05353927554252534,0.07553016918014369
-0.02189607403267674,0.018103647795650064,0.018644432193859653,-8.038075640383931E-4,5.17468760680118E-4,-0.009994896093236668,-0.0012748397406143065,-0.04764117520709125,-0.01062981519157803,-0.046785253923931305,0.028935214356429522,-0.030264959458507195,0.0024478368991156753,-0.056394691966859936,0.011774408587326243,-9.851493502159097E-4,0.007164677938424599,-0.032455645508387296,0.029769613899329216,0.009033416099291345,0.00400847161345672,0.07348651530480144,0.004508593720602999,0.02686952634495627,-0.011763681510386002,0.016674518192981096,-8.334898313251557E-4,-0.04628706948089719,-0.03128756293779846,0.02515907641783367,-0.03304245757359433,3.0827382538117527E-4,-0.011006756835276814,0.008124816848898887,0.017876864743505298,0.005528999173160435,0.06064374494592018,0.03249647365735704,0.005035418726205236,-0.0305577985710287,-0.009870779744672601,0.011421700791116696,3.752602642097626E-4,0.011217212253510842,0.012140767264939432,-0.005263006575397127,0.024957744090827766,-0.027439081556387086,0.019265841478953032,0.005523384521282658,-0.014705724858846924,-0.00595330242530254,0.001773660139219248,-0.022510155775263743,0.010470198800419953,-0.0070356854469433095,-0.024639941236518047,-0.0236295876673822,-0.018486262811140245,0.027805779086456248,0.02378607097750797,0.09252374954643657,-0.05708908984791205,-0.007595739908898918,-0.03860129001278764,-0.012093873279020485,-0.02262555209572234,-0.0515892298818866,-0.008112274591473562,0.05406325735324679,0.008734987931034062,-0.048520078152908465,0.031151010565009126,0.0012740476644152448,-0.09123656804342398,-0.04377789209048247,-0.03181459504835714,0.009502889105874834,-0.009763236937705698,0.04027121894259222,0.022913024169424732,-0.06246650981640532,-0.03083324661928596,-0.003158561564275587,-0.07260994769776516,-0.0764496182295514,-0.02168325000755225,-0.011119180644389935,0.015271409233722364,-0.001213372116473631,0.026386651415866578,-0.02113417792077155,0.004587223800645841,-0.0476843747556525,-0.009701226758681795,0.004659217600492864,0.0567853206264187,-0.016697968304883983,0.004372729229029055,-0.038928314190809464
0.02887917458897542,0.26018634716392036,0.11703144012346545,0.12050647280859052,0.3186645038077824,0.22476941005648082,-0.08645899161502811,0.0768182791444299,-0.10060520764937027,-0.16783400063031786,0.17698857780150704,0.2977456403225853,-0.011284678067032945,0.20622846305659712,0.14183528456547972,0.40488345921237523,0.07420236164903987,0.20364212856545316,0.19007077364715974,0.1106577614873258,-0.3978421352116603,0.22805124302240315,-0.13391837003502008,-0.10091184733954411,-0.07539901140456576,0.24347455580884172,0.6475252767463253,-0.5037984381703005,-0.41546091332767304,0.29429341647181767,0.1134117151558324,0.13275908997136845,0.37936371846441164,0.26277344335802855,0.5397013884221257,-0.512660701689725,0.30001129065315546,-0.14063389323742467,0.09033501814777622,0.06403165162829458,-0.009924336678168699,-0.2729908929425323,-0.18730419489357028,0.22585329986072888,-0.013828676941151497,0.31088863075685164,-0.2712648035686748,0.29661068845011956,-0.09888015109860133,-0.5810502082878585,-0.5134273036273119,0.04103481446352537,0.18398795593068581,0.3244151412263185,-0.2859318327515547,-0.1219153814365056,0.07561760709742135,0.42743876524096447,-0.2462086476274127,0.14584745379538497,0.040762198519349285,0.3671839819633637,0.11267500662240072,-0.03143573663242088,0.2640390178827407,-0.5364260977552681,-0.4666145242124816,-0.20183340473994946,0.07469508994444973,0.191195197081544,0.12836562459309436,-0.10260336378086882,0.09790179369928209,0.048355609154948215,0.48367749530310816,0.0818326685162,-0.12443720024380792,-0.3504084955270898,-0.0623904347582824,0.20956774036043094,0.02232252981223339,-0.2637042916830702,0.13409612267921345,-0.35368370148912576,-0.17907056664243529,0.23500834923758063,-0.0860579065556676,0.01991804553512941,-0.0445517343964146,-0.4181953926725713,0.377898891242342,0.5377508998249311,-0.0358020789598958,-0.004073752284902495,-0.35610590260383745,0.690487144212359,-0.12605945303752966,-0.06022338514551553,0.3606857670870845,0.36384510018567173
-0.42578200835573227,0.2922553040647293,0.040125661296186506,-0.17645250832587078,0.2408843137830716,-0.08820478863241256,-0.07146359846013813,-0.05945091996277704,0.0068920194204177,0.04334671927325579,0.0268121590945572,-0.22613964079853643,-0.5009739255737973,-0.10891549099217311,-0.4475740996604307,0.4221270761582326,-0.3287663169954026,0.40431956222980653,-0.16159605432098614,0.1947815418476877,0.01228725941600582,0.3566072279207263,0.1362613117808582,0.008304120965410281,0.006151738758307438,-0.16743321921124327,0.02501686518637372,-0.1474778645735834,-0.38391386577039793,0.2480469533547343,0.02753162954746657,-0.3119907581184104,-0.016740771311056307,-0.19411397939030256,-0.10124066588708686,-0.33622368338473224,-0.24348801264752976,-0.2927710780568767,-0.3867400909816682,-0.4304495305526386,0.023214582942471248,0.371160294741834,-0.43080180015079694,0.06955600980720762,0.008002415362206828,0.6684426730974957,-0.15234403188202328,0.0720024523822524,0.16549139664349405,-0.002320650432573171,0.011916287255042316,0.02503422139098947,-0.2425738372285807,0.22960315946677048,0.16476154436988527,0.14265733962956256,0.24218665568690684,0.17161171080317303,0.14687653329177794,-0.2613545243083729,-0.19529721189789756,-0.117724185207496,0.23877012682638163,0.09370286960630642,0.5821392258525181,-0.28712726905093716,-0.039695076434097705,0.4653050634774908,0.36762547993738054,0.7439670522921478,-0.3611606412173376,-0.20110850881023318,-0.22341986021301888,0.38891498979352357,0.1429654644303657,-0.10548728664495091,0.03728025247110309,-0.19251234663694294,-0.1951737285700415,0.18090190173953158,-0.02251994606657828,-0.4084743770720025,-0.3305517500418776,0.3592295837013374,0.5909275375946738,-0.34333401147412584,-0.007945402320028666,-0.20895994479566843,0.3675291026896697,-0.14248110772277855,0.577919008189592,0.051217431423148524,0.09667132395614764,-0.09906780791595221,-0.2164904987228464,0.15485746438743728,-0.04938154310147879,-0.04124459715263505,-0.010985914456247681,0.18457161878329414
-0.10650414568466884,0.04917784727879501,-0.01642508922796233,0.10883073190164046,0.015172729420687986,0.11922186195875359,0.16198192673824416,-0.14704610333797608,-0.10385272818062771,0.11265649410344872,0.004019427601061619,0.47515612275821867,0.042503848704579336,-0.22207766609647162,-0.41074631112655335,0.0051058091647565645,-0.1517653520654245,-0.015795639103964254,-0.1418237820781064,-0.3738576048842571,0.12871411438758043,-0.14189579482610284,-7.818048189589309E-4,0.19565239419176395,-0.07397634982519527,-0.11648109204129944,-0.4581460269900924,-0.2411545438759301,0.3247608610996673,0.2367905453598299,0.06810177609953212,0.18576518993922755,-0.10468512288674797,0.35396408578198557,0.078393986541237,-0.02458364105889584,-0.3617240428185518,0.03775389113332617,0.1911440904467289,0.21882963954807114,0.22378213432493124,0.19437482025232938,-0.006951946111176435,0.224267868079443,-0.1132430156630707,1.7227490519403183E-4,0.5238026430697615,0.08506964636935482,-0.08726677427008524,-0.0669565255172457,0.17618706808068996,-0.1248363118188412,0.009441125916972513,-0.042029007470304615,-0.06933075302365084,-0.2507082334590982,0.19532651115556457,-0.05928508349675249,-0.2629615984338744,-0.11257806520740485,-0.2913902851741959,0.007653226552609192,-0.32060467250485514,0.2230557760610891,0.1911826641843567,0.028731247204512703,0.29481827136533156,0.13849781002326378,0.15980470691726795,-0.047443533279954715,-0.10147750364216598,-0.2756959918156382,-8.989787478666066E-4,-0.06249159327044988,0.2195947625723371,-0.4518318749595864,-0.2942957608995693,-0.09773230661672352,-0.12456997836346141,-0.14572997442691385,-0.051169474927075395,0.5210417090051929,-0.029486085335154726,0.37607460032213613,-0.09244694577056016,-0.07621480526969286,0.37218442821115433,-0.22871283936458647,-0.014895737799032326,0.2759557916658751,-0.008803295610597403,0.022402948331873736,-0.02043370471467401,0.41131248815375543,-0.28099168266663843,0.22579491209708324,-0.28261692582599873,0.2962508935330516,0.09604588503899321,0.1574390464267573
0.27164357766108793,-0.0924257626682928,-0.37813682355175376,0.12037817602425693,0.1417813539095711,0.1852686579476999,0.09004655800672211,0.05943228378202034,0.298416096849909,0.21059798196975255,-0.32650641050293083,0.047960416768397074,0.14322392204767756,-0.07084076916685392,-0.3111419631188005,-0.2149806254597391,0.023162225824779205,0.046761651552159056,-0.2990521350286684,0.07239811411453526,0.14563849485685426,-0.3755311345512691,-0.2848484488981312,0.195284841510775,0.07675606662712127,-0.24589661486428954,-0.2797645597996278,0.15866602766850224,0.3355967857773864,-0.5346802548252588,0.26282698470914834,0.014264186333992393,-0.24502444252339248,0.5524986593772687,-0.4722129009854573,-0.26237992068252647,-0.2501300391111379,-0.21791095549995879,-0.0746411909097466,-0.18184404162632092,-0.10729310853069533,-0.11998511769066354,-0.07438403795542203,0.01384727442521014,0.13031814157732466,-0.27968505584106895,-0.28868607854234707,0.08195124471105036,-0.10735155497399332,-0.43670092393635873,-0.2460178893548543,0.20046466577915462,0.19277605427294225,0.4169701463151651,0.3633346982370024,-0.37485538311644734,0.001260619159218199,-0.03387967677936924,0.011385736143897525,-0.154307651133583,-0.15604455170949091,-0.3879076654552244,0.26552242290974304,-0.19055287614882446,0.2505364934875934,-0.059669394121333916,-0.057353681025553674,-0.033666723338502465,0.20539034032969938,-0.4488296014908555,0.11018516640216337,0.6046320160083544,-0.08263197023455608,-0.28709871666476006,0.6794895655063461,0.2622967144101829,0.2452721090839887,0.36710160563407684,0.1426566184809061,-0.12123963312099205,-0.4009688822466356,0.1540197118259955,-0.03846980258311363,-0.24132472573339886,0.33184765675689304,0.03406163184774367,0.23018105188864582,-0.22434354854027677,-0.3829840585206784,-0.6773560304110658,-0.10704428374037195,0.19168099340753073,-0.5123809953733479,0.22032430494052063,0.21003425678906562,-0.42483898408487447,-0.46115022656116267,0.04179122607752919,0.0616571166233042,0.41457326660171084
0.005384135087470065,-0.14811706636274657,-0.19714248934180265,-0.15075439978153177,-0.07687233395831815,0.2178007114778854,-0.03989922099866104,0.16974420021180772,-0.07885148762874734,-0.11174329276135213,-0.17479676792260357,-0.06713770475089449,0.0030831757310732437,-0.1221758300994951,0.11501216689581767,0.05157468285958093,-0.035967339437866674,0.036819777106942723,-0.04995919114186877,-0.18759398670736652,0.018663865045474015,0.0366965296891906,0.11407248699850926,-0.018692915302970323,-0.20899114686294698,0.12990185163702847,-0.058290455560009204,0.07722076276583574,0.10186753613796541,-0.12166200542286255,0.22363771669182383,-0.019508775627371456,0.087477194590003,4.3764559541918386E-4,-0.009347853692422055,-0.08435379843167742,-0.06175430860051649,0.04640757928033434,-0.2326464713311902,0.009923098518548855,-0.17170170519570016,0.09619778025779999,0.03122155697773895,-0.17335765788977223,0.23445537600597674,0.1273716412883265,-0.14437702423815577,0.07713391855691526,0.01190653007131652,0.0016438042420675288,-0.17630658576184569,-0.06905703948531668,0.17144103400476465,-0.11964752721270885,-0.07462680529355135,-0.007202039996749468,-0.054604899906842405,0.02257341311938838,0.012250499695534081,0.028427444554166372,0.09241483442821984,-0.04998770650396515,0.1380092850287912,-0.05798414644250567,-0.028240885552086436,-0.07332913282779045,-0.11475881396716349,0.057895302732566295,0.06851271378100254,0.053161674757732424,0.04929610088015931,-0.043286274144583865,0.08880359397587764,0.09881645550729189,0.032381352911483224,0.06778234239992537,0.03276356300085093,0.22528146702414292,0.22630251061848095,0.013231025159841134,0.09880311192635402,0.14410611242400698,-0.012729419648342895,-0.19080295100916866,-0.11336179574904053,-0.030203833815497776,-0.009816299934256478,-0.052759157166448536,0.001471507654988185,-0.04167082774350363,0.25703781921940844,-0.09726345263861975,-0.012859181910492895,-0.07867112303029732,0.03618525719734522,0.0074963663098901335,-0.07849721327994362,0.1748736750559396,-0.15374079961602613,0.0642769722904245
0.051906929446045365,0.06652627553170203,0.002076829696979054,-0.021624313962788026,0.10215982864233847,0.02684315735015977,0.008535033826898452,-0.0011596458471571907,0.0474350485898865,-0.0016104903914140498,-0.050811824569339886,0.07203464270725662,0.07372983175787154,0.0391210959330761,-0.17159085954269826,-0.11525439655420144,-0.18075060543067614,0.008739374871271308,-0.05578297039361266,0.013444153329472637,0.031894816369321,0.09078579213536246,-0.14755877223144495,-0.10966478240152622,0.025395136556810808,-0.048528208800456135,-0.03691974843065857,-0.006779086899834703,0.005964034431377254,-0.11200716776019191,0.05947906849117424,0.06855998479559143,0.015427425598419952,-0.0058845499694978,-0.08288627726096896,0.03772962922329474,0.12757756164240977,-0.011974504544773038,-0.11826642760706874,0.06950972506435299,-0.053786421863524156,0.10707734940435366,0.016889761194319643,0.08739629857789194,0.13462305434381044,-0.05739121534052262,-0.14034255608676474,-0.004308944235293249,-0.005103372065459178,-0.06315997069374611,-0.03973872865317972,-0.0334085070401373,0.05981308214777999,-0.018564952414048524,0.11108905893012669,0.07284853215224373,0.165980408039125,-0.139618607259482,-0.1432050324073148,-0.1037669560481901,4.5898833519358374E-4,0.009959127675412951,-0.042905702450420975,0.013963575832502725,0.11024270883638992,0.13313461327570777,0.009601643409787914,-0.10255453972443211,-0.02490898646114097,0.031382636178282394,0.04944601721943204,-0.09493482893269663,0.10227264493321968,0.0035203127624879875,0.09914417388768332,0.03437270855661382,-0.025764408034655684,-0.012889124677583044,0.062438097925892035,0.016449522288176248,-0.014604728093862856,-0.08017914071019439,-0.06075645340972192,0.18233411215854958,-0.05742177371051771,0.1152682368301831,-0.015129056120248254,0.01174603621086332,-0.13885853270001175,0.009079357808771822,-0.05343333118039196,0.0717480528923767,0.17912596293867136,0.021645691622287563,-0.020500495446150558,-0.054977663002575214,0.2148132263177188,0.06186945023949842,-0.05380698146465327,-0.02038492763611749
-0.20775290179703546,-0.05706804605946618,-0.07986068495988474,-0.2915522241171623,-0.006350760947846435,0.09195322248202134,0.1290220714050997,-0.180418378665055,0.20496115721357835,-0.04960244826960481,-0.11362461094694214,-0.14468601879661658,-0.11625397650623989,-0.0026857527280075458,0.007140955944812499,-0.19314278561452858,0.09897334415599038,0.047427291201406985,-6.088791234262094E-4,0.01438430026062545,0.1149987691332783,0.07097739167337838,0.12132792493684252,-0.10159728741557321,0.36096972806434857,-0.08350415916117933,-0.17745102097618398,-0.1139042721529669,-0.074713574176386,-0.04744811601877723,-0.14236611513708342,-0.23390813164631155,0.014987832856389136,0.24351334230709962,-0.0770215597887629,0.01599569367487296,0.0750836191813653,0.03388214656321372,-0.12819011246345666,0.1954048891876547,0.18941348034613892,-0.0019082807275495647,-0.09247182045227527,-0.13389681917132235,-0.27270827479271886,-0.42273635430335205,0.13997613652607846,-0.03241807841258124,0.1328333596537626,-0.26894376005965415,-0.026905166535111342,0.24911416967027983,0.20238511248167573,0.16364541880995792,-0.018338407409275902,-0.15016172705341527,0.0859104689042239,0.08689896315490173,0.04847441983491637,0.06545618821027112,0.2137593145681084,0.05367436508030021,0.2803787375696272,0.24239606728805146,-0.023951529485385755,0.19650647199385474,0.19374669689571483,-0.21813182529551856,0.25786995665310986,-0.03811321780578878,0.12075841880366708,0.3100022719296774,-0.03884153910161493,0.19266450983246405,0.21736463231642403,0.07339810388194128,-0.07011913955979554,-0.20726768366482254,-0.21732414776508785,-0.07842059969644395,0.16377068431581177,-0.13415784459905342,0.18298957910345334,-0.018297565121374922,0.05038199520979102,0.11466200109804137,0.35894606313816857,-0.393090750150548,0.13286272774472097,-0.012923895136934921,-0.07929871697284098,-0.2689914815856066,-0.06559215102116855,0.1724651971305727,-0.005598402734343075,-0.37247073824664495,0.040550006667273,-0.08879251164228263,-0.1346458019741086,0.0473219609071783
-0.0371294407727788,-0.13330275463895047,-0.18283591106408426,0.034239739960905825,0.06932166278560761,-0.07762811539318085,0.02414794252285568,-0.01094199202999329,0.0770735233612418,0.186590018011473,0.15244542822394924,0.03882777669937862,0.07268400998256955,0.15566414844847337,0.020039739979283305,-0.08464968133676343,0.2924411354125851,0.19131457966183596,0.025582569024111303,-0.06395570175761159,0.10210230083544806,0.0780746577332134,0.07018444574282032,-0.048349484320598886,0.20413190534693765,-0.0326051356251496,-0.3039121030215975,-0.10928368260007965,0.22356326270715804,0.047140008534247546,0.03518545603356405,0.13581011114010236,0.09095798032717523,-0.09839758687768484,-0.047628311248522404,-0.07637255728235871,-0.13571934015287732,0.2148064158616534,0.18155841015374397,-0.08526904396971707,0.14909291043963765,-0.08278787477653385,0.073846619907587,0.15587196257720162,-0.18095493803516804,0.06926423263256809,0.09379334364199776,-0.13038577354004643,0.03034211792602932,-0.21323812667171396,-0.05807346506611789,-0.09033203805662421,-0.022877230780729334,0.09481967248321443,-0.08343999810256797,-0.14378020634666325,0.08534064742817733,0.0018592895687299582,0.04374286837874102,-0.14364470620940453,-0.011739328042180404,-0.06637969837488072,-0.03137633126044332,0.15714192874066718,0.229931958851814,0.3044369135914081,0.029824614006274647,0.04631206510337657,-0.1227682318591198,0.11657055268644996,-0.03012793170743699,0.2300557454403354,-0.1995385138487798,-0.09180819832570582,-0.0901409176605155,-0.19612804874502732,0.04595928079878662,-0.10477711428487452,0.03352518005002104,-0.03052876907789067,-0.012626230588075769,0.09151035372123764,-0.02475614675413204,-0.08049290697554812,0.11674238097518641,-0.010852294597872967,0.10599956241632592,0.07665349396923835,0.1830552600516673,0.126469384893155,-0.06185706152527386,-0.13127681867318808,0.055780873544434645,-0.09523070533445266,0.21443346401169072,0.023262995229803365,0.12967314019407955,-0.04301876942995866,-0.04422474703511941,0.0829600602129855
0.17335086372202324,-0.5744874635911148,0.12948056361579846,-0.10116829920639514,0.07973089358572422,0.06027477481960956,-0.04205068695163214,-0.034713009673074405,0.4264894898227383,-0.05801975516639442,0.461892872978549,0.40421186064338643,-0.09886137748835895,-0.17691243012038774,0.33078391450249844,0.31056073730791595,0.2755727936172805,-0.13139037273185727,0.13517256883397166,0.010860194777462449,-0.1345754275551136,0.14038467170007032,-0.3466172838210635,-0.3273133412580074,0.09285778395064694,0.28061350399003304,0.06192774410648269,0.5515972404052584,-0.006288860690952048,0.34819398009706826,-0.04188332576645281,-0.548028819086845,-0.28352809064918194,0.22384146837497046,0.0626414227975399,0.3101568229150382,0.3116478956376952,-0.48590736403039897,0.14654274647704033,0.48732512591804417,0.13649230661154732,0.10774862329191986,-0.12903686231015854,0.7559615389031895,-0.24207772773001637,0.023410659182842783,0.09157249920033035,0.6270646901336409,0.44608622475888376,-0.06122942355743945,-0.33302846888669235,-0.05645233253123354,-0.12488738602630736,0.20564237048257192,0.13424897924776957,0.6323054295501855,0.12759558813438657,0.3748805797618135,-0.346449414173014,-0.07687195636122662,-0.09150672890126241,0.02832096312581878,-0.035648394726517874,-0.4450196179487848,-0.23597347361463158,0.4127480215922642,-0.2612661068777719,0.28915853475770276,-0.5610274468051905,0.4251372915105306,0.07424023450121035,-0.27888099615241835,-0.9552404832686503,0.3763061858333769,-0.7060541543269111,0.14539052704015967,0.010071939689780433,-0.505558831139847,0.22106984807949337,-0.1475709548257811,-0.2310715534183054,0.03542900612441768,0.33725111783408074,-0.20300900698339275,-0.4838552978208229,0.06591642714890325,-0.09438990806256486,-0.14479226649173993,0.24905136235846115,0.16459959422903975,0.20171359312235568,-0.5837849087276173,-0.10934677990962877,-0.49396124410800896,0.7438017735901479,-0.6443103691396483,-0.4651073278749544,-0.4621411565721503,0.3273492662280616,0.25588019841778864
-0.04479279912415765,-0.19597432433830866,-0.2867458749061925,0.0047946202191062335,-0.13650504786519876,-0.3563342835266032,0.14347989076478748,-0.08611422113692632,-0.12571978380709384,0.36272676572633805,0.024098656587221767,0.14079847994029338,-0.18074532248110511,-0.2202926524722495,0.19968065962469753,-0.05891702563527986,0.03229424037495001,0.026246513621213597,0.2291436354618052,-0.2044625067125518,0.2853141657605925,0.06480246333040289,-0.09472241460340462,0.22929205760992988,0.1660289577349368,0.05045424404805728,0.18007609885756598,0.273763555886625,-0.163758500901757,-0.12252717943792533,0.24348357337652854,0.12697087102457766,-1.0342367277524453E-4,0.07046023229056923,0.25820484487298107,-0.04348877844730967,-0.01458296167096101,-0.04189720776959449,0.061098818930019914,0.17947420256966112,-0.06471333229637366,-0.09395273129701402,0.11174245934395838,0.04979590203828903,0.07073331630857081,-0.3321426971107996,-0.2990567231157623,-0.2684578280292618,0.1325667323919044,-0.1854379430437893,-0.06718754221080851,0.0516150567488235,0.07830031627503323,-0.3061156377184862,0.2778696011402803,0.06320338252783486,-0.34022475443593353,0.33565684885940245,0.140099403572288,0.10458564854292939,-0.061086835683343735,-0.13453687731080025,0.1695493229768618,0.06022991814870132,-0.19059647775320734,0.04744399883062245,0.3073237217544517,-0.29161407921002314,0.2922642817369593,0.12513465800057857,-0.10002895858589972,-0.24300124890326621,0.5032525895845222,-0.003266670419455296,0.09198450898003523,-0.122903062445814,-0.25119066443199084,-0.07112186933938766,0.29223094672110056,-0.21483943051341994,0.05954839230463334,0.3705831915549217,0.2147393870918651,0.00729270175160734,0.25840327889730663,-0.08508715525827668,0.12636805917905106,-0.29732023444489697,0.31711152031053713,0.12186166534201225,-0.14900165561267378,0.06507741044823319,0.27431705912196785,0.21078902433104327,-0.2068517575507684,0.3589703190780867,0.27480610109069964,0.23988787472865847,-0.1685231849886105,-0.09084676417751113
-0.006519745205185138,0.1183495642619937,-0.04433524160959997,-0.22292849223470787,-0.0656941151340417,0.060168819454181545,-0.08616507904969925,0.1422363478494139,0.19687770499437235,-0.17822056449041657,0.0121152933592239,0.033479778071474356,-0.007575746617004422,-0.11039270333374485,0.0898709173142426,0.09306031564864449,-0.073996189298076,-0.22038389574076625,0.04292708230513441,0.05008291907156322,-0.005353098737484785,-0.03922661972652572,0.05305284693214123,-0.04937742382694948,-0.08151672296207342,0.08307867920288275,-0.0632904477202552,-0.190652004881845,0.09040391466937944,-0.061707074697201394,-0.07204000771905772,0.11766795720903725,-0.03066636880174962,-0.14277546092911234,0.08092498524068811,0.04400205080912886,-0.05483782412641277,-0.10458617192086145,0.09900063733403056,-0.10027860147007925,0.11450912719910046,-0.031108054898944,-0.03303230524089968,-0.0724209636773472,0.11161076840263565,-0.15864928724267766,-0.08550955671139318,0.005881554881678614,0.2609883819541009,0.17212951698491188,0.30063925772883043,0.11944485027941756,-0.07943705622575833,0.02172761202839072,0.08716735497950866,-0.06172174274821096,0.0699235769126359,0.23586492084771182,0.04010211726578478,-0.034180794568577824,-0.03903517768562767,-0.2289148472268106,-0.25891052185236285,0.04270767097347834,0.17476569378964812,0.07181420674625005,-0.09058565698465088,0.19177681466038554,0.10120148417326953,-0.023903342895660897,0.12148302397250836,0.026160487717831173,-0.12708346312212135,-0.019469217710502626,0.10857318936965275,-0.06695421864015734,-0.09369980615918626,0.19111464103682954,0.06514491766848536,0.00930894206170389,-0.0088271219704306,0.06053649869001511,-0.082207403907505,-0.09622592427137903,-0.05568838844629928,-0.01862673173960648,-0.06302688576310882,0.022414191747090997,-0.03414413633473003,-0.010868586020597476,-0.09804770912077047,-0.17540756134875127,-0.10447857115451735,-0.03435168132043061,0.1250162605269888,0.06106813490533311,-0.031626340830112065,-0.1874474340545608,0.05237676912020088,0.08799693156145211
0.11913159338604319,0.002869645043067688,-0.15853272019863396,-0.05377327433961753,-0.016193093001593762,-0.08819584354581221,0.24026700265830678,-0.13860715361937534,0.008478065402188194,0.08519352651610258,-0.1351170545605691,-0.054398201362128355,-0.27435294930995746,0.05277176569380999,-0.13602049371815259,0.009958365568791733,0.31998014982282047,-0.04983969862535977,-0.0024885139945455166,0.03784191390022932,0.07773895258758297,-0.07714915766650958,0.033600543579067915,0.16868194954288107,0.0988968659487559,0.05018672139309664,0.19007213394249736,-0.10084062985920413,0.1264321586256879,-0.06904774390144189,0.2483419607790708,-0.015218330198625963,0.02896208231466471,0.09715383727113222,0.05505156337293127,0.02237642675790993,-0.0768465904486142,0.07622530985815937,0.06886109844311813,-0.10657057450881523,0.002485270047760461,-0.15893320469000427,0.23724540396532356,0.10439080245571203,-0.13125205067686013,-0.20114642389019047,0.08558707760234376,-0.1627106318306705,-0.24392859003557799,-0.07712707404070245,-0.2383330222849419,-0.19929286138368735,-0.15400384932531894,-0.1217124827786758,-0.014976153142617871,-0.10205783040597005,0.28172887474284075,0.08354440527950378,0.197537566114527,-0.061498730296300416,0.06757200929864243,0.04526973163549961,-0.08202669102497072,-0.07877992661733053,-0.08310056216970292,-0.09668365234507229,0.15254633364607342,0.0424618114916326,0.06509602725504327,-0.11303319196840336,0.15217767697090104,0.43375844727785867,-0.055678674169868395,-0.2066885114392607,0.442054086824025,-0.07039162972421949,0.0885148917496689,0.09644782430731257,0.0030091907710670385,0.15685916903667413,-0.1496425984223793,-0.09283814788509298,0.036682264665292924,-0.10890835475910833,-0.2105748166796142,-0.3541716186182782,-0.07883097184739571,-0.059288324976073226,0.08094523600870647,-0.07165503402449498,-0.2179934533173304,-0.06119939170885904,-0.0018863831518235834,0.11092494050342949,-0.11152214345755809,0.23235860854127446,0.20482554034078349,0.002821274119414694,-0.017722493911360215,-0.4136723799854104
0.043142424876340124,0.010885553653722072,-0.17753793329862513,-0.10449304691599544,-0.007411006148679352,0.0657070927912091,0.023109518484249074,0.06551741197980195,0.015609466468567191,-0.03551591782227069,-0.00689581294990191,-0.025234736997205923,0.0912271289966068,0.04672360503266177,-0.02448241544203318,0.04015613211564807,-0.08964538604815225,0.00961197194746229,-0.1010495523287093,-0.04254386735597147,-0.02973763658102187,-0.015011936938717614,-0.013398276590020521,0.002325217225360998,-1.9496421303510572E-4,-0.05049750947124706,0.007303671371896353,0.017430404765743274,0.03517785166876092,-0.11205850343591021,-0.06760821064880784,-0.1567494615861219,0.022200459499360326,0.07953483889133077,-0.11668502058673265,0.017560626878602527,0.05676232563192874,0.009265362708758886,0.11762284567267663,0.05878912466263698,-0.08688660293792351,-0.009784482215060068,-0.05800986462628049,-0.05685268116280131,0.02103568033814406,0.08859376786421341,-0.02135832311779752,0.09278595234603161,-0.038494788669000635,0.07267994275024278,0.04505837745142858,0.012477658414265218,0.050437354850777716,-0.03577889455349218,-0.04339224052196886,-0.0013813426003526572,-0.21701243252013497,-0.028150035616740628,0.030302611982723413,-0.005535219532814436,-0.010070005569755616,-0.06477329724551,-0.08561532446914243,-0.13972066179894518,0.015214269958218797,-0.07737545915199562,0.07063840278304254,-0.04314969182846746,0.02784261672313875,-0.14026107022577644,-0.04458331711002295,0.0697564794672419,-0.04266866768112899,0.002610583333969275,0.09306739519033931,-0.08125866492964522,-0.029188581395527775,-0.0816552735259279,0.05162482526729486,-0.05498080771962406,-0.021878903326535446,0.07296516067136646,-0.13690673290972397,0.08464544469830619,-0.11696671996669133,-0.03143709923746135,0.12332455615980467,-0.04529020552971472,-0.014337379567142167,-0.07036356979558833,-0.006933808899960858,-0.019742593808744158,0.16722520985265807,0.07864382995272443,-0.11019042850004027,-0.08061845398974142,0.06429172056365551,-0.14811689011176196,-0.07103519018519809,0.0306228647564891
-0.11449282048018253,0.0257748385722226,-0.006695656402933643,0.02164069720515372,-0.013591687015026,-0.010948816455850548,0.03488093737484894,-0.07348730263391876,-0.043342850332848355,0.0796424030179905,0.020335972334936208,-0.06400617427039326,0.001154436437958144,-0.0013540003225411632,0.18545534199848332,0.16279304293687985,0.05801677427613082,-0.08595997784513566,0.0237556139852736,-0.07144158628626975,-0.024475206698830528,-0.05233188439995484,0.08515746005472337,0.010168090922242969,-0.039536010973671,-0.05056256955455173,-0.0797623274533624,0.045142442871710105,0.0027590294210882308,-0.012991533461938742,-0.10557874479257842,0.02832601697154784,0.03744114049017953,-0.036771173350451554,-0.14074128061359412,0.05916629850326954,-0.11775409073722641,-0.01946832418760089,-0.012111871083964896,-0.05843405241384939,-0.07289739830644283,-0.01714404690947164,-0.012885657745405234,0.009467962881043462,-0.11070520952727383,0.005641413917672655,0.027620154249563163,0.0506544905135835,-0.11448840752563065,0.11042357255865465,0.0015964140054161998,-0.0015372482458042946,-0.027281393808681418,0.004471560360762474,0.006781141958200807,-0.11588211354259857,-0.026082312452700946,0.006418708740392434,0.1911192360434486,0.07260992143871439,-0.04034404616341651,-0.053469214613952494,0.043183563901106496,-0.048590042068764605,-0.017322582605956115,0.1011497717727933,-0.00396022508796892,0.0747059217482761,-0.008280579692225055,0.011905325244043974,0.019752719057015946,0.02066917368779571,-0.06452293974919732,-0.03635846627661228,0.016867948247624828,-0.017139879601271724,0.05972424575512499,0.043845551108684204,-0.05316778908589707,0.026698187609656872,0.00574180002856508,0.004621688006084921,-0.04041905510502623,0.03312676816970339,0.06297673629462035,-0.0433552076857302,0.045466837948511696,-0.057174265771613546,0.0673218992890996,-0.005169622676636448,0.05809584997712926,0.05053235131426493,-0.048831387101759355,0.02094108705342794,-0.024714477150367082,-0.0022980311866503613,0.03782265437651811,-0.022912419329496895,0.0071425405223200815,0.04295345270556933
0.4720303770902533,-0.007179651009295555,-0.0690892276310021,0.0949424541809366,-0.05962020816205801,0.3761660055006583,-0.23741356621592397,0.11067735920544687,0.1587694999493002,-0.3688770687036872,-0.0015489354750763524,0.02569944472422319,-0.32296292308750363,0.06526273839765066,-0.17854092455074835,-0.3496791385726559,-0.13921664395598204,-0.2331503256741206,-0.10715569945481065,0.11956247149896017,-0.2909270130002531,-0.14865890554992423,0.32567908466391143,-0.18521514033838476,-0.12608113180589975,0.1735736499532312,0.5107369951027304,-0.20934850873137753,-0.09017389209351072,-0.005251934188577465,0.44822058591372493,0.16959052055865773,-0.18032271794102744,0.04943303694949249,-0.4059800671421875,0.12544552406878082,0.36499304903572727,0.6111321023342091,-0.18417966931761698,-0.5710824609323784,-0.12818249423752892,0.29760518435328576,-0.09654013534884275,-0.47132021968987414,0.16239811251527997,0.06223250608574499,-0.03398423866750223,0.5104292484628323,-0.13420895076114311,-0.07628754523936904,-0.5196449130005836,-0.013149090565336745,0.08558847008607076,-0.061869573454267794,-0.11857242071169734,-0.07419785016919345,-0.41131936876067854,0.15566985886617263,0.2916449625083181,-0.0704765754882097,0.1142667564540167,-0.3546170611341167,0.29639112896593145,-0.16896466196169374,-0.49440764487949196,-0.44665240498650643,0.08088872863786614,0.1322377593214777,0.02906311456918746,0.02496384764462877,0.3213384259286166,0.01816807699168414,0.043607994869574264,0.07368992063677009,0.29341986761662087,0.3181856559025826,0.126397541917076,0.286484882544149,-0.15403966830125954,0.047796107349841986,0.09348953678730182,-0.4084366240468623,-0.17358436403121516,-0.075812875260003,-0.06722637313218004,-0.3598240907934898,-0.30515980651520047,0.15199682631936742,0.2906240614404102,-0.31412968357315446,0.004421121114380273,-0.39042469934173335,-0.32712129276523494,0.04557127648968572,-0.7494140440790743,0.03419149572930616,0.13054772868230913,0.037267198581248405,0.3235939358239521,0.11623015914295559
-0.4738388621515711,0.015424116791032956,0.27301242586101854,-0.14549398674198538,-0.17168178790096136,-0.18174963575437272,0.06995879138335638,-0.3649570055879803,-0.3210792319504026,0.4917622295486804,0.3452169267957683,0.42915005694929576,-0.12768169414844888,0.02755988438942403,-0.3077340528811471,0.2576794802242589,0.012374031644944062,-0.7026309071180598,0.08687825012852524,0.06887724986535879,0.25099597395609335,0.4031252869155227,-0.08340946117512636,-0.08032968793715903,0.4869249576748284,-0.18058586180680303,-0.2359322367336329,0.21968351717229687,-0.13046944677589378,0.25192972097363303,-0.017737313500786833,0.15706032417253388,-0.43897402315420503,0.1270505819308146,-0.23845717380951986,0.07004033194812494,-0.05596032741627864,-0.06472175181392423,-0.07513786495524581,-0.0607250771290372,-0.41853606570214724,0.30138327981397656,0.19820545158784586,-0.07037313252533041,0.5076660985744961,-0.16504781787435988,0.3631326574931908,-0.06622844505162273,0.10576220863959507,-0.8707870904891611,0.4204363271859242,-0.0660861480299756,-0.12878345261575155,-0.02779046044663748,-0.02963826004013335,0.137828060523203,0.21764415176309332,-0.03246158641626297,0.04741404016594638,0.31058222528439344,0.14149105673082843,0.3225352973327775,-0.2296678365889387,0.035292573890684145,-0.28981057100734514,0.2531787249859105,0.6861798103312966,-0.019716590116433917,-0.06518150488665632,0.09507513894141972,0.22286626240074656,-0.16721334953123718,-0.05246329016154747,0.5885838909830488,-0.18000213215705746,0.24259574904987824,0.45219555631968367,-0.5708825207704733,0.08675312235624937,-0.277284264065753,0.06792853526277903,-0.0967022931461078,0.10886145611503178,0.03907585579485758,0.019248437586580215,-0.3153227147514099,0.6121817707689952,0.19484186206537885,-0.44475238503193554,-0.1970064339757267,-0.11403908829830751,-0.26964705468015787,0.323876054332687,-0.23938720228872998,0.3231124822785388,0.16721537661108393,0.06500000383019179,-0.23076037538194397,-0.2210793998774956,0.12190654002603835
-0.029180653651427763,-0.19586222530215902,0.08077167737723956,0.0076728992853421505,0.15446546490284827,-0.05173402510299889,0.11686568484239888,-0.28729943317325285,-0.028221040745605046,-0.07471422775756595,-0.002187413123226721,0.035055919971802005,-0.0372449088040611,-0.05230761720404305,0.01743102058188376,-0.2097489470072519,0.19073995707481378,-0.06283722711363132,0.03717280724438004,-0.029856583723741757,0.08491467050651036,-0.01932622999494497,0.06209658192337456,-0.029672535574534017,-0.05173018014579273,0.03320144896434543,0.052839121697886515,-0.08776990453881102,-0.15493423318724456,0.0388601478274086,-0.060811826741632664,-0.049863195257459386,0.08204406158996766,-0.028994207639534086,-0.12124801659402824,-0.0407909245135647,-0.10187760706252225,-0.04267041765879604,-0.006335513511220136,0.15890413572100442,0.1029358446563642,-0.03249752778343817,-0.15231261035979005,-0.1890472675102866,-0.009171814630554952,-0.14566101848773488,-0.2555576970245577,0.09734569587864908,0.004993510067645333,0.029791192361007187,-0.14697100521519588,0.0841668167215005,0.06847726608530787,-0.06775713068360019,0.010537613801909604,-0.10272504908491407,-0.06815017273839154,-0.2069276881410069,-0.23026071324196115,0.15348595084358146,0.1334365259488056,-0.006588416750239098,0.025503117222858803,-0.10303583499740868,-0.01702711633797595,-0.031329501498804625,0.0875311967919259,-0.0691816775148954,0.030896558258981764,0.019703718479098718,-0.03465470702807723,0.01728224067785329,0.12117822021817994,0.019553871306159792,-0.19532492168626878,-0.14905130582313597,0.043013086380224656,0.14298769789476198,-0.05161115171399889,-0.06404610642522858,0.045412838980510836,-0.03899973875941549,-0.21356813207786754,-0.0039000871332394156,-0.11496114772556215,0.08631811032078013,0.045355889420155386,0.006560526040222886,0.11651445802975982,-0.13592685509953847,-0.08105747251724904,0.06104799835141484,0.010563683300833474,0.10690780638119103,0.04681542067847264,-0.15274468387067694,-0.07056431900431277,0.10381456453998024,-0.004311429538214784,-0.042103620007585246
-0.08455031030637335,-0.018160897599080312,0.04540850998660087,0.05218233836308413,0.060851993516957394,0.00525992113185348,-0.008858585999058722,0.0037409373570986026,0.03580198751907731,-0.03834146017239783,0.055012890392620147,0.05579456966174932,0.07902833063867534,-0.06761650374884158,-0.08644619237216208,-0.055055510199729485,-0.020725865815498304,-0.08900257192968704,0.0038836190369914226,-0.04328846850576813,0.009400606347606507,0.009944135563678107,-0.049905021955514356,-0.026299550531411295,-0.03550105373207688,-0.023811984079368232,-0.01725503084674566,0.032387420601517225,-0.05215966533008382,0.04396269148102521,-0.0664439590484979,0.0024328368812162565,-0.02284998474903275,-0.03752639500571214,-0.016697751513614148,0.0018521464492973177,0.030069575237621035,0.054322760124077184,0.09534797167769163,-0.04399541855894752,0.01273805688028421,0.05919208864301748,0.004834208019349652,0.028261097813225337,0.03042157410445938,0.04728560937077601,0.1342818564711779,0.017814119556576052,-0.009195078977234183,-0.08775426950772744,0.0025430273888418712,0.003754583698821598,-0.004641491051983784,-0.02617795671266341,0.004819893052992713,0.033813381741675905,0.06559883582916513,-0.03913900610096232,0.03712507551426586,-9.62032584355003E-4,0.015508688654498889,-0.02505722884515174,-0.022499834408828977,0.01936940378431267,-0.017732856843958294,0.029724710885845752,0.0874716144101221,-0.02850591340607785,-0.012214914134328259,-0.04327263170877095,0.047836832446259414,-0.09424781498712069,-0.06658044136218512,-0.02209549658263822,-0.03711189587159774,-0.005364554139049281,0.02322407176501041,-0.07913770087037031,-0.02102318224680037,-0.024463445299567607,0.022022789014896474,-0.08828610664844941,-0.015649305979531566,-0.025010488737073382,-0.002435169760111364,0.006166992698764871,0.035991837045283,0.0626987338796165,-0.05710613620856769,-0.027348521307222668,0.13341538146865362,-0.05017083218093656,0.040590505276073795,-0.013959871617879158,-0.009264864692551961,-0.04862993507036149,-0.019702940288865867,-0.04995826675735994,-0.03475722875615783,-0.00868905644370302
-0.09944217623227719,-0.2054586270066741,0.06551633646964147,0.13549560269563443,-0.11329237730803025,-0.2093170011377671,0.06274975015718233,-0.0031161661882526674,-0.03838613781339466,0.016348386834603178,0.04313196202993625,0.3477468740576873,0.020493522314088245,0.04539365501969317,-0.0726760045858471,0.07768081725036866,0.12356638617438234,-0.07827764297867286,0.14794810135564737,0.03030152456978714,0.11426985525725389,-0.13959297037250964,0.007257864032719419,0.09298439233369063,0.0894717999960345,0.011837860150559121,0.009723053982446722,-0.13899117523393092,0.10248585513300683,-0.05896565570834871,-0.09405328135520423,0.1311809624332804,0.21646981191155248,0.030668571718283123,0.07373983928779083,-0.0013523706411534611,0.13473879617410572,0.1368174500577643,0.2041522141292355,-0.32277659060747277,-0.041530201577801025,0.062338620915610425,-0.11986451906238291,-0.1406680049829487,-0.010705597872946272,-0.20642203347640858,-0.14495105913804565,0.14856432775549183,0.07142380008446737,0.03805809987997626,0.13618637000828837,0.07720780294479139,-0.04813247626951107,-0.0675904165727605,-0.07280704298490003,0.09431086694522207,0.07678411529270045,-0.08425716147004492,-0.06609354930236024,0.002769587299534889,0.09650125373775227,-0.07655034725081164,0.23003976910930662,0.09139484039614194,-0.1641018245659092,-0.12943034693735772,-0.06565435334105413,-0.15755175617569878,-0.06606573204719283,-0.07570086731364822,-0.11945319193361188,-0.04625667751629617,-0.11899150501848199,-0.03129436121230202,-0.20638877342656423,0.002153377314277438,0.1065698428780475,-0.04475994438166123,0.05189475385387479,0.1343708159743459,0.04662252771905005,-0.10790654236906404,-0.09779688904123955,0.12567362147728603,-0.11400413089146488,0.02719961819196773,0.05176288308016257,0.030257311066264395,0.08591774742591143,-0.06237610557981046,-0.03561954875105378,-0.0032920413431701606,0.16365501556662718,0.011614272097510302,0.09330841248677892,0.056627371380291086,-0.1834446310835487,0.1203808427090624,0.25247808784547865,-0.1330072371086926
-0.09162855927916218,-0.05742294443213069,0.012923541851714968,-0.13292877529297228,0.3047257656085347,-0.03162637386180915,0.21765758134689103,0.0665120936499702,0.18476084571557905,0.27361801956057435,0.044927889024496424,0.026363706877939277,-0.09029536903184401,0.282444522727873,-0.012418000699448768,-0.2976239262973728,0.3472544066736482,-0.015759872748017944,0.16884473075505094,0.0938474409847212,-0.11807819461662426,-0.30978635647663094,-0.0013796836508073113,-0.27310972805694844,-0.07869527394141632,0.19646116421757573,0.07149717673749764,-0.1204487528932646,0.034925233461130016,-0.09888466992631599,0.1684198279481617,0.26802911225096854,-0.16639595482618474,-0.17301442013050752,0.03352473159007496,0.05097064271128711,0.04557664734434105,-0.1651670237084462,-0.10430536832402144,0.13026324265681297,0.1298681619946765,-0.17095772191304462,0.12346856575723546,-0.3330180727382904,0.27098615826260974,0.03876220394217725,-0.21981486022472058,-0.23434170636303167,-0.061969754202545746,0.01510294199704582,0.2512265963994318,0.16203328479669502,-0.053239086607672875,0.11585139868979964,0.21448279895905265,0.11216517410956856,-0.12193660987194967,-0.13018562514538268,0.010988641233776604,0.06095668681918696,0.2967526347782076,0.2840611177758077,-0.050704251506847216,0.1424857965524328,0.3052389437347474,0.15131672201105512,-0.07212555877570768,0.03186697428715787,-0.08892579634360118,0.09531060019760744,0.013770408130618935,-0.2823003919659723,-0.3297235842367426,0.07643537668665329,-0.09798605434740486,-0.014879633971722142,0.12105291946326843,-0.07349436098311544,0.13172374933487335,0.21776562238422248,0.14177529806129824,-0.12196486488797365,-0.025997306644631797,3.1656700381443127E-4,0.17923969623270777,0.1471114502329833,-0.2264666657492055,0.08930751411209106,0.2886776693208369,-0.2587555518395183,-0.10992839262106253,-0.08960593655654152,-0.21465576794023544,-0.23833889562708924,0.12617528919947732,0.04598827346743806,-0.08880708201357954,-0.11290931574315774,-0.004153598902683683,-0.004584168648072737
0.34759260934111325,-0.27917033592422025,0.1429826889639103,-0.09600150850277821,-0.16779122247278883,0.12321749304349991,-0.05067669213881741,-0.24879976967403789,-0.02758679303502777,0.45451324726374126,0.23491375517530605,0.3566979643090646,0.10612412108350673,0.0801116129229986,0.21632597463257064,-0.04436512230418539,0.3765543957015481,0.10646559923799569,-0.2117077310945767,-0.14486083993123977,-0.09122915954633407,-0.04932040027628372,-0.49345188839406096,0.1371907790873807,-0.005796563857062661,-0.06649950142998126,-0.26847572401568626,-0.11279842866336547,0.1702460504359824,0.015910061206249167,-0.07672275144812651,0.03246998074301403,0.18799395701358207,-0.10298490011424435,0.17334398329076137,-0.09788751523987631,0.5785680311159619,-0.05843304647960124,-0.12707017794735756,0.3153881420051451,0.18002798937223485,0.08534561210948191,-0.27617271063367876,-0.5678192557862123,-0.037219549930831555,0.32488094547412544,-0.25591600492672134,0.19798134949601998,-0.2689922052993879,0.09788594994874267,-0.6152694983606949,-0.15789815881713817,0.06830117515542289,-0.36239786930548007,-0.008027874408534648,-0.16429434425180267,-0.5547600790800232,-0.1705582102651137,-0.22692711822336215,-0.01010807402951578,0.06101187328679375,-0.04809798992188663,0.13911984619004347,0.23256233652378228,0.03516694530384655,-0.07860838771936261,0.17314382091517053,0.14753748747693185,-0.16045501683337132,0.25979887333845264,-0.1875547286885898,-0.19207770291532186,-0.1331988673724517,0.16039940538654215,-0.17593930621179354,-0.5956233587314264,-0.31778680991674274,0.13504636386602284,0.06554542301269821,-0.0320321121443844,-0.10416959354089893,0.14834244755065681,-0.2534883600460129,0.3318310919358221,-0.4296529261323437,0.10093123250016674,0.13149483216035218,-0.18987223704537254,0.2292793890528903,-0.04032809442859063,0.04028626183242758,0.04747557958411478,0.17173210783780685,0.11466963646067856,0.07986429347211696,0.1886992652096178,0.4033196478900711,0.21872442580902696,-0.08042965318917475,0.060798983421931484
0.06926171354242215,0.16621425092314238,-0.14888639305109286,0.0046655102780790774,0.07458006436306924,0.10202129633262319,-0.1293124531734023,-0.019922077570719485,-0.04057668926960342,0.048932756387468496,-0.04975281729510292,-0.09192379531030151,0.045844700876315744,0.035873247494495046,0.08763204938037078,0.07432509370134517,-0.05933358238139906,-0.06945041015416079,0.03835492474347498,-0.0010977724537720363,-0.04835062984045824,-0.056703278507972216,0.03206936934592132,-0.10903066903794142,-0.016035696276782713,0.08331663051768091,0.0967172993772061,0.03904373264314171,0.0541709844668812,-0.06162629844119823,0.038565678863264306,0.022558028027344534,-0.12938659766708085,-0.15156859497453787,0.11456545981494601,0.04086691400009871,0.15247759166359195,-0.011602507369744849,0.11320178328718451,-0.04313649306071786,0.002733318386113949,0.132635715236572,-0.04024472754857944,0.04546666818168137,0.05419876396998184,-0.09713383438722879,0.03310981803186295,0.09326442233263799,0.10488368906469273,-0.02443393083472401,0.016473855280110843,0.08036062590410482,-0.022234167752347572,-0.012941750702585955,-0.11623651958110885,0.08195482039066926,0.024260170272817756,0.01423985724768595,0.07011335170508903,0.13226389631370405,0.044843149240676165,-0.04853044856840005,-0.05886085570791621,0.17221626203887183,-0.08901970001433819,0.1534524719814114,-0.1826807406564631,-0.04038446078093959,0.08241441829307265,0.060323549149395125,-0.06875499905915519,0.0487346285591311,-0.15498087354647866,0.09962314374269071,0.019236091322174066,-0.05173207296307734,-0.09401280443888707,0.03612278392892497,0.04065839452965873,0.08644219982633662,0.13306529747036036,-0.11714614838075,0.1258676131669443,-0.016787062292270085,0.02615504736575477,-0.11241500038182134,-0.06327051151218589,0.044937545169769444,-0.08311540957362723,0.04540168182012413,0.04277905882105487,-0.04200384349170173,0.010356090913708567,0.019375419830150255,-0.27387984142038796,0.056598368372788165,0.07177787039796694,0.09325657096617992,-0.2225390624877477,0.060345440260102
-0.1995705590067909,-0.22056570642836046,-0.23754230615663297,-0.0751116935289293,0.08685860214008918,0.04058276186789499,0.33566327739894947,-0.334485070936566,-0.24871930039743437,0.09986611048977885,-0.04044198899185029,0.24378292415292685,0.1332561898654845,-0.12618008938136274,0.029870684474440932,0.2109246927647832,0.36466063444567015,-0.18687274655031824,-0.07218868940315888,-0.25807139810515645,-0.0348790972385626,-0.03582735500262033,0.21956242496460024,0.17167740848975108,0.2829483353494195,0.13860266211044212,0.18147507197320387,0.2439422643353905,-0.26231230074022394,-0.15013492407931903,0.2674112777003223,0.1367842584203321,-0.10943351948236713,-0.06787682118745507,0.08117452018097773,-0.061286923156233686,0.003544000602914365,0.21757228455742664,-0.1588244421073065,-0.06748491899287451,-0.03240422954587227,-0.03423403799379154,-0.3223409745103462,-0.07641813073514898,0.040148042977075235,0.7093367880432381,0.34765206158908785,0.03184756090209518,0.0768274360835356,-0.39067507502690985,0.07503547620548758,0.16778111018296396,-0.06367007238107548,-0.09429393230566524,-0.013964615760771433,-0.16328502769214015,0.24618707857926644,0.03412234992100565,0.1414331877457421,0.4420884500416792,0.16091450434961577,0.29215774146367135,0.27170130722353153,-0.3449074634810336,-0.16766207156159638,0.13526537382543946,-0.1906859497632318,0.19637141457770785,-0.09063398170392803,-0.22223219374648084,-0.003823351479683712,-0.0657001710673257,-0.13981407754694758,0.12863490617800022,0.021183249557868336,-0.25390563273167316,-0.26824942804121943,0.05618794730200565,-0.1040520227312319,0.15749020060186877,0.07333172195071756,0.044230863804192916,0.005375369679780477,-0.16203597807192113,0.40073874075847266,-0.03952652009245444,-0.013864636698153573,-0.1315404790020741,-0.09652972018095222,-0.5159964962243094,0.13949459907131306,0.37039925143445696,0.139195108981482,0.2507084248830985,0.1533502808024883,-0.14411654517667183,0.11445562331531499,0.2224233418645283,-0.16104274326162007,0.39614848840583744
-0.017629020111820486,0.0017813400324860743,0.010902337437903599,7.600329841322838E-4,0.018016839116081994,-0.0057366248675422065,-0.0011918667856039215,-0.0027583557526782506,0.010387860069058749,-0.013359217498647557,0.004490772145596062,0.00793737207199339,0.008520144029157524,-7.042895724887458E-4,-0.003530912933638616,-0.006861903860280011,5.833481446497074E-4,-0.02261666609578318,0.0038216426516171605,0.0012999552746782686,0.006677446382132999,0.005665967995029333,0.002494768389084791,-0.01889041435101507,-0.005674847097447566,-0.004177141755014659,0.005047259241754503,0.005230243420280414,-0.0017889341718853283,0.017583518661073612,-0.00651678475703934,0.004885767870543541,-7.432382822445529E-4,-0.015624063031708567,8.388453211780223E-4,0.005150405512243824,0.010082384353811582,0.0030437549870836285,0.009879183487511645,-0.0061149276105916155,-0.004480946182535907,-0.002081970213609535,-0.0011326930058014352,0.012237846148269125,0.009980034607119657,0.002320870051066213,0.015408215646763396,0.006811517839262695,-1.987548252822594E-4,-0.01486495643759752,0.01816470262712627,0.0022085901035502286,0.00404141133459564,-0.00475224007300136,0.01213785131028815,0.007366289698523619,0.008938788205618444,-0.001965524533247097,0.015579673118515358,-5.906601493844528E-4,0.0036478307021879865,-0.008356357401262421,-8.312537436185616E-4,5.237124411647845E-6,-0.0029203477411855927,0.012454191975376378,0.003330328668992773,-0.011096716167752327,0.005661895558633562,-0.007936125809808866,0.011318069231054212,-0.020093065551956533,-0.012171695635809424,-0.001024606135887546,-3.9516169858122E-5,-0.007365191187838763,0.004309930621448586,-0.008302241526819028,-0.005087870655015951,-3.2202995737813146E-4,5.650188816057425E-4,-0.005264789061907289,-0.007441031960578948,-0.01596221142643247,0.00900785627565312,0.0062570434920737016,0.012196060109516082,0.02081793249653139,-0.011495610172700788,0.008316422177058021,0.012745240757234478,-0.01802003283872174,0.022712672107770525,-0.003311611518928619,0.003448454588091707,-0.002435025207298812,-7.192615064197541E-4,-0.024644207595242454,0.0019800257161314153,0.001989541881259354
-0.2699851485051024,0.10145292479872559,0.022825565689517,0.14946425964300733,0.20232572078390648,-0.12249738919113706,0.1344555388039613,-0.22093880810759797,-0.3072443279266854,0.5141761701383394,0.0900478278483279,-0.1435039578828785,0.11386359782737557,-0.12376833280526436,-0.07068063663993825,0.17447824564559464,-0.04325679105422805,-0.24920211210212517,-0.38967062204898456,-0.025301884517663843,-0.03800920386857068,-0.04381882605128216,0.43495146645819294,-0.012900631272022095,0.026955828187238354,0.08218311951169538,-0.15763425443123166,0.32236009957357,-0.4678646242434201,0.11674940046287842,0.2130763077056002,0.17005284206889223,0.04224642145843473,0.24302560759643535,-0.025254506448704025,0.06797479379123196,0.09907469879849098,0.09718667233457169,0.30424164321399144,0.041968317479980546,-0.00389910040589234,-0.1343563150522392,0.06548411827784746,-0.021829153729248017,-0.11397487189078481,0.472248318954968,0.16332425261540395,-0.12697907507944892,-0.23107671005149313,-0.13632450144979105,0.22601732264630273,-0.17735049295775196,-0.16525155467957678,-0.04972656175729981,0.15709061313840444,0.04288944979872757,0.17875070504616034,0.059317118696370734,-0.07063228064787211,0.06408017439238889,0.08239226854192525,-0.21533852950233343,-0.04775770138101997,0.11032782393654607,0.06308781292176974,0.18950226617070012,-0.025363149953887547,-0.1506158304205205,-0.18829507567563644,-0.09791180204652639,0.11100423294409652,0.07624362382620962,0.02932094696983377,0.12296529257234667,-0.031157913487396813,0.18233538609138067,0.024741173646133405,0.10741136126205988,0.11212060655772477,0.10292947661854503,0.2510844566575834,-0.18862390659458364,0.29497717330598705,0.08415576168171397,0.10359049467910528,0.053209643479083274,-0.07793957469306194,0.11452597866841673,0.08853833277581687,0.10823073285165646,-0.10398763187303696,0.13991091273063497,-0.10801812497667637,-0.0484273759363734,-0.05325214940692897,-0.06537266252971503,0.29325686961787195,-0.05505256753808586,0.28589699349559466,0.0641733222381926
0.09708481644981641,0.40714513232457045,-0.4077445487690358,0.015162410703726415,-0.10144685167748804,0.5777269902061578,0.38209268588238166,-0.2012349509572113,0.24358978738277176,0.2830631122993948,0.24887291252427654,-0.3783247371960103,0.2963140748027216,-0.34416430078043764,0.29138862185595404,0.6565896567241841,-0.0681086288484476,0.33671025380066677,0.026978857564423666,0.3511437735513745,0.28117188243504865,-0.15887211102030785,-0.7330858429774514,-0.10280428566558691,0.5583975012472033,0.36165947539649707,0.2025252282542513,0.49908470439446584,0.48316508586405066,-0.1417040253781399,0.3662599843224381,0.463378548206629,-0.11713088543170297,0.04619399034223434,-0.7425550513869059,0.1957649896469026,-0.40115538825378444,0.5279144057120495,-0.711212568310021,0.24725264139139208,0.16997744170849963,0.43651778325613877,0.3988829668208868,-0.04918356942908503,0.11895350050068017,0.5093764312190311,-0.4533984138402543,-0.2708081719293389,-0.44885234827045417,0.033431380332337904,0.2981448774022805,-0.11144173266222919,0.2852658200140353,0.4442357566330701,-0.7328062854152296,0.8874813822257891,0.2015929179416035,0.5616015668108095,-0.6033342242324863,-0.6188970925989405,-0.3775457915190727,0.20313063383752822,0.0453903703587837,-0.03803734007649977,-0.3892326697860821,0.020587079171874433,0.6571416096937078,-0.6467084768222671,0.020459215013438736,0.12083935900686202,0.6160865572816095,-0.33097240974754677,0.015009793451812756,0.14289357617506288,-0.20338949476473242,-0.028057694926970387,-0.6757469564868545,0.029997596878247473,0.3269420999624297,0.042208897195545506,-0.003152319055438151,-0.24101165727711815,0.11161286987384939,0.24209554663757385,-0.2832956262163389,-0.05354135366003049,-0.1321455017451737,-0.19617773698252633,-0.05774119710558021,-0.034340305655516705,-0.09650826140111499,0.02008417937951789,0.18919335536121665,-0.3304237937143558,-0.7418231715296666,-0.23182805901307346,0.5649908082126479,-0.23948246172737286,0.068154383155378,-0.5524534538779067
-0.010168124071913706,0.06803286800283935,0.391141460256105,-0.17991142915066657,0.1996556945779486,-0.031581447136518725,-0.020101596784032002,0.0027729774195891788,0.11198445400052678,0.28179533302057047,0.09397857676542629,0.16947372872167385,0.24873092348942485,0.0032439555098689194,-0.08447141617543667,-0.003907921908738596,0.15936581275465592,-0.07972092366787292,-0.0768635280047837,0.0573054742549171,0.15216384244833311,-0.07200986096900386,-0.08153099145071192,0.010451863607366975,-0.05212906068691959,-0.022095064469825242,0.07340550235279325,-0.0026961437756438987,0.1302647368843743,0.026997847428620964,-0.009911397112041566,-0.15889494445505373,-0.29841555204668907,-0.02813156848411317,-0.15638260043363844,0.03804057606648165,0.13466955066307157,-0.08772540953310727,0.09956144799946574,0.17751600733433728,0.4118213587481236,-0.0695233906546137,0.16099310729896174,-0.10835282258417137,0.07517589315254543,-0.1376686924831112,0.02758704022358755,-0.1906493054179459,-0.16166641277423105,-0.20588726912173252,0.15782783411146806,-0.03593613778239901,0.21478938719574908,-0.18773750261531238,0.10840957612192595,-0.03749033490630495,0.23276684052561206,0.025339352721202555,-0.12539481836029062,-0.10119849331136847,0.006534496401034034,0.008010830612974555,-0.047175973106331044,0.10451837468179932,-0.1276706134423167,0.1004190927997687,0.007098712498549237,0.22458652904622886,-0.1499761111762058,-0.05845051160201111,-0.11515465222466915,-0.01049537841579683,-0.020773848028916308,-0.009328917797471515,-0.023253603441470774,-0.04597829447251261,-0.07756469978261324,-0.08470663012531181,-0.24508412211461988,0.1031075561595521,-0.012495038847607873,-0.04766832024682137,0.039708699084279195,-0.06561324517224901,0.11062527556710727,0.03345930103583727,0.04238649250209493,0.09431006373694203,0.07000180894242555,-0.052395262861300515,0.06942930243535775,-0.08501132545808548,-0.08400055884797927,-0.0746939952189017,0.24749237881309027,0.11188717332905887,0.0732932051509519,0.033902400886640774,0.16835406558714217,0.1121875418450735
0.004616123711001291,-0.0010470976373949835,0.025228994902603188,0.03553296145923823,0.007116790851134316,4.022644445628855E-4,0.0046254023685728075,-2.053193199235813E-4,-0.004114490876935225,0.007529299973725997,-0.002376661754270672,-0.006207474601449287,0.010396064025283525,-0.011751586397293496,0.04731607828033397,0.0039675561628985685,0.012033426558488129,0.005156171496316288,-0.0016759835450195287,9.138333407490367E-4,-0.00799633893381319,-3.7186057946461465E-4,-0.016791792302872602,0.034219782031604216,-0.025554081130701164,-0.01997415439067238,0.017949642789681104,-0.005585281770554683,0.0037011840200479275,0.0017998762851698042,-0.0023085570875216333,-7.37578391593843E-4,0.018417511360479068,-0.004797109547555195,0.015185878830002308,-0.009467818976136333,0.018864851065298505,-0.007549875643956843,0.011463965032859656,-0.009170343435547337,-0.012581151462235533,-0.011390559619401946,-0.008032736320907206,1.4490968961663927E-4,-0.008984933108480305,-0.013662212395776044,-0.01030460161707237,0.013282473057025656,0.033419665689965364,0.01179946376506975,-0.03678513338276882,0.009347102322650484,0.02834913910574673,-0.014572324712297989,0.005859652206809841,-0.012508918924740214,-1.1402878790251122E-4,-0.0077910532055528985,-0.005072416703346196,-0.004215099178838871,-0.017056027957279556,-0.024472988761510366,-0.00992625085379549,0.0068416289103919465,-0.010698691000676783,0.0011555681481583305,-0.02071467508028105,-0.0038863313752270263,0.001433798545706994,-0.013846723757912705,-0.00898541286306287,-0.00570748599661239,0.0036817850733845744,-0.01267542976590549,-0.018709894705058086,-0.00908752909085094,-0.0018614859651198137,0.01726164200478817,-0.0010881471256829923,0.007062720310710524,-0.0028914566942566146,0.02415826296013118,-0.013113597890669787,-0.004536436689489652,-0.01135803434291881,0.011296711102711986,-4.901911170839952E-4,0.01485543329038399,-0.026672265648174702,-0.004594404209185459,0.004789237699143516,-6.866559204516511E-4,-0.024587760942550725,-0.019427953666406064,0.002085405088897091,0.011178679230198262,-0.00549238206098084,0.023506640903669877,-0.0018216959794250074,0.027515317060590502
0.40489329357977577,-0.18181742872897536,-0.425795952712451,-0.08600036299304871,-0.12141953206229511,-0.08819303096576926,-0.0558364189592504,-0.14453208477909174,0.1505322736267024,-0.36136227509199703,-0.3298238062619932,0.08405428856130809,-0.3639580781100399,-0.6011784632821011,-0.49983366743487456,0.22637157909495542,-0.34886698505735786,-0.08170118421747312,-0.02658859723813118,0.06257220442563087,0.13290578119996752,-0.6140690022102195,0.03562822648043968,-0.782056238998188,-0.05897692621990905,-0.1810117460828327,-0.07681867680628626,-0.1766403075012896,0.28174895946558054,-0.8563719159267014,0.27691948770648406,-0.3657411265491353,-0.07236742430614872,0.2454472755193034,0.3292139970980467,0.1657105856724128,-0.0059411643673142,-0.37920955764317704,-0.8928959426801437,0.6174868068253437,-0.4002855728373961,-0.21418356027270252,-0.16592969670709187,0.14785363324529902,-0.04516423546282484,0.18204463746549848,0.07320498460643957,0.05976626004560334,0.010204163058642081,-1.0074437772361677,-0.41199677510525873,-0.694799382913623,0.11546760568457526,-0.09066282256232663,0.25296604801727895,0.3187908654440204,0.10719530134213912,-0.3949889971870241,0.27247426200626435,-0.27243509053107456,0.17611070500633133,-0.4981737280213445,-0.18955640659505563,-0.44171970933653787,0.032168113103987185,0.5977356401293942,0.11273989658199984,-0.18787420852878794,0.11106267642146116,0.057737082538359186,0.12337054156219128,-0.1766064770432246,-0.4848271529207332,-0.6066753674932918,0.251605253550681,-0.1344011277011467,-0.05420774786509444,-0.5259000043421045,0.03853596377292716,-0.34039838673118694,-0.04815736613172343,-0.39329947955584943,-0.8277681727596391,0.47383120162580633,0.06334790460001807,0.23479504169444862,0.253322958367061,0.3766973974009067,-0.2945907753077904,0.6514152570801087,-0.3076643316856353,0.07249539824681392,0.4608249654476299,-0.006901567260475343,0.23347805927962378,-0.2982977912586155,0.253017622796694,0.057438441003638,-0.07666725984886277,0.1891477892904646
-0.04837328307113837,-0.04967588918656551,0.05314119502695358,-0.004537930064594163,0.021808717256356993,-0.061355230368012034,0.016296579050775556,-0.1193678139286517,0.018032749825620788,-0.044694692377096064,0.02479356212049709,0.002520967077765784,-0.04473412438236906,-0.006080652333398884,-0.1611782617421034,-0.0403093182714776,0.011931900764201277,-0.12672476471414645,0.04873035725083513,5.669973877336467E-4,0.03900633317068105,0.035218212908085515,0.0031417163731664154,-0.08584848657671568,0.03644682916178626,0.10496173922116546,-0.028508383036233337,0.0656574118079122,0.024785396813281988,-0.01801549939434912,0.006703123103507799,0.03927286411095488,-0.017062000567273947,0.018282257639831767,-0.019422789060440232,0.04659946525363699,-0.032403738949871315,0.04034265730367043,0.07816480335449756,-0.05963699458251398,0.012701168931593213,0.038399168528261605,-0.019349340576328467,0.0033769598379446474,0.07512233133314986,0.05020859331182962,0.11014830889617969,0.08132615705103548,0.0014999618851672535,-0.11244559498133819,0.1876937744756496,-0.014371109816948884,-0.1382343435858235,-0.0207293989642194,0.0030159627849891,0.13257628026224869,0.08594015482044728,0.07007244019685879,0.17204402731995777,-0.015149083672509339,0.04619891076491843,0.02449802558298109,-0.0571867272090449,0.0054484514740414545,0.11489454168526166,0.05167885515999046,0.01995241566596232,-0.04679043667459622,0.036413773755635696,0.07858197558799526,0.019079041492928845,-0.026973575049981203,-0.02756372063134501,0.03886896541049547,0.061710868798149576,4.693260205178484E-4,-0.012022604903598562,-0.07003241970474103,0.024497366092183396,-0.025972887121801645,-0.03312245584319187,-0.14204396146658935,0.07415150529209172,-0.046005822783195024,0.04575550018594169,0.0492949220824664,0.07002812758064952,0.08100619805009551,0.06337859712340904,0.10015972566297651,0.030220263099804058,-0.05195626095327804,0.10614347472695813,0.09424664351101433,0.0803025395185647,-0.015233007850008575,-0.01684646453817399,-0.17895726422781433,0.09799935877628686,-0.06566028178606617
-0.15731568706648544,0.1282428105489745,-0.012932815240651787,-0.11178043409440977,0.0041226091957970905,-0.03836059608399331,0.4890343689986684,-0.01653339722785499,-0.03025356399712473,0.31803436187232115,0.16075819138311315,-0.25877583357283823,-0.14775242274548084,0.0700142671665249,-0.1812857815496165,-0.17049429965609736,-0.03070678281808136,-0.05680468245020346,-0.18279036039975946,-0.2863210081905385,-0.2631081468086749,-0.005057556192980652,-0.08621199996112183,0.21383255034150514,-0.17055616171806423,-0.02515420988343202,-0.007540268349486765,0.12374702136448953,0.1508584927165035,0.11184704210931916,-0.02097288553722389,0.15233406917261608,0.16115555363336276,0.0465395919297511,-0.04790163521869066,-0.02266842497557086,-0.010585434743753862,0.24631154174462022,0.29164567906833877,-0.016285290321049944,-0.05445078042512247,0.08818526992251059,0.10746282261288483,-0.02818328488780299,0.04115911091344705,-0.03946984424924624,-0.02443611325311048,0.16322357180451852,-0.3239867361515449,0.029996955545703037,-0.4762934018847945,-0.02743569127793282,0.029369496953188495,-0.209810787536066,0.1116403011423635,-0.03296495882867104,-0.09856949677948272,0.3791985571020184,0.0343111973662157,0.2142636722904358,0.3366563082330228,-0.06740288787936519,0.23790285140649675,-0.18832554591288422,0.0625233048286669,0.18253609301618068,0.16545056947701875,-0.29234130991699875,0.3937387912292998,-0.1052039402321421,0.023987797790841543,-0.19567601894066902,-0.06515489512658894,-0.05046963041724831,-0.0642230171587055,-0.4090813234789129,0.031170125303173007,0.16238029379615607,0.03668892740444921,0.06281802690652324,-0.017458344049384848,0.4429370379318595,-0.33376856249148207,0.049731787061014956,-0.4833233525842191,-0.08941325459305043,-0.2714084234068651,-0.015375760414126123,0.006383263907596925,-0.16227668113880095,-0.008113306245978953,0.11600158531693136,0.5736740705289118,-0.022188667710985852,0.4853677605285637,0.13755509856932432,0.3634884225991858,-0.3829131780156006,-0.29046015163304156,0.3666224297618497
-0.18613289564839408,-0.10561382372239417,-0.024552639956457345,-0.2230180626047657,-0.045957690508483716,-0.07806855073315737,-0.022558032131987937,0.2717443678768627,0.0012281026983032638,0.1478977828974032,-0.03146986155926045,-0.25681253172319496,0.2696555354721683,-0.20474739075889214,-0.13021005107912584,0.00648383364316223,0.30764198314783175,-0.010586377736053403,-0.11552034182514294,-0.0676246957565335,0.16462993930743372,0.10644276513537326,0.1521750435143636,-0.035699157349326924,0.10473248798693516,0.002672084034907743,0.019785794741587343,0.19002567750554317,-0.060227369284958164,0.07314857118557903,0.08146962801687364,-0.08076035142245835,0.04075710310269752,0.11100222707794373,-0.19485330273631696,-0.1031415386074061,0.14547036018692944,0.12579013098276554,-0.17831746666678264,0.02344797523173458,-0.25814746747502404,5.35939539529213E-4,0.1980979096615045,0.07380629597951416,0.0497323188280308,-0.13205489849725624,0.09262797860250184,-0.17277669714001115,0.0473965675892871,-0.06383255969680791,0.08530050035267471,-0.13107022492111156,-0.009916271413352976,-0.10746419692969818,0.11825127971631072,0.06571838677000993,0.10529780750140558,0.18958392755916356,0.18259019708137697,-0.17615978620943173,-0.029526008261987605,0.09103353796058272,0.02674253615328639,-0.06923515338388432,0.03141567046738779,-0.04527558474620108,0.035987787855432475,-0.00440739186112328,-0.010301896057322563,0.21411614778799595,0.08421392296056433,0.23701363178946583,0.09520120983525829,0.1455531989144681,-0.007321003179072425,0.12180362234872635,0.12267775618026076,0.057792611230145695,0.1287792442804981,0.1444635815127394,-0.04765403863830687,-0.016015974146252065,0.041168631956634054,-0.10793397455688376,-0.024887678284611605,-0.06146998111700863,0.14258122210247853,0.117105663125586,-0.029020969591041786,0.1230015203849089,0.18585436668180869,0.08845616288586519,0.2009253429389554,-0.006589124535957078,0.06916787392589968,-0.14900141528944819,-0.05606900108485637,0.0036179814564147577,2.577280967040741E-4,0.034739019956726236
-0.0914866148593646,0.08005094369112761,-0.061107590492968863,-0.05966503501257036,0.27006779246805446,-0.05771197251815536,0.19475443638948992,-0.09732050407258093,0.10493026553514766,-0.18502195531357682,0.0021053090714250114,0.07281383349155,0.05781822325020767,-0.06051972643413209,0.010719765781389966,-0.11369929798665745,-0.01627995858011168,-0.1285246191944336,-0.04656812102062069,-0.0978782725114682,0.08545115545944572,-0.21562095733254097,0.17453499097284425,0.02095885897884955,-0.12670726570143073,-0.00411695939112559,0.14786961970571652,-0.1469151199121008,-0.1594393360893195,0.010466822272174934,0.011677187959523954,-0.04557845276618722,0.1503053652275366,6.699268218007587E-4,-0.021814828370147876,-0.20951840836271027,-0.21610584780727304,-0.11778089916087746,-0.08859066478924142,-0.06419880466260662,0.09191504856561357,-0.09979482714471659,-0.19335751317784464,-0.09568182148039465,0.11750157501023221,0.08598421577397287,-0.2057788590801788,0.07712935666729548,0.08441089553040519,-0.0014424366272718667,-0.05878194048013388,0.15971538940115465,0.06582381654467555,-0.14816897392697337,-0.13939319792060503,0.047406630427334034,-0.020899358330659305,-0.09817988845872162,-0.07260060614090116,-0.10048677167390085,0.05104980347031372,-0.2870813982967094,-0.33877606795806425,0.003293356076997596,0.014095726523306266,0.18402166161554748,-0.2048734716658596,0.11419973564781769,0.14463143477801388,-0.17489070538784707,-0.003491364540487639,0.1916146007589768,0.12730432360259097,-0.08580618438338379,-0.11402769151805775,-0.1914028818104037,-0.07377747750073582,0.23464625458343297,0.06351672745971022,0.04946794436152759,0.22235063956477727,0.09280389723170938,-0.20383516778896094,-0.22622781063888886,-0.0697317422438334,0.06542261820115816,0.0077821915640104095,-0.09758581239207521,0.03666201923782785,-0.040820090321167964,-0.11197039408009658,-0.021168615937914238,-0.03920958901003995,0.018786512887728722,0.08666683217942309,0.024030244117061072,0.030612545577791615,0.05068613644592645,-0.04025316723994831,-0.06566702314083252
0.15140883290869245,0.436800297505865,0.06225872290262018,-0.17777022628227485,-0.009466660065707243,0.12399050393488746,-0.04928165853671913,-0.7205577108603561,-0.10234772148991787,-0.13771432207412473,0.32290166350196886,0.1675985777647842,-0.24865284790769146,0.041465500864025694,0.10449303854420514,0.4500376215337776,-0.056613662369712076,-0.1316101417559182,0.23307476865907228,0.2050339464610103,0.03244450897831535,0.0720532951078859,-0.1238166313995077,-0.008468876913591987,0.0976462606568417,-5.039910796829427E-4,0.4805732219807562,-0.6139580319331529,0.3558013854673113,-0.05131481904860561,-0.16736407112717128,-0.22622253535903497,0.20325519017668225,-0.15062829853343473,0.1950183349229624,0.30813389118552453,-0.3205540546011105,-0.12778684593506676,0.04349675257494977,-0.30788783813100606,0.39753576980207095,-0.13518666756227266,-0.0729717402373951,-0.03302754031225902,0.10047515413575836,-0.5243472593281417,-0.6194018086142077,0.3161307372407848,0.31737402005047577,-0.17246543188231783,0.204185280974504,0.25347282747277766,0.19424369337395936,-0.001124226340830517,-0.241583759672101,0.4065545453845408,0.6054314539912148,-0.09536506886309333,0.14966790658077356,0.226039752570592,-0.07425360234767495,-0.04499546462435912,-0.24043145941648691,0.25525695875666043,-0.3320140480465445,0.19094096470498356,-0.410973712122076,-0.02585602336186158,0.3659383739075025,-0.005511420776893426,-0.04398855764600222,-0.32532092082390146,0.3381068602975913,0.08669446240972707,0.031848186544648126,-0.1921071659765453,-0.05638839330552042,-0.3386744758716677,-0.2316122237038692,0.23343723474246494,-0.25220084874060184,0.12375243042867583,-0.22372699993658776,0.2657386252396163,-0.003028430363753754,-0.2156530960234235,0.1183076788150963,-0.3074490558665647,-0.12348173773731055,0.25651247307405467,-0.15013419910682813,0.37652066504345594,0.102988928047222,-0.04207541736189876,0.2337410749651013,-0.2774629773930869,0.04355331755526648,-0.36969783849712834,-0.25096063250160244,0.10228356225387715
0.004521147856536706,-0.027246124882938576,-0.06798172995823593,-0.01933867586629509,-0.004632543490207488,-0.032448653581723136,0.10585833973497423,0.012989775133138324,-0.047839699524214165,-0.04995452244994588,-0.11068989722477687,0.025814872293073256,-0.005773347408321482,-0.04032723539724761,-0.05568727919099261,0.04562860225440627,-0.01785542222027817,-0.01692886141069857,0.11951717193833598,-0.09573362502441243,0.12103841543139342,-0.017038105531889152,-0.052867148296029114,0.014103296660873704,0.007834408518202047,-0.04511361931273856,0.03814115626802637,-0.0065781839187547386,0.008742286562044798,-0.017005813144955407,0.053088573076497315,1.7981316929368456E-4,-0.0247189699501493,-0.05070969419420789,-0.032019872920491965,0.06819634942647171,-0.15401430820133089,-0.07624541588373522,-0.06044125182656837,0.01253263093863266,0.13917570026190143,-0.011751798404511647,0.022187629496721286,0.13722676280702717,0.053557870464261526,0.029553740713836138,0.037662120216624934,0.008833948796758181,0.0028711259129113927,0.0344782880386446,-0.01398932196080979,0.04048110094660809,0.03601482723176974,0.02832428169546096,0.012644625393355105,0.011193287940347883,0.08514052206668736,-0.0029795563011066574,-0.07806965090454343,-0.026168925729724117,-0.02446614165363201,-0.011523005543453764,-0.03103848966498676,-0.030225891036178117,-0.004337537629023104,0.004440738177574264,-0.06135904315090281,0.06453809574347669,0.11421920525594781,-0.10195725400200512,0.088169812616931,-0.05514299431961896,-0.04421083380705721,0.058762362306501226,-0.02434587570350988,-0.02778955502612793,0.04756544749783844,0.04786121019879518,-0.11055983376352156,0.08753357471379591,-0.05181309491366864,0.026060259975077913,-0.014573312038040733,0.022527447926452473,-0.07582027378771372,-0.08485508369989882,-0.032495199538821753,0.05294455086748049,-0.01225343720782689,0.11023687636803853,0.01571552325074435,-0.09236087316401037,0.0904215377867342,-0.08924333066402818,0.01297202625512614,0.04935313310631471,0.02909454762375337,0.041688758040488355,0.01588017095322431,0.06495893229692341
-0.006960635342211408,-0.10398142021050467,0.10739013563767956,-0.01251399170597059,0.17542849147284878,-0.34214145018420866,-0.10868825527871208,-0.31514597899233604,-0.006022374494080491,0.23123721540089504,-0.08061742712167194,0.0067886309482934545,0.32128367813404585,0.04539024764284625,0.2554832060746212,0.13669502109398066,-0.1823492892194572,0.10815434907312244,0.023244367702717178,-0.12562981139764076,0.1388131705201175,0.008278841739218109,0.04288160459199874,-0.1158697955649302,0.0012406371344797801,-0.1319883209780086,0.14478346619715057,0.10488475319956554,-0.22514540995872215,-0.22686021974760795,0.005008247482539832,-0.13574414124743386,-0.03831234213626214,0.15202597756411698,-0.06721492937509321,-0.4038931094322294,0.012447109451892575,0.08560597553517534,-0.030831611406975015,-0.01740622098281403,0.10157433106455575,-0.27230299224392407,-0.01143608161832118,0.15506466533748547,0.06999709764244168,-0.21794461617719935,0.08574926521773513,-0.06773394463622145,0.07562467845820547,-0.28014357359008957,-0.014168514133633209,0.059861239888888786,0.24442305757673807,0.14470610652595906,-0.09399576033988441,0.09859467472914851,0.09454215111277758,-0.037129239413814324,-0.06675605773061588,-0.13815029183982996,-0.26131598435101516,-0.0874728113731343,-0.10818331517390743,0.16410065730479426,0.06462412473525825,0.08837393257606141,-0.032484405033561765,-0.1146515655395628,0.06921594457142076,0.014449527919706587,-0.11368674671905049,-0.032685559981513734,0.27328035431576114,-0.02983038045452269,0.1977073241663827,-0.017484052804412314,-0.05239329081267226,-0.15591271539583706,-0.04383890143080825,-0.0834812353131228,-0.3253162618882929,-0.07784652720146684,-0.06079656122227855,-0.16538613668365731,0.3468134981254159,0.07171208129490186,0.15879067327201402,-0.0012015792538212643,0.3935769398541874,0.07074530445278746,0.03971678728625991,0.08205208296095791,0.009073520327353736,0.07682316157385181,0.05515579952479569,0.15570908770263428,0.09788017068390349,-0.24090373634432735,0.1914669357046673,-0.17005938584560942
0.09421704565092202,0.13937949005785186,0.002233177330203433,0.03361957878207279,0.06018936716526695,-0.010718189812549468,0.22849120686451274,0.0566358452694261,0.00409554708094007,0.07458273078215882,0.4053159565105411,-0.04459146179848388,0.022484147647144164,-0.1340898123838728,-0.027053234548092015,-0.07018467790363421,-0.1062457713347876,0.20560810409046934,0.2613341527556838,0.23772393659879118,-0.004922417993477476,0.19045540755255494,-0.03396772939320841,0.14620596614805578,0.048813782149267695,-0.18517470501512695,0.07295657693910489,-0.08332914706164758,0.4295579740379111,0.11564873020468805,0.007334648282821799,0.02642136069918481,0.005455047326996767,-0.18000094663911395,-0.07359251197472182,0.23184788040256668,-0.004589427470267353,-0.009979030103323171,0.19551858927698712,-0.042143471080193846,0.04166079450878605,0.013748952017967718,0.016623866674411406,0.20690835976763183,0.11584156727151791,0.008536964813371316,-0.13299310278068224,-0.10878635741394521,0.055669372522850966,-0.1672855695544063,0.040639441778114696,0.05487507735307328,-4.4467970327808764E-4,-0.1515723905149141,-0.07641285373871487,0.1481289801374654,-0.12694621957995683,-0.07871263745799759,-0.04587168776261966,-0.2699953085150328,0.053417501420937305,-0.14464069486826361,0.24037620780414307,0.00528030774711718,-0.16153383462645565,-0.04535364759583402,0.1446722387848508,-0.10469746354572432,0.1763683613351508,-0.20497556793703003,-0.04289821871682527,0.06769916372190166,0.005381371004515988,-0.17820950020758233,-0.12667072165169352,0.033161133339778666,0.036381415916555554,-0.20443149536347135,0.13957758162440156,-0.03840081269605039,-0.017806493675476782,0.10413643575986584,-0.1356345737915741,0.1420719712372074,0.10582526044569242,-0.16928593042831436,0.2734621741410545,0.04730793083606923,-0.1014697959719273,-0.03262533660788818,0.11003485643243213,0.11589118864693876,-0.017109035506715463,-0.20829119241309083,-0.2221850093605432,-0.1533486021147972,0.05062311911067048,0.09639936509798802,-0.019160091188799445,0.013090356689088561
1.4329163646911962E-6,-5.203096102800815E-7,-4.5952845876923816E-7,-2.2146804283887296E-6,-1.6785534301433537E-6,1.8211605564607003E-6,-1.1506897186644036E-6,-2.23012554315707E-6,1.0937363277134025E-6,-4.1125026094446665E-6,-2.3792240220815673E-6,-2.2337524958769885E-6,3.7103928245413585E-6,1.266214940458786E-6,1.855997933456783E-6,-1.0306564151209907E-8,-2.612361011865335E-6,-5.727989549142311E-7,-1.0587611076643997E-6,-2.0372079710374714E-6,-2.4720111545810797E-6,3.8806132485990144E-6,3.8039864256606888E-6,-1.3346134348022013E-6,-3.490918640912283E-7,-2.0567233859728565E-6,-8.38099661028476E-7,-1.5124532582116782E-6,2.4622837097985613E-6,4.204719301941906E-6,-2.673367835591803E-6,-2.255522663572521E-6,1.5213850896796488E-6,-1.1422267938335922E-6,9.400633267762702E-7,2.3651078701865234E-6,5.475694582962602E-6,-3.6070324442210755E-6,3.109833455101561E-6,-1.1654993952971632E-6,3.49295311180826E-6,-1.5171037254463522E-6,8.165756091153381E-6,-1.7142292045504953E-6,-1.6138981797974148E-6,-4.659140395429878E-6,1.868897394675917E-6,3.0153461775864643E-6,2.5530018796648206E-6,2.429617376565884E-6,1.8867751235642302E-6,-5.569043195075902E-7,2.6377677737360143E-6,2.5423059477145865E-6,2.442228361086687E-6,1.6171941836634836E-6,-2.8900784406457383E-6,-3.0551997676727746E-6,2.581679644036584E-6,-4.169194525436225E-6,-1.4108326041358842E-6,-1.8800557978133018E-6,-2.9599858676346802E-6,-3.345048994449005E-6,-2.7882084912789523E-6,-1.6485432851083912E-6,-1.399462535184473E-6,-1.8376831862842325E-6,5.902676420391692E-7,1.601552232321668E-6,3.555893157319187E-6,-6.700637124428427E-7,6.870320228670605E-7,1.7963074030388656E-6,3.287809591871573E-6,1.2062028594867707E-8,-1.8623525041755415E-6,9.157799606448889E-7,6.397792060295709E-7,-7.470576323254856E-7,-3.0501398813277026E-7,1.9054474292352151E-6,-2.301587447578485E-6,7.506513905526999E-7,4.1801837066926805E-7,-2.0554939020911917E-6,2.2680549238185E-6,2.364190133844896E-6,-1.7616817149211635E-6,-3.126396033728681E-6,1.4019483384645953E-6,5.750865878425075E-6,1.0056825374559428E-6,-9.151140297575682E-7,1.437397783332841E-6,3.3242311838220307E-7,-1.613650318939421E-6,1.4156977388223393E-7,3.0204107271514575E-6,1.8590828100172462E-6
0.2598053991785248,0.12177517954111594,0.1011303191286764,-0.051169221515714874,-0.1617776644445916,0.06674305737204132,-0.3769391091072609,-0.20506311965531462,0.10878935832767726,0.08661142041063889,-0.13918869028862418,-0.13123800239514222,0.18002410391186444,0.09407759586852517,0.12902251761615904,0.1987711657066147,0.07577189429113464,0.08320370087400816,-0.20899625358747773,-0.192812138833637,-0.0481759595129535,-0.07687824453991521,0.09804256451119576,0.0691733580512759,-0.1936940263467024,0.021867648719767915,-0.23135285380649345,-0.2724497216257889,-0.07478155411556964,0.1719852980485785,0.016391302834802952,0.4240915044077265,-0.12109390045931191,0.004560428596237138,-0.40579008583116305,-0.33749513476658793,0.22137254056150202,0.07572416552396184,0.21511462250788438,-0.17937002274668287,-0.20112848790132498,0.052814295689761474,-0.19853743881063218,0.06856872330327748,0.08512819167201398,-0.03135431629258123,0.07807921737467581,0.12671243827120848,0.09942774993589436,0.015013467840287288,0.1195562339067689,0.037705133613320764,0.030208576650503062,-0.05445393933711685,0.04827795682384021,-0.050622305654306865,-0.25977550769012925,0.017020308695473746,0.32828104137778746,-0.32630484923192044,-0.0504859924063508,-0.449990859370085,0.04177543458836927,-0.14197732071009656,-0.22116527494248442,0.08211285143066747,-0.025978661803790968,0.29945563128816355,0.015356046078573887,0.10967190223136468,0.02613373590069997,-0.03307202972017947,0.18993919864438802,0.09729653270647219,-0.05506653410662092,0.0487058622190062,-0.09340743522122828,0.04333407473393129,-0.17919939958206765,-0.020525104390101863,0.38702156821675265,-0.07774508792282717,-0.1069335650413266,0.16368597866994677,-0.01667478881985602,-0.22772559603934836,0.20800228924794747,-0.2678839557324305,-0.16342282859095725,0.17829728059072888,-0.12512562049854412,-0.033817177853009826,0.13606825743045362,0.10394740400219524,-0.22357156719280932,-0.008653252105755955,-0.16783066018269827,0.0019702312530948066,-0.016776863069028727,-0.0736331934389392
-0.08915544992009228,0.02384877606332314,-0.1718270591629834,-0.2019229101017065,0.12659606654578276,0.09353846469487309,0.07043920597279367,0.016052368163350934,0.13409636331567162,-0.021180470169525418,-0.04395026929234564,0.020383497835127846,0.04778649091782453,-0.09675015356093361,-0.05547141082090999,0.012112383863648771,0.009742075202536468,-0.12272027914573155,-0.047750474295999525,0.017664721730448075,-0.10186285571778464,0.25547319847913863,-0.1861978421443164,-0.027390212055875846,-0.013126368136143126,-0.10004350274714038,0.16956071178159016,-0.10595460678763187,-0.34158077165953127,0.1487624608524069,0.09331400074534299,0.05429506387584313,0.019962007111904496,-0.02468763615488879,-0.1381379314877581,-0.1229744007100962,-0.1368447283102106,-0.15360153346946723,-0.12354349472894201,-0.03947272162771785,-0.03435655162961181,0.08367237417214751,-0.021850869712285347,0.24838058777316963,0.059354716896129776,0.010817128138849023,0.044776877643443555,-0.10795747655757172,-0.042737235419871795,-0.23038915614391142,0.023640130500539088,0.11456453911835644,-0.044946560893973274,0.21357953139447464,-0.18003924722366685,-0.18826293694082472,0.06142268784929525,0.0681888955373571,-0.001046037340341732,-0.13245970554300143,0.04129385590710953,-0.0038481061358876275,0.0448405459819789,-0.0945450623651679,-0.08868248437861648,0.07637302579729029,0.32892291757867964,-0.05200466474994234,0.05577465226845212,1.2839403967671462E-4,0.15114040052918615,0.2946430998942839,-0.015584682055118418,0.20489064076136784,-0.02837409579546178,0.12587179598646048,-0.16910750771773395,-0.14810667645008344,0.20826053360604602,0.08947240775687963,0.08439216976385822,-0.16849329114971556,0.05681536151623994,0.0794880416782787,-0.03960901501028275,-0.11031821316192478,-0.16587019966298336,-0.050495836402304886,-0.0046283106986245055,-0.2579159634971942,0.3185284225082765,-0.060881912096726644,-0.0014767926890934865,-0.2730986246917588,-0.19770530963181393,0.08151422803780052,0.31126406943488444,0.04755456210268427,0.026744647131332566,-0.1133978646420607
0.005477963716364195,0.2715252476784237,-0.26570057563744837,-0.1806714730295793,-0.16276425334860015,0.31359863562320256,0.035996774635604085,0.3848044744756253,-0.004804210807982798,0.23832795495969247,0.03599480626300984,-0.32393374519970947,0.38648813960357215,0.02744580336327173,-0.1859964355660022,0.3531226917196866,0.05550921106271555,-0.17640077663055537,-0.3678625161309788,-0.08309908400750206,0.06464916755663516,-0.15286114608702164,0.4652384223875321,-0.023568420090823588,0.12755502521036569,0.2539935026832892,-0.09806866046925884,-0.150362904964272,0.4199620288676725,0.1535692452836957,-0.1002675061925351,0.024704594173897795,-0.1812128211033185,-0.074285821419606,-0.03619791636693097,0.08629844166486886,0.22492678371967723,-0.33343389384741934,-0.04908019474706175,0.11793156701835895,0.24871128028315412,0.22070561930333285,0.1725165345048101,-0.18936486169745778,0.11791101422665676,-0.03954541196393911,-0.26694292886947396,-0.07571379081095907,-0.13602693924523798,0.05647309493815627,0.03953020705221167,-0.22037469493502398,-0.019536170384937296,-0.13888061562934828,0.07208548355211697,0.12410532180148123,-0.2691200825473393,0.38814244175728646,-0.36545508133628196,-0.2861354483716028,0.12757621410489142,0.15302755679177904,-0.1893433073290183,0.048537087673042094,0.022737525161244276,-0.18617513970533842,0.15426775126336745,-0.06746961866966501,0.18939105947386564,0.07129363033199992,0.024552565409301993,0.22965897093153537,-0.30948667463765345,0.24226889881447367,0.014113204460601152,-0.22216770002673636,0.5240292878668936,0.006920003869035983,-0.27273725289111417,0.44319990372205176,-0.34490172438883354,0.01896338267953722,0.12138569167978316,0.1060679620144933,0.23807511610873247,0.025717097432779393,0.0753345042198722,-0.4575771042016175,0.022753228551509797,-0.05819692747996508,0.014897167476507331,-0.027729192459831402,-0.053578062690186924,0.16320437288758005,0.019723463764592285,-0.26895868767281095,-0.06970957886702403,-0.2949585069536768,0.26692869615032205,0.13946810593631453
-0.10642137917656047,-0.2482874261179572,-0.180394253491133,0.14174971944992554,-0.03434646477412259,0.5329313665039861,-0.1624708824103202,0.050761291750453554,0.027288551911908144,-0.05684821695311221,-0.05529554892141865,-0.11556117141525157,0.2784271108776388,0.025847785186635972,0.42409208781158425,0.18538909497545975,-0.12416713218538716,0.0792283049415966,-0.08844985246772132,-0.19860755399764904,-0.05723126199338562,-0.2034957178111633,0.28098776658854774,-0.044580722688948776,0.08740845658698518,0.4546710999247236,-0.1204574051880032,0.2189979825413036,0.32719142559109315,0.27936099350406557,0.29012617539322655,-0.3800236507137922,-0.2508143500970746,-0.14614879553374122,-0.16179756716718882,-0.11366536946002888,-0.371220456945926,0.22846816538234993,-0.10476847818879287,-0.1307967612893014,0.06374360766419929,0.03847538022647889,-0.017786769922029464,-0.2172562555823098,-0.11034180411125723,-0.024641328098110562,-3.791708382892506E-4,-0.18677093289783894,0.17289057897570392,-0.10506511537505121,-0.0020721242331680914,0.00403933236823365,-0.25108760707015737,0.058916364697542925,0.07678121641643364,-0.21818708327219064,0.28196918651097147,0.17580114387909396,0.01399287286020084,0.4731711684745609,0.09697412365354266,0.110560711074449,-0.3298697583201283,0.3483497604133315,0.12457711921497681,0.050148579401221104,0.014671378990496935,-0.29022579714671837,0.09812519196352482,-0.0910523324055108,-0.061688757985128975,-0.21142739708974526,-0.6251692060314161,0.2801299470570078,-0.04399136452512666,-0.25078596541319786,-0.15373229974538205,-0.5454361555195445,0.2910169251894616,0.2783077743103163,0.14294739124695421,0.06510818418748963,0.2539360200540574,-0.0690865230461367,0.36041520621895873,0.2919639301071417,-0.06804927155584703,0.2072441969981248,0.32562470920832903,0.38080714194608045,0.04469371591889467,0.0534063707028078,-0.18935189456475482,-0.10492917988597907,-0.0569372307133169,-0.05939222117476357,-0.17445703027838808,0.138338865251289,-0.23165696432898403,0.251915258614387
0.025404331084269767,0.20224035184999972,0.23075913294577163,-0.32168093694566846,0.1480627416882279,0.554186247059144,0.4511120914451559,-0.18575349470159494,-0.33158556296494346,-0.3908948324002343,0.06617487729004398,-0.1745816455657293,0.19524574618720902,-0.04846047695002677,0.3470681188450067,0.03708638921430436,0.35441782090414453,0.046934108250406656,0.3287193032866666,-0.5069957109151417,0.17766804752045426,0.1307477724860882,0.138087104397673,-0.3556216749472044,0.025085515060739322,0.1996155256110615,-0.14244062281483064,0.2437912815789101,-0.04196673644692272,0.3515478350017494,-0.3123637141718238,-0.2720266951175015,-0.04602307289910783,-0.08025960408013469,0.04732750236266305,0.33178095191252704,-0.3756237137190937,0.1102103389827423,-0.19897790341225532,-0.5818559103881623,-0.4508079131647177,-0.24510498380866752,0.48854319279175934,-0.5348065932267083,-0.4434469789724345,0.31854324064273776,-0.37798986433624465,0.0543878423000182,0.09996199756434773,0.3072557388175598,0.11609990719945365,-0.1028036233747409,-0.1930367474018009,0.5117825632235915,0.20941240185339668,-0.3915390645772168,0.2614311254967215,-0.10244985510672186,0.22166793445434685,-0.026118983513758572,-0.021628245184470155,-0.26546608571249347,0.34105113069693305,-0.16715410795595523,-0.41736871778962187,0.14893632218762823,0.4846536780384988,-0.32572137706793935,-0.1226028550074473,-0.2059418002673564,-0.09314044516881084,0.08808959356860895,-0.02641864341862256,0.014337252386883551,0.49537943700193277,-0.11792284042170699,0.07332569894847038,0.0925672698552597,-0.11566618127480238,0.23357739278456444,0.13727857004899804,-0.029795861823959238,-0.3480914388057537,-0.03424005575009419,0.15166348172657926,0.3318748010196955,-0.02837211585208836,-7.360677242678276E-4,0.3382709166295268,0.07294826197260433,0.06484504624216025,0.589196737416663,0.26021874916124826,0.14233510243547234,0.4712526859685347,-0.43635818736667076,0.10892507123681176,0.029724482936323567,0.24325046238191195,0.27608071609604784
-5.7181825515533874E-6,4.3483963565873E-6,-3.5471183048694706E-6,-3.6730564947503153E-6,-1.7103505662168008E-7,-9.799910583657553E-7,-1.1799954931909346E-6,-4.9625282126831556E-6,8.028477458140356E-7,-4.632551749080734E-6,9.216312794995943E-7,2.373968739991622E-6,-8.996550153085178E-7,-3.1429077991632046E-6,-1.3700447621978055E-6,4.145287517865474E-7,-1.743626193799883E-6,8.158908101999007E-6,-2.501067332442895E-7,5.090617827744616E-6,-3.5356598140447936E-6,-2.596209834651806E-6,6.186653922439605E-6,-1.6439059137442483E-6,2.933606186191042E-9,-5.691735860462717E-6,-4.2369054870697025E-6,-4.71551970625321E-6,-5.573738292313936E-6,4.363524676600594E-7,3.3931099813988334E-6,-5.313165926210424E-7,1.9689903007191323E-6,9.794828649816928E-7,-4.428306508993803E-6,3.2262228336692774E-6,-2.883040712177216E-6,-7.555579350675802E-7,-9.729304787716316E-7,-1.0355786031614494E-6,-4.850773937233119E-6,-6.249402310207157E-6,7.925637762369862E-7,-2.4354314630881815E-6,-2.6984275132160815E-6,-1.6037797718320904E-6,-1.899087864239416E-6,4.524959005983711E-6,-3.835763941427722E-6,6.1126260972289825E-6,3.796853405295555E-6,3.8082398099919278E-6,-3.090298040896174E-6,5.722244720819053E-6,-1.1805383129618055E-6,-4.649790010050317E-6,1.8468528720431362E-6,-2.5405112886069914E-6,-7.388993593709608E-7,1.210476109939254E-6,1.0167428663058356E-6,3.196454861843799E-6,2.1798431471834887E-6,9.785772590432601E-7,-1.2916815491550932E-6,3.4721812928485316E-6,-2.0655409797183984E-6,-2.4821434265601777E-6,4.4013648522845225E-6,-3.3545385374111445E-6,-2.440508293364142E-6,-1.5230868924282232E-6,9.825286932457286E-8,1.654773759486426E-6,8.227896288195893E-7,-1.2564876567918188E-6,1.268387089929437E-6,2.2137545092262657E-6,-3.595979953273898E-6,1.2069551958155604E-6,-2.188841538203263E-6,2.959290303011711E-6,3.3231164060589433E-6,4.75883390686182E-6,-3.767818974398342E-6,-3.794671295967951E-6,-2.6845355477636203E-6,-3.2373544950144554E-6,5.797845502441564E-6,-3.1623901271935507E-6,1.3611774850500429E-7,-1.4681056311056023E-6,-9.799038796227358E-6,1.1255793117645826E-6,-2.3542263243853547E-7,-3.267336296683936E-8,2.905646703058299E-6,4.443193696720358E-6,7.721565351248285E-7,2.4162742738785784E-6
-0.027581589419021717,0.08335918103827063,-0.016158898996639567,0.16826242702771088,-0.0986156873855494,0.007906094530682643,0.10024637894773973,0.12899207254574713,0.1854435051619319,0.03823108326710862,0.1616168309858829,-0.1095120750007102,0.10485167560816037,0.14579477116565212,0.039144649721557144,0.2139023867031051,-0.008411569672971006,0.04531273776550316,-0.07177012444927242,-0.03763116510264472,0.18737518049536442,-0.10592043973011205,-0.04911772970222015,0.13144114280596736,0.07393225036958169,0.06808337621469127,0.05791863485327917,-0.09755235958453862,0.038780332151970485,0.1917087576583369,-0.15679291505782195,-0.09354133645337918,0.003403260002426034,-0.018870508490963726,0.15646441060707983,0.046058324535843166,-0.2815500409422129,-0.076120295861123,0.2680339984555439,-0.024774642219898946,0.10772340390617509,0.08754376433833441,0.15656860269416473,0.06845275571406916,0.048445250188315754,-0.011934928062558333,0.01262963687413569,-0.01731653175259376,0.19596891727909413,-0.04335295073517163,0.07926176821330827,0.01631470932736723,-0.2115942438123551,-0.2791153777267927,0.0326642376143761,0.041922149947655744,0.04522194289578878,0.2179591317523028,0.1309127720339893,0.020325857772213154,0.08240727828052287,-0.049936027081558844,-0.001379426464394335,-0.19725473252202164,-0.03179761798646584,-0.0659164497979856,-0.06757643017192101,0.1141918437066413,-0.027664130581897328,0.1135389929841961,0.15133860619296302,-0.012582439997594102,-0.1061859589973506,-0.007897861777248426,-5.963079881441877E-4,0.032320940755466994,0.037837817896821856,0.15997922038170206,-0.006067902892517715,0.07546193348199069,0.1476769450827089,-0.022867797653326773,0.04551847634578133,0.11497154060600755,-0.12582336467334063,0.05751680445256818,-0.019967481589068362,-0.11591747094994946,-0.2698555734547687,0.15893733974154423,0.1646606241137351,-0.11878386036411652,0.11743025919374675,-0.15117971871503405,-0.17094088761288048,-0.0032184349890826687,-0.22199573235864428,-0.056875987703494876,-0.03528989990883377,-0.12879149261855327
-0.0397570003494645,-0.1896165504358452,-0.028208212380931574,-0.1020055414787837,-0.21483024926665012,0.025003038539025288,-0.15561591026307534,0.1604797530204923,-0.25953034173522643,0.10449942778477017,0.17427097896114754,0.23098723511734234,0.14797437023879279,0.17794186308770057,0.09060352724246867,0.027433129202351032,-0.022649935199564236,0.10051299506999502,-0.11731891157792246,-0.21473611891827832,0.052918818681423896,-0.08600935973088464,-0.09480487381980984,0.2996939126932513,-0.09545854077967578,-0.0436322606882476,-0.3156562987800274,0.018591196913450046,0.18091924143387225,0.2805750823898913,-0.004439166868028388,-0.2587772929448954,0.3802798888595656,0.2068469794409809,-0.14959800745744686,0.04662748203521552,-0.1971162371960741,-0.07123335272534231,0.1882907189350275,0.5470210549913589,-0.03173338303169405,0.2978697148055533,0.05631297239955084,0.16600531771706678,-0.54692515412716,-0.28206620548535555,-0.12157669267715743,-0.12734315943286484,0.14881200568629285,-0.4411542932764337,0.2581297954041943,-0.10810627558490953,0.23125939324556172,-0.46202857378580486,0.12615892708789134,0.09513395835519158,-0.2559115019168875,0.1649281159629622,-0.129135424854286,-0.15352795510049122,-0.06094144265556963,0.2067055094268229,-0.10907651692904961,-0.08158719996666967,-0.34064256831353984,0.07869163872921985,0.3900630930798163,0.14328936425662406,0.15107568569269575,-0.2133542631828703,0.07783228477374753,0.2167326849507522,-0.21552857050643892,0.3764397598353033,0.14957790097865142,0.015734127336590315,-0.006154412426121123,-0.1794427753691528,0.18825931826498768,-0.05983908195171817,-0.22961837698925583,0.16128699147985445,-0.0757166716002902,-0.21852812129941154,0.19050979973814955,0.24985760472416987,0.14433184053230977,-0.10469036380218402,0.12643384848283235,0.16079725419291468,-0.10550094741925128,0.11761765901433016,-0.2114766862717206,0.19356390660820497,-0.10779358930169265,-0.2836882668032848,-0.17009970966985116,-5.894024144988338E-4,0.06550296181882757,-0.3062686669693188
-0.04129540824858518,-0.04400706299994167,0.029088491628844394,-0.029710077254474533,-0.0742183646096282,0.04721722350021285,0.07197433778217353,0.014180619458335503,0.01065138073924043,-0.1645757860133627,-0.0037627493623600687,-0.02881225464717806,0.02173496590174788,0.07272390209788931,0.0510231988665879,0.14282612165087283,-0.06430294616855473,-0.03786137957873583,-0.1151998176356525,-0.06037233488984317,0.015587469949617527,-0.015545048933622461,0.0873521940135958,0.07007873687647286,-0.21593360211872092,-0.0169459328747381,0.09361666187007085,0.11622468980380365,-0.0063347403149771565,-0.10336093888738734,0.04319239048175078,0.0469195401689583,-0.1288463691444198,-0.08329222265289636,0.031014828481958703,0.14958151135029002,0.0512280576446261,-0.2232533293463004,-0.0721758262019225,0.09896007449366948,0.20313152297247686,-0.0791873132968014,0.1481182013723658,0.06651813455776098,0.1330120942285125,-0.004011532547697327,0.004846098945369911,0.17363616359408818,-0.12918914220490013,0.020972420845253643,0.1278922868566087,0.07778080378231805,0.020646701027657147,-0.09689252109098767,-0.03545112586012706,0.015628723421045636,0.01270321577238513,-0.10129352428332372,0.0026085929930605915,-0.06878416391091915,-0.13875226913351402,0.06719886894735187,0.10267379544687602,-0.063780768366902,0.05550637201868979,-0.023342634066894397,0.04757177042792229,-0.013230090827743245,0.11667880795710284,0.04367072681654742,0.022272275384840147,0.10487656246566324,0.04967429535259415,-0.039597811999862606,0.205782158820115,-0.024554035634510547,0.018737151727228764,0.07768706663514974,0.0359805608327092,-0.028503879114091562,0.020907335135992966,-0.06768966088542329,-0.04066602881730149,-0.07411199098515134,-0.09885203695567404,0.1015536546736978,-0.021315052436186557,0.20674890892534756,0.06515358790966566,0.0979998878911135,-0.13078218787646698,-0.22558522678794057,0.04282341419820228,-0.05057123101221993,0.11195972148548596,-0.14839508412619196,0.06389962883676753,0.009371767377510633,0.010437095190382696,-0.09811308496947434
0.19757602663929327,-0.27902717243583036,-0.20665409158201103,0.13903510224818938,0.1297513968291555,-0.07362272215565915,0.06768016078922535,-0.07672726070385014,-0.09565147857516,0.20754136760869837,-0.034473958386810256,0.18243866121218727,0.2412989371252005,-0.12428229747453992,-0.031086211996857765,0.1237794045064277,0.14418979303727658,-0.01014545321280969,-0.06751548976618504,-0.04426794169640736,0.0726266722979691,-0.03244445752194586,-0.09645966646333143,0.08464494030706518,-0.167493125411807,0.03626697591798597,0.13097979610919208,-0.14272069678975882,0.021891165812240654,0.029952075995545217,-0.039523435285102,-0.04654910535919956,-0.08184240224006632,0.19079611334589003,-0.07076412502604587,0.028424975245947944,0.018937320501943355,-0.017172043569283216,0.18914393343913544,-0.13204285559622678,-0.20941381564267436,0.04840303950505993,0.045842959035523885,-0.09203919697236822,0.058106811306474576,-0.03339857516528856,-0.06598412786112283,0.007161698768438275,0.0659503157938478,-0.14103307780533214,-0.35270580710169214,-0.1034065721040224,0.08007233486567836,0.007731183298301966,0.18668963143394046,0.005531850995408639,0.036291844477734134,-0.09377187815809025,0.20019616345436037,-0.1435245041120417,-0.08344565373634799,-0.19961471027442376,0.10142935412958318,-0.07463790378231,-0.15539559701088762,-0.12908812531904884,0.05726678068177579,-0.05883629675137963,-0.04340161960456756,-0.1514926401620883,-0.03735265162076236,0.11608184540405928,-0.05757743276728967,-0.025058387497362722,0.12077804775417941,-0.04235479998922348,0.0488054750460804,0.26946739876188375,0.1308465333049765,-0.07388961923849958,-0.2725511161220933,0.19214949297774342,0.015265631600416475,0.02409820590997923,0.07815400504703082,-0.0844136410189981,0.12434966597864415,0.1171793283115329,0.14371362366426818,-0.1753880042311048,-0.049779836440225565,0.013015054294875164,0.2190202336965996,0.05527462314491065,0.15172733774029526,0.11979961646469799,-0.11757341027655453,0.013540922303159876,-0.0030969767658821463,0.2597588017255043
-0.14398956892992779,0.3917489233580792,-0.033762339210229135,-0.200962104228053,0.027567667063835503,0.12214300719435522,0.03676433183437261,0.28900285764815375,-0.2919202713018589,0.19650104735038018,-0.05337110630817928,-0.16062098420319676,0.2139506856687063,-0.19734146013832865,0.13213111331469315,-0.20587486050164058,-0.04799769732027877,0.16559865363281448,-0.0605363645700007,-0.1402132562805287,0.007786420585641303,0.1316977131833461,0.11644083908059764,0.04896050933929035,-0.20521300604209902,-0.031408019676204775,-0.40572177508205837,-0.056832063134566284,0.0537826759662298,-0.31008845146826847,0.05146732183834931,0.5447831402573831,0.05396560932020771,0.0037646401946680847,0.05600246020626832,-0.16868718866682766,-0.06662976469313374,0.12153588883815594,0.03354226675810037,-0.03987908880779481,-0.23791952657088378,0.049582380140144426,0.5959831364356868,0.1188457636844669,-0.4787045785521631,0.2568855230456358,0.10894650168343598,-0.4516699321909706,0.28869994676914557,-0.183062395089375,0.1314208825822256,0.04927204905112175,-0.30880328214701047,-0.10759645747206056,0.030484725718599556,0.12904476900254566,-0.37553861713763964,-0.28240326820106465,-0.11613222740478955,-0.13815907773453345,-0.10944012573517242,0.028916719508828754,-0.01734804440142025,-0.20973550374460234,-0.12073032452847068,0.12465021092250461,-0.17090384670976264,-0.1758505458532144,0.26424363287692243,0.05110554441577993,-0.016344204869654908,0.07102755085848712,-0.44970890318629597,-0.2850830372978794,-0.058214004338184605,0.23571417766844963,-0.11058444490224675,-0.11670722150829717,-0.16847375524099503,0.11534828381464668,0.083896023407412,-0.19327282709960308,0.3663883917330727,0.003957997754220515,0.2647445715678785,0.16023834589512698,-0.1997972188037457,-0.058064982859478274,0.42865479504339016,-0.1937765721994663,0.018224462210336898,-0.22413090952520853,-0.03950840724765724,-0.1533295284340227,-0.2831010636919797,-0.1352190245859048,-0.3162165223465787,0.0676796089219607,0.18370171958478446,-0.2777638530444044
-0.1080592034776038,0.04337671348373381,-0.06478720779426837,0.02834872499415391,0.18016250843763282,-0.07373444487954202,0.006804435551538632,0.12857342840078023,0.0762973684455948,0.05410181766107404,0.34653137306249393,0.19899821955223873,-0.05759090601728145,-0.22418791778582958,0.07812839037600366,0.013766061323689715,0.21496269312902233,-0.06446658865918921,0.07193528745967372,-0.011564717093519217,-0.21956764653636757,-0.06071481803829207,0.07968133585289858,-0.026376319901056287,0.19969337441974333,0.214599462900935,0.11969741439099672,-0.18466704157512218,-0.05757026488601192,0.11410862651943599,0.05297259470680635,0.08157199103214499,0.04279960063165419,0.07861672139387335,0.021087756713735632,-0.3538312645872274,0.013838591900717484,0.16418724125478223,-0.16722552654784884,-0.0526749624509507,-0.44923478708214304,-0.08082487495849008,0.1319560130815601,0.36946161018767965,-0.018636459216607584,0.18090738776452683,0.02524162842033063,-0.1360692536521855,-0.04613254420615255,-0.32794851766103966,-0.1828001753873725,0.1251866725432465,0.14097815007100153,-0.13567041812694794,0.32825921348239984,-0.07212139806884604,0.2291182651363158,-0.0879967458762344,-0.15531856459529722,-5.471530976806056E-4,-0.04713689033651018,0.19856301007677843,0.2499960862602263,0.09375572864241846,-0.016577486415347304,-0.03414624221123686,0.14653634676819385,-0.20825339454258013,-0.05194198269591725,0.05581083446915662,0.13245329956481128,0.14376347435769332,-0.08433939380482382,-0.07769416336647168,-0.21971292894235778,-0.28409225855751113,-0.03867985436134761,-0.2868617790203594,0.10460652401876364,-0.062063288985115324,0.1074878454586803,-0.3457242282320155,-0.25864146053018916,0.1281288817975089,-0.11817976670986076,0.09612583925166576,0.023092223537008176,-0.08633177855598607,-0.1174872704981813,-0.22331219746024947,0.087145885190313,0.22251473338763864,0.4000380399789299,-0.24724242863214954,-0.17171977957854526,0.37714815909688115,0.32211405739956617,0.06330313411802152,0.03931781496516954,-0.057786489922414606
0.3576149985797102,-0.11643156411937064,-0.3341967943626981,0.13222091628737262,-0.18377813263134557,0.0683281548637288,0.15468828468673165,-0.10285047915197901,0.22131608437898584,-0.332117026281774,0.06391277559537967,-0.32136403794403384,-0.07874619455086695,0.4265654849844533,-0.03470064911210953,0.3142041626936669,-0.26858882476467505,-0.08736839941231868,-0.0649254620094029,0.1452580193175253,-0.3476559356042034,0.3523397309670203,0.5240619670303807,-0.1337505800276092,0.4652456719072655,-0.3010226461256719,-0.04781218946826841,0.22173126845714541,-0.046338315503628734,-0.04648941004410186,-0.09562727393647055,0.30119470250618396,-0.18803105094343053,0.11455468157915664,-0.11161305035164376,-0.19567536748071201,-0.03015922913035959,0.38521851920128036,0.06857213671094595,-0.4860280493443822,0.4007999354096155,0.10415621289248218,0.31618350117028515,-0.06451640504251971,-0.2663079229749844,-0.29403027201753157,0.28281831649194,-0.08523048063514208,-0.18689478831015954,-0.1366079471872217,0.2400039660001585,-0.27156733955254686,-0.015138866166361606,-0.0928164027850267,-0.0067766904280235326,0.029716114942513534,-0.15532374972100427,-0.18146224306816863,0.36145964375930545,-0.04380053621287831,0.0240114594264787,0.5769989968228423,-0.35837710157700065,0.06791247682942454,0.2022382224997136,0.04641729119839681,-0.0387527849944242,0.05591559027989603,-0.040309319836491705,0.09964098276146047,0.05278810291497723,0.0022043306631176797,-0.125775071926809,0.24269719352257832,-0.15218316761259054,-0.15706417872962802,-0.20287869174352052,-0.32414652653622633,0.08125662690668234,-0.16471707215815162,0.045214346938276764,-0.10421176639574194,0.2550246732098533,-0.10719383788023218,-0.15763831951506557,0.02571237029402334,0.49875126962994604,-0.3045698468641963,0.04940214757528323,-0.18194954767594868,-0.2020700281872326,-0.09601896995696141,0.017975887392287088,0.2679475914089396,0.03715169903852974,0.06976540183193611,0.3149966279078656,0.03581902834823122,0.5309380766254822,0.28888351059019474
-0.05427846164326986,0.12154018975084671,-0.21810448953640657,-0.13871828880252215,-0.012815925577237715,0.2078946636674018,-0.11467822199162686,0.26894740250420696,0.13306317544144408,0.09515522596640902,-0.05660992015353952,0.18203248427641913,-0.03583910340087232,0.3406962272040819,-0.07974826773751915,-0.17263378457225317,0.053790211950273094,-0.03894287998563679,-0.2655869509198165,0.009742777888820548,-0.24269017263518622,0.052406995717625665,0.06871736477410097,-0.0350904545091181,0.08953861093335279,-0.12471157792406341,-0.10969738764756809,0.03842611891699997,0.11558914076039137,-0.05882209947449896,0.04185254462557236,0.05915808025038334,0.06951106855383285,0.03327497273948433,0.1341918524237848,0.22868081936587353,0.1197692372967767,-0.27135279416444047,-0.16458095993054508,0.1832248687297541,0.1313891198889031,0.265192374951697,0.09595095413867658,0.1210091422031185,0.29969045115239545,-0.056120790595131594,-0.26443870253955304,0.13122228519631143,-0.14826184034478743,-0.05165382225812609,-0.03741779174001286,0.06091293956678033,-0.11541260255314223,0.0751828224851243,0.1039487714201424,0.12881177649203965,0.10166451402517829,0.16462427643595334,-0.07427130770469,0.024229483675241317,0.2967911992866663,0.11938836675133367,-0.027841581826421415,-0.13759286586909975,0.3057417422797225,-0.3183536604460804,-0.137773316740792,0.19119614208099875,-0.17987747105368612,-0.14604810102872876,-0.23547271923385274,0.07857034101057093,0.02954603654461641,0.19863613780563472,-0.19314014093152654,-0.032871591420747685,-0.06790465495800575,0.1428695787626319,0.12856168935599604,0.00371247492648315,0.06453691155943367,0.13430043058477062,-0.015807726414446686,0.1711877241069752,0.06457522079002198,0.4224763960851513,-0.1542661516588312,0.034301911926276366,0.23303067581129816,0.23617755385564235,0.045625401880278964,-0.23259104806106384,0.05462383770657066,0.10719886344508439,0.02089882821600294,-0.06154417039210919,0.1282833216508654,0.10908076511132354,0.026046854935938224,0.2533632830083839
0.12836621104083676,-0.07054188887464607,-0.23317222761124962,0.03467529120794358,-0.016956240006294608,0.01118559761392055,-0.02795012839251013,0.07500332593530228,-0.032248342593068795,0.10755719342554482,0.08125403394598732,0.07032694144005058,-0.0910935376593877,0.01694302853110087,-0.18248272524784864,0.02015450549860751,0.0551093554146179,-0.05863676277399892,0.029989883193186805,-0.0775407221756641,-0.15816760030237245,-0.16381666884678958,-0.005108628502806137,0.010811361082566775,0.01885179299392005,0.01897339796017782,0.035523388956697426,-0.009083577024476217,0.27167790216406074,-0.19089868715597852,-0.09965509447156073,0.08928872896549572,-0.034347364924594635,-0.16389460184515822,0.06575796988718861,0.1991328311483578,0.046459309860648425,0.023079380193313747,-0.13580429906019956,0.11550978210754688,0.11610393069167617,-0.2360764620496425,-0.006271169739175794,-0.04333889449091635,0.14474766514342086,0.15072473815112117,-0.026791916969669035,0.11218120111486969,-0.25749273770944947,0.13684821921296814,0.17201985921905041,0.028040073789905893,0.04199690743574442,-0.07404551351249072,0.04092809648193345,-0.09903567297513716,-0.10666777053899633,0.15428038741343292,-0.13264720972566807,-0.07591544893767287,0.051499489858031385,-0.12306775348085837,0.02903288809897813,-0.01811233152031693,0.08282906396455435,-0.007029825491920594,0.0010187855292003874,0.0030707904465413316,-0.0064240056646654884,-0.19910809666534968,0.003861981482441838,0.10029315004506767,0.05226198257591342,0.09423418543923301,-0.06639371893665647,-0.028442331140304505,-0.2243653994037068,0.3008208954433916,-0.24483827509112266,0.02585131950020613,-0.03238604959985551,-0.10034771558015795,0.057786898494238015,0.06004623892575993,-0.0567469928347171,0.14118545033311058,-0.1973357195704453,-0.12866699103822105,0.08847322980218264,-0.002387053852843081,0.021129885850241774,0.0036812557367539973,-0.15335880079478537,0.14000071721020468,0.10144603872986362,-0.1717287088577398,-0.012686569210886347,-0.21978251244703967,-0.17207062237976817,0.1309647501078645
0.1535680947894848,0.03716389624483144,-0.136646138985708,-0.122877862559495,0.011762796498617108,3.3812844178154715E-6,-0.22256086465170385,-0.14960383049444498,0.19374193855180494,0.13642387813721124,0.07178854503014434,-0.06719300040952002,0.13650380034608198,-0.07503288146598293,0.1280703779663508,-0.01182733360402451,0.26218201633992505,0.1812011882856717,-0.12714414202636434,-0.10765915343519507,0.34059552213091016,-0.11204167173462876,0.11424087131373797,-0.09514360377670564,0.04578268490732806,0.11127999266148143,-0.22374407849712244,-0.12809347350244213,0.008030557636571154,0.058622483360305136,0.05244939923739825,0.2848881298891862,-0.29953986370369867,-0.011659616996563035,0.05645296011347465,-0.02686586172369557,-0.16702334563183277,0.1734897171533376,0.04554630708175465,-0.04049746487168546,-0.256598032703406,0.0023332458149114103,0.01869212509423904,0.3120367158596146,0.26418208826304374,-0.10685739632021295,-0.1538320024924681,0.18567171724707687,0.15474068167912572,0.02803506818759455,0.026864415922975567,0.10719422355962709,-0.24152401869203202,-0.025320575544778186,0.12411258865864652,0.057419368355427304,0.04997709867256264,-0.006924391411223521,0.1265708432142063,-0.06885158872095766,-0.07803346716940326,-0.05340241958935105,-0.2979533958085974,0.05514054784341076,0.1897793382700661,-0.21511851753181904,0.287904717117757,-0.06942304187825697,-0.1124775442944647,0.2702146116550974,0.08354363634336318,0.2263180166628551,0.09665553669378248,0.12734308193807703,-0.033301183861481544,0.026582304605675924,0.013534087864854709,-0.043005612697121616,-0.009506536191608359,-0.2660333614494485,0.24884449681443904,-0.08180120542523736,0.16302952294542003,-0.053004085559255815,-0.2629013021708888,-0.1103613993004824,0.1610899090073884,-0.1506622514382411,-0.33989073610834014,0.04828718465942018,-0.09038677723618059,0.04862032610458673,0.11453801000865249,0.1386801971040608,0.10449805157280703,-0.02928639813999621,-0.13330809411908445,0.3137189082862739,0.023518070637651534,-0.1398796836731457
2.224957513467571E-6,1.61325986682362E-6,6.691324296097071E-7,-1.1629733603888036E-6,3.0350510745472647E-6,3.3446990256522904E-6,-5.269836263233016E-7,-5.845058414112265E-7,-4.652289815987157E-7,2.498856052097013E-6,1.493942921659425E-6,-7.253975869752329E-7,-6.471317883489922E-7,1.009369914561687E-6,1.4869064110604068E-7,1.9000105729212324E-7,-1.0325052010260124E-6,6.604286819996039E-7,-5.861207710915495E-7,-1.636896269216906E-6,-1.5847799716370153E-6,2.2509655756238096E-6,2.776173514268673E-6,2.3027552791089825E-6,4.924818851555792E-6,-4.506135323338019E-6,2.7544198807261115E-7,5.42311219829819E-7,2.4003219346501375E-6,4.371067132535693E-6,-2.5202035335253557E-6,-2.726006108402482E-6,2.2307025135205667E-6,-4.792235494579061E-6,-3.172162994395186E-6,-3.250739550055131E-6,2.514386443631236E-6,-2.1031201344431598E-7,-1.290411407183687E-6,-1.397839886337358E-6,-4.091486225949577E-6,1.860642528342541E-6,-6.420636376603036E-7,-1.5117717713864723E-7,-4.65886345955875E-6,1.9424128555446964E-6,-1.4050985285954153E-6,2.6632378048139187E-6,-6.165891568753283E-7,1.4616897585868264E-6,4.475610268395031E-6,-2.0813084118068336E-6,-6.901489945218775E-7,-3.0299226231796413E-6,-4.5429188727841924E-7,1.7430884735991637E-6,3.7553182278916072E-6,-7.028329616087254E-7,-7.634759306594223E-7,3.210007895299224E-6,-5.121141009333315E-6,-2.1290699859713947E-6,3.7306232122665137E-6,-1.0293550341416188E-6,-1.7645143816793234E-6,2.6034874802602196E-6,2.4320226542130034E-7,-2.6790165002333286E-6,-1.1853341782540654E-6,4.1805246991272493E-7,1.8243298983067207E-6,3.556030172832331E-6,1.9920396839307747E-6,1.7757019385280588E-6,-1.7049241819604137E-6,-3.724023707918089E-6,4.64398386451261E-6,2.620130663432688E-6,-3.92467019060291E-6,1.6473129667308053E-6,-2.820991836988083E-6,-2.342988964741257E-6,-1.4118414472171463E-6,6.85794182866104E-7,4.112122432024389E-6,2.2275894176763275E-8,3.2836632812268906E-7,1.4247074159392331E-6,2.1661404580727406E-6,-2.6317273792721238E-6,-1.8346062938242605E-6,1.1335378123983263E-6,2.79898655598798E-6,-6.891245286999013E-8,-2.619897602971979E-6,-3.201860761508318E-7,-4.107261098560481E-6,-4.201983310738435E-7,6.62840675200659E-7,1.662627064602922E-6
-0.09241919526363997,-0.0677254716497694,-0.10516963598390043,0.2064433191465233,0.04774142049487225,-0.021777147607096203,-0.031581282338215375,-0.05123350046579143,0.014252313223042528,-0.009150449418365448,-0.07776797319409737,0.03922165256960995,0.003682286079594773,-0.021773189864959828,0.03724531812431238,-0.044804381425789234,0.07616857125683009,0.02970028621096316,-0.08378299255511722,0.06577004398028775,-0.020167895309009132,-0.16530619673332736,0.04776596689756062,-0.003882968370425385,0.05215882018969683,0.03286619009624487,0.09409445974488265,-0.01628227646221963,0.10022015873527108,-0.013992020550499246,0.07508314517230637,-0.004135013236836936,0.2573511615409019,-0.04906695022518138,-0.062491808941893726,0.03309728772405214,0.0039743649264795755,0.006516506271275554,-0.022803241311432458,-0.0348247015721205,0.048462069792517194,0.08926803714065963,0.019394947410437208,0.07298023699339641,-0.020939041185647343,-0.021124680778870513,0.03360192788465834,-0.020587262729737328,0.11301447052222692,0.03386888368089509,-0.1309131680388979,-0.002102523783860733,-0.07329575570859558,-0.1127781520970689,0.06645860473934058,-0.1111756505894876,0.06896227614980151,0.0023791101200465545,0.07830055069284159,-3.698315447821661E-4,0.06812081737712185,0.023423034037196862,0.0915961671487503,-0.0584708561384692,0.10850280909149079,-0.09901308284329102,0.048967441076268214,8.036417019765846E-4,-0.16226263287327122,0.16290288004162148,0.02102100993137529,0.04372021324278864,0.0021659311725112864,-0.006327466760419448,-0.12794083850696186,0.02720008416805994,0.1392398454264015,0.0535839389003657,0.07612189959270384,0.15734778071835154,-1.0592457286561925E-4,-0.008861089136611402,0.01677851730985883,-0.041019492968031784,-0.06958626731172572,-0.001178259147053381,0.027273150741544596,0.09496821893356794,-0.0774047140545728,0.01612332968339174,-0.04531989652737929,-0.016138689008690824,-0.02819055052183426,-0.042527079846678896,-0.004331664063272592,-0.02202023202017077,-0.052892800819684505,0.13452163105688938,0.029410642323483713,-0.07314713081201098
-0.14713496799491238,-3.9721248496378645E-4,-0.06271879194650051,-0.10905144808949792,-0.2259672700311236,0.0730387725145893,-0.08583922335987071,0.0755527507894804,-0.12110733149208287,-0.4229216771925055,-0.40028526092342703,0.469555806664448,0.44309114656786924,-0.06861672792630787,0.22773982275359309,0.001636035791980287,-0.16068616450816287,-0.33468090901556713,0.10395229711171815,0.2986048220874622,0.2637748709537568,0.014058974793247938,0.18789092432233906,-0.22376266536566705,-0.6472204904105325,0.41240701634376387,0.002623795557553543,-0.5260922476473349,0.2980454928345889,0.09458571783246014,0.053492277221025175,0.15121622996724435,0.5509805875017999,-0.10409977915754494,-0.529805136361727,-0.2250162390516396,-0.21461125235047102,-0.5655638613907991,0.4914232632043947,0.2473158128009506,0.3965149059393757,0.08188750869393183,0.16770528637536233,-0.32082579312248083,-0.2981713750846895,-0.5165207113322076,-0.27501495015093247,-0.06158951737981888,-0.6418420597416029,0.08383609928989973,-0.13595524265684505,-0.44275039607365724,0.0598524611429163,-0.7417054148639481,0.18300999071670496,0.10528404220041922,0.09942418820733333,0.08219226809448255,0.23553989550120782,-0.26732375296319855,0.29482686286329635,-0.07439120341328506,-0.05597414333229788,0.4251679233171147,-0.46766029866713377,0.2555744140661698,0.29842098372738907,-0.2092598053737381,-0.38482274769457586,-0.24173515096777712,-0.26312173380736875,0.24867857947607505,0.6449997554766027,-0.4419112360369592,0.043280388841246555,-0.2814991627185234,0.2425322358650294,-0.428220857870692,0.2682120896257184,-0.03951731272471115,-0.22846253997714383,-0.7476927121137948,0.09254848355257167,-0.6845469195371552,-0.22220530550910972,-0.26917603204695445,0.07233499143274841,0.19787836192704286,-0.08638817743157623,-0.02733867327442015,0.3197316241873972,-0.24424414333843392,0.5167374547269443,-0.2223483168990351,0.4350111393109593,0.3688322239864354,0.21667647235460047,0.5222446731417847,-0.6745962736849401,-0.1969755056144613
0.1579617682448944,0.43546696733379625,0.14312917082856727,-0.20956158259060817,-0.11831229932138404,0.3172372867820783,-0.10667913044346329,0.2784863497985441,-0.5028187421615528,0.18205179481044842,-0.23175170298773354,-0.2860854953021735,0.4139174810468607,-0.16073485917254346,0.11276235564234187,-0.5775569328241439,-0.0632738773541443,0.4095548688661412,0.06347768774092698,0.12415684242656058,-0.12001755891734375,-0.06707390343744497,0.36890031277429575,0.38840143622849,-0.11039831723353075,-0.01850533234002751,-0.42697261692257554,0.45148373665903313,0.2378265140329734,0.03160878881022807,0.1737875990109601,-0.08897830899854636,0.1817908032094814,-0.05808502696370329,0.05758323236370201,-0.23695835244130628,0.28859630574908685,-0.08039635103442233,-0.2708117944721224,0.4777910323071122,0.4082789969848143,-0.1986850228024171,0.12429673982122337,-0.05007599715134878,0.45044960447227617,-0.04646862773559757,0.24520556550385667,-0.08040897998917416,-0.10325912763124373,0.31050769115410637,-0.09226322858516775,-0.07514815876000323,0.07469735977063967,0.15316086952260544,0.010645570887319438,-0.04145577666065328,-0.5345328197795258,-0.07818357544304069,-0.09806008451689738,-0.18526765889998908,0.25203755984924414,0.032150196466241905,-0.08105278205627292,0.3031756115926314,0.29965031857405666,-0.30629421123600614,-0.40102587421348196,-0.011697349105667616,-0.051680546165891225,-0.08942643686025133,0.09360282495077345,0.0010511680025017288,-0.07391451907850051,0.2857680921268275,0.13440971284765474,0.16374891410745998,0.24195806978200957,0.25851971507677585,-0.23276678846837,0.10409866144419078,-0.2658346003275166,-0.09878443775835044,-0.28764930886545415,0.050957070285945906,-0.19695445446235293,0.12077955570369539,0.026641187079258884,0.0905717799081564,-0.20263491509413745,-0.0020569372008128824,0.4473488933391911,0.027819481109274853,-0.22212770146330735,-0.18054946293009405,-0.10539313282208103,-0.30203098390833977,0.010859859077471615,0.06042310545655262,-0.07574539162850928,-0.09803074925113624
-0.13691221224692432,0.11437409187550213,-0.299010692253687,-0.0634194315668945,0.06561859605660854,-0.20802262796865384,-0.32685343837138653,-0.09988759840136371,0.03473291594304254,0.10440319628264141,0.06162379187950139,-0.2285819972704813,0.15558547283196766,0.1781825634758359,-0.3126128943319316,-0.08474467745137465,-0.3647051736586042,-0.14050831923570176,0.12804240995486657,-0.2196861710721348,0.14940483122542614,-0.0970227842996439,0.1704830618393258,-0.1315316411914252,-0.08011349418450624,-0.05208377857839228,0.2064116976497219,-0.10686419603076146,0.28186766958144926,0.10709674580467704,-0.028107678408882838,-0.19049677010226818,0.30116376964884956,-0.20264971485618888,-0.10643817759977497,-0.061342573206223786,0.17361278565216176,0.022008202131411636,-0.12844449166532695,-0.017117893622016583,0.03406721684006982,-0.060410215026741806,0.25518390689576387,0.31241730458820927,0.129603017391681,-0.26023413669246004,0.0037609046837897933,0.018938542171842404,-0.18701424329201935,0.3025328083107131,0.13667414932383629,0.025875835488400688,0.22692111802081083,-0.0519261689284876,0.1578878006665615,0.12522032342268605,-0.08858266486979288,-0.022472510280384713,-0.021027309873530936,-0.2883435215899035,0.0520747975331223,-0.1872747028120514,-0.12445382324837795,0.3030648914166634,0.01676275931692483,0.09025933064069848,-0.06980855740482944,0.027054905396256,-0.003892250081063127,-0.23210982949711978,0.23279572490216419,-0.14463264070387155,0.2017534361588582,0.11160296275391356,-0.12153314918072457,0.3072458982037418,0.21739561506299881,0.14970579892680044,-0.11288300767787789,-0.21656800048171318,0.00743718012123396,0.04638046428457071,-0.40020330711424995,0.24242833972102965,0.08722601493601519,-0.2341222321559894,0.1202968736414428,-0.1200465959577015,-0.27260365950785115,0.3566893985796435,0.009126897429605034,-0.1986382499492476,0.12972134502285398,-0.11544556662144301,-0.035485676734039365,-0.025142117905330223,0.28438395240438963,-0.19521307842071992,-0.14862923825062907,-0.03402962979448929
-0.12041366344796847,0.1801110924869343,-0.12082977631526817,0.03196717694768202,-0.2965121884717866,0.7428964295033155,0.02594261114385066,0.03682432682248448,-0.32289084991965583,0.38624678397222983,0.11446768644593956,-0.35626724991326386,0.10002748437264147,0.083516383001955,0.007695699666959495,-0.39295892031476815,0.29776157886743926,0.3313764348480003,0.09550963613173079,-0.1235372108268206,-0.4742120079800278,-0.15432026347227412,0.22700733288068337,-0.09063529785073975,0.17070831170071418,0.2864219068825504,-0.17814272891112862,0.11897863062542528,0.16217013196052782,0.1521820706994993,-0.12875978394617568,-0.222916735391421,0.2116141141507576,-0.11086864774580396,0.08975823503550355,-0.22880888697032326,-0.0311130606878353,0.18374654101448556,0.38472786691382405,0.28873568766467334,-0.40754283846742007,-0.13397472244159778,-0.044293390744995706,-0.03645384146071231,-0.24276293960832768,0.0531847576436544,0.006183742810381419,-0.15212585082175756,0.002780416953955065,-0.29005781835068956,0.022771824659464465,0.05094098032872932,0.10194360589935068,-0.20620689275156506,0.6968861201877402,-0.18289216028960684,-0.38919732051168193,0.5760529435156434,-0.31218649551935923,-0.1288979728708986,0.12178290321782495,-0.24082802270167483,0.01980216273632348,0.10422485330947708,-0.1917370065471435,0.015087204842914932,0.37514170994976914,-0.31367566412979303,-0.2915497887900928,-0.2929778621776711,-0.2582538999619842,0.08204871168290834,0.165231056788946,0.0665318891287097,-0.06799712376862614,0.07266737020097037,-0.07949531047613134,0.10902384261313951,0.34857621789881793,-0.07571709234958869,0.21401354367943315,0.031147009568485054,0.27354540871858773,-0.07310903395427955,0.03618045235194835,0.04625538194042581,0.05958269926015493,0.11469900417019317,0.036752022461008435,0.010718066276247742,0.10460693834792462,0.16453375985150584,0.4039637957707193,0.24684697247273976,-0.1269137537271666,-0.47644640767827245,0.08323974634704633,-0.1332641465171836,0.07252040222051467,-0.10096856885267812
0.3677823941180274,-0.13951245792588682,-0.3523507277688185,-0.13083712578584472,0.03232325183275426,0.12217605559420969,0.032806613619441066,-0.24267373605526224,-0.025511730135376002,-0.22553924876825734,0.19675022434927597,0.0013068470336131325,-0.007203259992115481,-0.14229431260197287,-0.14578400339631914,-0.22167720659691692,0.18770293063692609,0.011654858859024923,0.008638438095396597,0.10848959196338225,0.1590401077891249,-0.07791424085849573,-0.028566359575958437,0.12413856361329403,-0.03857504449463237,-0.00502966755515974,0.16309500749881767,-0.21101449103713854,0.14061321247291642,0.07223825425203594,0.16206487152606908,-0.022337988677799337,-0.26402028704811986,-0.08363532067230525,0.027125047240185114,0.11117120558397843,-0.01148245351035339,-0.02439666008677848,-0.4019142219341751,0.0359399715324635,0.05257292547502263,0.0363793908399606,0.00835785638205994,-0.21016235414902676,0.14925375673611244,0.1162220486693192,0.026852328468255412,-0.05366569323536492,-0.024751733439930316,0.053291321536096385,-0.24774138186722053,0.10919701959723814,-6.04792207218803E-4,0.10078701254136212,-0.05012788754933547,0.15780057944129663,0.011215809902560896,-0.25253196036231695,-0.2903099736095193,-0.2358710818346062,-0.09992624013050558,-0.04272310059884157,0.04594552201600024,0.057104990510221165,-0.18947152232394582,-0.10120534152217808,0.023890327635506314,0.2825632774068031,-0.1086369299760242,-0.10932601107106633,-0.16558290081738936,0.048071864314783594,0.1402914042424701,-0.030165913387321615,-0.1141430302018217,-0.08326458922650741,-0.16537746847296383,0.07646810505996947,0.15853885952285846,-0.07301744480028519,-0.04581770680925708,-0.11489822748814427,-0.027762759665511297,-0.012023282162779078,-0.13793838131062341,0.09869244064983067,-0.018944134907184412,-0.2697026741014466,-0.11369185695192041,-0.018660475776232442,-0.011046086176262432,-0.020749882737449824,-0.04808182755383926,0.00928730969518191,0.043510198280183515,-0.2027054183560061,-0.1632259260338145,-0.05042145556288929,0.10712038295739454,-0.030223503978326974
0.001424604207322448,7.451957430220848E-4,0.004028435962616009,-1.2325176192825386E-4,-0.004577219163347824,-4.644031842323404E-4,-0.0021470844181475392,-0.003257343416814108,-0.004760627752133222,0.005218199301955565,0.0029881520988316603,-0.0015352318551365288,0.002774588357265943,-2.148355611582144E-4,-0.002074112641316264,-0.007585734720209367,-0.001018675639361757,0.003424512835898066,-3.50336214862299E-5,-5.493480719083505E-4,0.004042423248948121,0.004065217994056883,-0.0013247772544381375,0.002924326376722063,-5.8714171591072806E-5,-6.361853134363745E-5,0.0011688216115881749,0.00515018581036556,-0.0030276720559765115,0.0020759453844545993,0.0024953265594832943,0.004639570975535779,-0.002282238789349874,0.005963520431979165,7.187115429786035E-5,7.932991226941963E-4,0.00528597744339716,0.002757881245090156,0.005117305792735483,-0.0012659370045480214,-0.0012265105671603676,0.002728247871128546,0.001493939613204606,9.449238376963139E-4,7.068846698576615E-4,0.0012381143629086504,0.00554795036165678,-6.0324473357025744E-5,0.003154355951921556,-0.005116902220866098,0.0038861382437814854,-0.0028937227060651183,0.003763453896857322,0.0035060695358163493,0.0010966705284946568,-0.002317843517598621,-0.002559181052217816,-0.0015545600062543115,-0.006358525465911243,0.00305638252709334,0.0010701039106794969,0.005605896478854796,0.004881974795138287,0.0032504626766073005,-0.007990818671087726,-0.002937838972628837,-0.0028865930477791194,-7.209004836443089E-4,-0.0013322156867897623,0.00273683197693131,-0.0021175250426804285,-0.001748971937358658,0.005540617145868948,0.00256834019262072,0.0013973521957357674,0.005712609378808177,0.0010220803043245721,0.004064836591701556,-0.002898144731257153,0.0016112414074544476,0.0020142247307328247,0.0032989287282745223,0.00676655498587172,-0.00594872588337114,-0.002462944046231671,-0.003675204372222192,-0.0010655149857999164,5.750304445993185E-4,-0.007996813471992636,-3.6748590411025473E-4,-0.002430409246376665,0.0036521555187871094,0.006649333184382267,0.0013264334150257405,-6.458337192949926E-5,-0.0011829726711030072,-4.3192640484324737E-4,6.832113597609912E-4,0.0023147520780393517,-0.00510962201951742
0.1472662560326285,-0.024447461316876713,-0.24032978805071883,-0.18371283495604285,0.06702993166597274,-0.018372340294348973,-0.07414228286425106,-0.08892634483782763,0.1048086303954102,0.337140976748284,-0.11684483679472199,0.12210015110827717,0.5274401174487067,-0.24520325179268787,-7.095730282610372E-4,-0.401196664292648,-0.39401753063126055,-0.1744113317889234,0.07566657078387826,0.2753594526126765,-0.017046945469115258,-0.09983863723765886,-0.22220239040129058,-0.09418271172941556,0.11945577488560052,0.16537578966517572,-0.2021854213903019,-0.20314586406551552,-0.11168385157803795,-0.0033887245200883947,0.0029887026201524712,-0.258775375442071,0.48813352139445854,0.3251504257040635,0.5514128278013898,-0.18388857729787975,0.20057672306451266,0.7045444295060397,-0.023970469596098443,0.0818314044548293,0.1627171971321916,0.04805813207512532,-0.19110192013264415,0.2879744391620866,-0.2665972222124497,0.2573487985142638,-0.41056547154373163,-0.11837481896634956,0.293858922434881,-4.7270381274047214E-4,0.2993305322481004,0.4188886457769367,-0.0263059698222128,0.06815704061769111,0.1849838240603426,-0.020573670363245235,-0.19434343891226138,-0.31217306803346206,0.10792528302085523,-0.2957323169591909,0.7583416084485947,0.3509446680886322,0.03570237966844633,0.11075166455088611,0.05727899120819703,-0.14141011506314805,-0.21624008420910104,-0.2387300004846424,-0.6066839609420475,-0.21498896795998462,-0.3776068065117572,0.24803905116548652,-0.07696143306240352,0.14849309170287647,0.03920172910084899,-0.24926340855631277,-0.23008233512928886,0.06644692055330995,0.14996290627176687,-0.34319263350877055,-0.05757167361360603,0.09673218857814787,-0.06361638191088619,0.09234204394306322,-0.129610235647812,-0.089077612227355,-0.29560872296398993,0.06725289670413363,-0.14000637594228543,-0.22764411048736236,0.3719657768865969,-0.5306479431752852,0.40261107379173583,-0.07891080746802644,0.6726387822441937,-0.04671389426622192,0.5792261147567906,0.06891134539016348,0.026982097056824424,0.45009528281240885
-0.16503443469057547,-0.01549494189222104,0.03420505907769377,-0.2801871207405736,0.07029924984679133,0.24532782723441435,0.1839184068315129,0.19633289135902132,-0.046177152138027804,-0.05656026410945943,0.1253492270849227,0.09015963558695257,-0.29141163641721457,-0.012296343422975009,0.04222830448021083,-0.1883604058296604,-0.33774393072548886,0.2147237480350362,0.19383425414587696,0.002568176333020782,-0.0356625071563328,0.13427052376114715,0.16259778987162682,0.008838974550978367,0.14884962367920831,-0.04853041498708818,-0.2521417359602817,0.06970897908908966,0.05121017885281155,-0.29764405145945577,-0.19737248408220623,0.008699219332664992,-0.07374126044667553,0.2116087644796716,0.19420285335979606,0.08706139807538947,-0.16129625878454082,-0.14459887727132623,0.017965996036207035,0.3407158575466195,0.22979242550569196,-0.14208846829610017,-0.0884505654339782,0.07739158900680285,-0.04603604870717966,0.0378607359641301,0.2727633745718264,-0.17250240439230372,-0.044204078376590995,0.013330176919824601,0.06036540983262811,0.10231691711797374,0.27029425562648784,-0.017198507932594108,-0.002181982938751493,-0.0975263186487647,-0.13634835217626387,0.017830675735005817,-0.21056574754486018,-0.10800026728589651,0.044074931029076045,-0.2968708874310295,-0.04876256101771385,-0.3196080469670277,0.11312146674637465,0.2602150197973971,-0.06152767560049394,0.15400344811850217,-0.030609720584499987,-0.08144761299192126,-0.07519106144049226,0.06205884809390867,-0.20432782926109735,-0.04007619294264887,-0.294440308764178,0.1770690222178468,-0.11006419644567407,-0.053421558631948675,-0.035378952167040637,0.01022717414568619,0.13224672897476353,0.1681895909629123,-0.007502130803691345,-0.09312895805328274,-0.05142604650214892,-0.08527616975597126,-0.1420553561481342,-0.0832474020409751,-0.10822735504373975,0.23242451599286237,0.030234567437387245,-0.09180739959140274,-0.4552382220027798,-0.01801136332481213,0.2464861185022,0.09449463531026302,-0.08597370081364929,-0.06746026051742297,0.10483246821997434,-0.10967647698473008
-0.07362831467141157,-0.012572654550962159,-0.022949465517406537,0.02646115449871899,-0.0010582455956961079,-0.018162307708121266,-0.02219068794817161,0.08414726973422534,-0.08980051883152528,-0.017403388548994425,0.01604881421555444,0.053215352273192726,0.0014732991206076497,0.03591696888990844,-0.029117913075737165,0.007103784563840363,0.02238647699137597,-0.0026895932429975428,0.05142831220244987,-0.01702244516877515,-0.04243144298670594,-8.989973330608651E-4,-0.014445145247727408,-0.014218741603143577,0.006127948331012452,0.02306260001309459,0.03477964451047669,-0.02840750057502534,-0.04844253360693045,-0.002050991029615724,0.02851102269604128,-0.06052318388556625,0.025793495445689006,0.0020377021993535616,0.01053292366365096,-0.004814186908075092,-0.01194183823930981,0.07105780329853985,-0.03251850094853196,0.013572526593394071,0.03186530689216273,0.00230003188652948,0.029356472358840344,-0.01585757931627395,0.016281483891007347,-0.018134086924488528,0.044382835393884226,0.02231808811168984,-0.010951428115558999,-0.06321372712476497,-0.08258411487701899,-0.02848450820780586,0.05137248196733765,-0.028991180971808903,-0.015413247083995558,-0.015337107046052102,0.019244788235054,-0.028443129643787222,-0.014100055102654427,0.011799276885671168,-0.07462153886335307,0.03136811975263956,0.02769834094745372,0.03423185297774643,-0.04478301994780337,-0.027519253059993525,-0.0640082179716082,-0.020651178945572866,-0.029369766795193746,-0.033136100116080834,-0.00625521699798926,-0.022000624165272924,0.025845809742650955,-0.05083620598848945,0.03600401485128273,-0.015456780530996235,-0.0064641622649389665,-0.04744118314973266,0.033053734988682235,-0.02523521236048703,-0.025755145976568538,-0.03739123358573652,0.046661603926509095,0.008130014640241512,-0.00659966323356766,0.01803280703905346,0.005835556764122991,-0.02756667687504231,-0.05203534767785573,-0.09546037862997715,0.045425849157789536,-0.02590373484115024,0.021745405687704368,-0.006529789101723151,-0.030534508655334684,0.03226193026014989,-0.03329451752914719,0.009117710207180935,-0.0018932378463949976,0.012474546651351016
0.2536497818030847,-0.30009305681643245,0.18860333738523163,0.34820132660283953,-0.2252481429161064,0.25046122821501315,0.1859441660856903,-0.3956711862506963,-0.44447675919212276,0.12191043759839792,-0.22580878140161043,0.06802414826714763,-0.33200662110413287,-0.11655677743202059,-0.06304317677247906,-0.24054195284184746,-0.4330649186517618,0.09245257226558751,0.2958806849292934,-0.003796079131036088,0.14171459717182391,-0.10396339784686315,-0.23081513363502887,0.1340358032460663,0.0249430417541838,-0.07357505243679464,-0.20568297462995674,0.21799177319995497,-0.37561717459583244,-0.394107484021286,-0.31054627942068674,0.279213470294142,0.28498549684418045,0.12222647383159115,-0.06389157637696621,-0.04119344380536341,-0.4903186321409243,-0.046330103467042465,0.091921151002328,-0.2693725581841657,0.4703860527295008,-0.028418380057414296,-0.14221307441662526,-0.5196331612395156,-0.26391802052580676,0.11827884439745533,0.18324706767163124,-0.011980274924962632,0.11241894559349394,-0.04116462117582975,0.13658626693085477,-0.022807908321490197,-0.3695659889719026,-0.004089398537191566,-0.38833773249612447,0.15090332393767356,0.08526673443401908,-0.05350235929912103,-0.07787001806907388,0.08696051606924314,0.2876781515041345,0.21055963543687317,-0.22635284469924138,-0.10073369210615976,-0.07656002902303514,-0.04225235872777485,-0.10580821744783453,0.08575706615142169,0.2524944427588083,-0.3900068337848644,-0.03340333600197685,-0.042315707884123074,0.23053217253810254,-0.1634497117586552,0.42089819448107935,0.0759131816599041,0.20517034964289063,0.10865151596951377,-0.06363932515407739,-0.08696446274991289,-0.07099078396666907,-0.2798600147855705,0.32592157090973023,0.013590121135192357,-0.16225922227240175,0.10267019215422964,-0.09395469963319818,-0.16296503676129992,0.24962782544666579,-0.1270885745719873,-0.3280255562970782,0.1354919255174136,-0.09388661694860824,0.22979353809487946,-0.006980123694425496,-0.08447765935372115,-0.22688627640957448,0.049273141252730523,0.5017214704398874,-0.2708476757178507
-0.0718767534824462,-0.054624550176109926,-0.05420384043995022,-0.15177140779770723,0.07280742792740255,-0.016942775351407795,0.10688382985018033,0.09165963181582867,0.04811739328295832,0.16504413918718114,-0.09857852192543903,0.055185102944048846,0.12286758295312375,0.0043453171517192175,-0.04347664890552892,-0.09005874254171463,0.16546333629871868,-0.02428655311524411,0.1007787441431576,-0.01849073859723567,0.3004128004885618,-0.044611601700017545,-0.018493941264662635,-0.08745363149013066,-0.11563231392103476,-0.03631196115566625,-0.1325702696182337,-0.0793257713437944,0.03003150377921426,0.009029750012928654,-0.18988986491529444,0.08920000089953774,0.11615436115264627,-0.1785597919729532,0.08128860578816764,0.03555071986757987,-0.2623128612235973,-0.17763906501554066,-0.07047540829497233,0.07702778083395921,0.24331889694760447,-0.10750830373603174,0.09834472604824794,0.1400218245916241,0.0937455087699687,0.006844902961393306,0.10024440091148729,-0.19568802444058925,-0.0991211789270403,-0.010524668014835273,0.060756344632069505,0.06456257723784761,0.09334837316589473,0.10919024730199597,-0.061891790109226935,-0.06790656893879637,-0.042113889314570406,0.07488307587429192,0.022243713206962595,0.04112552143528378,-0.04034152525878248,0.04712622969296415,0.00838375564224995,-0.030806712959648087,0.2577297422657056,-0.10723165734530918,-0.012938216796216677,0.12474512479661921,-0.017626746257161693,-0.14991962520133875,0.11003146661172285,0.23831715126311676,0.03662351887368666,0.11384732199558312,0.035721026548877335,-0.0651166632413621,-0.07073556166538462,-0.09745481655475502,-0.12098691823326889,0.006894547627585844,-0.11646731211147161,-0.03774726541652491,-0.01861004478665111,0.00912543412894722,0.013238684099493218,0.14559925662434603,-0.02511652953009799,-0.026147266783542136,-0.04268951304690665,0.10584437801009336,-0.08334295575523341,0.04404602970149998,0.05110486340084753,-0.10231036955036939,0.31131635828862947,0.1536984407897798,-0.0030270857051526196,0.07699342669237427,-0.258009283033817,0.060973153377668454
0.25903102974791603,0.07740971528409979,0.014229056537147632,-0.2616324210550304,0.21134913866695235,0.2464774766257448,0.6090588382192104,0.7132363815839171,-0.6337682019197328,-0.6836737439457556,0.12896407967719242,-0.054144347532140216,0.17118249788725254,0.22359425375095326,-0.4497014831675298,-0.13661251055746795,-0.1281860285280132,0.3409834583937364,-0.6216051095735126,-0.1316695811766613,-0.25185067292991953,-0.9713184866116947,-0.35976789562883854,8.074366263299883E-4,0.28110340872481443,0.4594361704828077,0.5632139479840017,0.03404603424639424,0.3854796863085695,-0.13969650682048823,-0.5743079388649992,0.1423778459531447,0.17700043493801634,-0.21355127155998002,0.3016956991213353,-0.5657904806956403,0.011467270986846646,-0.09105287702493281,0.21358253685902137,-0.3022058829353305,0.20519847328990573,0.47431734554169297,0.3883106039642582,-0.3753484509290318,0.22173815324692328,0.19338759968986732,0.5882994610003793,-0.014732006612704901,0.8573947445740469,0.3129779374424222,-0.0494422629795099,0.10460659961948568,-0.142158202848948,-0.04578740857825288,0.0016951262587753563,0.1769771267295767,0.30351009587639416,0.15186123139342764,0.11286638321495064,0.2648092255318303,-0.13005552527189437,0.12717819702619954,0.5878356287940057,-0.10354931437134304,0.43065695953527994,0.023584903277786735,0.5831158835524702,0.2267590658040269,0.06857685446037594,0.4286083528228788,0.14398450949586264,0.33425901431705757,0.24326044104710706,-0.04287514215283754,0.39317891667991056,-0.2758474670595388,0.30466122429306597,-0.0716254226105186,-0.31903997836728554,-0.24758936401476533,0.5149413533342977,0.20074025601257484,0.5027810944952462,0.24106281143773925,-0.43386342824335733,-0.6115704475099614,-0.6359080563939873,0.546601706198881,-0.06052700389201927,-0.13475474698834342,-0.3406694095074867,-0.07148694454790216,0.6976720539874478,-0.33758780711686415,-0.35520643208354624,-0.15518435796315846,-0.24522177798837821,0.09318452265779616,-0.19316783137968765,0.2136042989486837
0.12593296395690032,0.30040115871179934,0.12975338736019582,-0.35101709535472597,0.14610682751893567,0.1161975301572551,0.1186681753808514,-0.058100664002183826,-0.04881011012353432,-0.27159294406598816,-0.32769038188368466,-0.04205310449615816,0.3562493412542114,0.1733459211387536,0.09283579807129329,0.16365590271229294,0.10541853743786013,-0.09282237000187632,0.1542847457576761,0.22365331861320822,0.26784159741407776,-0.042717099253318354,-0.18009957085861758,-0.4163406157039588,0.13974309960306908,-0.41920241482491594,0.14724003874686373,0.4065607386454371,0.04804421059971942,-0.3159958165128586,-0.15358155636031925,-0.13481564319102493,0.016212245234871938,-0.009863196048461063,0.21946357550690124,-0.13817679815964434,0.16550898682241963,0.03250685112760369,0.06576532816431745,0.42095201644736396,-0.02305584410667236,-0.06375470259126335,-0.06940172811275082,-0.05003302840780975,0.2380058566681239,0.14665119453258096,0.19180897427108257,-0.11940329263501069,-0.04617984987135989,0.0782762356440561,-0.2780545366046988,0.017755834593500133,-0.14386142519949274,0.006805045959464999,-0.28854245790957656,0.35870021199999147,0.15277042197228463,0.06568164655568115,0.2382159117723172,-0.052672854604169005,-0.20951806402623238,0.2983167152798475,-0.4973455889686207,-0.09826015554101829,0.09365677987891563,-0.3019266798901073,0.0679218125779655,0.06102251046342987,-0.0898005046271278,0.16761020374350982,0.04971625917649979,-0.09993910746199826,-0.0389315501746058,0.2335922883925567,-0.05303099251400196,0.055524159089921435,0.09837115909027966,-0.08987407185170154,0.08737420169215322,-0.026200602309166914,0.27325740272540977,-0.021682789999806603,-0.06076039003272623,0.011417540472556545,-0.06805681347400769,0.037797162825082845,0.3525735876836267,0.17101903157332946,-0.3058632993594291,0.2376931654269287,0.17996960694116038,0.30204774471257223,-0.18082856780071427,-0.07140437065298381,-0.11658148758394578,0.07266968091547807,-0.19907964663923974,0.2648460757737175,0.18002652719056322,0.31588060157807923
-0.10794465736205189,0.3226089195142972,-0.24518639016935856,-0.057620079126006016,-0.006313817102069901,0.13920322918622216,-0.03837786002190019,0.43954064106443264,0.16379896590166346,-0.2529500016655627,0.001709091030646707,-0.01775434797586191,0.05436887971896052,-0.023681900414596377,0.11673589364018731,0.061808412401131684,-0.31841196920415366,-0.004732491237203456,-0.10701175436755482,0.056123357865943115,0.14537095792974403,0.16821790743936635,-0.005793073850765153,-0.003240843449831237,-0.08772529227366004,-0.07888919902510988,-0.023686735156186547,-0.04329171832206108,0.12570102876091047,-0.07676165834971779,0.01796763336718574,-0.016674664128937783,-0.0396984811869638,0.13977198718095976,0.2511473795641616,-0.021220832788882038,-0.1336855461886911,0.027747968523902034,0.15901069346702998,-0.3673780813495783,0.2129856449581634,-0.23243956684639885,0.030643416721958663,0.145408696121434,-0.08778693114110328,0.05027689188583235,0.08877342612105021,0.09774064481433337,0.1745511171695011,0.16820558677341788,0.18191041139652536,-0.0304274886986553,-0.25956788981506135,0.19434397951441165,0.011394789174246743,0.04020620801203027,0.15985105824909923,0.2552926672282709,0.04362885077009001,-0.11023707590396342,-0.15872381266710373,-0.13732623083013026,-0.24126418993233814,0.23302327788605373,0.18890464531789647,6.682677276804113E-4,-0.2813794539150722,0.23602632569858514,0.03414727103297735,-0.07276211845358194,0.17866738898380718,0.10957107187868789,-0.3090896976714708,0.017789390371798133,0.29346773656056946,-0.2268792005555756,-0.16807868480627497,0.26056314755750665,0.0058185722936848535,-0.06223959408774049,0.10749557892595622,0.05303337435666972,0.17821681987849122,-0.24419246871879968,-0.11517984987196149,-0.056696468992390156,-0.04126698824866719,-0.2103369583473076,-0.2299953596863729,0.12268328933560713,-0.04452942021580442,-0.06317230822441294,-0.28727286858709106,-0.25343327408257044,-0.0889740342131389,0.1250608166348003,-0.011330382740230687,-0.12133576488266241,0.20679177173618313,2.964878748243924E-4
0.0442950791853624,-0.05526638744127382,-0.045586601430085104,-0.08534090775835933,0.13054348144049532,-0.06744576499667727,-0.12424951489009176,0.16041326827336877,0.007529175295368458,-0.08463333588883612,0.10523582599346605,-0.0069623290431155135,0.022344129671871712,-0.10997908744117554,-0.11280391054374198,0.06677526312743783,-0.05100274052005803,-0.007662386195658566,-0.3016234168419021,0.07343111151366773,-0.22920735112136442,-0.01648391358030364,0.23765667990348605,-0.13736851921342355,0.046403269827625084,0.031082280457821135,0.14753247459543609,0.08625095533747235,-0.15116331197693464,-0.09367663028181107,0.0919830686689573,-0.16902943470491427,0.0936888519257467,0.05391030790658946,-0.053228792560515104,0.16479037453784068,-0.052805421377367434,-0.062281087739430384,0.2170811434969775,0.054867210599746266,-0.131176613622041,0.021356434285843467,-0.022111516672859703,-0.008041327712895672,-9.898056526440292E-4,-0.12207401465882937,0.0409366884726667,-0.14995215786344074,-0.008492204089405464,-0.14817158441644354,-0.1591601608895248,0.07315771345905352,-0.17361200743550476,-0.0315521173746585,0.19034939918870025,0.1153272146251663,-0.03648879414534721,0.046561479779388376,-0.042142778056913105,-0.18780520574716816,-0.08183998544872383,0.07572638550150364,-0.09020841673876397,-0.07311650501483337,0.05855782002016317,0.005482471619220963,0.021894902431710654,-0.1022308786074486,-0.18125661430932216,-0.05162117560902799,-0.038160261623218866,-0.06783589073672303,-0.1505206580522714,-0.09576048000096406,-0.10512489884588411,0.011888189493293533,0.18666359116663472,0.11716408224428913,-0.15671142587601117,0.1503439642798255,-0.0021912091862310358,-0.30901444459977234,-0.09234345700394224,-0.22262926450050216,0.1399513337573351,0.12406101604257688,-0.007326401189172798,-0.0953988542858505,-0.06420093622318586,-0.0815672615182996,0.07727949785042929,-0.1474427516821111,0.10428174333635946,-0.09427533845326873,0.07793278439100472,0.1521523916465412,-0.06102441941456872,0.011247085500927166,0.09634080156651424,0.0740851007576197
0.0036720522704802735,0.022984748567267826,-0.02621460478603866,-0.06081391211065968,0.08589505914161157,-0.039954328940362716,-0.05549703099116086,0.07602565107062476,0.06794139449484018,0.0479911922806801,0.08047115310534665,0.08243937997031045,-0.08259066455142841,-0.07035810538518739,-0.07435925204120522,0.0603910332307289,-0.05641288509962199,0.050594688643060756,-0.16831499005318404,-0.027907525404712134,-0.1563169689678571,-0.05127441856841815,0.1734574829461533,0.05345410701201601,0.15037015121451094,0.03848737292499878,0.05903903178208573,0.0815345128575366,-0.11448315808968255,-0.09131050754759515,0.04125404291141266,-0.045937677063488246,0.052400821828191564,0.0466854828791753,-0.0514980369053816,0.04449507874578392,-0.0946008046462305,-0.031665422130553005,0.01824030715553088,-0.046474991974638974,-0.04315987773179594,0.05238777383688097,-0.04307260707280243,-0.0013869444649235543,-0.04150963755113114,0.008214510213975595,0.07846607387040219,-0.015805623619536153,0.00704614827725935,-0.044591431228944586,-0.11058450935669442,0.13295419362698344,-0.11141141478311972,-0.008927159646776102,0.06644036317915404,-0.03627940973991539,0.025804280845276185,0.011186652110509631,0.018901259096888577,-0.09878354603228237,-0.08465655686958665,0.04813121240461553,-0.035787834145699624,0.041518383258842106,0.0775044117665919,-0.05013934975308737,-3.0761595464729363E-4,0.01758459115309178,-0.024954039992092534,-0.007023030740412456,-0.0605153555173977,-0.05372557217015065,-0.137086830472053,-0.010239602675209911,-0.046344076330212425,-0.008384601489921423,0.03758591777074043,-0.022584996612850464,-0.014845595559103622,0.03976291573541902,0.015071885076684543,-0.18565028046291945,0.0695536549645039,-0.08744894221432846,0.12376170793869819,0.11372718994414559,-0.03614732139170395,-0.1464871607528262,0.011097681367679678,-0.016626537710929815,0.12067512674856447,0.002559366577923976,0.04689173359220827,-0.09676051195134512,0.016348405763175897,0.08001212248394018,0.02123610813884776,0.029152437570150215,0.08474260743481586,0.05882928389094837
-0.13809706899879742,-0.0140640858021735,0.13228067551052936,-0.2247857032896861,-0.04578811651518837,0.008186460807289565,0.15498351196080315,0.27931527321999705,0.4181276659279918,0.7456213520734194,-0.3656120686355422,0.16237115839378913,0.34493088384579434,0.18622889233653497,0.0032500328701263125,0.14871470101297346,0.3998421596750816,0.1158061157341285,0.23849240628778323,-0.33436762542976717,0.3106989472275911,-0.47918214118849206,-0.011668219105642003,-0.06886533049177897,-0.40694851263626186,0.059446839288233036,0.25790546396378367,-0.04199179209400196,0.07246958691996708,0.08683464597140597,0.06043204517262152,0.16861146416143913,0.09796625931833569,-0.13258196928187577,-0.15418947247696316,0.08593606289238633,-0.30351989239112404,-0.35382986567748104,0.13969200931846296,-0.10274575599626329,0.2884135994651411,-0.22824662288517525,-0.081196291109729,0.04469720613202073,-0.638681792383278,0.2489477544336887,-0.26696629520585563,0.2709344363567417,0.1765447078781598,0.1889180856754921,0.21443463130591606,0.046744490834613815,0.0031638117474918665,0.09656538483784433,0.09052920512465767,0.12106871545253946,0.041612935363660036,0.15298222727413832,0.22677409124279546,-0.06683753334128696,0.08496756594117717,0.10117528647163515,-0.2845385066835024,-0.043462162032863606,0.22337542102475957,-0.12527924739660085,0.19210887427332868,-0.6031126175271341,0.11004771418385217,0.008426200642534652,0.010091684371743136,0.05210285923318111,-0.10241969520695247,-0.32087189538544936,0.34204411650838007,0.36804193991413947,-0.24578743534529304,0.06541048530951146,-0.2446562071442988,0.01708728065012364,0.35557176066615087,0.06262969046460327,0.22317115805055537,-0.09004429043615737,0.07435323270463817,-0.1105703513709393,-0.24133034863649444,0.14414877632542752,0.27310470460437014,-0.10190695921685398,0.18778551749941694,0.3164594136592331,-0.15644798367091176,-0.07278477092364714,-0.16467335607926956,0.0626933208781372,-0.29069629708971595,0.2859816542279467,-0.009296350075595563,-0.06173245631592507
0.13897831529519755,0.05909124842914867,-0.09752735860196789,0.1322243193478123,0.09274922446615808,-0.3977776252670652,0.06161329206075243,0.014763647586627616,-0.04531256223151546,0.17729909502071448,-0.2120561955945903,-0.17658230562968796,-0.29488737010194344,0.06572377679344556,-0.20355947175674974,0.13864491612491603,0.06754620154176653,-0.1861360531495926,-0.3209195495405427,0.07899676928836939,-0.03917207468061705,0.12678010910849366,-0.022956193453971836,-0.14426424959781753,0.03540267719640203,-0.08796468716491711,0.21887003703915858,0.18413993072833026,-0.30240817976616874,-0.04758405555784647,-0.14356067484941618,0.2021333399270411,0.013176088634289776,0.02919850417713321,-0.07081536812310314,-0.16383435578785518,0.32374400309202744,0.1099656903909158,-0.44399419008737145,-0.058264805436701976,-0.1676983862213197,-0.21821675882618494,-0.04177788470979976,0.044258777768070946,0.15100808394108542,-0.017821805681303805,0.2359648612697675,0.25654430451862203,0.1527600503785552,0.22752592069060942,0.11289311106667962,0.22842204307969266,0.09366395832635663,0.10638052963603065,-0.1965780756186089,0.004969631022117427,-0.08763741926336749,-0.1536298067565192,-0.02231451301087626,-0.22801169153313092,0.002450992810256151,0.18137840198523816,-0.17297408379901286,0.035943543045006895,0.06497815099045431,-0.04036381903864359,-0.005787800958396439,0.16378560681741405,-0.38388183214024185,0.203792813711778,0.021270921454089573,-0.09430727293520215,-0.11229421569079596,-0.26840957591100684,-0.011694412730740383,0.06425067002193063,-0.16283623657840643,0.28494592162076493,-0.18628267096528803,-0.01326192221086085,0.32053866582023016,-0.21865082618742748,0.009919784256703644,0.28555376586487585,0.0063757891678994805,-0.06762969888030172,0.0697076906377031,-0.10855637937931018,-0.18690871862128092,-0.09616337055980352,0.02869932439756336,0.12513892729919995,0.14375237433872634,-0.04585595801014723,0.11722629254566337,0.26350038106185464,0.09803198886353416,-0.23666283549210881,-0.058476090080207176,-0.06454093615712302
-0.03687273119028033,0.024213193304998465,0.0994279073243225,-0.08289417880905263,-0.09956956496760805,0.11231639188252812,-0.11416185970778686,0.09560203077017708,-0.020812751105329798,0.010769694246405935,0.12705169928286741,0.060032674795320665,0.07899383639035466,-0.11242250790542244,-0.23672869733034224,0.004688012589886719,0.018070395460478717,-0.13189371069465083,-0.09102109391442699,-0.02378761332958039,-0.06506988420819172,0.09412978697281721,0.01609963234653156,-0.057896305068553415,-0.09862034822084731,0.144778250169773,-0.08334895410203595,0.025804949876672492,0.028427268072453053,0.05118754509560285,-0.006656789105460613,0.037689896160071346,-0.08346603037527378,-0.039013782056093134,0.07278313122971361,0.06362058316892295,-0.05170080394725364,0.15758730632447804,0.2516442640511167,-0.01707326611116612,0.013649900273340352,0.14575211881273445,-0.008860344989848805,0.10986964564813499,0.07243529198093887,0.038787769618613674,0.19889619828332375,0.060518348856209304,-0.04819839399722236,-0.10704794863326696,0.007356849360201874,-0.2415756622756454,-0.06809217630182998,0.003925745371387879,-0.004837108916399364,0.15837936466901792,0.14648470129986357,0.01732302925085004,0.05826022071949477,-0.03737474884743332,-0.005135834065853538,-0.10406948992612243,0.0378511439431255,-0.09053554271607454,0.05707668995936339,-0.0813273523644474,0.14010219126057502,-0.028600767865001382,0.021565524039449717,0.10957289421545903,0.14138487417024093,-0.05061075870471363,-0.059709584735633,0.1718278181480307,0.019949983981956094,0.04704012059590469,-0.052601435251446345,0.029511929962434128,0.04115814019243371,-0.16343224741181658,0.01672187090989944,-0.22411708626047855,0.10988712553079547,0.1555629858540593,-0.035878297997077584,0.013688662478662888,0.02957717780688708,0.007683476218301524,-0.05194837618700621,0.07370335961939181,0.2346237908739635,0.004728905360076872,-0.08310946965535002,0.019997416544496778,-0.011731417011723859,-0.08816146010049541,-0.05830627770891084,0.1541714583031089,0.12646021536518234,-0.23047141633119514
0.27735415335569713,0.18592797513630785,0.1242650403397748,0.16669048362286334,0.16790433011263942,0.21720426945231958,0.284893279835667,0.33257271637789276,0.36360201581977925,-0.33815979640867405,0.08556474535326296,-0.002361187682839296,0.021790325715072768,-0.03262118852079998,0.048197145788880506,-0.02822616702334058,-0.17010329025578344,-0.13062721275707037,-0.05288585289338391,0.15312892488891314,-0.3520599677193793,0.13709930332762774,0.35732066588646144,-0.08379664745525936,-0.31365366401373534,0.03910182887733058,0.022241251177521595,0.36300714364343745,-0.04718360892132489,0.03552926019577206,0.20447200904318993,0.012215100397625913,-0.33357297463478347,-0.13422337399320342,0.08787580631144302,0.19157940522466477,-0.11142844502591749,-0.19981972592957895,0.5903581469553246,-0.43303081829971324,0.06091072413173687,0.1521788633972438,-0.1294067590400757,0.1700094631065125,0.22844780370056425,0.29722263689239753,-0.20010595972953263,0.26218524345991706,-0.14075664803293989,0.08165903359191871,-0.05041041490593881,-0.37469634384188194,-0.061024085708946685,0.2276559777495683,0.2659472764445102,-0.20887577954431255,-0.19650935949897785,0.4438814042249664,0.05754346034212547,0.17326206044948636,0.35289815884174436,0.05661145429233651,-0.19703598974716519,-0.13169768849594612,-0.29446447678374554,0.11396459376032193,-0.16101378336499228,-0.07727318260031742,0.19310819108784966,0.1904108983810359,0.004900463103309408,-0.25016391157715867,-0.479603007079732,0.07206527787056789,-0.06985287960210171,-0.5270345062347996,-0.3003211830425982,0.3139097164840092,0.17983483844691156,0.15392904100946758,0.04625521527918913,-0.17936989971232564,-0.35143284051885204,-0.25051964867496385,-0.24321642638739085,-0.5673311440277654,-0.3360457711346545,0.17880417530558992,0.4318665315475258,-0.008371808027824232,0.12564374955843569,-0.2636450987336284,-0.21982181515892224,0.010979009709954324,-0.15259127945800224,0.2743664959670301,-0.042943485892406735,0.3992130251368283,-0.08916905115605073,0.12572197642850647
-0.05216305464619156,-0.09656524558225953,-0.21761283249026991,0.32552869873293316,-0.04296280352758401,-0.019633949959447904,0.5422680814598267,-0.013831715681246155,0.08251774313921272,-0.1107964186236693,-0.048152709101636354,0.042963778479481664,0.11815012247847773,0.15107799872689018,0.3170190687643935,0.28092509987971814,-0.3321532489055979,0.07746363009217143,-0.30711771395693127,-0.21826192720202034,-0.10890513947019134,-0.10054097626843939,0.002822733797718223,0.2953249386613237,0.31790248578663927,0.38783298845347897,-0.34958169597868816,-0.014484962905796954,0.2952035966877556,0.227975663894926,-0.039372153649254234,-0.13309306424056916,-0.5585875750511166,0.06424429379737928,-0.06717378437499343,-0.0864266950435939,-0.3074476039671966,0.3174696001250682,-0.06589422845076161,-0.018438416988078948,-0.039296920599298124,-0.13506254912400245,-0.10015791761560391,-0.12367376646410798,0.03772372191489474,-0.16906442231448773,0.03327138828122245,0.030102333134623373,0.14904360489880872,-0.26208002041218753,0.07526031448040445,-0.08846920092882062,-0.20372625836999383,-0.03838916091319575,-0.017449366898493246,-0.10322585337940539,-0.174329846269439,0.3988313878148496,0.18835020264209093,0.011146227140503902,-0.1062906721432851,-0.3173643965368628,0.1751610169889246,-0.20750205463328186,-0.23005932523365166,-0.046897236654942366,-0.458730283671654,-0.19077508375599764,-0.06648669845836686,0.2676309054139992,0.3476733267720106,0.021651276427616595,-0.11144561375107094,0.007338669319392974,0.056314251287668655,0.3604922085126051,0.026014787302768967,0.049703889159520454,0.34419124117991173,-0.15927695403045036,0.05020387639526009,0.019457286030372386,-0.04991115264565322,0.05480233587607743,-0.12361087337484103,-0.3947248903167163,0.23135526240182264,-0.04911894136400826,-0.23259543833304902,-0.29146822539125244,0.5796235439675899,0.1973948797406099,0.03192293954210819,-0.045908184315517485,-0.27334590960394195,0.035163748230049856,0.09434091303685889,-0.14956910583127805,0.21762010920558536,-0.19494255449307946
-0.033572832993352855,-0.02632501819325885,0.07611962533272817,0.11694348316140009,0.09113526213849987,-0.35150471039001285,-0.13906725103949388,0.04727575256279185,-0.1502194242417402,-0.07593060262830945,0.3890448695921995,0.012770601461667211,0.007898691028865423,0.06913425611445026,0.04574021150446548,0.06087980203229506,-0.18235905744209777,0.10283370710217382,0.1102797198276564,0.14010478637677906,-0.2756762882367042,-0.08045196735577706,0.07751070232499008,-0.10665003621503381,0.04162406117067812,0.06454578115477798,-0.09637830059237344,-0.08871961974770105,0.08390169802872532,0.27342434723656184,0.11739490563394532,-0.02624886094986828,0.04941045712872918,-0.034162047008334064,0.07994532667187541,-0.04931606814807988,0.29181387609083337,-0.10046585465369307,-0.0836901755413358,-0.047144688501984874,-0.03327477217917444,-0.24929313501880593,-0.2815161967465587,0.11336922127571727,0.09991248558261416,0.13776062353455168,-0.20445337916097112,0.3191129201547238,-0.15591698774322538,0.15331409659557088,-0.08986373728335044,-0.1546541222005351,0.00952378863108652,0.22808139880842032,0.2559073727853565,-0.056023021089085134,0.21951038530243544,-0.1386833816416475,0.21837997241808357,-0.05164319772342143,-0.26819149461616365,-0.04878945989875181,-0.09405265853918832,0.3063158466533441,-0.006203110791803912,0.11684974813776076,0.005292534797028857,-0.007632450818760968,0.08040984370121328,0.2477468895533719,-0.09188352749931636,0.028861764878701558,0.027742342727775347,-0.04750452219084246,-0.15634731980241034,-0.15478800881805252,-0.08557037565391737,-0.012995584908338758,-0.042460860064279744,-0.17013662676814661,0.1177510418258756,0.011260406563725667,0.14252867414153664,-0.19906746647818943,0.2340296180473924,0.2541998961194419,0.11828463190388377,0.06733729770334475,0.3228192839823323,0.2050425727840551,0.07904335936138943,-0.41140380860327486,-0.12045125063220458,0.11164059646260716,-0.11897126110915772,-0.10065897217551725,-0.12895112107366857,0.10946174236591726,-0.01395292663112078,-0.3345080044869824
0.029833115240397227,0.3262055142773395,-0.03148983217842473,0.4102910858204885,-0.38719112692648033,-0.2078995468550361,0.32271822810635026,-0.00920065150780092,0.25121683374371884,0.07274270823382281,-0.5665193512424792,-0.5816686440174639,-0.6742668337280052,-0.12895701327567854,0.07720856459510111,0.02170734497336489,-0.25546767355423877,0.25051512350332883,0.01044520543693867,0.10768327281765996,-0.40147214873113285,0.3133096242208281,-0.34490657733767494,-0.12286252894246437,-0.18826605248147635,0.19121172462639033,0.08747430935417137,0.21163747340783262,0.07918722119987293,0.11483434886525262,0.32136412038311674,0.10905128272446388,0.09294410704419606,0.15421611898289553,0.2769688124435629,0.6780716463891873,0.7475330489307069,-0.2692602819816916,-0.42227010177475527,-0.09282125695947384,0.29088224961533254,-0.3610858055263065,0.5011629908660573,-0.369762694877772,-0.3859062148543081,-0.3910655152193406,-0.2066206926867036,-0.4919764972409818,0.4189367221653718,0.0938608346131996,-0.017480630536979354,0.5983054035486663,0.03620725811215908,0.045738234919779776,0.011377027913902629,0.2606315703233374,0.12486117060126767,-0.2221696579042325,-0.08103416410437345,0.7453726810405943,0.4507117274915494,-0.15941720470736323,-0.20153795137489522,0.10096016415762268,0.017229054197887676,0.4582702433660712,0.3991204619544874,0.5109841418364083,-0.22459130912373249,0.04433045280490824,0.25681170540011655,0.2174517777333585,0.29321466856105766,-0.0202092861380122,0.1472482268278215,-0.51599481569294,0.09225118089397598,0.1111465422835638,-0.24058259993197442,-0.07557442296136382,0.6701865564611043,-0.12769985566688663,-0.0914028564486455,0.44418484130256336,0.15862825150000845,0.08474773499704173,0.10097488820467093,0.316428399702367,-0.46408249576263116,-0.18235100084384004,1.0526858853144734,-0.22781943980829703,0.534301216384497,0.14743271205014846,-0.08545994716138437,0.07189529758224955,-0.08989925679704326,0.1728371755286477,0.4941622728406952,0.16999339041798806
-0.06498995109881575,0.061102928805387535,0.06377774368479043,-0.0317951807275048,0.0028835504977628257,-0.0038451156186207936,-0.008904072610043449,0.0015454962006183574,0.011855294917201383,7.72962173503043E-4,0.08625226716326098,0.042111113926634955,-0.04086500587887911,0.026482690786711865,0.02576658039776227,-0.058878547770290605,-0.010487348452391163,0.08650740433771466,0.07413257652211909,-0.03018315465091034,-0.012226401604633669,-0.08178598523868438,5.032592067186349E-4,0.024099130742744928,0.042324022593116906,0.07146689831341971,-0.008290389166940706,-0.011075062099988969,0.008313731358508892,-0.051207217416241346,0.014626276431612902,-0.03861753896112467,-0.03345122112087235,0.022825763910687847,0.026229970650958608,0.036430216657465785,0.03555538270519784,-0.047741265216262194,0.02264991499280179,-0.015268764697477767,0.05389515283636261,-0.011646978513743354,0.05567105133356961,-0.0055466495741286126,-0.04822493171086472,0.0087466167817542,-0.030876134338825575,0.0018229220750889889,-0.05502139313578565,-0.0311714867635922,0.02307286814028789,0.04876633693304639,-0.039228514417116424,0.026822163485053303,-6.051220403817873E-4,-0.05324901362479647,0.0654689015156499,0.014992090640328177,0.020800329521809643,0.018482320236446054,-0.0027119412449614386,-0.021118399488981334,-0.0810700672523304,0.004574086955480133,-0.027852164279195023,0.10980172671361729,0.0036514215836354704,-0.017979542163603472,-0.05589429691605022,-0.059393994749094334,0.016621389705558424,0.04509574583210499,-0.05967043653653192,-0.012840822545679902,0.00558027933972457,0.040275783080991244,0.050245414681687875,-0.008630438134769458,-0.014113248150092914,0.045075769830421185,-0.005076016422181038,-0.022335679257096456,4.523715034681821E-4,0.01867346050843014,0.030146997402228926,-0.020869885419838325,0.08920980176464063,-0.04177805932350787,0.046347043685546215,-0.037383283049540764,-0.039868406317107356,-0.0801440591794123,-0.0354387076860709,0.01298934954481031,0.040205286479743876,-0.0032408057714187655,-0.014387138909823825,-0.06664328163901416,-0.0478975541650999,-0.013972594095799012
-0.05007964906212191,-0.025900345000047037,-0.07017150671375098,-0.1334625210874285,-0.020721319977452732,0.08319106811061827,0.08485804009805614,-0.08392704788727084,-0.007202045780614088,0.04435469931005147,-0.017973017259408728,0.012381890827698895,0.01084429978708013,-0.025062332938752235,-0.06283406774045763,0.13352213043060004,-0.091994581499563,-0.009625300825780864,-0.07906860128481102,-0.0359165282501824,-0.012637529039349879,-0.09316572135179955,0.1259240225058257,-0.03179570229888961,0.02386848101246557,-0.11155767810178474,0.07953662865801987,0.016120278096087074,-0.03357088987142335,-0.03552553401521869,0.022820438820969468,-0.1278511337902568,-0.11087923793563231,-0.03127738735534477,-0.13536900508985303,0.030774176679580316,0.015420056775523643,0.1727642505381276,0.1891597061008746,-0.1073958443597631,0.03478533976287029,0.06791932802017707,-0.014681110212351944,-0.06082405799971454,-0.04840701812910252,-0.0760815995631442,0.06546769782485533,-0.10997281144567435,0.06872473020963184,0.028433784800126916,0.09021896868629135,0.1424669875824014,0.10919062975976099,-0.18550450332049165,-0.08928377865379879,-0.03341749499071422,0.06471891236854764,0.020005886290527127,0.055681849357342994,-0.03500508330482177,0.047713208603491944,-0.14152909327513444,-0.03401294054481553,-0.03978361230962543,0.100759102110943,0.016219470903498463,0.07602294085734694,0.0038700404328130653,0.24836541409791418,-0.08195589997428414,0.1289455388264047,0.03165262927459539,-0.14760648521071865,0.15919800278389015,0.0480306655996187,0.0029573828400660833,-0.037942502302165275,0.01638652158853366,-0.005618936838405909,-0.06931504174470718,0.0021548861497724357,0.10056188254620624,0.02721047669785616,0.004487915133893305,-0.05680393029019368,-0.04144296260943181,0.10549000460576274,-0.12526924384806792,0.07800456317304363,-0.0794837512625043,-0.003366847209396713,-0.07079341308763624,-0.11743299895051204,0.07378700728613716,-0.056885254071142685,0.07488551899894974,0.011704022802673866,0.034787243818665006,-0.04050902029902116,-0.02655785839836741
0.02428754738508905,-0.02207042695523003,-0.09445701442815836,-0.25641370763231613,-0.02797026765813067,0.31320776813562656,0.15431655798034144,0.046854979613303906,-0.1832795062810547,-0.04959777006834541,-0.1526591318730564,0.16216883188097628,0.05529740563596963,0.3487007166482966,0.1649273062820637,-0.04804716195849129,-0.15468326757297293,-0.039608788398831696,0.07308353913857196,0.1296042066664472,0.1716688400033743,-0.06831897786853192,0.03337835318698512,0.012783904739898209,0.06885306356280761,-0.12012950023948743,0.05408204457510744,0.1482254248039428,0.28274178696595237,-0.06268711270697581,0.038544084367367046,-0.1831629866774956,0.010375409468484965,0.021773816056012897,0.045328680870749184,-0.04980741112175502,-0.08293183565695782,0.01487290006709963,0.14173128448615405,0.12731877390356688,-0.03524752315584437,0.041930033733732774,0.02014270586159335,0.1083462838021524,0.10240952391844695,0.03894944256956424,-0.1835568292403121,0.13464802912178236,-0.07825656377467426,0.003110833410999713,0.044478645309045314,-0.1698605182969389,0.13601595469380642,0.16838050497392068,-0.19380700935825337,0.06066016479960103,0.2680656058037961,-0.05173801301639815,0.06826138657378489,-0.1681581633008661,0.2558555298287401,0.06021730071027685,-0.09036885632457939,-0.0019793075016476445,0.09191318763183469,-0.049203068453492246,-0.006351748805129526,-0.1099156097376216,-0.07408131204839358,0.1644280717817531,-0.00524372142904653,0.09854427885424984,0.11254930932385715,-0.047287935135589654,0.21313242316052858,0.12376140437979867,0.15023620416898534,0.051275185229299844,0.23678884935252098,-0.11482109552618,0.07280189371750871,-0.12246959856175595,-0.19096118133058632,-0.08832755751720947,-0.16220524435090808,0.0264340376005637,0.10972625766795764,0.17333868987679732,-0.04272971769172416,0.2040394499696774,-0.0044089664859267306,0.045452983953892835,0.036146646587595595,0.15759258888749272,0.15969151420644923,-0.17570480404643135,-0.1210539305074413,0.0653673704209827,0.17527581306382797,0.06588669513473215
-0.032590366384182695,0.13158318590308213,0.09221610265264496,-0.09124151880772935,-0.07632395961604667,0.05846985965128009,0.18580503918391242,-0.23581264692736095,0.1073791193480451,-0.15400708751452694,-0.010245982594382093,0.18780594358734398,-0.006774554050899553,-0.06386910301109969,0.0799149662181698,-0.0012043670940261098,0.062191092854600456,-0.07577895794642078,-0.11571631002953361,-0.07366773935012585,-0.03158921079692934,-0.004193819567188447,0.026363409759907017,0.08787041970454014,0.2580641531709475,0.03408968306030544,-0.041088481608861985,0.07882552982744574,0.1828772156316204,0.10255940334734913,0.04562877165238108,-0.09760389116975329,-0.04060018631306495,0.18145417293138894,-0.008520655923026381,0.04851138845838505,-0.0769148949137087,-0.07164123355278489,0.028696268908262313,0.03305463590147065,-0.060531190806137385,0.08227642027556817,0.054808400941406134,-0.03319890695639497,-0.08343669785368399,-0.08244448613747543,0.023336024102434766,0.023474592514351758,-0.05059333393379493,0.13086929507495987,0.00942537009758793,-0.05124462247928786,-0.04208937175556761,-0.030243866520508096,-0.049174134983888146,-0.012594715249378755,0.161645321590584,0.00766559853972854,-0.14352614884868722,-0.13267303358392382,0.05211933760125779,-0.02524168360373619,-0.011902846001380668,-0.14859528766290206,-0.06658025110146086,-0.13558359619636756,0.03802539182411151,0.13133749354189572,-0.2628019334037173,0.1365664529900807,-0.09278918857749424,0.0825456178298682,-0.08432214080740812,0.12779768499579144,-0.14664381348091718,-0.023331573145890742,0.12338956803128004,-0.06642054182570523,0.16957317386452248,0.07110966760045492,-0.14142808283347208,0.10455804226020855,-0.12996050433936943,0.13792893040341342,-0.15555626912081774,0.02979968827789408,0.11064638527892576,0.03417241804590477,-0.19717795359883436,0.07033534233303154,0.06300024973486301,0.13292519933504865,0.018942039091870408,0.11896731670733482,0.07147709241613842,-0.06822988941906849,0.0041093243870698095,-0.12954901128665924,0.08304666439769318,-0.03181204677148264
-0.09459412374768643,-0.2829933369537947,0.2541016297536861,0.046865105923193075,0.053623448562212774,-0.10914207325595061,0.14377112504627135,0.36425055575488136,0.026272997372160992,-0.04707693152139988,0.1762683972690456,0.3288991450568261,0.2442995340875426,0.06520613813296627,-0.023372853633488695,-0.033101527881280214,-0.02901634925781789,-0.3298758738710776,-0.03127367633091644,0.11012137507828834,0.08128593947307598,0.03014273876616618,-0.05167813143410751,-0.13602857696812348,-0.01251118188927276,0.053330694521796715,-0.11522765657883016,0.21700636245217936,0.0526611903244092,0.17169120116674907,0.029911824312598513,-0.36270595262592864,0.012939904298490401,0.2212142070011724,-0.1373727383438955,0.12530544246689765,-0.1211355058769526,0.3389680940810987,-0.348156473176771,0.16757680716516757,0.006309748460205289,-2.1687382111423853E-5,0.1458301077465343,-0.28724728577385894,0.03567132876471982,-0.10635676793761246,-0.096638906056179,0.21666207466435658,0.24215459525609154,-0.016470412399911302,-0.11324012307302171,-0.3010612273953352,0.13840559182820059,0.21519281024439146,-0.07554206877607116,0.03805341360918124,0.05804727895727956,-0.07060283079834577,-0.0651437403037495,0.20926848885130184,-0.20589180031579044,0.08672178782065018,0.086405416906842,0.055556135124164435,-0.31547645432741583,0.36194386722005617,-0.23522665273588345,0.12297041881241778,-7.814271851748746E-4,0.02422906227070214,0.005581169573087296,0.12574488308748485,0.15840579676098476,0.265674941103491,-0.21550236764521355,-0.02046623032729295,-0.15421212414846658,-0.22895157800163635,-0.08501352524762007,-0.19688006242230818,0.33077226886282995,-0.3195375593677709,0.23405841679947142,-0.06613819862010628,-0.21550596578513917,0.6052381767224648,0.28614027479745663,0.18267481638179345,-0.15792049501160801,-0.13494443216886018,0.037903296629712854,0.14886275086174172,0.13578159688229785,-0.1603994478081462,0.213107062865902,0.1774963838953439,0.11109357720921496,0.06917695302088198,0.03455518354589101,-0.05474619040223415
0.0017687665242402482,-0.03514843473553007,0.03971770374001982,0.0043489087149457305,0.0033941369787557013,-0.0020850438768451078,-0.017912173017228594,-0.03968305617548991,0.014423860405453098,0.026700700593104875,-0.014883798699985984,-0.004861553225308609,0.003926561743204584,0.0014025563699379536,-0.005391437043315508,-0.018980000875719383,0.017790288970590377,-0.019899140003903436,0.003604316867780283,0.004033669620332565,0.008399704815883275,-0.02437387804536698,-0.019357749942754677,9.415636928737476E-4,-4.609954761873309E-4,0.00938044796003227,-0.002653460579803502,-0.008273162674624957,-0.0038813960289555503,0.0065503295439417065,0.008951004377766095,0.01329042056512555,0.012340564540050482,0.004214026873196392,-0.026204683015411442,-0.002262409446822324,0.012164969772604806,-0.0026563459497229228,-0.0040536397951921824,0.03865571942104981,-0.016265359140493603,0.012125305750924959,0.003501139308613426,-0.030200308380461987,0.008288981930592578,0.0012052103039634434,-0.023478303436229482,-0.010107695920452384,-0.00956979112273736,4.116372556559371E-4,-0.03167527057317732,-0.017121102587410852,0.03621571332882631,-0.0203654363757675,-0.011253866633477987,-0.01320342377761979,-0.024829456768156954,-0.031115537614062588,-4.532603916706794E-7,0.009715020396803024,0.023295641563255486,0.0160063049090389,0.046753203805251366,0.0056871455419385064,-0.018513043031618544,-0.023046882808859567,0.021936537927338455,-0.043476340175982765,-0.01174297568500036,0.015768252264849014,-0.006600308725337515,0.00429689152287647,0.01310112164946525,0.011466311270174211,-0.020615040658521794,0.010801160506961671,0.02302802120754241,-0.022006205145698905,0.00592015573710391,-0.02191813896500341,-0.011396500420443923,0.018485932579100653,-0.03369313226226075,0.007000257229670152,0.004766642461935556,0.023950100334129084,-9.421255484870826E-4,0.015198157523796212,-0.01161011629038052,-0.038433698176172815,-0.00497436259182877,-0.0034534205222071586,0.008050229916750726,0.009917176639253287,0.02711128201644629,-0.018894335659659534,-0.00510907680750488,0.008248461063059714,-0.0354596706563429,-0.003678699422585047
-0.14198808475641614,-0.2719458114493219,0.30234268867368347,-0.09314983853836116,0.09106499951451569,0.30811321385896034,-0.026527538928301078,0.07510506604310511,-0.013138520080939554,0.3955839971022087,-0.3108683707340649,0.0747724063626793,-0.31424361328820416,0.16978418927941788,0.17386319556893934,0.3438115970893258,-0.09212289659327728,-0.34305853501282424,-0.4250432215114997,-0.2190209710219083,0.10631247067928003,-0.3346965988304825,0.2138709073090823,0.057075081607874854,0.010694678680126243,-0.2880350653734105,-0.44316758380973753,0.3798192106217237,-0.47704311920346526,-0.4294548084711418,-0.2026297030824407,0.13204812246638542,-0.3090751530737439,0.042311759403689336,-0.36499757357021306,-0.30339182271164933,-0.10704435914304765,0.07468271048413712,-0.44361045802690846,-0.07628305552042612,-0.04781892737525034,-5.559125369405193E-4,0.01606500090419072,-0.4382256711175839,-0.008818260325228049,0.003037936501554756,0.3156011092980084,-0.10232367797845994,-0.07354371693225016,-0.1556501803039516,-0.0025557931567190472,-0.15701845418403856,0.07247801846498857,0.44475009262792026,0.21982281213343774,-0.19473111102138163,0.2537043845380884,0.09553675517104489,0.05863663525144844,0.2393630429630558,7.363449310258251E-4,0.18422488003698684,-0.0020318993139595127,0.15160041542292962,-0.22394060684594988,0.2804952620335741,0.2108075087923209,0.4158682148388433,0.027221338096595903,-0.10661007887909842,0.029414577999547685,-0.21141976669201423,-0.10563720348793607,0.12812389215222178,0.10244774459621614,0.18362338548611637,0.20118534450743553,0.20271345106404537,-0.10448158120109705,-0.05923195286570521,0.4934488172707021,-0.38550690434894447,0.45261989367643457,-0.016460646363111526,0.1480715958455888,0.2725597760574033,-0.01286571937996925,-0.22246644453349104,0.2678792766116401,0.16034780504396612,0.4441948393559321,-0.49201094234665443,0.07179222397162378,-0.012864326398264988,-0.24345961885129838,-0.03715954822372369,0.416124933444912,0.08669016588942961,-0.3615930030082043,-0.02833092810834759
-0.01666191307431418,0.031304013829185066,-0.011821593740571951,-0.0948683407463431,-0.07772768601366642,0.00641362436833188,0.008997543435093954,0.004306616418114859,0.017035579257424518,0.037462938752815936,-0.02065806225591101,-0.03755489244251177,0.01509906557076017,0.002071782427720353,0.02160547136050357,-0.02653421102080495,-0.06955664042716535,-0.09681130605220047,-0.04138141950008875,-0.051483308187271794,-0.06266018566270774,0.03299419922080725,-0.014640054288217137,-0.0380283776626484,-7.955296707609549E-4,0.0073274543300722765,-0.09247785269410982,-0.05282080782255198,-0.03693741902027218,0.028295746755241165,-0.016229578575329768,0.022631154135894102,-0.10205417630454128,0.008718462230380242,-0.05179674789447612,-0.05289109022800482,0.04181047892086905,0.0025599019489797683,-0.06300976858443463,0.01305896848416329,-0.022480928138505767,0.017671453901314162,-0.0072738017092229025,-0.046375428384356286,0.032230200688276964,-0.04206001459995874,0.035722540617116896,-0.04370110965412119,-0.06034134559484946,-0.05174458433064645,0.01776212152171808,-0.012720066174206906,-0.007786247329667799,0.015290577304353688,-0.01051674869808137,0.01029747656101416,-0.0449553855206006,-0.011532358402222645,-0.06471108826258341,-0.008060406422978495,-0.039973941304939656,0.10260678874497817,-0.027630899282309745,-0.03758154344233728,-0.050772932252544485,-0.019750899861494413,0.07636005909726899,0.03662004039677105,0.04848644372289599,-0.0626148030390204,0.08120880250964053,-0.002061410339839607,0.005906830620831316,-0.00612709355316657,0.020196721148444476,7.803895404858863E-4,0.01222119044996644,-0.04839998968491482,0.021509781649131445,-0.034525608942867686,0.01886566736393807,-0.05190147692003862,-0.04500666310613804,0.06641156021011972,-0.03172943178426033,-0.05476823063837741,0.04140258010140851,-0.01502169588968015,-0.02597755424816212,-0.026153914764264055,-0.10261039865956581,-0.12883622584819707,0.02228888220477431,-0.05074043137422941,0.00723553098304401,-0.04879174946152752,0.06494886851462135,0.01417352159799274,-0.02893795005290722,-0.0069249773429323315
0.10905954528693784,-0.19372284647317956,0.08279438485603127,0.05205757072465512,0.16881493219124225,0.12251893325144929,-0.17283681806291365,-0.11132663063465327,0.0852690919357175,0.16220391525710184,0.03515370492334275,0.14353697852913147,0.023078421883336663,-0.2095248067327985,-0.05752107621317006,-0.3713864253438236,-0.1989292576515636,0.15376735499247834,-0.11492707089451816,-0.05874028808681609,0.10296582412002235,-0.08108422028149319,-0.08683633480178236,0.2750873722722693,0.2815047962929377,-0.05851882083725973,-0.4679358122792247,0.17309158535939942,0.22405638773690367,0.2378762650438109,-0.12983431607899892,-0.07027021239635443,-8.185850813793985E-4,0.025529917833403026,0.005673163436356594,0.19041762068460158,0.1340976915119033,-0.14118248148584195,-0.02622838444683107,0.08660359851476414,0.023657148322272892,-0.21669950167648638,0.0037888953775073874,0.16735342928969582,0.3740805512361016,0.015141833797439013,-0.1057451150840836,-0.21305968025733632,0.20486023071519907,0.22797612109306514,-0.21888000970339455,-0.39519715023098584,-0.005657189236956564,-0.19480299298692036,0.11672997896346425,-0.03829753418683591,-0.1516597729958472,0.1930209542815598,0.03740384838255872,-0.15576300305111385,-0.06637182375069202,0.3004578317352666,-0.07161978305804985,0.09492599327227037,0.013610309962428855,-0.35943468806763834,0.2657059228807148,0.008388090256721362,-0.1260203080898925,0.03652986940841253,-0.27972182009049606,-0.11397869951923388,-0.047639724710873334,0.08133762915459564,-0.28989143647313936,0.13034683896466318,-0.2300612707055349,0.16306308724794438,0.35662897525565235,-0.003001010668559222,-0.1866838203267916,0.19797329288235735,0.2326315594510557,0.2857682009707566,0.13809552260880747,-0.18292805819304053,0.5263320518614777,-0.12258992377970035,0.004323463036650392,0.6079449474648005,-0.06341830182068292,-0.1470068498998738,0.3950973079085195,-0.06817101830273074,0.08734825832378344,-0.2837011271260152,0.18652694855291996,0.06723251491762758,-0.15941723682475462,0.41000569568594686
-0.18010007816986257,0.011184736945035547,-0.4296659877876174,-0.2637706478467597,0.0709408928106676,-0.027628823423109985,0.020768553909355315,-0.028956008027469428,0.10688134210434806,0.03463800508446765,-0.08520535862560613,0.2138018230219505,-0.04397536549774679,0.13855194144608537,-0.5387506152433328,-0.05775030781014195,-0.22631666192758873,0.04353489680084622,-0.001710937574663699,0.18847925185720124,0.16298031760239726,-0.19183073041794094,0.46887353527414133,-0.2975821138011149,0.34396051382135595,-0.016680917897979583,0.16464080127230754,0.1382062823264625,-0.02825474405444187,0.012077210404439893,0.0023738486049847086,0.021423250167836253,-0.013429543754624783,0.022181008986925876,-0.20978483350349883,0.3182068281268898,-0.4785864163855599,-0.13476000828338755,-0.3489743847419284,0.12957796097370275,0.20254208956517633,-0.08403789776212471,0.15126563650317662,0.19322465128699456,-0.08258922175019112,0.1885340286793542,0.03890035448998835,-0.1929551646870086,-0.39302170327966596,-0.06646476952448108,0.47037008131091934,0.07715221978276207,-0.29995159487290207,0.07811187307511182,-0.05154459634574517,0.08980057071461278,0.037817509458326126,0.03991158053641357,-0.18132234298416075,0.1528285995782907,0.15092863408062088,0.15784888076989145,0.051378124118754274,0.18052486638933926,-0.017029586463802687,0.1107825737378134,0.07318425137903689,0.08337250971327853,-0.03907960367881684,-0.21383101387081785,0.02160797390217999,0.17327819949774514,-0.008483420133580702,0.17641396336741028,0.32582899458970227,0.01662448213410113,0.09692436960128054,0.08321229582382508,-0.3418298619854104,0.003940042586334407,-0.05762620218900853,-0.10310270769675914,0.08966796511149633,-0.20600852519113233,0.21966323111376737,-0.06285869808575836,-0.0969636524359216,-0.2637030965195952,0.3181711966231117,-0.020838347654625992,-0.05140276310030022,0.25095838216734545,0.17508736469383845,0.11556797437720501,-0.17381932741291842,0.07070051732209713,0.22986565678630652,-0.28475170518552195,-0.07063908099263992,-0.3095568692970124
-0.26113383560423453,0.43148387874788413,0.4848602689941383,-0.07262662649407384,-0.2716894978300454,-0.15556102145751818,0.01750452435409752,0.018434960858186168,0.07971065909376195,0.09035823324797877,0.0693470725238203,-0.12719584416919355,-0.19064055136090324,0.045735338555923065,0.09270620069742708,-0.03396202475214049,-0.035640613732887,-0.16985435406290544,0.054020217714554994,-0.21891175741152605,0.0026895315519593226,-0.06896587773128737,0.2572856714540743,0.17179469646307255,0.07501916294564348,0.13001484724383222,0.1956193663643168,0.007007662753793918,-0.12717605043911834,0.036947878479234114,0.17827001819927424,0.14201767171404378,0.1798163674016702,0.00298246768174196,-0.026429379777975926,-0.07950190724822624,-0.08913673654955577,-0.05934080148063467,-0.09440474072880516,0.08655342479679101,-0.21551548064201378,0.09437744115374466,0.16112813472811596,0.26454830897749376,-0.007110761923276773,-0.4650496213181403,-0.213778595500497,0.1115655699367122,0.08294065159020778,0.24732325185071263,0.24981318082546825,-0.10271713855956288,0.26167391588388855,-0.04325627707960423,0.12254055230686949,-0.30063082602147867,-0.02236806383100738,0.12909219154036516,0.10332788956948838,0.44987966813918995,-0.4664056875871034,0.17479780667004155,-0.07700746111795084,0.04771740559254718,0.2724566252476981,-0.17523834245330133,-0.34191751034139717,-0.4608700640306661,0.04148818200668751,0.31586352700827375,0.048418065659472605,0.15059558026053968,0.14104964011250304,-0.30264039066530257,0.044274395665599035,0.09528384875698358,-0.039695344147569665,-0.04761847652276513,-0.01733404580197367,0.09060845489576523,-0.34537621604580765,0.08175709638862061,-0.13813801635575973,0.02972269810717168,-0.07341208208591192,0.2539292450896379,0.15951548981011843,0.14977887383485192,0.12787628189704564,-0.08940099695247021,-0.3296357077150481,0.42031029056117275,0.05597969407725008,0.25904541838661793,0.10004214652349987,0.1495330245672212,0.014685685105788002,0.22950972979521458,0.33873799527535464,-0.24158204355450963
0.17531138999531878,-0.06288248246604615,0.28226390483327346,-0.3278153547968065,0.084180532849919,0.0516006397870533,0.025554110919440355,0.07628426951225609,0.045885307916704775,0.2289204482002414,0.2673176331092732,0.047930785755116015,-0.014867562058056243,-0.21652643876362146,0.10156937722998184,0.08504324406893089,0.11112812832125908,-0.2779651212496465,0.17811730358602532,0.07226273712560784,0.2188762124041107,0.13868975574353987,-0.3371974536867893,0.15501806852206015,-0.06407310750843014,-0.09952867002810897,-0.08217883260757008,0.11601565824608566,-0.018478670632713752,-0.19629651144276175,-0.08972649201059607,-0.22953537496656568,-0.12602537564913302,-0.04811733931178563,-0.4892588046594327,-0.09116468950918781,-0.030111780067501825,-0.42858362351512475,0.21231053507068898,0.25011316092938385,0.3181492084350042,0.352484418729299,-0.2584476969543541,-0.1167799112843107,0.09417982454720952,-0.16635217671117333,-0.25940715809016945,-0.20011906840277355,-0.1615155854415309,0.24819307346079608,-0.26527602217401913,0.025814324261388914,-0.005582543017787691,-0.3128235356498578,0.04015079499489156,0.1173671377965159,0.09480078189704297,0.4500662071674347,0.10110541672136493,0.035975976214046634,0.21434183233279894,0.0479134047145756,-0.12772715526510478,0.02663041483357771,-0.1650869643083843,0.2050771267639228,0.12622919416811962,0.1448127425708688,0.3808131798136022,0.02980218778005105,0.05644669012810454,0.22574105848265416,-0.5714691051207841,-0.1257144933342758,-0.310734805155942,-0.020723699396409823,8.191661862877334E-4,-0.016488031988080742,-0.2529845053346419,0.05972449288975738,0.07024791500390512,-0.10469868034107331,0.12774937046284918,-0.02353715643417422,-0.3405808045870632,-0.04998207413766265,-0.03816968209870209,-0.1311817156371557,-0.17502012774793962,-0.08026157433699065,-0.04638087326211502,0.06171096941850324,0.1303350319258689,-0.018461456154445263,0.02435503548553742,0.1221204027393882,-0.015552762320314321,0.1127437020662924,0.3606530464062422,0.1338032357039224
-0.17418005861728297,-0.11265681084782747,0.056669360037894814,-0.11550566612881165,-0.16667544763202313,0.1413890395253255,0.22160945199970236,-0.3097845476492398,-0.30446840002641573,0.03571593833112267,-0.39326561627178985,0.14505962384972168,0.06278320365468155,-0.08225518458311375,0.028507507832333134,0.2188481439462554,0.01668718781659188,0.010676307717351381,-0.08606264375187321,0.02539353099729028,0.05353657139865865,0.10940465513075016,0.10443260807605495,0.1592671065999712,-0.19617046762695367,-0.25679157153288407,0.03460041492358892,0.13905500479071778,0.051586801813838,-0.1532854934091789,-0.02740057892318312,0.06311726817013455,0.06440680615937504,0.023537312863170616,0.10354241852551482,-0.08714852947117539,0.02277256288768384,-0.22415693944853024,0.05579910701805917,0.1809138073859613,-0.12252571450190922,0.21330944387041587,0.1939589270557866,0.0731215511439347,0.2578164555549006,-0.12921672000706083,-0.1396182551237938,0.14678651894539257,0.01794060176733225,-0.13198449191474748,0.20520510011499316,0.18332840923933874,0.023368054706841775,-0.129506138006774,-0.03215757608656898,0.09386741410161525,-0.09363514673276774,0.21745352392857917,-0.16213794787300292,0.06418207904539526,0.1912873584852294,-7.494344687157511E-4,-0.05211935521101203,-0.2192718233365178,0.011577489088678778,-0.19072112320290643,0.00998219689381338,-0.06601947762116007,-0.04185539109986778,0.22655555919671663,-0.05865241558159965,0.030609698418799167,-0.3322356299502461,-0.36985947145188897,0.0515259505869389,0.004752433171270535,0.11368878171093047,0.09457612523468194,0.24670084746482449,-0.20871883074391695,-0.005055432690816408,0.15800251633436513,-0.09757993205697636,0.2248672827783569,-0.10164117275044476,-0.07946576407610097,0.010289620150098253,-0.1183647259170286,-0.1738928698984813,-0.038030617172191,-0.13327156711956928,-0.22131964356711104,0.11933990377162162,0.16737953455308235,-0.08825111991304532,-0.0023738859649594145,0.22149478391257063,0.14422200437989668,-0.12650802284249676,0.30449696459624476
0.3094904534675413,-0.062492675701219386,0.014105816603794953,-0.0033863718432968056,-0.04570537693653957,-0.2144783025285033,0.10418668118985681,-0.033214375501922085,0.11946645226356983,0.16722183183578077,-0.05707657221872554,-0.17857813398994743,0.029461278125953897,-0.053935238406144094,0.13806490527728127,0.2327609487458786,0.07425952136198853,0.02654075049135198,-0.08729989114159278,0.28750374728199113,0.0336459827529878,0.09759354988450748,0.16306949488188857,1.8825963191853202E-4,-0.017877375309260403,-0.10328067150413367,-0.1008799455022792,0.1552408769139633,0.16024927963308253,-0.0022489909670855637,0.1309140187054588,0.1778732491369321,0.2790541684520054,0.25773598515808854,0.15995960924115854,-0.21830999083721592,0.2630349557137786,-0.04768741104143285,-0.10078136241504465,-0.1663121682563672,-0.17780688254171906,-0.08517082094083181,-0.1945069094179392,0.008411360121242682,0.08272566447287415,0.11701780568380651,0.02145940194446578,0.026028564659415675,-0.036018083627731845,0.14503701558814502,0.11598592670292367,0.11784890186966537,0.022066727845095682,0.09214701511694426,-0.017649960320458537,0.18452355581437227,-0.26204720617542715,0.29941760589240607,-0.09846835340700187,-0.024654680266085083,0.3306253234474771,0.07530011930833587,0.145979807037606,-0.149489092095638,0.08981063120733374,-0.24432225783779496,-0.039593181643447,0.2341230047768535,0.10829897391327598,0.3326260665006461,-0.025103917453842235,0.14160011626685853,0.11658390156387906,0.08526763979233914,0.23323371202127988,0.10947047106019377,0.06855804703709534,0.048947708284043816,0.2020904380752226,-0.08757374087543962,-0.32341905227397555,0.21600240389714254,-0.030657914280054845,-0.07749022436205338,-0.009639561337409319,-0.010550800855647826,-0.11795516179494453,0.22284666129931377,0.10627571856917038,0.1855006273435833,0.0025567194387708233,0.14595150404763668,-0.044624076904175344,0.08493539593864749,0.06362593442884648,-0.002182739843156704,0.2450739177919724,0.005146531026129183,0.05849025142227438,-0.02856398090877469
0.07418736301064756,0.04481115092345476,-0.08387384744788061,-0.012138770531436178,-0.138210889910977,-0.012590670835157101,-0.05826129496030559,0.10797832774720297,-0.022276231115977402,2.5445611206512754E-4,-9.157906164175614E-4,-0.017851022508230726,0.015400133979351851,-0.029047827243437935,0.09161248014900729,0.01865589387235443,0.03245431673510416,0.17155828452467525,-6.377196274170512E-4,0.013549500663352478,-0.06706211634469844,0.0014652737146471616,-0.036425654486049765,0.034115314068190274,-0.01027114197671297,-0.015005515219352998,0.015451820038428075,-0.03033256564249912,0.04828180145205533,0.011053020935133811,0.05164547342956041,-0.052213381079489106,0.03536731530112968,0.02147302100453679,0.07287435411429925,-0.0027585947680417956,-0.011703201958104467,0.032879929799322034,0.016244592279488653,0.06211907961395711,0.009607436348426635,-0.00568160492788557,0.008096697985734586,0.06941852438521384,-0.07790402575169594,-0.0046300514443752714,-0.1523530372101449,-0.013681161764561793,-0.02206822311413918,0.13865602441324215,-0.14970787649682313,0.0031880918750306656,0.06760196859987691,0.04338959801077659,-0.040602757007044174,-0.07787132270629707,-0.08082785555991204,-0.04049778983849095,-0.0842570514785959,0.016797628500050704,-0.02963741787545734,0.027001461375526996,0.10082094574303285,-0.037185617908826296,-0.00985621608892669,-0.12752674057598518,-0.014141470115651906,-0.044635990716402216,-0.06420766418732787,0.04740859866142775,-0.05936258526265919,0.06825244898295055,0.043722970789572324,0.011850111105567405,-0.028136369952664556,-0.0037560305343021833,-0.05275608695136753,0.042627152628796065,-0.005250832523898971,-0.016791494617723474,-0.006894753415662534,0.07491441410439786,-0.013254564707439312,0.05582980090257188,-0.06018985995175679,-0.018736520042191444,-0.058747708736671414,-0.06796183578715936,-0.03595902710554982,-0.046871316089180465,0.0027398086936836832,0.1139895913009457,-0.10835351521225499,0.00870803075740643,-0.05208092475015196,0.0010961647440232095,-0.0011753808863007179,0.1699277351861831,-0.02787237992310234,0.02359414035684733
-0.038853356352362436,-0.012214852734600384,0.10309430963041528,-0.0365859819796018,-0.0383720350164339,0.02510944898517731,-0.07913321391400187,0.09007090446610429,0.029907989443479194,-0.0844380362665414,-0.07042190340411461,-0.03657629610982509,0.18193941835306726,-0.08641762615253194,-0.05036431608796001,-0.009141487330518469,0.030463282753728383,-0.09128018004699193,-0.06170640089069497,-0.08894631297087484,0.017746365465839194,-0.05684118005480104,-0.03208609206432405,0.012298951125988356,-0.1454449218127532,-0.027330107401778863,-0.06304007621196205,-0.06901488281523742,-0.0691607954746992,0.05282991925266949,0.06642218373237824,0.013326235246954754,0.07584455144006894,-0.06724296477580809,-0.10716907677935945,-0.12088262426689626,0.22609462803176858,0.05020677364965056,0.13205949398056183,-0.03598775149530376,-0.0018687392780891395,0.013772636401293238,-0.13425832968954077,-0.09222880637037947,-0.09830465655909298,0.03580772059575756,0.017389406140706592,-0.056171223034669274,-0.10957805251121723,0.1088764012898192,-0.11944171588024256,-0.1311218578784383,0.12877630052420724,-0.06599881441748884,0.05497903154225955,-0.09744942379375814,-0.05399310427599366,-0.18237905454541437,-0.06076343524460689,-0.15139344762056905,-0.08692811109935,-0.08857803923491811,0.06325692833247663,-0.029823717805518676,-0.048683870748363486,-0.0703227744912819,-0.06715379070448793,0.08216121074985618,-0.006191226575973301,0.06178439183923929,0.07775142949052016,-0.05865097478338998,-0.045167532199333386,-0.08885942997236679,-0.03331398589696579,-0.003231286885989588,-0.07357202463510114,0.041784061954609056,0.08659350747150922,0.03334831123405267,-0.026284151358836445,-0.08842389786856318,-0.08618403871483302,0.08867146980541658,0.08049041485989643,0.045741685084543536,-0.07671832984731607,-0.011198090863830466,-0.0213477865559346,-0.010260110214445698,0.1403203134115031,-0.009980469293020919,-0.011302693727770843,0.0021701234677933504,-0.10373579413077935,-0.07736579515792968,-0.02977924576719369,-0.008249041186890524,0.03095714598195871,-0.03968272765156414
0.05545691740588379,0.004612014781446123,-0.22046223811214474,0.08661490770751415,0.13482701804763264,0.0041498733815380235,0.08549097066447221,-0.2167619395690082,0.05811061529601299,-0.06155077151366978,-0.003214799996065232,-0.013887573282243689,-0.0074921581254790625,0.05107761302201768,-0.07609119656552941,-0.14581026160853403,0.019003350982727672,-0.04606312700863758,-0.09169102361252622,0.025709057579084888,-0.007252293580303746,0.0411435552226266,-0.05475884651025775,-0.07117288442404758,0.01731712152919278,0.01307434593996972,0.05909188159516369,-0.10259624151889206,0.03258347434264501,0.00987442092868303,-0.08295165355606779,-0.03789530703876439,-0.11451703852358236,0.09708639915960397,0.06037155303637116,0.050845728777106816,-0.03687429149586113,-0.0667788669471567,-0.005755180455900889,-0.00943822750841,-0.0027682680450172004,0.026809152870816685,-0.06963635214631841,0.024738997705122834,0.01346505479959463,-0.06369686770614626,0.03863677111276246,-0.03227949688716483,-0.10370524701724357,0.13773239472947246,0.012482698372587189,-0.007029043059587042,-0.08235970205197468,0.07670659895829986,-0.05974245052660801,0.026440166185178898,0.0049121533997077416,-0.08861584830873671,0.06357509279114645,-0.0953396369973271,0.12171409576809897,-0.0032883615803134935,0.1025414995912479,-0.03269347115711962,-0.07698546622523153,0.04446180761102095,0.15950516524964642,0.07517147028710841,0.11745881163573833,-0.13419286679664255,-0.08758581862924093,0.1658646692643476,-0.07973233337832097,0.05976826688531023,-0.06362517367519298,-0.004451248249031748,-0.08603149781071129,0.03073391502546107,0.057684221524263245,0.049459774878202904,0.05082225205603733,-0.010736828312065868,0.05701161662391739,0.08390033549034913,0.02322242869272557,0.015297684701452709,0.017937807773463054,0.048865044690212876,-0.030721852696676464,0.006958962423024262,0.07958488826569339,-0.011763124217142496,0.011255010031157229,-0.005851747866567275,-0.07897082892011444,-0.08259720308364844,0.054308442566821886,-0.10278258998521661,-0.14279687625984577,-0.03143084115842381
0.06740135794226296,-0.010517811004069226,-0.10978034534355151,-0.09849716100972108,-0.06366503420474243,0.1421369283420062,-0.03798686624882667,0.20245545808175958,0.17300704894742028,-0.09850192629391138,0.06870441698581366,0.051347271132707664,-0.03592588496345592,0.024493273884081946,-0.2001920048185757,-0.021745340429015752,-0.050692153957935485,-0.024149364651108896,-0.016923819838796237,-0.19032365467655557,0.3284552136850393,0.04935786722153176,-0.013874535632531852,-0.03926286783446543,0.12940488014189447,-0.012791439363199932,-0.10155194022764226,-0.014912435159547573,-0.22322128995806065,-0.08536083875068433,-0.19851298127885691,0.1297621442376001,0.06812651399858505,-0.020039407372233586,-0.15399185277627228,0.02117990496326909,-0.2734489029813048,-0.07424329062133617,-0.04821384426013758,0.0921400404796886,0.1133985182390521,-0.07173851241505215,0.10021569579100977,-0.07398900556139679,-0.006748606096384996,0.17219118840664213,0.14901014044537808,-0.1708015425034321,0.032866116781424586,0.04569224781028443,0.23747258105290342,0.23390156798334977,-0.0821028560953992,-0.08692861506462109,-0.14538434900144434,0.28257659753952147,-0.26120276344942905,0.04365490311790307,-0.29182407910256175,0.0684842690105304,0.12570059612054005,-0.007595918907065251,0.15646169316764316,-0.2213232251569672,-0.0738608517875247,0.0434673651326614,0.17881081318111608,0.12432314156885076,-0.027641372216740193,-0.16373039096806793,0.18228348431958868,0.04233025206564634,-0.24745875835927048,-0.05791879527039913,0.022923944541228314,0.10958237651779976,0.04408833156329128,0.09882625525160592,-0.17931352603078862,-0.1233446720174283,-0.06534313353535116,-0.06963493738347738,-0.06398626854666524,0.11173083276626458,0.05735140679056995,-0.04720312035452485,-0.14111382251957863,-0.26582141143423904,-0.028563170250159746,0.04876105218663744,-0.02804505712850423,0.04907875886319533,0.16495879375679956,-0.21057016864466097,-0.09475805170108466,-0.22361353087299243,0.05217523649379483,-0.24933244394406426,-0.021699392041925003,-0.226303503240586
0.019572017204710843,0.8239136414773766,0.1609896811594877,0.25935396173302205,0.09881370354820311,0.34951199392928656,-0.05523506648444796,0.4987064732649618,0.15487203478042666,0.6073245675882478,-0.31526581158846567,-0.008144945233091934,-0.19332116202479335,-0.07129430360906723,0.32316798895715715,-0.35981202691207254,-0.29730923886933125,-0.3728918452049873,-0.7659701430915342,-0.21420736842270482,0.6313654770043892,0.10821697443195018,0.23343477392264336,-1.0904939605812136,0.02258769433630363,-0.30779672680579123,-0.053244879354910075,-0.19336189490927277,-0.01156048921441444,0.1090814864891565,-0.36829200959987174,-0.5807649813865086,0.38304776059516593,-0.2324552996898465,-0.5413845263429832,0.5760392241273203,0.6063702279498144,-0.4089200283503282,-0.13467843796874887,-0.2723061753893701,-0.0389427871262821,-0.03051858126843538,-0.7891159470289006,-0.0946741176594712,0.6810487225404928,0.1237565622309846,-0.42845956152175935,-0.01989882843298355,0.21262074878440385,0.03338277634112881,0.13598629651708743,0.10577890477587774,-0.30740291403867204,-0.5721881519458467,-0.19869312625413907,-0.7305900280518692,0.7974065780684108,0.10701252025835797,-0.12263106490417876,-0.6804359071185441,-0.05776990863638582,0.1243711926087504,0.6133329909718127,0.08288723160389426,-0.2797721199980915,0.42616199859599174,-0.32420100080608244,0.10237122927955748,-0.2717066086411075,-0.43647984290273695,0.14377382983011724,0.10154509758921353,-0.014371620467071359,-0.15499385349619244,0.06353538508459095,-0.12220498858115572,0.04016643912958789,0.299608828029941,0.2636075555460121,0.2730619385767258,-0.09875457694781738,0.7387693103696922,0.07438644610183727,-0.2462977893512644,-0.4763113296268526,-0.24602123121595718,0.2033484935577646,0.5053093499726783,0.03154094477498448,-0.34965804916190835,0.006843123114514385,0.5635466055083552,0.32585344731109694,-0.10700337251894299,-0.35535735977163213,0.17735123733480726,-0.07644023691954842,-0.351846701448849,-0.1762305294035337,-0.6794431717355942
-0.6852873257854473,-0.10951537554680622,0.025532547365158233,0.07573634625966169,0.0020504961632156426,-0.4660338435211236,-0.12311310994805041,-0.31986882159046903,0.23322637293553178,-0.43124684808239194,0.12811543210897383,0.19058481507637565,-0.2050986750025695,-0.08207682473001009,-0.08976144323625392,0.05264934117180657,0.3905807876304153,-0.4201512585315532,-0.18071360086773777,-0.2539606451317113,-0.11865036733474384,-0.27350637725555416,0.019572358014792134,-0.021047747578108338,-0.4014305606417671,0.4817707509066806,0.4509935644017837,-0.2560200224317991,0.36957103994913715,0.009175569965797405,-0.25910360764276835,0.13808756216728393,-0.2654838820743921,-0.2218547910084816,-0.00913232641801425,0.3232156479258385,0.18644509719841293,-0.13021423841312804,0.25860663295648095,-0.46660968718374846,-0.0266673059140272,-0.17490678502404086,-0.25747389899198886,0.06659374958078518,0.010418708381987192,-0.4301311528618855,-0.13985524542579517,-0.14564980614905484,-0.382992532466725,0.064672308043293,0.5614119128537622,0.26604117177632713,-0.14721307498749867,-0.1500556879574146,0.49003973248646854,0.04572678939941497,0.15656891875846432,0.021714467616361578,-0.23457732143429644,-0.4297207340820834,-0.03199043175796492,-0.2171272249961785,-0.13894207112759838,0.012700211251166183,0.130161612870768,0.21934852699796809,0.10912891725580838,-0.25263878576945054,0.15133246704226921,-0.2084459878850927,-0.1100036254885633,0.1713119814461235,-0.1640330184510191,-0.5496429759660526,0.058866488477526374,0.1861796578601958,-0.029217383221375716,-0.45556062002345854,0.08570111277073185,0.028389738101620564,-0.19279228280624436,0.07022703559739273,0.15318727104517002,-0.20418507029248922,0.2912474217932217,-0.2488581690343091,-0.2159379854745275,-0.07034984147026228,-0.10728875655446277,-0.05946401607909922,0.005717114713859292,-0.3839839158638709,0.2359238178992513,0.030619456108180964,-0.15103563258675587,0.1671167430209949,0.21568266352079815,-0.23196192301552487,0.13197030487982567,0.011682253979758401
-2.6776720686598998E-6,-1.1611741616814132E-6,-8.09304559848401E-6,2.0702464783317908E-6,-2.8996162281389114E-6,1.2145242108042463E-7,1.954807203411417E-6,-3.9764542447550337E-7,8.311733270734274E-6,-2.1961579562893238E-6,-4.3049609777011015E-6,-9.271016778154469E-7,1.8199733936588653E-6,1.0277855630884497E-7,-9.189833252643062E-6,1.9696444851998007E-6,9.506593252711083E-6,4.799334430530816E-6,-7.381497016255416E-7,4.339326466315838E-6,-3.6285591331844878E-6,-2.6624532938160805E-6,-9.927721752055554E-7,8.511011886861152E-6,-6.593714748279806E-6,-2.3413795545281503E-6,-4.617031369002081E-6,2.4454274784718E-7,-2.5832522922625756E-6,7.869502820802133E-7,6.423467253091325E-6,-1.1802126220799934E-6,-2.7700180259661095E-6,4.6287680257036066E-6,2.2438668713657594E-6,-3.275425898252721E-6,-4.127740764741731E-6,-4.41310905750938E-6,6.690151120028741E-6,-5.835632310464453E-6,-3.008212360226774E-6,-8.912899530450519E-7,1.7343692017047696E-6,-3.2979988865600904E-7,9.20984034801718E-7,-1.1454418106235265E-6,-8.824932150812376E-7,3.187828054177087E-6,1.8695056874549245E-6,2.3059303985111647E-6,8.490718126396085E-6,-2.692112832939703E-6,-8.170668308223884E-7,-3.724486229958515E-6,2.7360495837376684E-6,-8.923901480487866E-6,-1.4801350625868206E-6,9.129698901297923E-6,-2.35445723996917E-6,-5.136878657512393E-6,1.9478816606393176E-6,8.465506435921691E-7,2.9734322923008263E-7,-2.478084282869367E-7,-4.5307466349358054E-7,-4.374622708708517E-7,4.1243956414876475E-6,5.208409393426289E-6,-1.2421285650651179E-6,2.1050684970844483E-6,-8.167200996513693E-7,-2.0444376703949616E-6,-1.3544328045077831E-5,3.859638556765419E-6,3.577620683239031E-6,-2.0712357904519677E-6,-8.243839166764797E-7,7.42296530348734E-7,-3.0437111956439723E-6,-3.4761722294344337E-6,1.8315248050645734E-6,-1.9971178733311588E-7,-4.3913286401944105E-6,5.018014282690275E-6,-1.0663866066131777E-6,-2.1035816687474605E-6,3.148442710072053E-6,-1.7406441968773797E-6,3.8090236315518514E-7,3.164821284538551E-6,2.7151464844350722E-6,-4.227983498610936E-6,-3.6281795453751514E-6,-9.63603817902184E-7,-3.6384056981553216E-6,1.2468981646741188E-6,1.1148274139438057E-6,1.321004485018041E-6,-7.592058205868009E-6,4.835853780964535E-6
0.04322986586602085,0.30534562167400936,-0.3656558026714441,0.4454904707626267,-0.15084845232129884,0.10869918129464196,0.13351264412294048,-0.20209157110925074,-0.16260962918405436,0.1423233793694725,-0.03425460794499644,0.4673113521740561,0.17178234658456254,0.14931274848421916,0.03750158629953534,-0.4862933694639358,0.05964477328641427,0.2715492792436855,0.19744940407092104,0.10198696542091311,-0.10633844608032275,-0.16709617925263065,-0.1975562383348686,0.2837043257429428,0.13773492225515516,0.4099188160241841,-0.2301471458032013,0.030338801834047354,0.2892431069596533,-0.09738886640331156,0.08567625167848789,-0.4080042901876515,-0.3541289909843025,0.5719113625002725,-0.08027251255765326,-0.26045631673338693,-0.2017599583017578,0.16782280625842397,0.13173573619743048,-0.021804550456583822,0.13202287735594567,0.18073733349655144,-0.09510686853335112,-0.2795522029769192,-0.10590224361812936,-0.3272107763833329,0.32720344461808043,-0.26957037931445554,-0.09545029366196994,0.15489106207114733,0.09001792803650105,-0.10671012013854558,-0.11787566815217973,-0.14605608229359177,-0.262640185935098,-0.08352102302297441,0.38243044355156985,0.09371957928797721,-0.033168683504259416,0.18003960830490134,0.4732869976546939,0.1777474759195805,-0.19922944278601487,0.5491698784051692,-0.2184077995482874,0.10496398894045197,-0.3571060444966175,0.003974237325528273,-0.4680373668212503,0.30673642506590015,-0.12147589906149266,-0.1592465212750023,0.06335530852870348,-0.2808868195337193,0.08557159165679377,-0.13464261438570718,0.22398003454606585,-0.09031677804931938,0.28486091927193063,-0.17874725244828665,-0.12376624215186643,0.23188286852928136,-0.03182146679847615,0.0867543382235166,0.11224946735691,0.2844629428156306,0.05330835307166175,-0.22934291556910316,-0.26363249895570734,0.1157909852644247,-0.10802069246082678,0.4401119567569206,0.12290625868468533,0.4438215884540401,0.054098767207558095,0.05679952175361978,-0.3946059050266498,0.044713284139291,-0.06970099172411817,0.07654679055601829
-0.43995989626122806,0.051470623123886415,0.3796674707698153,-0.1547477484081764,-0.061031977696031206,0.1854447986987215,-0.5666055142208503,-0.06187600139446322,-0.14315330214777358,0.22774907319905568,-0.12114326232878406,-0.42095127569642193,-0.07915989119527715,-0.105220414631463,-0.09688945572719035,0.22100534497398958,0.19910704845987237,-0.026228695185272714,0.06177852439643212,0.16733571497048208,-0.10388345010825974,0.1247738074518846,-0.3544626155135613,0.07789744161524013,0.18244153476520875,0.3916495577866807,0.12132357693762325,0.23148306877837072,0.23568938430024133,-0.04113227063014881,-0.13560034043910915,0.015184961874042318,-0.040610681985922784,-0.14616261936240552,-0.43849078101281885,0.24653703033017776,0.07925856483812754,-0.13257581696093118,0.25410043346638156,-0.056093002608973506,-0.11864704038381228,0.04633184716860588,0.0980922895892959,0.12500899346237923,0.13003142400992254,-0.3453929137366108,0.23260531647453217,-0.09765248785846925,0.20220958556380075,0.23374932845310986,-0.17934937550131178,-0.0380322265623902,-0.3099848602042039,-0.049557687036882694,0.002597658705258202,0.3343657849358742,-0.2239103398762271,-0.27889080695801854,-0.16612401269084603,-0.08997226702879134,-0.013078406784685824,-1.7915940781562634E-4,0.21352546030768152,0.021883346806230067,0.2709375871916132,0.13783454396446307,0.0291272029680036,-0.012734591701859478,-0.30327608021945923,0.4360094664124438,-0.10841911062110249,0.1450620359408688,-0.24742047154482033,0.24131486165557456,0.08626386583643733,0.42559858685372065,-0.08979990754363265,-0.5565930987437714,-0.1179827006732229,-0.4634920605969928,0.2550078349165569,-0.3238039129266609,0.3636152870282383,0.39423996729514876,0.17893119180304287,0.22870960106163224,-0.09787675078772065,-0.33346638393130223,-0.3865402841757854,-0.35077249336396576,-0.2593435021278037,-0.15501876137777784,0.15190366449873918,-0.2049128457239018,-0.3388691461272291,0.29814458068189514,0.11859384411951138,0.07720385225103689,-0.03628938732007236,-0.19436845790432716
0.05394398934919829,0.0277573326359534,-0.02336125985960419,-0.012153812214591223,-0.034997910889346125,0.16471762011208177,0.07969028141751884,0.15058045324081462,-0.05552846131968856,-0.05494572490708814,0.06425307845482243,-0.09725140353990591,-0.06505239951073832,-0.005525324262070375,0.07805545484464804,-0.04319895360265271,-0.03908837217393466,-0.04874209877915207,-0.005688547188676012,-0.008487053761390443,-0.10009103417437917,0.06129328863597281,0.1010111127018569,-0.019810894494336078,-0.02968290237442479,0.08125929061275597,0.038732177401101506,-0.01040712778886111,0.02636223453490526,-0.025011976375450107,0.061155894574830255,-0.13202652624679445,0.00959740107814304,0.028060473566223265,0.05957472388062688,-0.014671282059869745,-0.03965563012911309,0.039834325096226066,0.01628383180337574,0.007416624453882615,-0.006682992654977758,-0.10943187543442262,0.024988925556996368,-0.07640535866172257,-0.16644558021408287,-0.018265269940522664,-0.03765456892859353,0.01154731935892756,0.013874547796350672,-0.01885115393922991,-0.018760318136916032,-0.05083614249948814,0.017759179178277577,0.01155850939312432,-0.040576757355362786,0.022550523790278467,-0.06894388999758637,-0.029975006764823838,-0.005968409574622412,-0.016813358842888735,0.06551919327795479,-0.03536903259417433,0.0018900251143681515,-0.10806596333998728,-0.04772720968309681,0.0029767707315086277,0.06163883779742985,0.06816363570235273,-0.04784528800744947,-0.059266826163947676,-0.055775313154238115,0.01250276398109128,0.06545047993534815,0.012100055105809096,0.047001227980668275,-0.04427097249797719,0.023954286826469995,0.0806007229519812,0.08622714782323349,0.06907926892321632,0.022703832932911037,-0.06457307237508539,-0.003104433342869798,-0.027001016942246547,-0.09066735158797141,-0.06910925387649232,-0.007437778870168552,0.021940377188621102,0.019421494651957798,-0.021045606584294167,0.09935910631010858,-0.06073095714884822,0.013231332756673188,-0.029695212716989727,0.03605016263348504,-0.01849325034729577,0.008656436689050305,0.024434762739162022,0.020954137406829502,-0.024657322486979907
0.27287964490643224,-0.2090001797699147,-0.1189993807479211,0.12148803535995574,0.19420361419333967,-0.20073042968957103,0.0583245825529616,-0.11011064351598704,-0.09405680110646512,0.21525480241525502,-0.4409236207195748,-0.10493314610234654,-0.030489119525557096,-0.23981694172684073,-0.11778145328345241,-0.3725355865603429,-0.21272890128365404,0.264496834891138,-0.06637780121143547,0.07343119264692587,0.14857232060381484,0.17313862962573637,-0.3586504009598821,0.21562205841152127,0.050911406242621755,-0.03673052106348399,-0.19188763806342038,-0.057797599015956574,0.17840190903394862,-0.08961727728194842,0.25375445659268797,0.025891479640680448,-0.20541218213465967,-0.057037967835283455,0.2815960087141244,-0.01229229183541028,-0.04930240772507791,-0.2786735407025726,1.09962590306009E-4,0.011336917531453737,0.21234053922321827,-0.10013337685034741,-0.07423079695370348,0.3295524775015757,-0.06645992878035765,0.361310214900822,0.4441597753550362,0.184976761467101,0.10136113909161859,0.20769367339349204,-0.08614995714240539,-0.18856928404045473,-0.07678218070255687,-0.31212608084828375,-0.21130191786960137,0.08580355604803974,0.08272289416362957,0.3374639271877329,0.22808095541004234,0.018829710308837542,-0.23720591148134723,0.2461716162684753,0.15462892890444443,-0.20464023109844898,-0.048853685714184684,0.04668434167539642,-0.22692821386702253,-0.1749286918823942,-0.44438001105061864,0.22389990949348268,-0.3838027076340742,-0.1458638833895866,-0.04677479112872589,8.516914290849279E-4,0.11742813039419876,0.5778351793139082,0.047322340731136545,0.07911286854568497,0.08935883800166397,0.27569190721045633,0.1954514107048022,-0.04416112336148143,-0.15176056351122783,0.26885800432027346,-0.27015018853752515,-0.07916152751132882,-0.019826859814410378,-0.2662730354379998,-0.2852841368950272,0.10830585222895159,-0.10762551101643691,-0.040515273594837545,0.15471197615867038,0.129348657973983,0.04586741120311015,0.25818643797168733,0.13441641676721205,-0.008766776491607063,-0.0049161395582258535,0.03455360083701382
-0.056789358249618636,0.006655062734420773,0.06049282878710204,0.07759747115469437,-0.06777353689329847,0.12497461068148058,0.13152779675734316,0.18187641109757108,0.02264209123336397,-0.012021289621983384,0.13945429206887755,-6.529327356459246E-4,-0.07533300680268763,0.03126319880928338,0.06265078005533084,-0.039609215537158786,-0.06688039025599965,-0.03208046052835075,0.09329705675256204,0.057347630522254826,-0.21159006574849445,0.13421562895156572,0.026990533476083687,-0.058685422856004206,-0.06628756969458793,0.13574791829778737,0.12374450912011183,-0.04730209299688547,0.06719449425800922,-0.03158572266063909,0.09015260957184461,0.04296498879247303,-0.028973391049350698,0.04273014218980226,0.18942463554327438,0.019530516336195392,0.10368680145159717,-0.09734854295869384,0.03551350596964105,0.071559799963238,0.07968675009881762,0.08643879425683691,-0.07187495377114873,-0.07225871515566303,-0.13112331507065716,-0.006035610034898061,0.05630116488827745,-0.014631553339817804,-0.2010051394463517,-0.051054417600568225,-0.0233723448852981,-0.15223791190310673,0.0695250098065046,0.043544460641689736,-0.024000862432777464,0.03334592561647863,-0.031043974834236918,0.09570703099522396,-0.12394727771802787,0.07920352194986786,0.07610990879834777,0.03300621986238289,0.007611458032703096,-0.06144113892791554,-0.020982702655429127,0.12034895203832603,-0.03447915083480364,0.032524655459977105,0.08421598470051658,-0.09180645291639941,-0.030171249352568992,-0.18686015349535776,0.004983009658476538,0.08719897124645189,-0.1430136620141993,0.003024264471963703,0.011586967691746433,0.05069024631457867,-0.005489865073388422,0.1146025795428571,-0.011551818469919551,0.01289323226650525,0.025748610178221124,0.03744095378341759,-0.05255597185894265,0.005735769476357162,-0.024747250566019566,0.03336344514380806,0.06170169769888903,0.05270604012388316,0.04111142748202387,-0.09485437437232308,-0.13460891259805,-0.10659463280402491,0.02438998706158317,0.04345561539381829,0.004084883467353655,0.026786203877699984,0.0045298088942330225,-0.019596484480780153
0.116166290458384,-0.06490746473096745,0.164754293220224,0.05003709839056703,0.34500066858502254,0.09856950971328776,-0.044337937774234636,0.3893213978132695,0.04073649406582823,0.16273988589216887,-0.022072537946829247,-0.14213405618273506,-0.0018028049353680663,0.19402433357291488,0.209778283415499,0.18841153818868975,-0.13782906155125604,0.25905358003735046,0.171604187677088,0.1541795156723988,0.28796214233063033,0.22476379611072184,-0.3408174484962007,-0.02873846414928318,-0.12074280212262409,-0.15572679070953344,-0.05432279359770717,-0.2079866162994459,-0.047227025888985745,-0.0021786489727994196,0.2085803017310133,0.08196792622390367,-0.02658437437820459,-0.024500539172900817,0.3377101784383416,-0.287020782590755,0.2650947975622184,-0.19115865058951026,-0.058867876424231524,0.16151944630583157,0.07204095421147404,0.10584612330097727,0.1302893717089094,0.05657402543806747,0.060965732006678375,-0.02690481036378854,-0.24663465480026106,0.03223324793559978,-0.2981972490403182,0.10862130865479745,0.1651605061913012,-0.42347706434345284,0.2750198311552085,-0.18305113427803874,0.018726682096376342,-0.14578876186795825,0.12838274445429637,0.02807072269175534,0.17674645637718372,-0.08431847554371318,0.13367129954487714,0.12519526590765476,0.054417838777411874,-0.25730495856933927,0.10172737595957831,0.0012373221679933958,-0.10155312183253631,0.30473898349511314,-0.20167710420599244,0.15654576171625773,0.06879344080735184,-0.15957934473646468,0.12809508200554248,0.26078950754040536,-0.07869850201114893,-0.06065277220440302,0.11048368259382645,-0.00695160014470438,-0.09156117778316353,-0.14198545278318453,-0.13355686638000472,0.412716960168749,-0.030398935498987534,0.16321746863117156,-0.09506378328579927,0.08106616377950943,0.3185631478267987,0.08631830229549206,-0.10741942261364557,0.08714615317353108,0.22421084249510417,-0.2376980465600871,0.04760323470995842,-0.12956680007718463,0.279661100396855,0.12977858912175746,-0.15103274514079063,-0.16646797360821577,-0.285265318418777,0.1346464576340899
-0.02217056395865983,-0.05166477861999134,0.45542408948654145,0.15286491145555853,0.07196294671219133,-0.3758225649537015,-0.19031280408474988,-0.3020651581135171,0.018868382379386324,-0.28306575318841415,0.6229931177302872,0.15948834184326593,-0.18621289060647875,0.14264048492052026,0.29267884450705633,-0.042953771744989745,-0.34310651369989614,-0.17637421751770296,0.4154876519545984,0.039872299165726786,0.10017857507721727,-0.15525949745630474,0.006894876318671571,-0.13644149420926485,-0.17429233913266645,-0.22679563740207792,0.040648176332500154,-0.09756379908663625,0.06194622787884357,0.09410864286021597,0.24660254767917553,-0.09659335623503942,-0.09139489696180962,-0.06431010822910928,0.08372444801647538,0.13521055118681527,0.23896525787410064,-0.26744478402731625,0.09582490792022934,0.2881136350842117,0.3656906424761685,0.0780526329494593,-0.17749474643951874,0.10489413917363849,0.09302987724905284,-0.3784948259305688,-0.0589505192191045,0.2268014219104472,0.13619624259222582,-0.23972317021976364,0.7274425796019549,0.2562918199748968,-0.09860456060217364,-0.038855695215501196,-0.06417258142832093,0.5027053456382505,0.3233145788971459,-0.02586965574083152,0.1949984920663722,-0.13579524954367167,-0.05610132589252036,0.13508636814448527,-0.38028188451180783,0.2573195619686398,0.08748896857714243,0.33741651894388996,-0.08872942684367015,-0.12300373333014954,-0.21006648501892322,0.10820603549199374,-0.18108789857803148,-0.4447462074280372,-0.05515603258147375,-0.021387298668473526,-0.11580161498494129,-0.27104290783049273,-0.13462625227430886,-0.5194105187742342,-0.2775173815817179,-0.46670226101536766,-0.3425206268625707,0.13390331068313677,-0.5021332318297336,-0.12852712503063224,-0.3104386574680149,0.20333549832278425,-0.2302823637044,0.2125883094955729,-0.30718030826774095,0.3264760937016254,0.01898438329898867,0.10734669916968684,0.08316233986685273,-0.20972257926463383,0.5190101985702391,0.30533163117578754,-0.3338190952234648,-0.5759631767587253,-0.07029700249556621,-0.03611850502345318
0.21136999976242338,-8.601654109361215E-4,-0.1980228434773745,0.12062748445565734,-0.024873124519546645,-0.05625966494253464,0.33086301430320114,-0.3101603475895322,0.3003200333971298,0.26615616512731227,-0.18976664120176168,0.07196298713611333,-0.056709574660893526,-0.01844183091843228,0.3422535990375276,-0.1919800648275309,-0.2487130677826265,0.34388817191546545,-0.2044893774449465,0.1539969915810802,-0.15669659944442213,-0.04694567987913776,0.04280468810491054,-0.023178898333326974,-0.35882544656972043,-0.32263566257348786,0.05815611870589425,-0.1957225657043999,0.43242674840295214,0.10315772573091467,-0.25614326051951486,0.34667018811322037,0.033205274034078656,0.2809344729316577,0.31078854913266146,-0.39219817960924525,-0.2065721644895841,-0.047945076735106146,-0.499407337809681,-0.10445638047914442,0.01611988787304816,-0.31906108691905355,0.04922673410021598,0.14679529086935966,-0.14951896220098615,-0.2518831428563008,0.7491471087654047,-0.11419682422949458,0.7183861709018301,-0.2380222656420032,0.12475202875811685,0.4204191611518722,-0.3638610726840051,0.06883133862630451,0.34215750184517346,-0.03321932452578673,-0.3384657359766637,0.2922716323220642,0.13809612040695315,0.3807423094894475,0.054933053126287025,0.4258106652569265,0.12326472688604101,-0.15167769189033065,-0.12684313058551006,0.24795997270522604,-0.4512252767660439,-0.14916733619587155,0.32768545429413065,-0.14631918937107746,-0.08889559514308652,0.251211592195269,-0.03566216157120962,-0.08924835656290539,-0.053531592344872904,-0.09611372331332864,-0.2890905253518714,-0.2505722257971345,0.0621820254393805,0.21225484115294582,-0.22754077138660606,0.3845436745526501,-0.3837788998784302,-0.3165810276795438,-0.06652162283074653,-0.016988891509773615,0.2516902025463099,0.3356849940149436,-0.025774366319937257,-0.029823548526227806,-0.5145076874965121,-0.08972585878973192,-0.33257257543679936,-0.25438238822999015,0.2101591560966756,-0.2859703643136348,0.08392036193978222,0.6222447010186904,0.11806542125545276,0.09806434407869274
-2.9870785404210747E-6,-1.9737221999211555E-6,2.294907394559746E-6,-1.63177853528658E-6,2.432152785653553E-6,1.8005116710537845E-6,-2.184992966117693E-6,1.1573945278271771E-8,-2.553273630809333E-6,2.6863983116063127E-6,1.0208232513092145E-6,-7.549002264713166E-7,-1.6703450151416767E-6,2.896060782222542E-7,-3.2169300139316973E-6,5.004933977719962E-8,-2.3088388115498215E-6,-3.0174959604379153E-6,1.576437994830929E-6,-2.189458759918408E-6,1.8127969723388416E-6,-2.039812860986658E-6,1.654688371059042E-7,-1.9427819519092176E-6,3.0131526421873867E-6,-5.75366249265535E-7,2.8426907191597705E-6,8.430716144047515E-9,-2.784781724174447E-6,8.139749552697405E-7,-1.7969608546115264E-6,-1.968905329271906E-6,9.218598385044143E-7,1.303962963650665E-7,-2.727136809035469E-6,-5.676275424416676E-7,-1.2710039595350532E-6,2.13411032954331E-6,-2.74508431580525E-6,-9.593812087456703E-8,1.2716242826788313E-6,3.4475446362970046E-6,1.4891784994763107E-6,-5.22794398054775E-7,1.7031705285696232E-6,-1.832343462843138E-6,-2.620270316772597E-7,-2.170566045016472E-6,-2.899755344819164E-7,-5.770801149392888E-8,2.5891689290713816E-6,2.1968077063552635E-6,2.408820277359548E-6,-2.3613829819334218E-6,1.6481296664644313E-6,1.2661061254582486E-6,-7.562470542109706E-7,-1.367162177973704E-6,-1.517252055726359E-6,-1.5402393586961359E-6,-1.2669171221436146E-6,1.298858079518445E-6,-1.40612997195487E-6,-1.9580821132949968E-6,-2.2460879142714156E-6,-1.1715740585186557E-6,1.4772682869412946E-6,1.6852906710689433E-6,1.4451864447010914E-7,-2.1613862345828667E-6,-1.1683697714396836E-6,1.101646388178324E-6,2.116822337460157E-6,1.7061998163912873E-6,6.061791293988401E-6,5.620753017260753E-7,-3.029729111457913E-7,2.3460212507145518E-6,-5.72452680815516E-7,2.8608595826016553E-8,1.449894883130729E-6,4.779943253894841E-7,-3.420582770110231E-7,-2.0905752707978443E-6,2.6836393784519026E-6,1.4664546462912934E-6,-1.2345408103884874E-6,2.442202325411774E-6,8.012080388965754E-7,4.937871164505642E-7,-3.630966408396056E-7,2.023527384874173E-6,-1.9005437622758985E-6,2.0616813457137964E-6,-4.733540290617582E-7,-3.3815628813027837E-6,1.7664023262600346E-6,-2.211091187555304E-6,3.7872225200669337E-6,-2.724613270224812E-6
0.2107124572047872,-0.18792998687795137,-0.15051004499512102,0.14457510632316278,0.25465616047600165,-0.12139604113550351,-0.20210382302558308,0.37052179462606644,0.05732272994451593,0.03921603569351421,0.20482312748647843,0.17027313308188258,-0.007809115531565773,-0.25626545980308746,0.038861663697903934,-0.0513226649352292,0.09850081020926549,-0.0681803224003676,0.09234461679190584,-0.10473563638585963,0.17260463801012557,0.032930763429114,0.010218780987726077,-0.3445975680837228,0.054208014785840565,0.06734523340330345,-0.11802098161214437,-0.07776180096263464,-0.26741244252409807,-0.08596899379523307,0.22977020945427573,0.2581886065985421,-0.07562448451811508,-0.07148346034841312,0.002527112889141577,0.02705731416573996,-0.07776155066718234,0.185583308726764,-0.41391328071542155,-0.011011119783078189,-0.11973156142008017,-0.15591847536013398,-0.12402155724328397,-0.019712486887175595,0.03750558171532535,0.08874442396072131,0.08476648909055204,-0.14528477100226803,-0.09464422159594049,0.013307527395932458,-0.016730348079233865,0.010395909560105101,0.013938702244704677,-0.03787112918369161,-0.11563801554520443,0.16390114651896448,-0.44104502737607554,0.0929647106576694,-0.3346583713997394,0.042018081363405756,0.01312244543531932,0.06947607681216053,0.22137373171455918,0.26979499483054326,-0.2797883408531752,0.26276231597207883,0.042267806503985816,-0.012018450738201299,-0.18784654310766105,-0.10425362604085656,0.11315741365879664,-0.047437563713457254,-0.01663078198812064,-0.1231892998182663,0.07254842651015447,0.06704581964847517,0.0019170415781214606,0.002953687314823623,-0.10056575471184423,0.0025838494945013323,-0.18258270205293695,-0.0735893930413432,-0.048144600734916235,0.09847304111608184,0.2150819354702516,0.17866004823525422,0.045510893688695576,-0.061465154169726754,0.15037111703106157,0.042467235533606956,-0.01910480473541755,0.015648004526278805,0.3507944033919849,-0.04997045914431338,0.08042969452889595,-0.051836576050973214,0.2869750783562098,-0.36160499991496925,-0.09032487692774202,-0.02705138906092776
0.09376802031075211,-0.20309604169974713,0.15814392487913617,-0.1836238015969541,0.33333387788368535,0.5742043235385774,0.8285756803973946,0.16114159651912793,0.07940123511493818,0.266437162699432,0.1184480778489349,-0.09207640476236631,0.13212938316008704,0.009072287504519261,0.2688850770241519,0.07778463067390981,-0.17604912044812576,-0.5037211307985857,-0.2794024650169583,0.3400036188441349,0.14676563251625474,-0.4541919318155866,-0.06654946340603511,0.14888563129040022,0.12956925730619911,-0.44597180476668224,-0.25443773717074797,0.10986469224528098,-0.08122385653438922,-0.20957973514946965,-0.1312620791364236,0.3353902967970442,0.2650374203968602,-0.21367366809714597,0.1874800079326668,-0.40515276020879165,0.02695114647057888,-0.012347139917396895,-0.24677154579669794,0.042959839668943234,0.20510274599137615,-0.18548247333794218,-0.2655447057682318,-0.21665533252050614,-0.20202732683223257,-0.12235798916093332,-0.09639973137045287,-0.20347094813725816,-0.25656446044735776,-0.3695507814507384,-0.09274138736787187,0.16690953011561213,-0.7576734211456331,0.020132976559178895,0.024577958675500014,0.040033705597047935,-0.5539887637234532,-0.5690811254280633,0.28680637470377035,0.19431980239691926,-0.20718259775320358,-0.2748993138227395,-0.37064813907622746,-0.08296528953753994,0.31978928671909274,0.1843911806481523,-0.4025593478438076,-0.10021365022534007,0.01786106118331872,-0.08840888933749712,-0.09770011617172983,0.08335183372137905,0.3345482650555879,0.006793565396685948,0.22466398934897314,-0.29408990464449647,-6.560632123761314E-4,-0.2541999210153011,0.10213887648893688,0.40141413659723496,0.028487140328378208,-0.32613269979250853,-0.5530742673593689,-0.01720095799950314,0.2390545051174865,0.21222502617673006,-0.7102951112224952,-0.04380704824704004,0.327358355652185,-0.17853555890377798,-0.08143070643594803,-0.31291098580761134,-0.30568351739757904,-0.8118288441974675,-0.8019095565503738,0.20435005859740665,-0.3325394675937458,-0.30258691272284693,0.23919143977327845,-0.3726006393175633
-0.017447143408050033,0.02250550947350008,0.011853818386734037,0.010563923460341865,-0.0010542752848981256,-0.01709252745111495,0.025911504196581305,-0.003787818541485957,3.757393175116435E-4,0.03185859270505845,-0.00674215643327085,0.004080617664918442,0.001888560635383632,0.02225507398532763,0.005168453480885404,-0.02051641026901011,0.01651205749634637,0.012656432379763192,-0.00795310448174431,-0.005740910853532257,-0.018550889631241553,-0.004328387144415637,0.011540223853867769,-7.988175174655942E-4,0.017558258777428514,-0.008232719067761879,0.01014455014630978,0.036865655672100026,0.031599405886393386,0.033514568678687996,0.008324698227536984,-0.01745964177493538,0.023041160456009766,-0.014729111139507792,-0.026196272536914193,-0.022857671824388137,0.017428183358194196,0.012504534173601518,0.019333703706106965,-0.01881229425087708,-0.003560106112835961,-0.001866916077945912,-0.007763251311277872,-0.010492408597087754,0.007638852529002631,0.038288973346868815,-0.013765458796763115,-0.008832597924196595,0.006745917126196352,0.04583352611569913,0.025590871648723045,0.040728374493815694,-0.018290909120928595,-0.01811330071871855,-0.011883411324715812,0.0035174223241235744,-0.01919631160401898,-0.004586363623500549,0.025381250523388244,0.014043302980410741,2.845618351711789E-5,0.004306298021254109,0.014604078257491377,0.00628149850013829,0.0026461637645275207,-0.0064013606700281615,-0.01529581384728183,0.012219003983785635,-0.0019029879616015793,0.01325862973113607,-0.011395272374851847,0.024286511954681518,0.027134650527889395,0.016464757449126007,0.003654876796449111,0.0025247307210810124,-0.015171767466179506,0.010964595603082076,0.028457506056738694,0.009458062818297015,0.011943895876127724,0.011263020340715125,0.033504581078579516,-1.314599808590961E-4,0.015486327672006526,0.013594538670519667,-0.003078247512431382,-0.018419859791410628,0.03037811378280976,-0.020608952248130082,0.011667876302713306,0.02105919506215688,-0.0139064379764895,0.015775227418978313,-0.03659093673061639,2.370987813684808E-4,-9.840798251123193E-5,0.006889855348058019,0.008332949349974729,-0.016783811447840913
-0.03511955238704952,-0.010072367750562427,0.05363044497257754,-0.0289736960550809,-0.025528173239529744,-0.026073056436788096,-0.014991077176875804,0.0055021001199836855,0.020815211325250344,0.08730483071764163,0.10641152418677527,-0.06763310564189613,-0.004803596208844888,-0.023144774017704515,-0.05201928626498513,-0.02932062918809172,-0.0032828313628027778,-0.018366791024909082,-0.032334675185102704,0.022201685318145276,0.028368081464226865,-0.0267580057690066,0.02818772365026024,0.00537595764766676,-5.538654027188027E-4,0.045091575899973174,0.08279040480598054,-0.022339312972107433,-0.023864148291234396,0.03827206033953398,0.11738425440475603,0.019990158167341576,-0.04222888867216039,0.09819243212225241,0.02736521250782594,0.0071559613218177085,0.02863113714793356,0.014772817424705367,0.04983695713189219,0.018017371618328743,0.025050033628551852,-0.038612141430966994,-0.023017814614091095,0.0025025218694227766,0.01143895893723771,-0.0031506433249143227,0.0829646703354921,-0.034676777604132236,0.06331959374756074,-0.09478432057717934,-0.025327131191042282,-0.08988684351674928,0.04355040646265298,0.0065465011600039594,-0.020285494080827433,0.019085418656782992,-0.006975662933643211,-0.01696621264439575,-0.08025211285826869,0.02075961860183226,-0.03240809428731603,0.041483959844019966,-0.025804445118231923,0.047742984696116764,-0.05827198672074015,-0.07757023679252403,-0.0187808764716788,-0.01675713250556096,-0.030615382623628708,0.016893569417320627,-0.012743513401546575,-0.056035089441081605,0.04050106927469163,0.020030663119709635,-0.0038088394005412573,-0.031841821261839945,0.0285865973210167,0.0013185931698876728,-0.015557348676701176,0.04883943667389366,-0.020814546680165275,0.06470078301578963,0.046666740963840415,-0.02558734474535189,0.041565301202911416,-0.004885076602687575,-0.02467191543791114,0.02807935865838135,-0.06834344994587682,-0.004903467597610114,-0.009772362615960609,-0.03405726175533124,-0.018008126172893678,-0.013478492337568738,0.01604685621394509,-0.008068952359926147,-0.14416516194414067,-0.04445982268286567,0.035227033983038634,-0.04689257303048341
-0.0012709814678565372,0.08718837452638664,0.01577094703113434,0.03515405872791173,0.13258194902388154,0.016033851896967828,0.06908863194071435,0.18789008525366518,0.02396978884549693,0.07690222908570533,-0.005627957135100214,0.07720591091397895,0.13267127085268993,-0.016740033536665984,0.24407018725135396,0.04616260376299746,-0.12355717035415623,0.007791117812172365,0.0029964650267871942,0.029324631946919984,0.0038270444191563532,-0.027537181698768533,2.1508744637492835E-4,0.10596886501071949,-0.07237916353491546,-0.31031516768447776,0.2434888791564096,-0.07840014112970159,-0.06406040992622061,0.13230938231949702,-0.12474448370130126,-0.014210496977601406,-0.005856733377231946,-0.1270136696753423,0.004977448349467902,-0.025753369481807478,0.16677637885615268,-0.10254360195005195,-0.10422857650795737,-0.05509905325310777,-0.01255263261173728,-0.06150474692052912,0.003945082795354333,0.013416409918809293,0.012857321428657805,-0.17840272310822497,-0.12003841150930682,-0.12736077581545244,0.07099968351464758,0.06173434459585373,-0.16497064555024282,0.0731132990592115,0.22056648508631477,-0.08052765863776422,0.12363547641088911,-0.12438824820493051,-0.020013484480026725,-0.1261270749250992,-0.24341859854407344,-0.04041770946840065,1.916346783159182E-6,-0.06806126452190134,0.01342623544877599,0.08232112626169302,-0.3428289436299568,0.08709089606129214,-0.08242600301020236,0.07931066559353997,0.03312613375055703,-0.2724360107435579,0.042722036732264025,-0.12186817323592944,-0.060131483305579644,-0.08712724140100929,-0.18089598661921752,-0.06293449281641694,0.08001491920910264,0.041415773178893577,-0.03211397772381265,0.03835324468827883,-0.06246608404497049,0.3322625890051121,-0.18116100273785063,0.037243566999331824,-0.03256545252073633,-0.06980632634838096,-0.05041837761382997,-0.026779708793324294,-0.1694928393645617,-0.11695826600493703,0.07710082617660335,0.010719380860164527,0.007269670943699501,-0.2541949345310998,-0.09977225374435837,0.039882985772270604,0.03454401951792852,0.08679434758693387,-0.12546012671638912,0.18468871804105363
0.08854598254497732,0.005576091827149984,-0.032200516031750816,0.028989117016524766,-0.02280593373591848,0.0020595353688254974,-0.045909456470904796,-0.05805173838566624,-0.34324235359743976,-0.003294771470225643,0.22986661750248344,0.25176543713981603,-0.07481536792474028,0.058906262400529284,0.11780616299106747,0.039708873627698475,0.09163452086872462,-0.004100189117177263,-0.015725716444202134,-0.11756409887716793,-0.02666252178636728,-0.0490755355307324,-0.07729372559608644,-0.04905185016125844,0.040948701969730064,0.03317178411467589,0.1469665403765076,-0.02430134132784605,0.11200176095687495,0.05396816880687281,0.2778881624427088,-0.002871617740354861,-0.12001951457060478,-0.24828971684070694,0.03845450597248559,0.0776562896032926,-0.13974770813415963,0.06284943673252032,-0.08363889523919307,0.03393436861390947,-0.08061117462364673,-0.18283251224893024,-0.1279967850560475,0.03780517529080814,0.15938035456101546,-0.05036355448759879,-0.277936842367888,0.09522916890025868,-0.16213694742874699,0.04222365003153683,-0.15110004696290932,-0.25096590632179233,-0.14384882073413835,0.047963308290721166,0.1893309209770397,-0.13116953383716,0.22890338474259717,-0.10571033167751054,0.08090608879766834,0.011506923321004248,-0.21757169632045184,0.10527111715515979,-0.11699902081417703,0.08032961413623652,0.08838796929465129,0.20196211090460853,0.08643493059705698,-0.19038131811739045,-0.22202153355056578,0.17126141071289508,-0.1413426892470602,-0.12777432090968693,0.06782579807796633,-0.071638726433779,-0.07829222757227301,-0.1477698432478202,0.016461751239049045,0.12047511761521273,0.3047707713051114,-0.07316107361323981,-0.18258755293514733,0.18025543498298327,0.0874444742077182,-0.02943046904420462,-0.05187742990616117,0.08771376320403233,0.11790916392094514,0.14481160881258,-0.032888035202591356,0.45431152486934046,0.05050083367002083,-0.09492547984594955,0.17968269639367612,6.758392134346087E-4,0.05237440989033655,-0.0950585337866152,-0.07685330327064324,0.08912088779580257,0.11421861576476541,0.03857747233828326
-0.26585018539047806,0.23313674876642598,-1.0761673637309355,-0.107586011068085,0.1467192079051648,-0.3316412289618367,-1.0787717015357425,-0.11453772893807508,-0.4627116504973648,-0.18066840266492268,0.5580397388617645,0.3224657532600709,-0.37901397156840044,0.4325460892051057,0.461970578873233,-0.8741219058001451,0.48247758440213356,-0.7765855383458107,0.0786067704301977,-0.5870929219303287,0.16453505405401217,0.38991003972224897,-0.11524322523464607,0.0027535960872073,0.4789188999886468,-0.2588095874360921,0.1189955939380939,0.5043782686734467,-0.6201461265373611,-0.4060515038259713,-0.07379617893121279,-0.846243791571845,0.16485609375084467,4.285280921777852E-5,-0.15580336423006805,0.3661027637730662,0.04028287932943396,0.5457798817901475,0.07202912133951733,0.752752441105133,-0.14946312569300516,-0.031794367431097294,0.3454619078048423,-0.17064194079742356,-0.3255817830432521,-0.18041366848920476,0.4018636097671872,-0.3812619595060533,0.5461232352290166,0.34738880241877484,0.18980797623459292,0.5031047175099167,0.7876697034907344,-0.8441456406723975,0.33058315863123444,0.681048935828198,-0.4223988652510125,0.16134545406625908,0.23208805307621933,0.01319592643770044,-0.7228465081399441,-0.4337291563657124,-0.17337978912040294,0.14556991581032053,-0.35964983943793727,-0.345775433114892,-0.6383119149589412,-0.26798530556270017,0.3204258071784167,0.46996380162084983,-0.2317808398493926,-0.0663949781516785,-0.0618876851540225,-0.540277472647221,0.3230507216180812,-0.7284014314971278,0.07675860881348456,-0.1498940240892429,-0.12400015222744012,0.42433726973293584,5.189203969620873E-4,0.016026410072334723,-0.07017870788404845,0.23167563021021104,-0.04200320894701794,0.0715520262289847,-0.5391323447677318,0.8333003513739492,-0.06997171337770891,-0.5148323674462078,0.6980281962074378,-0.47281174022048233,0.05342488439759542,-0.02683211885479192,0.19954648579502882,0.5783342321124745,0.42930505907189614,0.4637672550748469,0.02604634744902444,-0.3584747443094653
-0.07762673033184575,0.10281181236719775,-0.017965546625492372,0.04601259732651476,0.04781746776306461,0.04975774039736221,0.018741978056394888,0.1525143366088666,-0.0030294806121752716,-0.0162644229764964,-0.048383078497017916,0.044632183355109406,0.11218183288144543,-0.009084449964218786,0.055037649130138006,-0.007580062866412972,-0.08324540786713994,-0.07415920448574836,-0.014239036356733532,-0.00859775442721495,0.01714517042741164,0.003366633705653459,-0.009043244641750674,-0.03746571253248543,-0.050188157130392465,-0.07399851844537285,0.006463941798820384,-0.010775146786622688,-0.06638188944171015,0.09224132094524844,-0.08625405949466879,0.01748168425312624,-0.03338145034640247,-0.07386343133841605,0.047072047762570964,-3.1493566243729227E-4,0.03010125823491511,1.9798012647245786E-4,0.0118710729495532,-0.05099564093600474,0.0025131852515774223,-0.014402476090349869,-0.02700720028524552,0.0508499278430838,0.11785605281148656,0.024845510757144113,0.014775135484183343,0.04892570769785353,-0.030024525527453185,0.02634921250603096,-0.03677236925182884,0.015991198694617313,0.022918526635958208,-0.07520254121740719,0.021214453500102162,-0.04783340814504966,0.06611939858955969,0.006897788673286761,-0.06829877207886,0.00881836321198377,0.01439315377832838,0.009246328418833683,0.03258283058423228,0.08808966081293834,-0.1163638010594433,0.027587080110867763,0.00794341120489893,0.005326174019935848,-0.012840564644804707,0.016934705565019963,-0.01578965494327024,0.012205493537990452,-0.0494451432574815,0.04572915520188177,-0.01345362039906328,-0.04785665104355346,0.014205490086688251,0.0037912696528007482,-0.040761927206842165,-0.031005283775256503,0.04267858812608566,-0.024299602838655756,-0.025391776740118097,-0.04328594385015435,-0.00935815249536148,0.023018408670266163,0.024075085954368625,-0.035193611061268504,-0.1001482893475137,-0.06925936986971566,0.09769674152607669,0.015068440311462008,-0.010840398387951424,-0.076175708805545,-0.09909383671774642,-0.014277515967319129,-0.0117230690453656,0.02194208116363986,-0.05320798953375453,-5.911638811176188E-4
-0.009654865588572452,0.2081687515039483,0.0314834464820123,-0.0696277517288004,0.057220698332459206,-0.01353903340674421,-0.04630515526795176,-0.0749673022218781,-0.09822606529975822,-0.03201255763921144,0.22006881213539953,0.0024352220771262307,0.03934470322499407,-0.03669670896806374,-0.029839649246145857,-0.10907032455318866,0.11444147268560458,-1.3749622893853683E-4,0.05802066661268302,-0.11919167863084836,-0.14818584125050177,0.0740271899604708,0.21813612377757602,-0.05644048473914793,0.05005486144766408,-0.05961313678706009,-0.18648607800144204,0.0645286960846096,0.05333968897097525,-0.14659848299910644,0.04155571229108418,0.01706262120268693,0.14355734908267598,0.08041822625241747,-0.09713203698975206,-0.25390525171898204,0.04326349323904443,0.09222208884050478,-0.07332636733816399,0.0709148470088408,-0.11202715265576069,0.0740506938080975,0.0017736104366206503,0.11199548287576712,-0.20105927863576906,-0.1268129221720483,0.02916563070607233,-0.1540767215952952,0.04865053299935292,-0.06879239670875706,-0.0055802477944445735,0.016925789677000924,0.12052384117239526,-0.025152063077587685,0.050706882932308996,0.09813088197969459,0.1291297461792732,-0.15359946168464375,-0.08815625930968933,0.05632396911705456,0.010719699854465324,-0.05456131086572318,0.16426327710031938,0.10484963763772491,0.018302798327180327,0.13438027239833725,0.04755138153203436,0.08201898616829159,0.04205786283942754,0.29788565964976277,-0.06286345497146521,0.21087516423381977,-0.20293995949340443,-0.00866430539117738,-0.11856307969420672,-0.1926316503188755,0.14696353795421008,-0.1041516841130146,0.05413459174528547,-0.2976682279219194,-0.13171588688992114,-0.14148828112709247,-0.1694825735978686,0.012478536496336887,0.0011195225360133795,0.04913792692005592,-0.13472104688690972,-4.462526980420775E-4,-0.006323776255790933,-0.0693678125091146,-0.19023333313993956,0.15344972441855265,0.056304464379181594,-0.02330372574885678,0.10540068710828009,0.006939247808683174,-0.16916379007082993,-0.10070477052910039,-0.22256497871593212,0.10893447068537772
0.010043579230732286,-0.031184573881713057,-0.1443050399174447,0.06665713024683693,-0.2821526965983882,0.029213513608593752,-0.11480555149401438,0.16935620629543335,0.04474922601652766,0.26409354087449527,0.20212410696604213,0.2445709888621188,0.31133762211229987,-0.05785052848788758,0.29651410294566616,-0.005294230826666898,-0.03596048838951564,0.07920679561977019,-0.0669512221725308,-0.24462431663623338,0.14524887995443342,0.21079684339420646,-0.1257035158668915,0.06675503289585774,-0.12850882310918052,-0.09056947006459135,-0.009079395917623417,-0.08193991838812058,0.1613477435877539,0.1657609823612483,0.10454605527773655,0.030467500754065038,-0.1707935506065765,0.194039208889504,-0.09703951285011882,0.1420307953654666,-0.15281420453066566,0.2022651292650021,-0.12914967494791546,-0.07287918079739698,-0.23200454763222986,0.13987881494273835,-0.11418421669737629,-0.05110380627854725,-0.18105142832089527,0.1285790476539667,-0.009448172476045182,-0.17602061443924324,0.11420292968301228,0.26442494945232753,-0.34688691468037014,-0.49398901326926253,0.2987780192245095,-0.06016890287704476,-0.06348433367431071,0.13437312633253756,0.16043775719869952,-0.1615116153073844,-0.09105645503599868,0.139601369500465,0.10495279631311927,-0.3466554183194571,-0.17537079645344122,7.558921286546006E-4,-0.3751597560002918,0.003989754302471564,-0.12179913806785529,-0.2793248497282679,0.09049837589131729,-0.09420677025358458,-0.10793279704740719,0.022836683881250434,-0.051495246794794294,0.23430880483650826,-0.35645604703295436,0.11841358768831017,0.11122076129205843,-0.16899900432100842,-0.19787495857672865,0.24177475841703716,0.09351007308359349,0.08120595667103767,0.26971100787581315,0.05029869540699057,0.036062096584560915,-0.12367953456529954,0.13560160884967698,0.5161929411255157,0.14079413261039928,0.27022864188244705,-0.010546538591749782,0.14686161517804144,0.04023426870565964,-0.25323879105266944,-0.11388430862494246,-0.19838983670471474,0.2295080900163274,-0.23190760670404065,0.1452447962972603,0.05006760854330929
-0.09087573055006472,-0.002755063433992225,0.10475630118705082,-0.04197226999227317,0.11945706400997258,0.003187901979744412,-0.0037221607238898374,0.12627978296845102,-0.0534583226112499,0.029652800112716902,0.06453143446210124,-6.231160177984866E-4,0.0047634737872109196,-0.029509999078754547,-0.09665747128186299,0.07378895270556615,-0.083311277890921,0.05830473786523094,-0.005190490439026223,-0.07475333880596279,0.03118489109282451,0.10834786215155506,-0.06512507362373365,0.021929010226249396,0.040806567018456655,-0.01253897418871565,-0.10209663247809857,0.020666571146449868,-0.18389504623377176,-0.007082154156741787,-0.03894386243870426,-0.07138997187841316,0.126712325159199,0.04543779267872792,0.07082248020801428,0.016580794847614846,-0.020756410038581193,0.058316540758905806,-0.01849953110127841,0.05265249998150774,0.07538205348747286,-0.029454961442074344,0.05058246178506533,0.09882302298193364,8.580548939580641E-4,-0.022056532121984593,-0.017173824348853266,0.037978370139778346,0.040009195960454276,0.03546021399001493,-0.04460914610636261,-0.08761078077419855,0.09786671622317232,0.04327969692490743,0.04233551664446077,-0.03300341783912796,-0.04313132906319728,0.02214370860181493,-0.013530869999550763,0.022521354709352643,0.002800780220170324,-0.06634909825356114,0.08001844537700832,-0.06474062026010961,-0.10606079938667885,0.07141922285269266,-0.08326501030298826,0.16912786061361687,-0.003107954118108846,-0.03255967491588381,0.02412920533532667,0.10201009028371104,-0.03437396368368569,0.07232917500283201,-0.10689506099577438,0.11072618577113143,-0.11433301888453949,-0.061480487321648854,-0.07592715110524366,0.003027712056506593,0.10114183477867111,0.039795393968426046,-0.0019526511654122812,0.04911405332607663,0.049345396272149004,0.045151244116365646,0.04342659246793201,-0.061355042168720515,-0.05531992016390099,-0.1365624577725706,0.04278212601014213,0.10077767961799314,-0.07853342273088666,-0.026555582015809546,0.05433112755637272,-0.04243848815298537,-0.021672538150508566,0.07787844615732101,-0.184147135981529,-0.018357366872998014
-0.12046981286084694,0.4000211645985676,0.37212439103291994,0.6388584181467293,0.23365908023680212,-0.08156637276767491,-0.09943568517216024,0.90221204837273,0.007841334612774536,0.14767727900911368,0.5307345339703403,0.7232117766511941,-0.02890669737630063,-0.7596736448120035,-0.1471570690796025,-0.6946442547681255,0.031037914582462585,-0.29623505322695554,-0.25632627725213974,0.9456708090678322,-0.09796031532545246,0.31646365902107526,0.2332109626364274,0.2744183104744989,0.053881297944561674,-0.3484261420513612,0.2784081115946416,-0.07670037794941056,-0.48720250666721193,-0.5354627734532432,-0.21231018668531987,0.21232160468702785,3.828080130743144E-4,-0.8887189589546972,-0.3728384513702187,0.1463497387800506,-0.3567464659445877,-0.33571576732322334,-0.5264666236208232,-0.5710378072814306,0.30864929564580174,0.20911104130482816,-0.06767672232983243,0.19432213563218811,0.07030325246104413,0.164198071949363,-0.2816973801076541,0.395918701877964,-0.3278619154118566,0.2879416834565834,0.4239307262450639,-0.3110232587308235,0.053782467610862736,-0.4353793582708323,0.3887463950490856,-0.45177698988214643,-0.5534906963843339,-0.13797063967056808,-0.513664852285261,0.05076655813037399,-0.10386042232578134,0.01818894663492599,-0.11630155570257147,-0.3530997111832108,0.18992433989195534,0.21378963568532006,-0.02353065429518577,-0.2546791090202135,-0.09130040574660762,0.2961223418237135,0.05790690506573537,0.2567175260540332,0.10346538155122346,-0.3406557969270518,-0.5674496649343251,0.48413776996820485,0.23440753195034558,-0.4741544753065153,0.2089807820460188,0.5727697842901793,0.09455888087601852,0.17627034815858514,0.31073702975161793,-7.819285072869277E-4,0.3278185748507635,0.1851920716501259,0.5251790620686453,0.7412913038342964,-0.4630686591829728,0.47312125136481836,0.01771641408687142,-0.1514683491059682,-0.16392010063573495,0.40231473454292976,0.5159452600725393,-0.607925826602611,-0.14456090150915624,-0.22830593062573298,0.4422668392897017,0.6777026500918529
-0.21119593791024988,-0.14446394941950044,-0.33219400794234444,0.296600426322971,0.6277704354310666,0.07477416357729934,0.18138519963091146,-0.5091977233691338,0.0256470148895839,-0.103367334931686,0.18056782106153704,-0.19364575248539118,0.2320576435066626,-0.24706815988309663,-0.08455542831470785,-0.15061457172158751,-0.006239381742130012,0.2314483565802629,-0.04141116927206404,0.03474976104276619,0.20135047536513936,0.25069979246329716,-0.23971767225011795,0.020054923100106477,-0.15179286022684624,0.06764389150851832,0.3290654867576623,-0.0200411680102662,-0.40527526787544543,0.2449652031360129,-0.5381769825053195,-0.21277433063815218,-0.38507366177168667,0.27231967139069163,0.003985526232023482,-0.0675457747221354,0.013613034770227706,-0.5330177470051598,-0.19017660998543207,-0.022831454017827945,0.32232628022953785,0.34811938977935447,-0.011091876578126738,-0.2586188491845545,0.3552268808372219,-0.31462463695703624,0.37838496643260483,-0.1087648250533311,-0.3991870338373564,0.21373898648590192,0.4683637632161172,0.08159187071110087,-0.03210766228812389,-0.01234250556983638,-0.35465050085429967,0.27622326792505897,0.41919621356999603,-0.33140850001142097,0.4137193902664346,0.034447714076548154,0.18161404870138956,-0.13450322738628712,0.0072321151122024365,-0.08608778710764123,-0.01741485674237003,0.18562899041413136,-0.27032753259551484,0.28965503875823684,0.08204064337716617,-0.5258124120643558,-0.07964790916830052,0.1929136756002088,-0.35050162292545306,0.22203156308482813,-0.13572220485486813,0.14202759962743697,-0.10189550150207252,0.3558112104928776,0.15917991175775653,0.17585183162599902,0.03951392352465033,-0.2595457456264176,0.13862593978816884,0.031935733175921875,0.09242570857056179,0.24941452117338594,0.21764201775605763,0.16371185862112525,-0.15673344033524803,-0.07065193546716741,0.057063760944463984,0.21479864174709712,-0.10863001422127123,-0.37264592443863714,0.12092209666772256,-0.08262407495640602,0.12399974516993921,-0.0764566871647312,0.13336983682285977,0.14396899912069286
0.4527899661226561,-0.411887635569025,0.3502598002532193,-0.3834434516892049,0.006124353149068276,-0.06305642148617377,-0.5055489827039303,0.08289186608423695,0.2530426628718423,-0.552918372072525,-0.4734529996173426,0.501707893855916,0.14743454654236685,-0.13419149494564234,0.3124348858613181,-0.550017787674117,0.1794365460606432,0.1456478549598208,1.072920893991392,-0.6375944778333669,-0.14699551932476382,0.2967088782154123,-0.4782146598563293,-0.1888398985877377,-0.1483501984534197,-0.27976760319113064,-0.12851680738983615,0.20583680893530665,0.4622042174611242,-0.7295031703162725,-0.5164979949729133,-0.1380162331151448,0.1306804136510259,-0.8091731232996521,-0.2241631798625766,0.6231259169361743,-0.20271335560332704,-0.2112390489646942,-0.367181527256279,0.6281127312284437,0.06329025149320308,-0.13468717214560058,-0.41273761240292745,0.30633151943444803,0.06317501376405066,-0.4315193008210597,-0.4366477769144138,0.22390483864652724,-0.013393982559892895,0.4483345510641426,-0.2769139660092031,0.29931889150213814,-0.5392858019914107,-0.25346687205153456,-0.19390226224870008,-0.3330757340698115,-0.05993025925707897,-0.15864710737666313,0.3935741286497652,0.0149991702363357,0.008572060852321475,0.8890088463507343,0.27503595107336537,-0.346992857327704,-0.15378032014128093,-0.06916045659267425,0.48555846340745973,-0.0206461028554447,0.39245214030272346,0.34118875634443546,-0.015386422513330873,-0.15085871503787657,0.4265029289993279,-0.05658758634890452,-0.7488453516137502,-0.12711598014757433,-0.10370610335779161,-0.3741668892104507,-0.2882017020683114,-0.1960697044939473,0.02393144202583226,-0.03768537537350332,0.14967662589010294,0.34157551054309,-0.03656769598182066,-0.4407192280593439,0.08894875091277123,-0.23382662129668097,-0.06110823090039626,-0.5905517277946395,-0.03426201093944537,-0.5505061475570995,0.4323438030539336,0.0010339424763586257,-0.027632404571113853,-0.33838226367659013,-0.07685765159492888,0.26748520218074046,0.4127839720142323,0.06826083287898928
0.39325146779201187,0.2096899251228585,-0.061251207525511074,0.0651332285136146,0.25889376889436666,-0.1686814566137395,0.09774050555472386,-0.17965559751574323,0.21000642338089054,-0.1836731568364936,-0.07442748032564887,-0.1635193696416936,-0.36940691066442105,-0.026221366664901796,-0.04545995848649908,-0.32363447471414764,0.4426811898609745,-0.0767061234423048,0.36974708884472535,-0.06687063141500495,0.20258648286086772,0.5266262144211987,-0.15371766960301533,-0.308114336684106,0.002513669696210011,0.34898435053112403,-0.24046365698371802,-0.15085259659560335,-0.12109532114338806,-0.40690189338465543,0.3820927094213866,0.42589735173745247,0.06163927840495437,0.27822167601561665,0.12125424149954846,0.005363745241795236,0.17657003435887994,0.2316325435464203,-0.251181260230079,0.026115659274056232,-0.45269419402322425,-0.18209567314973366,-0.2582006184188188,-0.06159348889713981,-0.12443084261309847,0.05760673403080887,0.4362788377797094,0.19501898101165852,0.12156819086480006,0.2794015207171099,-0.02854947055567669,0.0796890630348276,0.2354085376224874,0.22931346845599376,-0.35619832274808044,0.36265617471328904,-0.8059511090269804,0.44410152115147583,0.16331129616640858,0.2079528295822081,-0.06486883059680758,-0.14099891210961712,0.059240482336524534,0.024035820733418607,0.1794071336927881,-0.13026079978756636,0.4359280762815489,0.020131474438870423,-0.18452381190927417,0.6747339472843968,-0.30834010903087367,0.1994492237771571,-0.14019326524120831,-0.16139371563227609,0.5716716396446657,-0.06226181538334497,-0.23508522214141014,-0.1644892400347729,-0.04950590904379928,-0.36951588803601587,-0.2194439610592018,0.08561336760542886,0.09015321132318968,-0.26515661957566306,0.3057003349993235,0.12827430889192842,-0.15960306657688245,0.330156098240355,0.6635344467136076,0.2021800123583618,-0.3669285042309627,0.21392979599918893,-0.18255074538570543,-0.13741251812232413,-0.17283087423769133,-0.014943664016048276,-0.1908049338034208,-0.31618496230938115,-0.07693573693185801,0.42649950494003874
-0.04355207385826851,0.02909533276125692,0.02178278056384389,0.05285285645999985,0.07295902237112119,-0.08978473496714318,-0.030818540193641913,-0.04605731176392513,-0.017763653871214827,0.03545659594947651,0.056952450250333506,0.0028557985631431516,-0.15202909771556355,0.009781518970158871,0.1544813156738146,-0.07472613802110462,0.051452133770789416,0.03399463933984263,-0.053902752456920056,0.12787029547183426,-0.07146198814940904,-0.021744511127391276,-0.06008489346906181,-0.052013821763371756,0.04375594272106004,0.02648455862990065,0.07939343330683385,-0.007845264726099407,0.0805094357953308,-0.1064205611643508,-0.03676185633523144,-0.028212562391935793,-0.05017438579532706,-0.08428697726303187,0.06132878635504781,-0.0688119196156099,0.06988361632489211,-0.024217214852305696,-0.2047275662975935,0.023511907833500822,-0.14296414689318554,-0.015159779145382284,-0.024295597421344663,0.03141451532901077,0.060751488884690466,0.04595893109772379,-0.058030679117801416,-0.009967642017782195,0.021763913780576,-0.06263964828363046,0.018335345036148278,0.0983700332409849,0.09012258130755979,-0.10105394572186817,0.06578852319145902,-0.0653616967075199,0.1289729933038506,-0.06431814342213805,-0.027117227877227635,-0.010588856729243,0.0165803177966403,0.10250924645980879,-0.026305303428004134,0.027797598214531614,0.11301325086897147,-0.016668614372639477,-0.008888983374856652,-0.044482022309773356,0.0397103760195292,0.021256128947137975,-0.02732100169847754,0.010668944955180509,-0.04785198539058442,0.078389129813102,-0.05361539523090189,-0.08441676401539973,0.024015181547950668,-0.060773022080484844,0.09862309260333584,-0.024676938188996786,-0.00795727498170689,0.037727013603637644,-0.010351016338236164,0.04371796372604822,-0.034247490556530015,0.01922632454168697,0.09015955772888112,-0.036905275859079587,-0.06992729215777786,0.048156309238192356,0.023714788686120265,-0.02078841737270733,-0.010308825156503328,-0.13246921187988223,0.10905521403381534,0.003985977635779316,0.13435143075393416,0.04448650247184412,0.005522981787165344,0.02396489636886557
-0.20600240158458855,-0.158335794654136,-0.1164600108524516,0.3697489547913942,0.1629504184458422,-0.034288834058034255,-0.215200411472905,0.005712484502089053,-0.4350565742496843,0.09300348045865327,-0.14349996551812746,-0.03821548750420142,-0.20806491110566375,0.2820200383802773,0.12250970246200642,-0.12797302894756157,0.12412633392776541,-0.10225490711774941,0.13789484996066503,0.11839114378399376,-0.3321045720464294,-0.05816711153018072,0.20906921363539654,-0.18602746994921146,0.14683011917861327,-0.08316536060941465,0.019161141038365994,-0.0631076120031752,-0.07514420832756612,0.20486372325535387,0.13398795483934078,-0.18220700874538726,0.2805670696646619,-0.3379889095121992,0.18406142017091798,-0.05546282469154527,0.047677354894395466,0.3953418322853923,-0.03711692545342835,-0.04792107432868421,-0.15024020435984567,-0.11481841497426967,-0.11688759115452095,0.1745729491570008,0.19038520999830316,0.1364583848967739,0.12177037285374007,0.034497402414905134,-0.10695005052360168,-0.22842494693174645,0.13666493852748807,0.085937936618305,0.09090248546385003,0.07880771665015851,0.05725601332953794,-0.01675614915950265,0.12287197784330439,-0.09558168796291963,-0.1631225799271881,-0.04936203706302117,-0.16351997507803767,0.17822884037462944,0.444111874294851,-0.18427734782267835,0.21421666180689494,-0.13190736658605293,-0.0745014719673084,-0.20761948421301898,0.004377952530435092,-0.07883598550320357,0.16186582818052186,-0.026838748103891218,0.2494410016861936,-0.07434214792123567,0.1267381704034783,0.06626986903204107,0.12464052560254157,-0.015452397691201398,0.17560680303747872,-0.14986903190018244,-0.2287711891584698,0.0911347410277071,-0.07795112705725259,0.11632216534560032,0.042810238186523825,-0.0619052416588975,0.06087058779681455,-0.16715240742126325,-0.09744108637909689,-0.018627321718651498,0.005682853749538266,-0.01924701211181258,-0.22650360861922875,-0.057653398090377166,-0.0040312868561259655,-0.002312557117742213,-0.013638195836096637,-0.1597703151862877,-0.024494552649555638,-0.15619404340296095
0.0715089189869105,-0.09598103665648287,0.03861485185263995,0.1335077072706628,-0.06679244244025935,0.006559824514421924,0.022922002869015624,-0.012121661547157185,-0.11362554991746388,0.06691291887203177,-0.015261567537484349,0.07064698181438864,0.060540872276600995,0.15426178037971208,-0.08645338302511435,0.1006507482786386,-0.09853736863558937,-0.036870471335304224,0.02024687739871878,0.06208358698339717,0.05784067573219649,0.02829420249108628,0.0650102187111222,0.0661254004154884,-0.07139202752551353,-0.09934224826900111,-0.00974156703481949,-8.485820963209873E-5,0.019540515960006125,0.1291267324109774,-0.00852254816714562,-0.09119137687279089,0.0751586059428789,-0.039562802110074326,-0.17376734733234175,0.10508148541220601,-0.05449408969605023,-0.07358980831894137,-0.03478843108168249,0.13425010638345541,0.17321714336347405,-0.003415538403616476,0.08088054883754905,-0.01759708613883378,0.05008963122321457,-0.01965840046005594,0.046096114528379535,0.12884579466723323,0.06530266684136003,-0.04730071143164653,0.16980254661562907,-0.014366072653644821,-0.05956044435188144,-0.021695882404109863,0.05441832734789037,0.06448288552397985,0.035973033873698115,0.08741168122424423,-0.007842784408267483,0.044554190473854345,-0.08752093392142297,-0.01057603340827387,0.14469804862532823,0.041437378059548315,-0.11474801940380196,0.1361085190407975,-0.023431626134617484,-0.04084954573862566,-0.12458797976358538,-0.07745313980804126,-0.12214290367369589,-0.059673217191203436,0.029434698589701123,-0.013008733983710902,0.0014501768063047828,-0.012929042064807742,0.02425488879083637,-0.14768047809810458,-0.13922585371598745,0.01631988020813143,-0.004640264772867547,-0.03246165514102614,0.018323586072378918,-0.02289124168439752,0.01982503851531129,-0.04972320421362591,-0.08890416308763105,0.14505061964182464,0.051699409658861384,-0.02251843405342158,-0.01738930858005589,-0.04614209610590255,0.0669961942092086,-0.13169130967343423,0.033586070407272885,0.13341303825660686,-0.07835570538165794,-0.23991424387669913,0.004152132213032901,-0.04006751314313094
0.16376164174334557,-0.044190007837539944,0.2623773604183158,0.2261746553067587,0.03702101609880126,-0.18253974722633728,-0.08938338756743695,-0.1272499918266983,-0.18792994873563165,-0.007542763016657711,0.08922499706013673,-0.26891966867814115,0.2623036494710644,-0.11528272576270689,-0.05543156031976682,0.04695476471895316,-0.23580185364816172,-0.09395428623874466,-0.04359180178497128,0.2294639193997596,0.03408052045281061,0.006234172095241075,-0.16571930161671572,0.2593056688479181,-0.062376055836856126,0.12976261938623232,-0.26147021380915714,0.07280704264827155,0.07509312074162142,0.10255238676582829,0.12372367616884418,-0.034615970351927074,0.10182668036777913,0.10626491943266102,-0.12872282037992983,0.029468961429528692,0.1535384468080415,0.13772393686691056,0.1868649959377285,0.176703114203259,0.19840329394195366,-0.10121657170593788,0.20016765021638697,0.33441149716209073,0.16597841780657213,0.07544349955752185,0.5533898952769835,-0.1144672090720445,0.24810868032731717,0.05675856215369389,0.01771613151176106,0.2117423224703991,-0.03739535704342129,-0.21802786562442703,0.2377259467473551,-0.12444496953822157,0.23512899679098445,-0.13918982148911296,0.1463477510148247,-0.2600773228518207,-0.011115604256157915,-0.06745761631869251,-0.07724521834959432,0.23243720386532343,-0.13481217444344706,0.09478830717806808,-0.1999874812258917,0.02365800530546722,-0.04196150147356104,0.33344500670167954,0.32308345012414236,-0.06636209501892919,-0.0029875534525408555,0.22039849068095274,0.19370995984640438,-0.049482379898240746,-0.03641512307921374,-0.22433044885815565,-0.3019126106706407,0.24110744896929284,0.23113344365578847,-0.10560311235582652,-0.17122993402596767,-0.039304434427218565,0.018563147239561997,-0.08521081042727283,0.10137872253411824,0.166596168772855,-0.40901967375430914,0.14011494246427628,0.0719772756474678,-0.0024662031008901466,-0.03627002150180365,-0.12698766376006465,-0.06056545076120516,-0.17735133482302776,-0.007078168409745497,-0.25520883194531313,-0.12195324496779693,0.0721105244073278
-0.24773393632157106,0.1413902489208792,-0.006428627963936706,0.218796037072313,-0.028694673918992206,-0.07415349820593548,-0.17641975962631493,-0.07473262158037319,0.3915139682944124,0.04873120653077926,0.11614162332427397,0.07142976553205364,-0.15954887974683188,-0.27304754667517445,0.03397811629806076,-0.279952935599023,-0.22775859276063987,0.22622911506024485,-0.11417986035760896,0.05160797226983885,-0.10420445345201594,0.08925543741939425,0.024961469486754897,-0.10354163259025184,0.13166855872668412,0.06273412714988137,0.20420159235269225,0.3393651493739056,-0.026633100896791686,-0.048848617148892874,-0.2786769793223455,0.3558856385315651,0.10248483520719961,0.021973099740521123,0.20697844129006657,0.16265186550425975,-0.3112503777936034,-0.11989327777909445,0.262345334094612,-0.34570404564922896,-0.009013175646631516,0.05742947667948111,-0.10469671549848085,0.4911987958750729,-0.3306472961486044,0.14633226273691965,0.22410604183964375,0.11858673167634359,0.20825649374056615,-0.15953976585480412,0.3207462278281225,0.17369579837165414,-0.18996373515290454,-0.006648609672819101,-0.24841310979287115,0.2600896655358031,0.2808539897915719,0.31232270483684726,0.2587069197921412,-0.042196568369333255,0.16781896329182897,-0.2455808808942649,-0.2588800280372801,0.052091786727213624,0.1951516088874848,0.06720787532119765,0.0547900913261059,-0.14919926219965227,0.16483543605640996,-0.25777316683797413,0.0673020849601717,-0.008327872138446511,-0.08086259168610715,0.24202401583807012,0.11280385607094012,-0.06345436875698802,-0.07026783791294082,0.2511735418416751,-0.3775826964029926,0.04894661421063329,0.43000396436925153,0.07857114408886406,0.19952134368014826,-0.37022644720300935,-0.044965850308864096,0.027112655241349624,-0.03875915275428849,-0.06151264884729223,0.0970045489241194,0.21575494377238624,0.21595872887591996,0.24565809787864357,-0.16353719623645857,0.21857860112148783,0.05985413177241706,0.09100292804112704,0.24048077383187058,0.2458829771969375,-0.12169222746938517,-0.08514627889312652
-0.05569608260060953,0.1665668023842726,0.060465030310770926,-0.12433859911477262,0.07607003190511455,-0.08187512832690909,-0.023764563391232132,0.08417403524709571,0.04440438040448417,-0.005273106271781963,0.11645685672386552,-0.07496390164223632,-0.017679883556307677,-0.07346657684002504,-0.04271686039827114,-0.08848582885072755,-0.0578762558139349,0.037526725207610766,-0.07305479020510346,-7.44094072127457E-4,-0.12406551822016172,0.01577702066326872,0.1059177964195354,-0.1374079456299332,-0.03415764613068769,-0.05016490291827034,0.008545231058534981,0.04631552354692036,-0.06936131747011319,0.08095399124344149,0.0349598722758955,-0.1431311504157273,0.026962570282918548,3.2694031812913985E-4,0.20252764230361436,-0.09371229047909294,0.037835604398370595,-0.037574694552055164,-0.10944461847751362,0.029775507173295714,-0.008117415337914876,-0.054839628015108624,0.14519146372898156,-0.04881625812738365,0.10477809464666588,0.013070887771684248,-0.08198181109712785,-0.14917478033008785,-0.0011530695192635393,-0.08189878947219141,-0.07275577919696949,-0.0042103142381307145,-0.11230364403563388,-0.02956334307502641,-0.07766130126238001,0.027704754426241623,-0.027482137713930665,0.17257248603191955,-0.15082570417183275,-0.11854985899356055,-0.10942414667526047,0.10211516342468652,-0.12254991366112916,-0.08494494565531362,0.04909832295874528,0.05167137094180725,-0.003325691562970836,0.13889386580661497,-0.10402040234361275,-0.09095797863121911,0.02655344501385438,0.04744709852007986,0.025816984716148593,0.006553144279570834,0.02090562051550866,0.07373824460023894,0.07750082492606931,0.15689660717086146,0.10987915639521303,0.08088696954586179,-0.129408430941269,-0.041950857908776853,0.21516233800331624,-0.009983783286276441,-0.10428426007186155,0.10790534881776553,0.11889561628301043,-0.163053161310674,-0.06589045594343157,-0.04422908437115058,-0.06896760395377124,-0.17124281033507402,-0.027581884583228015,0.0025709692394575035,0.08752030765299375,-0.031824532640460215,0.17068972195507906,-0.025101991987215272,0.1993949638391847,-0.002780766447591902
-0.5097749227615979,-0.47974910136910365,-0.5127280892474614,0.184610902873708,0.27709538021670005,-0.5370742298708628,0.30283230707947595,0.13415941337362458,0.20862070675356825,0.29442791992819767,-0.24479987915860038,-0.15814934226671445,0.11717900046664119,0.5010843796109851,0.2001429837126547,0.10957424864263937,-0.1996399076182897,-0.12789509088451187,0.02648686156726568,-0.036347684201530873,0.09861176441033197,0.3070166580533709,0.3079956120624833,0.10354852362758622,-0.0011298497661563218,-0.14510030291048912,0.6730535247697697,-0.01164552515802047,-0.22774600777257853,0.19613756881756836,-0.5007780517544285,-0.12195180635834486,0.15873251260706794,0.24842137426298952,0.11572642865979904,-0.15075162771474693,-0.16450906287722894,0.2013959300655366,-0.07244700221013207,-0.13148476580213914,-0.5415321627463175,0.01578000191702704,0.22463495337690018,0.0031067864929277974,0.03287528316612926,-0.49959607249181665,-0.02414280496074567,-0.2273877293548506,0.1901431059043817,0.008232596904261813,-0.18038435803240618,-0.1923127432788498,-0.27587950461129707,-0.24899806825863346,-0.05917460867406769,-0.07777084788985965,-0.4627213477963624,0.22376940216336016,-0.2019578446091773,-0.05558458726305119,0.21612631693406265,0.30578079844525646,-0.1734731641461417,0.11263024516577987,0.1476652951050447,0.08554404724630736,0.7836551939631444,0.18369696840646846,0.2038379005306941,-0.00828625523951449,-0.004442869540550457,0.40170650148901993,-0.22336066273318564,0.28788227354868584,-0.013173112695430013,0.6400834746517915,0.1129967639135311,-0.04185265744684241,0.0642264925478101,0.17965920714492103,0.07848494083919351,0.36066133962383495,0.109023439753342,0.21634746233716357,-0.3690173357293578,0.18842639029454716,-0.31089122014042947,-0.25186533887118845,-0.018625043877993748,-0.2456723902463942,0.1586158649801709,0.5503988416737966,0.2155820319290057,-0.07278650607995081,0.13799291319803697,0.43764857702206145,0.10463707672966041,-0.1680251996942253,0.6367834726102334,-0.17969775091410958
0.26981427309976236,0.49965084770321627,-0.032414708464008714,0.5455293931885546,0.5854476701963768,0.2995820927473114,0.09628497206513902,-0.1633088063356766,0.4063720990524505,-0.11543512746833325,-0.19907625090364664,-0.4227470147957027,0.23146176682935785,0.6671954933221268,-0.1948101525573874,0.19223790270844046,-0.5057835378991351,0.02484988912845459,-0.14371307946782189,-0.1675392303838265,-0.19973308278094054,-0.7019147519744032,-0.06062228316269587,-0.0019741758827276053,0.46870177400243074,-0.15507860453904967,0.24399926255782378,-0.7479144716741415,-0.29659649758425966,-0.059634869703383386,-0.03704188326813536,0.0015684149453201522,0.2590840581162567,0.4036697975558706,-0.4406455945355705,0.05521509380148849,-0.09184095646366604,-0.17694942584527573,0.05163454548071383,0.6981658356252257,0.0914048630003317,-0.06232243325290004,0.002890505053984423,0.23461418979432863,0.26810556281201925,-0.02868384444847259,-0.05723431820357538,0.24319829628792872,0.20553914862848474,-0.02793443099239491,-0.09033492883778624,-0.3716512311872211,-0.7287695054456326,-0.1302272481585512,-0.5609809620114111,-0.010793075122420902,-0.09155545631448089,-0.5915563860800556,-0.02962685785885673,0.36940525191490275,-0.12295979905565393,0.16821888765434842,0.05171744730176726,-0.39257786105869524,0.01584050885461213,-0.055648700603814105,-0.2809921775009222,0.03436802155785011,0.2901908701797282,0.029241845437027122,-0.1666834704023063,-0.24628886463307842,0.1671517564582896,-0.1890564340560335,0.0415018575501491,0.05018312876756589,-0.315306689639245,0.18260592956795335,0.2834621151870284,-0.06756611253338349,0.17040527391772595,-0.08786319648785595,0.07032306866314618,-0.029343856845969768,0.08072448601918607,-0.34427839051228964,-0.19123178984868142,-0.29809900609647505,0.040246094260293186,0.5690034379112963,0.05988826810457566,-0.2380745899312187,0.10229978044612136,0.12038178791982097,0.07385287134085398,0.19971088680660504,0.10598004775983913,0.2962951457788397,-0.03887748567507533,0.8540184475285286
0.015129643348383494,0.0348684555441278,-0.17128693704165268,0.05803595345520154,-0.04742372318364164,0.10135868160624023,0.1290377608251978,-0.06455993068254955,0.032724525893023354,-0.1919004292424637,0.1116763360095816,-0.10095778063775404,0.19810250227849333,0.10991641457882989,0.1384840710678094,0.23042049858316122,-0.010967794771589871,0.12000808563925117,0.116701859870835,-0.017740000304124804,-0.06638180289532956,-0.1260938809436924,0.07753657383561258,0.08169331113812095,0.1789297662609607,-0.08322340225192598,-0.08215778310814338,-0.2987838236212542,0.05290240959795047,0.04802955117114087,-0.23233718779747486,-0.1048583907795873,0.026337832194336875,-0.05283889460368542,-0.08243695261621527,-0.0011636758587152095,0.02899880667572138,-0.09473131844531475,0.032087594800136246,0.10574499157831638,0.00926794921952735,-0.006828487058031005,0.07851253453277698,-0.07645186429615562,0.15921764412298692,-0.11673664944865601,0.035544021826883064,-0.2771349751386596,0.06274003457381544,-0.1500156823236887,-0.04329357970955355,-5.86716288605945E-4,0.22481788120872231,-0.1633146672419338,-0.04435224028181967,-0.16412938009223288,-0.18317307832216106,0.004313162147803586,0.32157840660643744,-0.10562994684460794,-0.14775923160353466,0.16664294800977297,0.10936693445337314,-0.055255682749277765,0.03082047534099142,0.03178325844882533,0.08022201224083488,-0.06097722326994473,-0.1164565674946506,-0.12305925723033746,0.12425754509839121,-0.01985144703113764,-0.06211687711049418,-0.1778389585311942,-0.18953199572583151,0.02631120569160097,0.03225482095738064,0.0698506742824508,-0.08126054330229716,0.06928418751685486,0.04791112431035629,-0.1625349647410651,0.03425031357770858,0.08709917773489807,-0.026018402263089543,-0.1767400908570117,0.1121192847788631,-0.09922115651404473,0.0917804751772896,0.13838957705725302,0.03713826641542267,-0.12941559209881187,0.2576957163078717,0.025341782829708594,-0.01620151213943273,-0.07669682573243512,0.04560835917997449,-0.0200924646023618,0.0712378123446123,0.10219895262303315
0.012264557305775192,0.014472430396627763,0.08653316192098615,-0.0603204011565139,-0.001285760887904694,0.0215760210973681,0.015713681098489075,-0.01128315990095957,-0.08290404247896588,0.13077238291335322,0.10028100268810414,-0.03692952488268298,-0.027026386341225016,0.004437035722024092,0.01779254889261592,0.036429820507153515,-0.025094451187905396,0.018088612938207464,-0.034544258792467364,0.005739439256851626,-0.013568341781332864,-0.05941873709598571,0.10999548848279544,-0.0388960265161506,-0.010757336802715345,0.047435559550103625,0.12543254228827877,-0.014744432693879527,0.030341750777766033,-0.06274702782946698,0.09167755540847426,0.05605131045132854,0.04495635579828324,-0.04409820851763229,0.005945023842140951,0.06894983869979496,0.030232719306798557,-0.0578243684307728,-0.013582333304246519,-0.07030562077895872,0.10046595050952284,-0.06619880945279603,-0.0341046842948812,-0.09300249534847381,0.0645513552664256,-0.008976572497481237,0.01691259281619051,-0.1099859617205521,0.09381512990752118,-0.011114199012072069,-0.012035232781498095,-0.00314173099485908,-0.011422107543134014,0.02317059402987101,-0.047789620797629155,0.057263990150803905,-0.03459997106785406,0.005400585428981332,0.050972215551979616,-0.009879939033898765,0.019726973619166237,0.07364980366907302,-0.08141391820395807,0.023847027287982988,0.007747098330326089,-0.0037711891611061366,-0.01485464100269355,-0.11227937401859087,0.07023435534748561,-0.004826397460545872,0.024178844243122298,0.04627772000299127,0.06206557863077784,0.005978434562140756,0.09756099509294348,0.013533417837677805,-7.379666573114603E-5,-0.019382047485557875,-0.06008430295424658,-0.0032482417631502242,-0.04042674692250162,-0.010599637439524499,-0.03684403056905476,0.019158415444372252,0.11382076469058908,-0.01656108908571248,-0.07616878256002038,-0.003368760090525702,-0.015034738990465663,-0.013106749803609803,-0.06944893560268031,-0.028233428500039612,0.023259753066961663,-0.045713505867455886,0.0012491789119215989,-0.008139191283256861,-0.06455211487248727,-0.03235485414341809,0.05666648266215665,0.025207091847155243
-0.17165772727035963,0.16433359002678186,0.2740480206162334,-0.11364044132276038,0.09887452987698844,0.12488129498302626,0.10360096494958612,0.09093991341597028,0.24555163945880187,-0.06012122236401251,0.23187615040642695,-0.07962737702384554,-0.29290233126392057,0.026396231892126632,0.36494346949835904,-0.1773673906313808,-0.38954177076012747,0.04669521975662039,0.4365982336613906,0.10609555568090488,-0.2745744069360489,0.01615532041322662,-0.01998744048948999,-0.12530137320186313,0.0558127907712383,-0.3576416858802418,0.3323605831368264,0.005025986813172677,0.037990561976014865,-0.09595042669931556,-0.21543168535833754,-0.04716876861318634,-0.027710672748956826,0.11523228404849281,-0.18663703013932323,-0.045408758561828376,0.19394100651610324,-0.07515101156181277,-0.011331438093333408,-0.346156439840154,0.3156066367698632,0.07622373876758566,0.04264044665991545,0.013752343767167555,-0.022051625753365726,-0.2900059136464332,0.07261135378557751,0.1454131671561011,-0.258320246452424,-0.19571781963562299,-0.003956436403768333,0.20604678743567417,0.06547737184584583,0.07028106589283975,-0.2648117681004797,0.21002583349720952,0.2558875592704567,0.35254877081675934,0.04600972024901865,-0.014256623154025833,0.1882358522653646,-0.06802321746380897,0.19130355115842804,-0.16355525478129396,-0.2646148879062182,0.3651315190070804,0.06682693275553021,0.17108800862750745,0.1332793692897976,-0.16667844505493631,-0.1979116312443449,-0.2702734138908389,-0.05787913952857702,-0.04983243767461906,-0.18227331706436836,0.13029080738863574,0.16439987308007237,-0.13825102261859024,-0.27999468040020603,0.2688323518274794,-0.21304216973887702,0.1469027893604005,-0.16091302218496958,-0.005441952864344624,-0.29935368078694663,-0.018221728283648337,-0.15345440173128405,-0.11964120592257349,-0.04430143946409857,0.12525698010311367,0.34719342016249755,-0.04952119473115387,-0.3129491051503015,-0.22284592481056958,0.05222565457020897,-0.27303271998175804,0.18916166378884539,-0.016067234942624325,-0.020464824971814777,0.17079952334381127
0.09301412352937435,-0.034116281114140994,0.07728583853991226,0.04080419945091835,0.07558184309192276,0.06346212617424901,0.008988527803702445,0.2310549049678527,0.23921742885197864,-0.05491877563114653,-0.21290879163908089,0.04576499070850303,0.3933710697111433,0.22589687959708754,-0.198140860803187,-0.16941201216772228,0.08346057193199428,-0.0850793755011514,-0.174114448762259,0.18562992557043487,-0.09718765746453027,-0.14715223756599297,0.012923517964550924,-0.1305165378065114,0.014847881467652315,-0.11125038512853334,-0.13064955715569246,0.2683882904994925,0.0700166817686167,-0.20765347164664938,-0.217638526646566,-0.08586944569017038,-0.11608161664051184,-0.180412040193395,-0.17243925870400717,-0.09436645605074125,0.006508796686143478,0.26055302547671116,0.008533034864514372,-0.15607917070883523,0.20605010334218749,-0.1197455902711646,-0.12214678669139666,-0.11916929881536255,0.2425869044815909,0.18210356873832806,0.015741101806495947,-0.17507529602142316,-0.12646649560472295,0.17838381615342933,0.09606443734037516,0.14702699531665026,-0.25216195676346975,-0.043342731836286195,-0.1884289011240417,0.034748950497806026,-0.04905093765238848,0.011266210746865077,0.1675660551766639,0.0078340373652814,0.06738569741879333,0.09158542729110754,0.17356961959048137,-0.22887368783174375,-0.1894530432078967,-0.15523034286518322,-0.21671235755913856,-0.07041588507053903,-0.09841660523299482,0.18515950922883614,0.11480191545408835,0.2305966604670758,-0.03961178876909173,-0.18244572086492666,0.32334466653678845,0.2535570141627521,0.010245284260608256,0.02874760110300532,0.1452256212267252,-0.011197518334189431,-0.18658339184576767,-0.07617805359896068,-0.2239316291151868,0.14902313493767572,0.307463186109139,0.15541680546855197,0.25961259872922066,-0.07470500556965702,-0.12267095570436223,-0.0022640645749048166,-0.01563153965419499,0.07673766883736315,0.09168490500908535,-0.03685669091364309,-0.06424989521903528,-0.19102739412258962,0.08169692836782912,-0.06768624779693339,-0.17121681695164928,-0.24904267534097158
-0.0570875452269594,0.03022356344210142,-0.03400139061689896,0.08306851095067314,-0.10070787022982908,-0.0032852423607754627,-0.005092454205831279,-0.030535267960526927,0.01987021767977128,0.04872789424273854,0.016629267998158535,-0.13047628669277525,0.05143042067535785,0.05093645620550302,-0.10139555904222297,0.11526187062397635,-0.03967372872322026,0.09577512202630555,-0.05463383885239419,0.0840112473563553,0.02793273910298843,-0.09744109752965056,0.12343538582925397,0.12797513182689063,-0.10549360377043651,0.200681256499426,0.1679633269968111,-0.15319812174659592,-0.07578791585307874,0.1308501199496107,0.10935516225409257,0.3576977652984515,-0.15596967184467914,0.12832411330553475,0.02963721855969241,0.03743487035093449,-0.0956669720392835,0.3024794086764695,0.09301260360125516,-0.2907600652889177,0.13656844681207295,-0.027759769722201417,0.1492839902238756,0.10639250851884755,0.11101059070853825,-0.06874258131090451,0.058931695136670716,0.24299814242864914,-0.12785430813214468,-0.12812075284297514,0.11947372166745922,-0.14846363989698683,0.10695472725384211,-0.11296088225231438,0.13678252131765836,-0.21814804230259296,0.0020279702591771043,-0.18942951224791033,-0.19735472278737234,-0.08937982708319055,-0.1276364945935494,0.04479139597468469,0.14169385838074744,0.1464184017898938,-0.014017194680994329,-0.3336472077981723,-0.0970138707600362,-0.08808565642991519,0.01603901323415932,0.0033781013982671555,-0.07363531578091546,-0.01073140830409944,0.027634045297122357,-0.08658068500417852,0.27530712925215944,0.08410131342843954,-0.0542264817929439,-0.055161440314024736,-0.015022481652980278,-0.14419724069811202,-0.12440776195622452,0.028593639919321987,0.1895621093706335,-0.0941969120933847,-0.13462645052245012,-0.06251511935867056,0.016993986650783794,-0.030073157136229343,-0.14860815110291184,-0.1240003442256547,0.13661074941351922,-0.08241846342078135,0.2714988313359884,0.01648925367373944,0.08250065928714441,0.12200655227779159,0.006120319233596506,0.06768336962987848,-0.12965364885215286,0.08473682228253152
0.08993495588113948,-0.01328148525254,0.007247616924688064,0.1339849789775388,-0.12569479768367442,5.283021361348413E-4,-0.07556331595504413,-0.34708426214305416,0.1816404806827439,0.0018489416618529633,-0.06910833744558109,-0.18464806429602007,0.020899086957170212,-0.17352640729847107,0.23387766190029677,-0.1663309863785384,0.04429762643429727,-0.004607593912849161,-0.12332909428636833,0.08529427670148738,0.10133008310183418,0.10541336901175011,-0.10291078626882899,0.07917412029545763,-0.2050282445803232,-0.019844522910353015,0.08258443408961745,0.09316023437396058,0.16293964119953033,0.07302669434920792,0.024228085211652036,0.02014467016818268,-0.10171871010907683,0.05014404887164792,-0.12889391919779825,0.18350123094083404,0.02924121743739725,-0.32425142698871456,0.3028678627299784,0.06299789510717954,-0.026506012644072402,0.17800671584468727,0.07180650966906542,0.06335661198226877,-0.07523467435664358,-0.026934937948754255,-0.26197083316415093,-0.049640643302732525,0.09576336179917937,0.10155112510696035,0.1772048908252552,0.0975955611245212,-0.12677449122113224,-0.06401049848879899,-0.005122870391069845,0.01525267959354744,-0.09999633499664812,0.0271725981702259,0.15253144894167617,-0.0724172165684318,-0.013085987694834824,-0.2637251525722958,-0.18604551749487921,-0.07292765948066972,0.07936821419327025,0.06564770532464562,0.24057438405079606,-0.13050394020903397,-0.11788212812812653,0.034268654072031515,-0.138927796881705,-0.10098725964044507,0.13268064704373592,0.10261883972208093,-0.04337243262717797,-0.006996149652410607,0.008877424182711093,0.10757738815053544,-0.0767559766486016,0.04069714171075723,0.13686380589901406,0.06566996971432923,-0.18795857788040346,-0.04125765233390619,-0.042928914933986,-0.09408778584349904,0.06026290592944632,0.14297969467661437,-0.04975483209236333,0.25806277777818104,-0.0316459914079495,-0.01900803760529163,-0.05368366637989562,0.10440180200434936,0.01916802706175854,0.07168728249611578,0.014495571558577617,-0.1493667274367131,-0.0036371170789438376,-0.0021159262897282906
0.2477581868011302,-0.11560894957177156,0.09140822386516441,-0.28397322485473847,-0.29131364768337226,0.18201339938809358,-0.12330846823545677,0.5365259634930846,0.3053531211267134,0.03200198214035069,-0.279624585952867,-0.0040011851572371035,0.16862454221681458,0.08549563110328065,0.06802111058503807,0.07241681754071215,-0.3743107475571355,-0.37099083009939554,0.21315042264746883,0.24923180922887994,0.25939830981738676,-0.04157247109892696,-0.04908472259186369,0.1095283494164029,0.16915446278050175,-0.4426864045450765,-0.5243288294683516,0.24262622301931883,-0.28480197882964775,0.2572560843001332,-0.004238652343673396,-0.030389577334481926,0.2397476313640664,-0.01213999571252936,-0.11464917958272021,-0.22226351698744548,-0.12739950125627758,0.0837532263604552,0.08871549275031733,0.2246937601155333,0.21995728628769098,0.15413214808630255,0.7957761848874055,-0.15385599248474918,0.6811404280192817,-0.25544243875966083,0.09421052265363677,0.24522455235504748,-0.5227323283127961,-0.10969387998412512,-0.2752712357152655,-0.3332413520282966,-0.3905155729782776,-0.24674815800996566,-0.12393036464854672,0.11117693287981663,0.1127674639204128,0.21913590277782508,0.42989378591442284,0.3073739172350726,0.2238022930588205,-0.5929504397863202,0.11640938879408293,-0.0859260941700353,0.02503177578657858,0.014097976373060393,-0.04706763281929022,0.3512921261931073,0.18123170523214222,0.24702218515299476,0.45025935582501103,-0.4062482408043971,0.17750729629524947,-0.03076522037249986,-0.4546838359174715,0.17842061056091638,-0.07161666721357439,0.20895666164355453,-0.29759111996625565,0.028105142178858733,-0.019360073699261342,0.1961195138122869,0.13084267098098962,0.04681841606245759,-0.23917194208546538,0.1914283756448331,-0.028329733916667262,-0.08422918303613508,-0.0820491926994852,0.13812404003562592,-0.027347900805121644,0.10002601266461979,-0.3617302571065498,-0.18778455570220925,-0.27589584813970747,-0.13040322706393667,-0.1413705129941249,0.28585656462934567,0.11880804748469458,-0.07554496062374776
-0.18442912271586093,-0.04252555491664927,0.2772336836375,0.06474828845155856,0.05272062456433695,-0.21715876315649305,-0.08398061560325003,-0.06543077976632417,-0.03682448382745569,0.17670202332087168,0.45774745034554815,-0.05882821645149347,-0.1717437204373799,0.30792210256306735,-0.19164619253799328,-0.31798305856366876,-0.08863639879179616,0.05008418060077308,-0.045500732543764744,0.11333531497419926,0.14594835767097636,-0.01005520745733116,0.1041275225056448,0.0688225057144529,0.19206620415959444,0.16026432548267108,0.07042753363183953,0.12649084932467294,-0.04007189527181079,0.1448358600176441,0.17723358890178456,-0.16775290817101288,-0.24826863347619837,0.30654395804246687,0.16772684096651524,0.15958502302036018,0.16527942543821308,-0.09394134432517541,0.35119072468506424,0.2060146808664567,-0.3356971357433286,-0.0065329864842935004,-0.010414200344353051,0.07381224397551865,0.12658032715933443,0.4238364724037746,-0.09795446329705786,0.011222639548334246,0.16013255745871202,-0.2808098388757092,-0.04937688955860468,0.007920354493625707,-0.12384880793078613,0.2875822999293544,0.24960473403419747,0.023349108473458755,0.18347368085007815,-0.18551072152414022,-0.4370441540485303,0.17422817133513346,-0.20926717372008544,-0.01530360179250256,0.3021316166727152,0.3526555292775734,-0.10119073557288741,-0.003948034093279909,-0.17011394624789117,-0.13522133277766282,0.12828910844090072,0.2311139222099874,-0.10766050862028093,-0.19774915401188004,0.19513455970418908,-0.15286210709662043,0.14055308663464117,0.22906216504946408,0.019542492086627974,0.21389404127566874,-0.047378821324657504,0.29940114751043007,0.12064293940586049,0.14751494986678515,0.18852952053609637,-0.23939798547229652,0.17843743662767436,0.12848809972503186,-0.1264027027374676,0.28197436148450233,-0.12540195799328485,0.15519048866172308,-0.19764685917800456,0.12674134814010318,-0.09007111236630302,0.03468408702147589,-0.3314502477452499,0.01163255167763904,-0.2552631622671913,0.08524443845609178,0.21169089679538122,-0.3500317815194128
-0.04460511182499881,-0.3615300901295202,-0.2270438116492329,-0.26685606635520503,0.3453087306633298,-0.03324848271081616,0.1477970183702946,-0.4479256013834695,-0.07143747346908681,-0.05634789385761105,-0.5998785191812408,0.27225192076350013,0.24096719808218334,0.27241787409794815,0.20567638791269036,-0.525074932162107,-0.05970776772591903,-0.4917448484189605,0.15342199546408838,0.054867421714661906,0.8331422764857208,-0.37225361441543187,-0.07042551596148515,-0.3627476792526479,-0.2497972623990524,0.1775161462154917,0.5708486744285074,0.08792481389755907,0.12676517684926125,0.452084138594032,0.2725466248027868,0.07385164131114318,-0.04459339293630555,-0.07977370458938988,-0.08347433085019648,-0.23227447510257698,0.03760838150345564,-0.3290217180689804,0.19444170680203035,-0.3048918355811542,-0.22982171757231465,-0.15329930694887106,-0.3368203968183893,-0.09466812167683576,0.09620455925656252,-0.21034302481664754,0.46442680096837496,0.48241692011667897,0.21418108908168626,0.022763517403284722,0.013582326138641519,0.1682445684629452,0.7169237435098645,0.09501370437949333,0.16721095986119858,0.3983085948695192,0.273373450999245,-0.35618895658037414,0.04824072546627735,0.12398457066751199,0.5501090585066989,-0.3204607964767459,-0.40389709832074205,0.12558572615654073,0.09964882264707434,-0.1085655700901482,-0.3001602831792059,-0.41126008411980636,0.3756400951482285,-0.29261948864944276,0.07813925706795531,-0.198008035629462,-0.3907607568877332,0.16513753433877035,-0.2828336384650527,-0.2556486264942591,0.13363923718351525,0.5481911582469244,-0.015748361326124578,-0.15272555488518247,-0.16503676191310535,-0.28763363895400673,-0.15882833243188577,-0.4536982380300459,0.4637179846459973,-0.12221286368517591,0.35373422422282985,-0.15886881629578076,0.34359924270046577,0.535845257587542,-0.0028173326200218976,-0.30923945352698495,0.29488382566676014,0.10757151794049535,-0.4632506697205599,-0.1359535441599813,0.015194068799837509,-0.25925296608893283,0.23011624277465698,0.11178769477236739
-0.10603628278798398,0.023040459504269684,-0.12131997038765106,0.017211004413516348,0.2425557112807054,-0.32893528613646683,-0.09168505237320732,0.02867787805508408,-0.4653861528488921,-0.23308234213784382,0.14186017212047713,-0.19017798612173573,-0.14520657012879562,-0.2627613402201431,-0.1863037569067178,0.30040680947185017,-0.1634708564881086,0.012221949233901064,0.10505439679796749,-0.13758874006889868,-0.05720465265837585,0.34509063161654124,0.08601905811239505,0.05390702994479846,-0.08114007142484925,-0.21013297849439735,0.14909592782407458,0.02570885165025291,0.2543107632391366,0.20009779724318563,0.13358177620744563,-0.02273449644786519,0.09787276059547258,-0.1912309716967182,-0.2041905572647382,-0.00958202911009541,-0.003866355125128434,0.11172277610915368,-0.43394318991821024,0.18028663997970745,-0.06264233773752836,-0.17320776131229645,0.059304953221763546,0.1381903663469799,0.12497760163047604,-0.2768908903741492,0.21664203250349903,0.11963715690485414,0.023442042326616924,0.03240183788672323,-0.0042809132460935985,-0.08531491414702676,0.38464908083177135,-0.011730774219005424,-0.08340677336309162,-0.14636554025769877,-0.26599165348235265,-0.09033436121110158,-0.2950731816944398,-0.12310397688512684,0.20977025896175766,0.05561684013222376,0.12147615058229536,0.15787345363420013,-0.33408839091085146,0.05079841738243208,0.04856827818969999,0.22481913858548014,0.13138058095569344,-0.1341600542657953,0.3357978496087843,-0.14838642392214932,0.19785767060676826,0.13321698435337792,0.02687650719410039,0.16924626311479504,-0.12883928905297612,-0.2798585015749686,-0.10300311954247951,-0.23664626938687597,0.1685269218192555,0.3215109941073394,-0.005815030482323211,-0.05014796956404299,0.038182867628541485,0.06054332056450984,-0.1646428157817001,0.012540925894961454,0.12582628873934198,0.09426287969389549,0.049317680842860756,0.018917341070714168,0.15352553831723795,-0.036894360018229905,0.02082082860486999,0.04681259757996426,0.11767752154216903,-0.202843069198951,0.02350124207726812,-0.16328203355331675
0.0024203689945392513,-0.48235234126222293,0.3584670413629523,0.40861328222813037,0.28007054277378324,0.24290547868785978,-0.3243486634288451,-0.12040125604499774,-0.0933796770224971,0.17330606272725899,0.08157644073018654,0.5195724887617987,-0.2911890060574357,0.011447151964103602,0.06767003557015468,0.051483841412054775,0.057220563711241665,0.053698995511489975,0.24650044563306203,-0.20134706838519592,0.06855190166086426,0.1965985285541221,-0.14627674732993778,0.13456694669640007,0.08233011874354264,-0.13910152456761163,-0.07208346370025226,-0.3889220270479073,0.07291542716271342,0.20408672556805432,0.0742236679683549,-0.07221289338387896,0.623715262695998,0.2837404127306736,-0.14850695037262332,0.4406834342906151,-0.17171746945844477,-0.06112404038099472,0.1786063150333646,0.10105155797294728,0.238766656352727,-0.1265004088366956,0.06407526898113566,-0.5225438474518614,-0.05974679056667595,0.37034976163614125,0.09540092378972831,-0.12768078061430277,0.35595090406967916,-0.43800864349179525,0.08778628232651342,-0.4184043600352362,0.0015482282286212268,-0.04529275631116943,-0.4378056705163668,0.1223476682449959,0.4956042199829387,-0.4915215123515559,-0.2083450844762453,-0.12643308390975624,-0.10391824914026507,-0.05744562356329606,0.0514327195164879,0.5711271477292753,0.1941234369506448,0.14602622840601234,0.11509333814317846,-0.10126920520824571,-0.22988600632559236,-0.07473687560286922,0.300577040450301,-0.04163194920150414,0.179893939916922,0.1746154974533767,-0.36612559189153077,0.018506491046368503,0.30326023676742203,-0.5292161587031363,-0.3768387932280024,-0.2389817938571405,-0.31637335535765815,0.05058885231155471,0.2659812908389788,0.590770259906153,-0.07224464347981538,-0.09279294038200171,-0.07135881152384087,0.4010371576614383,-0.11039066527598018,0.20158425115606843,-0.08011469693902061,-0.3958789018759659,0.3241223968856672,0.19805289403118798,0.19103967646692632,0.17517796898351537,0.2731348154199345,-0.35517191209211996,-0.3296303576326676,0.5171956777301946
0.03789357574278174,-0.256425386337401,0.030440738579025964,-0.20193837597399208,-0.06112066912042013,0.059442791306757704,0.10546252502305764,0.1071055006896743,-0.040161984968253656,-0.16581167488955478,0.15911368104074394,-0.02734667800446611,0.005180179490705672,-0.11963659010110636,0.1493892165208196,-0.01219936866142309,-0.13810946938413493,-0.16830388154601308,0.06673706800342594,0.22423872451195945,-0.09191823675246397,-0.08575590332102065,0.1607141907840208,0.020336122945089397,0.10002693483932934,-0.05518198404132302,0.013605465231935492,-0.033352235545286914,0.05867879273899778,-0.3578186329791881,0.10944549431227583,-0.027471776676562823,-0.3989641173380841,-0.08542609565791685,0.33072125750539894,-0.06900640746374653,0.126405804101015,-0.23292574445777375,-0.10012785561865929,-0.006912977799459916,-0.3757870951661168,-0.11672778076069655,0.032933654567958694,-0.10028144062125813,0.45850391512806815,0.17961333498584797,-0.21662368445641755,0.10473624810203781,-0.1473390625004032,0.10594324774798719,-0.14457613799186855,0.03721681981351675,-0.24805631698609623,0.0979662679960307,0.014105925775375786,0.055624288135853656,-0.1582248776664488,-0.09453508439089639,0.18642470695741684,0.1079791076694615,0.24341978860218463,0.03459188330628949,0.02464220548745386,-0.021886046293420988,0.039210542684854695,0.04404732055582651,-0.1629606945873938,-0.07567754582209289,-0.09420072049301823,0.25071105702528595,0.07531793548024757,0.04848790948275432,0.12165495625227316,-0.07305613347529286,0.09219650238176025,-0.08021086714131656,0.021423749622538978,0.4308238257162917,0.2450212048219254,-0.027642725618729398,-0.3125055955353762,-0.4238965964348029,-0.22993452040168266,-0.04153378887792128,-0.4651888718519675,-0.4974333030643354,-0.16297746170778107,0.402774809686972,-0.01671737990160146,0.06858025497019245,0.24626215039242244,-0.10685700177455223,-0.2290896117194424,-0.2543652621656937,0.011758925817180323,-0.29034239756061725,-0.26452641694537005,-0.05563779327550896,-0.3198555361206968,0.059126977356036045
-0.281893298808356,0.09258160342772298,0.11180934585692898,-0.0545571081737759,-0.15634532303780693,-0.10823126203339836,-0.0038814614495891906,0.23436226031146512,-0.13150096800764138,0.21285606283844652,0.11987424408063173,-0.06328706891009594,0.06319416332474567,-0.06337290954370037,0.13069264441778716,0.12634266405091324,-0.11082657702778487,-0.1759328638076897,0.10377456334770666,0.09118843865252071,-0.025717534226374666,0.2928113212538244,-0.048354796451559566,-0.15852478973693998,0.15778879011010638,0.02072306889815817,0.027592280648979478,0.13490979963142444,-0.24738600724086246,-0.09408460011779508,-0.011218974348659696,0.05284200087910038,-0.0038349349240672124,0.08533781916089053,0.13598126595406865,-0.09051546514961138,0.041996004256766965,0.05559665016348744,0.05252637148924103,-0.1298583965455773,0.022396572012916803,-0.053669569967460945,-0.11565802599537398,0.21515195850354787,0.26532920146268235,0.05263017239551525,-0.09409206822563763,0.08505216164057516,-0.037208803334798014,0.011710468783881352,-0.03864790701314604,-0.31025975181211385,-0.09344848610529642,0.014945261243543905,0.07187452984481182,0.09687229507069714,0.2833999696436843,0.022027952018838535,0.07285845946008472,0.11244277389743107,-0.11961331647951376,0.19678549179655908,-0.07209698243578784,-0.05563484052796948,-0.0270932321526038,-0.18651329943838274,0.008349976472734123,-0.12159066833739633,0.1446502938537431,0.3475195882295529,0.11456982580558386,0.09380524821367534,-0.11319356999588545,0.24017098571320064,0.05923922857435406,-0.01811294868477205,0.06791810165355447,-0.20476751424921796,-0.1273234325765304,-0.15456637601894557,0.16864006117305738,-0.33420888351286987,0.14487541866787734,0.08557976679147451,-0.14346061242588368,0.09715687465777505,0.07817896244408404,-0.21769897244691477,-0.3536641645174543,-0.024922929345709124,8.217811221719918E-4,-0.09739115216945722,-0.18023898807450453,-0.40828131708718135,-0.12444119453683619,0.16166457851629448,-0.09490366777998964,0.2478719108281991,-0.08512948046620492,-0.20357945223668053
0.3109731937251775,-0.08727975122604412,0.11751642169603634,0.12309704878120531,0.05192108983528149,0.17804193813213326,-0.2972154097951757,0.1776082968111135,0.17779784631115228,-0.004781639443192064,0.40624218355302444,-0.06794517702576883,-0.15917918091762223,0.07638358627798815,-0.18844551839007717,-0.29681052987168505,-0.1230423279272903,-0.07692556714829986,-0.14823006708037162,0.1079317537597047,0.019634381906282358,0.09105408996100368,-0.05142238330485419,0.2520965483972996,0.024685865641016737,0.02742290819377408,-0.23936578962812308,0.19929780541723063,0.10154328247225392,-0.309588923603375,-0.1390537118305067,0.44272383332255083,-0.1984546729729702,0.06745994667329686,0.002927172547553826,-0.3387120516888063,0.05911321165020352,-0.08897625659188965,0.3737694868757444,0.2654153330983444,4.854273962066043E-4,0.09136480477623365,-0.18785467803322042,0.25926959608537287,0.15177264543156022,0.029297571880616886,-0.1202538172239093,-0.04786516726900612,-0.40512369423319633,-0.008990464956353809,-0.04479335934103337,0.11915746898073763,-0.15419272123432365,0.1049200092719025,0.29162920879261783,-0.06654985406041652,-0.10049597275440879,-0.12185393190157827,-0.046789221798472475,0.10967591875065566,0.07173403630669455,0.18903841290034176,0.11925756709244352,-0.04565081748483974,0.014914079932587707,-0.09074149607460215,-0.2525341332338002,0.050400127021016414,0.15690294662467275,0.27040925402320914,0.10122456969577774,-0.045168214653331255,0.024931321850984962,0.08503603508272312,-0.06185603858828627,-0.4070612379756098,-0.04321157732439166,0.4345753091807536,0.12174330485238478,-0.2598893141526782,-0.03653623458913742,-0.2524189654273965,-0.40450204196921113,-0.1746838196908576,-0.02778988537791951,0.27303108069079324,-0.05258808089372948,-0.3948897025683098,-0.0434746067202869,-0.09554877682172679,0.1489920463590002,-0.07149878951595438,-0.025397866621314578,-0.05035890384960496,-0.32630983285994636,0.0684227298294756,-0.07908277734014416,-0.044091567308707516,-0.07025720693566063,-0.12081115606722052
-1.97646054272141E-7,3.7481347552694663E-6,2.544572251426511E-6,-3.9704463451432464E-7,3.255988930777982E-6,4.092308971986546E-6,1.2827276740036882E-6,1.149672803500728E-6,-9.754441535864496E-8,-1.8070295927837253E-6,1.206473043075687E-6,-4.4271998421791244E-7,-3.479696785910666E-7,-1.8432154589566527E-6,-2.246334969730243E-6,-1.753312693521193E-6,-4.722130271654478E-7,5.501140792253503E-7,-1.3319889031243726E-6,-2.8804744349268044E-6,4.5310937498541E-7,1.8064069790775228E-6,4.809095792011429E-6,1.9439321246344084E-6,-2.384975800439952E-6,-2.918236796544126E-6,-4.379222146002104E-6,-1.8089864300791341E-6,4.5923112400877507E-7,-2.307914913014778E-7,-6.541664295185871E-7,-1.7349011773483089E-6,3.4588856295802314E-6,-2.9039574480806404E-6,-1.8552056970232518E-6,-2.7653091026644996E-7,3.4873639613143787E-6,6.90146009067632E-6,-7.612425908753599E-7,-3.2094100894870065E-6,-2.3191094998978094E-7,-1.6596898231946217E-6,2.8832120253572176E-7,-7.811150669006788E-7,1.6271781206589297E-6,-1.9858884431848294E-6,1.1825718427570446E-6,2.3708173642306307E-6,2.583714953082711E-6,-1.4897702229849518E-6,-6.063809283147523E-6,-1.5003494978701565E-6,3.3375046939340747E-6,-2.2481709280558228E-6,-2.250631632937962E-7,6.145604092169009E-7,3.6945703440068806E-6,1.5614783332593217E-6,-3.5244609489157905E-6,-9.096859609787621E-7,-1.3866051204314582E-6,7.328685411199997E-7,-9.177501277143926E-7,-1.315853392534258E-6,-2.2359023065246596E-6,-3.073466501917674E-6,2.3624426514758312E-7,3.5178084394010805E-6,6.061218764775861E-6,1.858244113079324E-7,-2.2551511541372715E-6,-2.227379442216885E-6,2.0901298714356978E-7,1.9644126375976696E-6,-4.0523757602753676E-6,4.354818243621207E-6,1.6009990397423069E-6,2.516016731809775E-7,1.5206111772941672E-6,4.45933726746377E-6,2.5298377901639974E-6,-3.0949243289188134E-6,-1.9800617754142875E-6,1.721919572249133E-6,-4.974906736852195E-6,-8.036724816707498E-7,2.643431181775912E-6,-3.2648915408672856E-8,-1.5326262171186448E-6,2.3377356239147645E-6,-1.0567556998685145E-6,-3.0571971377595834E-6,1.6310781945872279E-6,-1.7081362527376916E-6,-2.309099949215351E-6,2.0642849563549283E-6,-8.276934049596717E-7,1.1889471500743035E-6,-8.514472711229365E-7,-1.842721184740395E-7
0.14591448420206196,-0.00979835761828788,-0.008703649170731293,-6.045560088711746E-4,-0.18985110359696108,-0.02913906300548378,0.2385947785360739,-0.17530025015923376,-0.023976826298377947,0.06839491080370055,-0.03050340874408269,0.02938368837382328,0.19856283787083662,-0.13567705468057512,-0.032603584119668516,-0.009219751474806038,-0.015916222929553223,-0.024332886607481313,-0.032156933175463503,-0.1866460875262686,0.10497541465348222,-0.07830162214114054,-0.007395576083797316,0.060952583174730596,0.02123398276635651,-0.10811136770190637,-0.009099607185927392,0.17660853333823123,-0.08192068066812008,0.007579387635832742,0.028204414429377933,0.1502346445620282,-0.13553499935858182,-0.04048358134311696,-0.319086192735958,0.1806825595614003,0.020337100639112732,0.08527652263563683,0.05447369915227887,-0.27102106334176507,-0.02012052751757778,0.0731229436892306,-0.026539801003072107,-0.07708186645893564,0.10649476130432374,0.11828925510726378,0.05072470583131734,-0.04555931036518637,0.02032004317085492,0.11563268617874879,0.0891081594327049,-0.0018453116714869106,0.1161149495142353,0.0025481417221743133,-0.05093100530695969,0.09679550806550831,-0.1528426800268597,-0.07080560245718565,-0.017388295061119236,0.06912025526086603,0.10063237301474524,-0.08377089978455628,-0.09859888881865188,0.04759257502975799,-0.08857190985918914,-0.038233768256602,0.1586966486982814,-0.027077598309356306,0.10720822543318356,-0.06600292830556097,0.006790552920814625,-0.08983878100275837,0.005087093194142568,0.042662318206749344,0.110159167791038,0.09632962019141604,0.020111676879241806,0.04176055228511965,-0.06289168988529506,0.045512908025308,0.06241478971635532,0.013505432405986258,-0.05040675048360386,-0.017336054678659257,-0.11449342963598326,-0.25878767689661436,-0.2003696599174577,-0.05124944319721524,0.07310912563205081,-0.0366246091678385,0.03674317922886343,0.11933868526126538,0.1267169106463605,0.08178174052825453,-0.11823867388620705,-0.0975036546636072,0.14909999658482473,0.01751576221862865,0.06712994299346198,0.045837234212014924
0.1083708400688033,-0.23379225947837318,-0.2531077060845069,-0.400394161877961,0.273429363452004,0.06552149644870224,-0.14869424556450528,-0.10857998642172348,-0.256178704796487,-0.5541311240401784,0.10218448683395272,0.20227816583156058,0.3360068247570618,0.007189181370431207,0.28976648171877606,-0.21816838683150946,-0.14485846600544847,0.30310689728074397,0.27589266447697036,0.23321371098742766,0.2601927681036237,-0.077428279361393,0.15675373034323398,-0.3129355032484352,-0.11974794688075306,-0.12256103331691091,-0.09488006239243316,0.24784224254817797,0.044850683075848455,0.0816158001851244,-0.23920079188206914,-0.012701460441129278,-0.18350947215102423,-0.0716498034489473,0.13190575876943209,-0.0829014865125163,0.24449194766668642,-0.022344349414699444,-0.22783722265650924,0.2811526111712468,-0.2845017970139942,-0.3971913157845358,0.030684067487119358,0.13445053977415905,0.4605708244272772,0.0024242295051718696,-0.09562250087601235,-0.2490105610216358,-0.06790905329828749,0.2539126385558666,-0.15923582857054258,-0.24679580772314835,0.1546200278466739,0.12667463407374063,0.19931174994808815,0.0815442407428027,0.00496647842217844,0.15531108220745912,-0.012828095391098276,-0.5042245941804308,-0.10988291446222387,-0.3342667160320353,0.11325478225200636,-0.18041012303169404,-0.08807695221934417,-0.27259395418312526,0.3325536249137899,0.1231640112717707,0.011454404799026884,-0.0917310925786464,0.1533617670203457,-0.15648149284503274,0.04120549500766904,-0.007057240586875757,0.048985956965635284,0.17925352907687134,0.017844934160453532,-0.10289672860992809,0.22848459160899265,-0.11428089861725312,0.2502926202007613,0.06393135747783583,0.268663833022952,0.20825073444146344,-0.03212514634140303,0.112522699848998,-0.0581692916803477,-0.004943371251535696,-0.07321712272955314,0.2633108750950517,-0.040459636216852,0.08355782833571074,-0.10951541751360884,-0.3711656579302943,-0.17837097166485608,0.04644351631972358,-0.2391904784849807,0.2083925577073579,-0.17086802790844188,-0.16538283446142457
-0.2360142926884624,0.1667356655017211,-0.14321758523155506,0.16989467729642746,-0.44681464609325194,-0.22599800506085818,-0.07562793363029321,0.1910259188595252,-0.02533426952785486,-0.14339887412507926,0.23318813823944518,-0.4730232848426578,0.24852567081271662,0.6260015984515138,-0.5547962742241862,0.1659729086871136,0.09663902631487144,0.30617078116646745,-0.06401758277745263,0.23229959174948464,-0.613049222446542,-0.15034824457596035,-0.2602939520922928,-0.5291938769718342,0.1503010834224292,-0.09947361500613919,0.42761753818857756,-0.20250189728818957,0.430891078514556,0.24970907170967616,-0.3931471801301762,-0.1727601086974654,-0.05136588740639921,0.07909012405878524,-0.532430325179966,0.08829282356110466,-0.1999666741416537,-0.123841330844165,0.22025170915965953,0.06462803651364743,0.3859747090924346,0.405491165747457,-0.12720009740650962,0.1558795164454097,-0.15909420669256036,0.36563669610222804,0.057408942677054264,0.008280394220138113,-0.5920609807381136,-0.22289680918442623,0.11237473226634336,-0.2090721481332834,-0.08096287927855872,-0.16962309347028456,0.12507560622808792,-0.5655609695108677,0.32406979529929925,-0.4632729212846092,0.6152802192970334,0.27989397981583936,0.3483046405846121,0.5380888719446912,-0.10444606125039677,-0.2813413983871905,0.09496042421709984,-0.24523077759124304,-0.25565327346643163,0.039949266320410105,0.45756893586896674,0.15626806810633095,-0.0738256296701051,0.4611561579103834,-0.4900822179685578,0.05147922700042696,-0.590578481813205,0.338947693992655,0.3021531861212747,0.23367289279108736,-0.3754817830083016,0.6562026914958958,0.1069907240528076,-0.3270435499374382,-0.1609262714854703,-0.15112966587102275,-0.21522510821100402,0.15212371754080586,-0.371954228672595,0.4540817476131469,-0.20809943202735068,0.09475079472854152,-0.03236083911435853,-0.16289913053320793,0.27345606863901634,0.2482225788749542,0.30595758355023095,-0.12161062714541895,0.19184179359666267,0.18515661287289337,0.319096704971459,-0.4052362705902773
-0.07839739924556137,0.026729816864602456,0.11426444048578918,-0.23242528586928243,0.2668389668990842,-0.2224481000034475,-0.1703294857888017,0.1525062516271667,0.20131575177699365,-0.1384779909775275,0.0043161901633097565,0.003708464214228379,0.2619103348046285,0.08050700017236442,0.10206708722106644,0.06783705438794549,-0.02262815314537001,-0.2284800808152126,-0.07914084542971338,0.18630371682165753,0.03909972268911257,0.11919589644807733,-0.12532925176240445,-0.19724882119124187,-0.09215714258397065,0.05144037978835817,0.14597535217718227,-0.14625652662129954,-0.07499447308240818,0.19129279300960503,-0.024787639109977725,-0.25725620580989367,-0.10575908719324925,0.05553707743232713,-0.12928703247759257,0.10660333962962787,0.042179240452975664,-0.032028699238402306,0.14429925409800737,0.003845046864229231,0.18752200191900315,0.10571118535919646,0.13267708066745237,-0.2666752353399454,-0.06760458081431274,-0.0822720200033227,0.13079618523812273,-0.20416360812978976,0.136821026099509,0.27156530202883844,0.06629149910473944,0.0923774202016496,0.267644590185657,0.12824086507107404,-0.13452636661129178,0.05315371272628327,0.07962983188637758,-0.14558833130648283,-0.13278160857457286,0.16336293385465786,-0.07579207494261193,0.3066989184231693,0.016265944836581985,0.0062607501256053575,-0.02277268221374234,-0.006049956606569308,-0.02005316428271346,0.21742797079152498,0.14571448693492148,0.016597273999159418,0.032246866551479146,-0.010582846622663514,-0.1382771506134796,0.17904220752992353,0.10470148523367097,-0.03882995922979995,-0.26740328060113544,-0.06380131073315948,-0.13482976236862826,0.43706403738920957,-0.13707794591886324,-0.05981266584910435,0.23029682164296597,0.06219035637098288,0.08332668709173975,0.06475887543148372,-0.04006893393894622,-0.049636657340452514,-0.04731476053737615,0.17165082598415707,-0.0020988246998802566,-0.20062691510838512,-0.05541745029780481,-0.11109191840030717,-0.1047492669322875,0.012059362653420155,-0.03300762141161717,-0.18459635614212297,0.0781527280025802,0.1628526806448387
-0.05086189632767091,0.07458429491364874,-0.14150006002198348,-0.1126147253717942,-0.03741184750114038,-0.007497971284985714,0.09188224969234049,0.004081828358770366,0.06312607450491288,-0.02985904248285539,-0.08388545097774716,-0.0031148009604649693,0.1272362493932876,-0.07403853295543715,0.01631177195016996,0.11976632090627716,-0.07083558697823827,-0.06731315715438457,-0.16012476486585894,0.048155251105659665,-0.1189548025075569,-0.0077001179014127225,0.061565110468011525,0.03371539275699621,-9.806601725624992E-4,0.07386211923038613,0.006912702856060404,0.013559363231175502,0.02398859903349888,-0.03387696712577332,-0.04249221340303484,-0.07031242158186644,0.06157556241461426,0.019922723492431037,-0.06617340568668041,-0.035384150333209734,0.07540571555701663,-0.07644297179043112,0.06325468461258033,0.027960543297294128,-0.05262592934824177,0.02590464326827167,-0.03074622036745727,-0.08129975873937303,-0.030649339128077237,0.006266424559751912,-0.15076168693206865,-0.06753488138360642,-0.02291252087960022,0.021929119937401948,0.08786165566932104,-0.07001056587597569,0.07882230136901691,0.0021846165126989123,-0.003007902876984947,0.027723446256042925,-0.19809942436572595,0.0926904883168105,-0.03490490221940811,-0.001055366942985446,0.14488645537281,-0.13978813251511146,-0.04540305083007422,-0.13261719462074567,0.09695546816809905,0.05431532318779112,0.16176599366716585,-0.0935128131070788,0.05857495448829016,-0.1121308942786674,0.0713441710804219,0.07033703663856936,-0.13866538496685232,0.07931193926343393,-0.011260505683971467,-0.06240327146163075,0.1545003881931029,-0.02821263919325991,0.012958426872054207,0.024887057186691347,0.020107050213076332,-0.03433540519588961,-0.10425052961227123,0.12063840740593222,0.0070408551431762135,-0.044790653451536384,0.06155397645972993,-0.16909591509912392,0.0520932606849239,-0.04414476286273463,-0.16604385713117406,0.055143599696287945,0.051609450111000335,-0.014182601242125491,-0.014435706177865736,0.0024838724855492976,0.06684213094340109,-0.06430684225067859,-0.002245981293962905,0.10287411413624602
-0.23387016893059884,-0.24250954987556267,0.2830449647937493,-0.12882804427194242,-0.13902783339593147,-0.15444151174463053,-0.08283860070097426,-0.004226747108772019,0.10752594656095875,-0.02581793103277941,-0.21570466774002087,-0.1127626118706581,0.0822726400136751,0.011521390671970165,0.08510865567278321,0.2528460237156214,0.10509651595278925,0.022178056962741485,0.09895575764578461,-0.12867249240912215,0.09304654147915817,-0.28933808344073275,-0.15725926529090414,0.10810186356092395,-0.31091855468771773,-0.027432952755617086,-0.01552546156457498,0.057110507511291306,-0.16114615441024402,-0.2503472159135213,0.05301896117727308,0.07375787611206533,0.04467554648123953,-0.1056982958999727,-0.11249461168943398,-0.019152461168535407,-0.041190296770673714,0.012369039393844667,0.16228497473863657,0.10009868123599576,0.2700261701468193,-0.05028568414344005,-0.10504960733094125,-0.1755000315359492,-0.12227857052728637,0.0757584214348796,0.18346159281922195,-0.03804908770377414,0.2460155723287858,-0.11138578874290346,0.22062260646784645,0.2721150491955397,0.18573088256372491,0.03102534561772531,0.056886558684375865,0.030022622387450383,0.06220975324445907,0.1297067832636669,0.2608280454609149,0.2848633327904792,0.11491990954166217,-0.05997354022518701,0.08810448261865246,-0.06195775109471663,0.023192760103667734,0.39411729803833645,-0.1860334032546509,-0.27307098081198683,-0.006659014435018112,0.12736892346771098,0.33954853081784037,-0.1812682705890136,-0.04737309064234705,0.03323574215614264,0.2553362736676821,0.25009623744736803,0.07054332157857968,-0.09571263494032775,-0.05455809632122906,0.21386462023776384,0.15007357228962925,-0.012106722364424357,-0.025509933202782553,-0.29255897316524615,-0.05738727856245344,0.012746727609933565,0.12282862617843897,0.01242654708557606,-0.03362628246463683,-0.05739472764176698,0.30495764198171244,-0.14047855989830896,-0.10151455494736895,-0.14802388131033528,-0.16777785053985955,0.2578865444135616,-0.06443001461425489,0.043607427104350664,-0.09739161551779421,0.06056431525630311
0.27238559863705614,0.32612924882097577,-0.33836247254037444,0.40754283262639196,-0.3086615804419912,-0.13584783057779487,0.07088177381130234,-0.04890579545485467,0.21144941735024134,-0.036316544889798616,-0.08174488905092508,0.35837709669647405,-0.034345248188486874,0.055369996627858076,-0.19126942065213626,-0.4626782793627004,-0.24776700724784811,-0.03418206120185666,-0.006059914640912861,-0.03941472560482916,-0.20877512935963694,-0.07949433594022554,-0.13979040411674704,0.3008293809328434,-0.079722418434121,0.2533047532199482,0.11865820451957551,0.004951629217864363,-0.02297292197783955,-0.3804849889072152,0.36934967112190503,-0.18445046450382957,0.16328118249097998,0.37062194746657656,-0.059526120685355406,0.043263760784458226,-0.1562669504678962,-0.028870500167604413,-0.003465196053944742,-0.11532545966290102,0.17737136862264632,-0.42235230468944635,0.1272937730905328,0.16480193737441468,0.3183508805455486,0.2018787867261935,-0.029120959249743936,-0.23882605077137045,-0.19734525712588596,0.6338366142300212,-0.7355082820464979,0.2083442463892127,-0.19915596074074177,0.06256030534380536,0.5118804673038113,-0.17541549634415862,-0.2854951980649237,-0.12178467726932128,-0.21546970347341365,0.0754190651123173,-0.3328332038170833,-0.2981222899469481,0.17047218188699254,0.030719848793911556,0.07523016714435461,-0.27420429165137206,-0.09397254113189625,-0.06679662408379992,-0.14721505221745007,-0.260785387651637,-0.24542987243402029,0.03211768251198818,-0.11115911231924518,-0.07875077029511701,0.15518517824952396,-0.016812948464895557,-0.40029934212503226,0.08571820040397259,0.2216675610712852,-0.11432664870908076,-0.13014295797217118,-0.08757080077279902,0.26607393631377807,-0.05621853530932494,0.07318121180427023,0.17623662073310992,-0.18194683417970772,-0.02513634481771924,0.30241670560197376,-0.3384744053040927,0.06992100671939595,-0.1996720322349427,-0.3588134190693505,-0.20101715652821284,-0.486293104200022,0.13511678889023032,0.12510054148737285,0.2884003647075763,0.05278078290298748,-0.006459181187074668
-0.04357599753372936,0.10292107306278717,0.04802891291147155,-0.01936002004694764,0.047009001818048506,0.09981243276551728,0.01466339295511782,0.05137424322329771,-0.03233416382534515,0.08942514117744885,0.16989887623582767,-0.10513632238748351,0.027006408145915452,-0.02846573166703644,-0.08731280972676674,0.011303468698229424,0.09142153597427209,-0.003528665077298987,-0.03783312160413859,-0.07132151029450838,-0.03324994263622481,0.14394285309196678,0.12669924084848233,0.07745106449477654,0.003275323591129404,0.04375805005272339,0.027045212112179966,0.03956195187746587,-0.1394474679600549,-0.05632953176706408,-0.006198250236858929,0.043618031775411306,0.017877609017625095,-0.05790531347147598,-0.04699194869109849,0.07623763284149655,0.06298309256254496,0.08200082100487535,-0.20061950932989944,-0.0953587270711975,0.04213771388757787,-0.05527101619647519,0.09397130208612052,-0.17802679290128107,0.08475819359689216,-0.09179468721804103,-0.05903552656445564,0.0036797192693384644,-0.11441130879368189,-0.0546315869098576,-0.026008851281313066,-0.14663398803510605,0.06585469980542819,0.10160036589502433,0.053484304212646654,0.08168687856232733,-0.08935555160855509,0.14064860441924862,0.0291244930446272,-0.07923153766725825,-0.07111722508468604,-0.22812934218259717,-0.08154132847185488,-0.1483477645122224,0.0582087167204127,0.035530177382345166,-0.02442359191077407,0.06619023222888962,0.19688434563454799,0.013813335689365814,0.13391460503728586,-0.038620353036938566,-0.0017514886200495387,0.04101719780328075,0.0911793117568727,0.06789005532330626,0.06638438544999603,0.06647354198729942,0.005718299616319999,0.1425638978197793,-0.055496506995251285,-0.025150752213275812,-0.026888200815016538,0.11081151129641605,-0.014766050766966021,0.02715658166212336,-0.002673668283335594,-0.08920793896158843,0.012858789082729034,-0.05062274322395192,-0.032868734772692774,0.0041067733109997305,-0.0047794098066337035,0.06071065431460785,0.002429707688553202,-0.043787044009279116,0.018619981388507758,0.012831010665514665,0.18641917181338005,0.034592320190763255
-0.055293289005211785,0.290982804122775,0.17318780640257977,0.07344232315585578,0.08174928672163062,0.14577641600181052,-0.007931863162654988,-0.04750044881917888,0.029658651581480542,-0.0626329690708595,-0.05011837634214165,0.21115662974335564,-0.15382537011629424,-0.08978730664728503,0.09852367588362643,-0.06521516799235022,-0.2032771379387272,0.10351459517142086,-0.07739414896045439,0.18940753612428735,0.14707602481172904,0.03528223878411714,0.20324304372987256,0.031872101959702664,0.03346970657572519,-0.14733992364985912,-0.1966866750496287,-0.05373317380043216,0.048343103823668784,-0.027246309659640304,0.14512804617466196,0.1763277991725164,0.1549201071641153,0.0806046175868967,0.2451189905386543,-0.04938248244170039,0.1320704294628414,0.04328064050546209,-0.009153072430516017,0.16232129511363963,-0.08375435120776714,0.15335878794865349,-0.09277083458782735,0.16423171893484795,0.021692640148449734,-0.08331413610981227,0.07614013409885674,0.10491910736308753,-0.11944529048758806,-0.1922124744323659,-0.2588974871936469,-0.14183690472696597,-0.04564162072072684,-0.11152480687180535,-0.008472542655520068,0.0043788404902409366,-0.03865462298767953,-0.0023724611773397845,0.013584344920379045,0.06225508479333984,0.05378410494796103,-0.2805686156252653,-0.188378010349448,-0.026429047465130293,-0.0406210501805148,-0.008564363702268452,-0.12572986481272302,-0.02785347180442813,-0.051966871128652524,0.12247448680831648,0.04700088060650876,-0.10725312554969664,-0.14382065838010322,0.041854679153020706,-0.23043720667775977,0.024552933976361612,-0.0325383928730945,0.2097669358144684,0.07210549107614768,-0.21058363270348585,0.1709412930997792,-0.07724212428044427,0.11234023314220151,0.1434243945138083,-0.11384851929723726,-0.2278312380305726,-0.12256354889288253,-0.009596107399408029,-0.1855283512548569,0.01835617465413988,0.038063380871220985,-0.05481709600823694,-0.028175260925330087,0.23444094115287073,-0.060171371495475294,0.20614244430694442,0.11425077146404009,0.3576016479027531,-0.07053717458170113,0.08993080262736025
0.026141792552365192,-0.0788057712462388,-0.02724313988159741,0.007245654984844891,0.0010430443419501586,0.045870963547853714,-0.09210947570173153,0.021804428405340356,0.018096900458513258,-0.0379864750943051,-0.031985755613179886,0.008188784837499217,-0.03200345438096705,0.11423749692351667,0.03226229466513301,0.03394481442424019,-0.03145094514171273,0.055457109836935484,-0.015873721440629217,0.015845717464104837,-0.008027909409578607,0.00497545374791013,-0.020008258759528903,-0.0184493302132691,0.06875628745751301,0.024134137614663913,-0.05194394976787537,0.0742737163371081,0.05871766724312223,0.03769784911951341,-0.036332418379947946,-0.05114344729534403,-0.006419586904223848,-0.011771885894000673,-8.483006883389259E-4,-0.009299583379860315,0.039639003477866905,-0.012469681935425537,0.11941117742814628,0.03658648018582929,-0.04155806004505745,-0.035177953709925915,-0.027452530087240124,-0.030492539585236646,-0.02202214351395596,0.08060061637646597,-4.6542811395544484E-4,0.08528257743455005,0.06716307545840276,-0.00972097342580987,0.01428007333662891,-2.7014932274312757E-6,-0.03461477235129405,-0.015906884467696936,-0.11029145865015803,-0.04058238876550724,0.04584078418125182,-0.047396092428918596,-0.020875333479715766,0.02407616322964476,-0.033305978342520255,0.059288729021076986,0.04943446115158973,0.055092524871864876,-0.05226266952615899,-0.041867733410876996,-0.007366179919475412,0.029441550991428884,-0.006096517906458518,0.01753383826662929,-0.014735436672071745,0.0619022144429161,-0.01136361054127529,-0.07896242016328808,0.024279637043977762,-0.05255256197037335,0.017181857863802774,0.11261073738827712,0.02748961347468861,-0.018828927755069978,-0.031999201921159494,0.06616808855820529,0.043130804998825455,-0.1244467817434092,0.10592628479536301,0.02849344728731705,-0.08192443130666305,-0.05990682569711434,0.00943180028197804,-0.008366292486214524,0.013463327345124922,-0.10124456292173988,0.005465802174453769,0.021456486387207103,0.020993520698282284,-0.09367062810364166,-0.011810113572811176,-0.0016231296537659614,-0.0010535560565780493,-0.1034310101538859
0.31893465387968384,-0.10025215963665866,0.1853706161653709,0.07219781486073988,-0.07724707864791772,0.06592208048440777,0.07702334547264604,0.07446631103056747,0.09800386158300232,0.009970929498517602,-0.20218712195430907,-0.38109736928674887,0.20901114020255787,-0.18781368261173154,-0.3873425772490411,0.0999880666635827,0.0027940202300715524,0.014433478194460825,-0.38964132607266705,-0.12563145243551258,-0.20517793030451142,-0.17524052498747067,-0.02866852923418826,-0.06892780502235793,0.15147004910458717,0.3750157827835023,-0.16536923408922313,0.03820598930311954,-0.1918220580278954,0.010834369675523937,0.11959671746196414,-0.10512854601217989,0.07959979186926569,0.14267123872227996,-0.002269800992191475,-0.2949948645103536,0.3392944347610855,0.1188854496443008,-0.1731313204146596,0.12341280300014427,0.1994836522566203,0.013418432158998801,0.0021884753919925084,-0.3914953821068978,-0.25856020250871115,-0.34534584505704896,-0.24827122085124115,0.3904801311029777,-0.3372013290311757,0.3441483750024156,0.0914601525296571,0.01323617489530866,0.22121590309072145,-0.11658138271339741,-0.3561726621234309,-0.2083684993297699,0.00345906676257841,-0.13417355395656383,-0.038966221439215146,-0.03375394669778152,-0.32533954342460697,0.33411099599225225,0.05935999491752738,0.035883303034325534,0.048544329906573834,-0.13066113162827742,-0.13589251763030405,0.08611562272048863,-0.39233833299087173,0.23076598270400364,-0.23714120381727502,-0.021587194788134045,-0.09121697908104187,0.026006990532299268,-0.013204835812482303,-0.035060081201750776,0.24618189419633174,0.20194640743490058,-0.36544001815999155,0.45290901048791116,-0.1363997986212437,-0.06803079398833417,0.12725426704219575,-0.018031246952864847,0.25130712552158185,-0.03577114196186775,0.04943938460985811,-0.18827736685943108,-0.10561064107762026,-0.09018452222728471,0.07131758656077249,-0.08567298951178139,0.020831892164212298,0.19470875670826596,0.3400611459946309,-0.4396207435064216,-0.08476470493032116,-0.34519898408158994,0.08699843516611118,-0.049972893585334306
-0.3711730698433307,-0.21770648733736891,0.42585287515106135,0.26351709651178995,-0.2972219416439497,-0.5747500491596155,0.06045225189325749,0.26757763758693853,0.16760109474162138,0.22952798191504983,0.0033782191634430313,-0.19007304289258178,-0.03801221173726742,-0.13021186180115343,0.16565848299720595,-0.01575176053611639,-0.19728446285397877,0.5647049946952136,0.5758647607809732,-0.07168534237078304,-0.3070901106063493,0.3495535403166638,0.022047695674490077,0.015625710838405336,-0.24597616104299064,0.07467484677983677,0.294934171627988,0.2996620972556356,-0.040470060450550106,-0.040194136596177675,0.21064324944324575,-0.08440560148630499,-0.06857421848491933,-0.17092627071480995,0.12988187005837884,0.06423288645423564,0.4474818624753534,-0.042270532318977545,0.15341336971974132,0.3342029916038267,-0.03006214042548296,0.5352803782501873,-0.06326282201076128,-0.5189085554314089,0.19301782744907392,-0.1888614844096523,0.7344103913534197,-0.0950519470285907,0.42719939441588867,-0.5968735010471814,0.48149943060198724,-0.041791908310215134,-0.685709992657677,-0.2739791694622787,0.213340599064818,0.0263295835299954,-0.2528786438235622,-0.20438619872584268,0.3353813755421771,0.09179495188345925,0.006538646421582627,-0.24155072087259347,0.04784247555823876,0.47704762713166216,-0.035885541734588175,-0.4157343712821699,-0.596961917226605,-0.29391594414998473,-0.07360179619272672,-0.05204828563418855,0.20116888962087606,-0.3932499594220019,-0.17232497356598903,-0.3140380798548214,0.16888410296167952,0.1825379014391792,-0.2868269311795371,0.09247305404226763,0.24899450793783487,-0.01404424666708037,0.07741309531958664,0.3846498243135035,0.5612443863324889,-0.0655568647794948,0.16133977724527696,-0.03171545033257888,-0.07591526543227038,-0.1294002762166787,0.270446940825125,0.03950069117709224,-0.03931363778106366,-0.07724111517866443,0.2855723364534801,0.32774136325213005,-0.37191003064511424,-0.002107698804216085,-0.02556272287962986,0.08931339903184649,-0.18067683401262175,-0.16643963942791612
-0.012790465772567936,0.047354636838304674,-0.09010627779157855,-0.14292553690029158,0.40646614601593234,0.11812679836074037,0.17772221500437999,0.06598108136850493,0.038512769029135946,-0.21833596932305827,-0.031169480339203814,0.09200307833872916,-0.11842994584367995,0.025687808403625573,0.11058222263675833,-0.23265049169710902,-0.003079484586799133,0.16701462218891366,-0.088929027783024,0.10613051555569701,-0.19600566474758846,-0.005616360761779392,-0.09723587830355251,-0.030525333655642126,-0.235168762337416,-0.02274707781698035,0.16117179147514576,-0.041851300884963166,-0.010548761138327402,0.0577430797970718,0.10822364558344942,-0.2698475371774717,-0.24132602489234237,-0.1472075990987439,0.0971201960046766,-0.35386815849091885,-0.1328842782104529,-0.20340914368051055,-0.4702615834570328,0.04963473416801026,-0.05686954305662183,0.02197165033842897,-0.06274335245334446,0.023549332829860218,-0.041831863615582436,0.055682862836437794,-0.12649373100559078,-0.5389079331823425,-0.0016225306597169023,-0.14943573888786787,0.29488358088950706,-0.010868015277729737,0.3274578316974254,-0.34262050227093355,-0.06286411517375999,-0.2561529504447235,0.1815217798524938,-0.07583028038696274,-0.3377056668331148,-0.33196403769275573,0.25208408023586376,-0.0591351844661404,-0.33613595506470706,0.013797441225570996,0.09608936272584244,0.159462290949516,-0.010756354444991517,0.24907087975658102,0.22372709179234182,0.10632956311845738,-0.0485369883961812,0.29250201410230636,0.21063170522787178,-0.05592992827151792,0.033495708613929254,0.1807618164368264,-0.15672289332830933,0.05926123463948602,0.41318660732406975,0.13636599754191295,-0.13727139153758275,-0.10880992184565753,0.40401589664012977,0.09298121098679082,-0.10364424474524815,0.06521590657027945,0.09993158049392586,0.016751505005087514,0.2632992259952528,-0.008639105145528833,0.10014522138104882,-0.29672092747962303,0.07569722969164097,0.14503738309689623,-0.0640514429483033,-0.058214712469066406,0.43804207883968993,-0.02777786716989767,-0.1865383269125087,0.14220891824059714
0.5347229784627445,-0.08987449578691001,0.2661859581631688,-0.4925122222831778,-0.07987068157528163,0.20697735578166976,-0.0253958928495991,-0.28689625986927664,-0.16825161984203718,0.0780917075092141,-0.15622249202781424,-0.36038612954426,0.4907301963624296,0.23145113172000317,-0.1555701128977112,0.2784618057505361,-0.0069499787379083515,0.08284026557498794,-0.2635411126464136,-0.12455297186322817,0.14933524648355093,0.1964584213780115,0.06197493098428744,0.10124352192881982,-0.10027360006423902,-0.6236608622316461,0.01619732903740971,0.1226269669535276,-0.4869685901531673,-0.053105093292225354,0.13711017374972026,0.14148129806064635,-0.22286753341455945,-0.06601055521613558,-0.27977055782720733,0.3525849343073225,-0.3892959752786642,-0.08034168766411216,0.05935170670014163,0.13153715287668064,0.2128765190322024,-0.23258733618291275,0.5131869641241997,0.1005166497406074,0.2268672920604069,0.13758635917758028,0.09937465939479867,-0.15235830344504916,0.24543243974728984,-0.46540611735657733,0.2934679186569432,0.010918193082842158,0.17032477185123834,-0.05613469520703375,-0.05960237946512236,0.09021527627775565,0.28600939280202237,-0.17578833488041876,-0.18051012699767935,-0.1529259656513305,0.1588714451190757,-0.12854493682866483,-0.020094816832605906,-0.15114150429890363,-0.05358288863763056,0.6764388370771411,-0.038189859093462314,0.31406008263070934,0.07876107471787659,-0.27083231422537796,-0.046847448111717475,0.04415193833769247,0.43711391804544975,-0.221248897146163,0.08241737465523585,-0.11016566721399851,-0.04598218352082303,-0.016409234013814885,0.10880709093811787,-0.07159504491247806,0.10708737076170424,0.029749641181191024,0.3659510829051905,0.19368534435286267,-0.2823785469949073,-0.2720586990466712,0.0011077065657042011,0.015786304394672185,0.36991995323700483,-0.014607423329275815,0.20245741775411916,0.029575188669136672,-0.20313692477512474,0.2402737836555218,-0.21576942882539435,-0.09489806883574167,0.006790346439644418,-0.4024854972210043,0.15530527156289867,0.14768431203856297
-0.031218515989716214,-0.1026024865776255,-0.017545844579141826,-0.019684119918384257,0.05043394857302356,0.3209279956409637,-0.34890316290381,-0.03279269356044326,0.056282066975765106,-0.10290091649098691,-0.1902948108677462,-0.04643888697312771,-0.014207899468214345,-0.062461776383932764,0.16599532713399623,0.0013446199324835962,-0.1784936208013975,0.10225718992863013,0.3610275174422371,0.014171554619873185,0.04037147841721247,0.2949834723384069,0.022246461911720864,0.08332395568597653,0.09246030393823414,-0.11308656960717212,-0.2991702027707172,-0.1711595569975737,0.05154685818343835,-0.00738397700514945,-0.00954057150668488,0.07271287055992387,0.1985518925003146,0.05558330740116014,-0.12135827219458725,-0.10394865557338225,-0.07690058508167004,0.03711652693832423,0.22756321465894438,-0.11971614458680095,-0.15712249433992792,-0.14475162058401708,-0.24553938728012592,-0.2956656773178116,-0.263330125765618,-0.12474713864684528,0.1382918418548049,-0.31454166047380683,0.2506388649805232,-0.17743781755594132,-0.0815447733657454,-0.06120234845021785,0.11478038796142388,0.19598889621888177,-0.4435481173065941,0.11564161844372337,-0.0780194440432245,-0.0034206979632703063,-0.1807121279331421,0.06713419804060779,-0.08132603251308705,0.08900313617210495,0.3768223035183609,0.19492465630815092,-0.33225590893399315,0.052965929350189234,-0.17089943736693375,-0.07211520989254827,-0.03908038392066214,-0.12467704426273764,0.2559653554804175,0.1458124693907541,-0.35941221460727446,-0.06553584893858493,0.16623876418301486,-0.18254948608387872,0.5496617273761212,-0.22763019718873825,-0.016765405797728145,-0.2241436438026901,-0.06719896311277519,0.3462841562589804,-0.28081654189802213,-0.017853706927209643,0.1722199952784223,0.18773370484895738,-0.23974663256291381,-0.42819437882118255,-0.5857123521168662,-0.0010072162040088712,0.14216987096306447,0.07085488728783025,0.0021023174597909885,-0.1605512630921691,0.05941294823498116,-0.32626149030950413,-0.23551837429492536,-0.10975848353304808,0.040229809184210985,-0.16766642327384962
0.024025845573444893,-0.14039430947192458,-0.0982610253229739,0.03628326956440702,0.038577835377549455,-0.24720323084078286,-0.13807112217131481,-0.0363129986996272,0.4969276863968533,0.1637713897337487,0.16105063993510077,0.040371950384196116,0.09329522905642068,-0.08080590264663128,-0.1338521639639783,0.2705007729077588,0.04775804341311803,0.16193821744912676,-0.2509961604013961,0.31826558953141865,-0.20052045776260158,0.1244085167653425,-0.14396891342023452,-0.3936949080711669,0.06564176477377943,-0.266189743863586,-0.1013846975919153,-0.14348313010423125,-0.2579625760912025,0.10244485219814597,-0.02635193800493101,0.12559921587200004,0.1405354795458904,0.020816680498562414,-0.10994154960363121,0.19876887779765867,0.19800782009500278,0.03291854713004879,-0.05863705882391184,0.12756785981185365,0.11720333251318259,-0.3008244662655164,0.02985481406842176,-0.20275540778081302,0.2777191966007186,0.29838939524839864,-0.08771813654462081,-0.011694700709373836,0.15139208506660481,-0.004527326320641943,0.056418734062942164,-0.05109255704602209,0.003189251494095664,0.26532788998316764,-0.2820035712680474,-0.1664407957918882,0.10329910916010779,-0.04590056001560123,-0.12830532738866324,-0.11272431034143354,-0.1471591272692102,-0.012382935778206606,0.3109445196430214,-0.13906949053016876,0.2592014170631458,-0.4846080977359833,-0.039526231548706804,-0.051556864291616725,-0.23755302489208907,-0.07534636702796178,0.3717637732833687,0.22115760356951047,0.16690643838564415,-0.07252694068644523,-0.014440692939672562,0.10423262280350534,-0.22978531419968154,0.3503291609251674,0.022504447825387023,0.3108552461854468,-0.01842358987638899,-0.2184232235768992,0.5286489612514539,-0.10962935871806587,-0.0646592718889853,0.03435054464342791,-0.010653239321401074,0.0351285597830437,-0.06581989509199389,0.074128817900407,0.10066229561692136,-0.3450902455563302,-0.04491469438709905,7.05339160929356E-4,-0.003211498776081452,-0.17797095039653493,0.4197211080370108,0.13374572735254567,-0.054886210287382935,-0.049488270003566384
-0.1269630410276113,0.053756372260157385,0.08872433931120481,-0.10386781644816198,-0.04564304089125669,0.06930508416527932,0.01116231472225242,0.43351735525977414,-0.06016334887414699,0.10802958279456346,-0.2505600217258855,-0.10761407874618187,-0.20824885988664218,0.061748998185524644,-0.27718239824918084,0.14069599654353018,-0.09298618946150139,-0.062260013569412485,-0.23623291607310573,0.06981002421050163,-0.22661866803041072,0.2619920753314691,0.12060429845926016,-0.02188324120761284,0.08533733891114646,-0.19645870008242006,-0.06503957758528141,0.08150504663817369,0.19409081066330325,-0.20488305456853717,0.06780095455512093,0.26383004169180846,0.14954483101375896,0.3342237692866482,0.01678887712496449,0.07263556508756668,0.12061589297877742,-0.05400103585283697,0.04031065974433381,0.0050341031529267674,-0.0541134223186313,-0.23447320943668148,-0.15296411518617797,-0.018301971632090075,-0.027137061196287,0.13496341789696006,0.10736552706477161,-0.14637497368750252,0.022597419970538112,0.08499005555945217,0.0016747240453350446,-0.046744925892052085,0.13577234646377845,-0.1082131155421169,-0.2752970186128726,-0.2733137948584341,-0.13609783810595888,-0.16481666818177773,0.11463650027881697,-0.09598864448015547,-0.018657517128152248,-0.018616551726454773,0.04239707425425504,0.0420282399919345,0.01692360754596175,0.07685489283553165,0.0632622869303282,-0.015489694891051373,0.015160024359790684,0.13960939829142532,-0.023370686517649005,0.21343432124491582,-0.16982491726154297,0.18282657439157918,0.03568276643975365,0.2944942569231103,-0.04209319270526564,0.03503141057808395,0.08454034701658086,-0.027269372750846073,0.05312031206484006,0.2935210390110998,-0.0014487784646829696,0.008784437262518714,0.10063693029301728,-0.0626727748381577,0.07101052239562768,0.01651025562251993,-0.3811972519568252,0.08249923558814229,0.0505758437192268,-0.07987028855514113,-0.10876767231864119,0.06139853367033208,-0.041296805683020854,0.13769741308039532,0.165029756914336,-0.13209588910810688,0.010384478234794988,-0.011695586645757422
-0.23135629379340905,0.2581276462222711,0.03951970677374818,-0.417730885793343,0.26371428494416127,0.34885998304590515,-0.15293095581412336,0.2741210199448701,-0.07418176194382839,-0.03237455689581333,0.18576904056553295,0.001126982897134621,0.12065391893452697,0.19340612645686162,-0.26090671157537304,0.08212849670529757,-0.2408639265728849,0.10335440071143301,-0.03494830184832503,-0.05115331923872465,0.23872430344885381,-0.19466241846710555,0.20793204446806238,0.04221571500866279,0.18653134872230281,0.36588209189356025,-0.32075095528313424,-0.19493116253052484,0.047540715387502375,0.07860919105140182,-0.19058498849491906,0.0502109660878439,-0.00975612267507034,0.2679923151233938,0.14903110929785274,0.10951776226894322,-0.1475158642976749,0.14204814762430928,-0.2002261741246263,-0.15667975454187008,-0.0096475202588267,-0.11580274791041625,0.08271447770700971,-0.18006053316061427,-0.007723797686150244,0.15593632782599698,-0.03196402555681476,-0.23987235118330344,-0.030394798287665767,-0.32571465696500146,0.0900892667937358,0.014108002991373948,-0.3292876910294144,0.31906088654842935,0.2794615575970264,-0.39797741336700915,0.0797005842625043,0.16889915032404812,-0.2920350434656352,-0.04253203640723056,0.3037141222513253,-0.17311605981363112,-0.3277082885200677,0.1079898986211245,0.04147556818601484,0.11032033743398469,-0.27022398378204227,-0.12501340226703941,0.13179807110176936,0.21324650404427567,0.4943604781774775,-0.22734418860924305,0.29116332163600445,0.0870379386209712,-0.1976824358222855,-0.16188683087618425,-0.22614064950425125,0.11061289118357487,0.21416135705310768,-0.16036224126118548,0.07352524171812569,-0.0016770792624196216,0.4287482306102613,0.4104567539125258,0.2623287047389226,-0.23845146617137147,-0.4845832714521777,-0.3211289422761046,0.3769152763465173,-0.1522487190821864,0.27658246290011346,0.2081244974582835,-0.07062101776666337,0.2510430107332884,-0.2630184309232851,-0.0757070105237219,0.0269075541981291,0.1926007289337883,0.31539315655758,0.20143457745939417
-0.18620109040827099,-0.2471504338375325,-0.0714385737172768,-0.05388225482433245,0.22797612775679707,0.27029390230348693,0.09755678364499179,-0.03152644841962867,-9.745334769445145E-4,0.0898271035254848,-0.10370297409964567,-0.05580502499283031,0.07214772516753172,0.124229007840589,0.15960443206494565,0.07758117717246199,0.175872290476,0.13232335885579416,0.13353489358311063,0.16967164195804194,-0.12319868927101991,-0.016607321555520686,0.08446326745041247,0.09152090595162875,-0.12537308512511186,0.019466882465685096,0.12006353694630513,0.0638279360448697,0.06558451783622186,0.10344553852641789,-0.1796861674824483,-0.18668390399223447,0.14531411188540308,0.07090865741346651,0.20471436719034353,0.14865400168696122,0.01937763756947834,0.019018849983422223,-0.0762521577112941,0.10232310141850091,0.1676686089751393,0.010297330502442604,0.25977281402412267,-0.027391414069154983,0.06155377507794995,0.01639773601396107,0.12992186944226433,0.13281703585559856,-0.16416415954799643,-0.18208034333434997,0.06225174984608804,0.013672009290767378,-0.008205368472742332,0.17168076745539265,-0.09439980375544565,-0.11989714225998663,0.00789658317125988,-0.12118446516424215,0.004519271779668104,-0.21441995924756896,-0.04459032892254811,-0.14031743829146337,-0.0750543763776121,-0.14696409224689586,0.1487981244643371,0.10631275952931603,-0.38050610514341177,0.07614580948440984,-0.043345643829825725,0.02418148722369494,0.003644499729919713,0.06568088949737386,-0.045112947879076916,0.08327815911934548,-0.035593976366387996,-0.12614925405383862,0.05360298294225184,0.33659073054738103,0.04196476991822639,0.10749098313374424,0.10745028796328282,-0.08696703593777971,0.14853228059750226,0.013133132315310322,-0.08587864864298694,0.06410970217748238,-0.04605812487158528,0.23346704347732938,-0.02252954348936921,-0.062023089206365935,-0.0414886324310268,-0.21865611617056108,-0.11209080721791886,0.13445898729369346,0.11985783366380975,-0.0021111075410765352,-0.23554548633917738,-0.006489469253451779,0.08289165489685305,-0.008522124496930182
0.004324994726407843,-0.018749547778812,-0.03117824764455149,-0.20181145080150295,-0.049260015457922225,-0.00488777285042233,0.034911839327437966,0.10342498253208657,-2.872323875749292E-4,-0.006579577277198123,-0.05187204231269962,-0.010564373808659572,0.02405227104337022,-0.053301597386153865,-0.09176428474360614,-0.04176688863461371,-0.15560382622092528,-6.397892902512191E-4,-0.04931877405134585,-0.04646391238585957,2.924477463951082E-4,-0.019477463576545347,0.036435282683681146,-0.056225242187122534,0.12120216441640726,0.026266669858734017,-0.14472471921317154,-0.019670820299843655,-0.03187515721288459,-0.12301100774694688,0.013520779341835544,0.01766170455335154,-0.05963132238286281,0.055320131922298725,-0.10948569625138875,0.08799831584981938,-0.03438988683278081,0.05449699243189775,-0.16539624074908452,0.047549444855403376,0.009468219939195065,0.0052056373369436075,0.06658507663014519,0.009071053618336763,-0.08975182715730749,0.041715592106429986,0.028092388526732712,-0.10744879064266648,-0.10191472827119354,-0.016839244145449638,-0.04849618968781773,-0.030144290683902435,-0.16324072286995137,0.07051680168964504,0.055289315299382705,-0.008049693837511184,-0.013985677702222601,0.025786472800284066,-0.05508129337474969,0.009856983581267374,0.09574014897332257,0.051963979775290485,0.06076961595524385,-0.001120021167702044,-0.0772062368208133,0.07402021303572451,0.04913389998554506,-0.04559230805049143,0.0715572419277563,0.01581578367962963,0.06855353879886136,0.02426645773092657,0.048242937772204994,-0.04590989866845567,0.02010087618297634,-0.014339012712865949,0.00769430030688899,-0.046665279949757194,-0.08038404998458613,-0.01832437931801104,0.024025059627697513,0.012440575166621505,-0.06386369183875176,0.03846633398249416,0.05548313942114959,-0.014527471321379342,-0.07448417869149486,-0.09014617177257814,0.12145961033477211,-0.05131624823740897,-0.11169235504520206,-0.04418782888761864,0.06785346332704978,-0.002061892254547872,-0.03322848251235147,0.10805774810304156,0.03359887928775904,-0.024263224670781597,-0.11687600608332985,-0.17024863688121636
-0.053696423964954006,-0.13179145698050648,-0.5106404101633182,0.1041163794957047,0.05204160146221674,0.30291673201872366,-0.17961763703076772,-0.6307824241962733,-0.2460473202085822,0.20946025321464143,-0.6146627368414602,0.29735423885616497,-0.7108005436381271,0.10747766462108316,0.3131706319851702,0.6635880129013787,-0.34521097184141203,-0.028355003555556327,0.28744406403927836,0.4642863319852655,-0.25696999661160336,0.4865007846578689,-0.16461333539627293,-0.1985829298433075,0.26276313349750663,0.2898345869446402,-0.25575314413819317,-0.13161754059895628,-0.1571475852062544,-0.3535918832072847,-0.2680668994035609,0.4108070162823223,0.01282424654757994,0.20538713180493504,-0.1860017988745014,0.3773150979369593,-0.6255581162878798,-0.08909750624272282,0.5164370220268891,-0.010317082479614917,-0.057307247850614015,-0.5786550773763988,-0.4816568547146901,0.8528552316813758,0.095533269312414,-0.4103708491186699,-0.33157133397249483,0.5117465188669749,0.37239828567273753,-0.0781943633390061,0.5430766508164089,0.4146995219805212,-0.09184685897719506,0.19855990692536354,0.34323658145421904,-0.5884926997374673,0.3608667721236725,-0.05167164471103213,-0.35154544649912467,-0.042266529739796055,-0.20105596053585584,-0.30401624072100175,0.8977335803984786,0.1023290576777575,0.20893675124001992,0.18543835468021325,0.42630720425782653,0.1468922822253762,0.3253553406549145,0.29145530849302004,0.11041028776496371,0.8855144277090629,0.05940188862905514,0.22097098658151143,0.39775477986754215,0.13779403997533413,-0.7642127435910558,-0.09978544350298123,0.2519447562417292,0.29517968243708964,0.24710873079118076,0.35833429093712366,0.8315193936385673,-0.2961326334296438,0.6091368657246657,0.3634974444205401,-0.7265369401498147,-0.289075752458569,-0.3278278109066355,0.4923306277595567,0.2131697667398132,-0.06803823412923225,-0.010357571310871741,0.3286688081169505,-0.014708742646960576,-0.2996800597625759,0.1219546986714235,0.15223332533534822,-0.39813205964275417,-0.22665636013301374
-0.018204957776823644,0.2148514229401961,0.23438090061824,0.10447565104324519,-0.008839040167308083,-0.0854060800057597,0.12032684690537737,0.16032748335840194,-0.13082655113463376,0.003296111436913495,0.0985050479869097,-0.08168779592637189,0.3096471959599084,0.03330974245360132,0.07545174257107476,-0.009579296332839988,-0.061048874152370855,0.09953003744520823,-0.17131405964622898,0.050910417709441005,-0.08289158542979236,0.10726109285609699,-0.0656487319534919,0.08203122151422654,0.07441482630303864,-0.09246701467037982,-0.11675759774790703,-0.07175565364770975,-0.007389676478209491,-0.052393411732420576,-0.10599218240052173,0.03430424208311125,-0.03428417500716313,-0.06730533586471096,-0.043087953256607935,-0.17228872710119875,0.09813127480581484,0.1354311265802109,0.07479948589784548,0.16106106102294612,-0.13163862644685984,0.19122620425911588,-0.09617988804354057,-0.04157550972095214,0.040223144120918805,-0.05017841834676641,-0.025950604994854416,0.15277599410827816,-0.11848709649020797,-0.011580186106926396,-0.08701034941732597,0.07084751464889269,-0.0629932899635671,-0.07518241998466164,0.1755971298107839,0.04627318743093721,-0.15894781339692332,0.052613971060261555,0.013023144750373663,0.04630641800710312,-0.062142195643165386,-0.16018261748168044,0.010031447385684273,0.023342014937975365,-0.04552211395755123,-0.058213417341456714,-0.0556743139834572,-0.10290748687125345,0.30048657288127484,0.14180710695389637,0.09962567731085825,0.003576259000905857,-0.09077713544762558,-0.045600803885132615,-0.013881427838843946,0.031235920449384218,0.07294529866379895,-0.045468297993887366,0.032732682141642586,-0.13435987737013214,0.03692949500795271,0.09401814647002601,-0.046489701944325945,-0.012553867552020027,0.08772977950554832,-0.016621930239142182,0.04549837085761524,0.018040317847223212,0.00815320898439027,0.011250169835081883,0.2837178564302068,0.09216999674145492,-0.048070628616918076,0.08160288046604147,-0.2516534588539678,-0.06805131741395813,-0.012991706466743615,-0.1260501195676462,-0.030077392093648243,0.21511453270674713
0.18731282026165583,0.06699837280989199,-0.187587162617884,-0.0628124726822511,0.004974071824836887,-0.07502429282059647,0.3432285657851083,0.018510097379592794,0.44312156749785914,-0.16693539476228567,-0.4946652607821283,0.07477362478954078,0.14340628307904799,0.08037670150298826,-0.4142143755989888,0.2327333505521633,-0.23916313194252573,0.0025194353042318762,0.024233629815286005,-0.02284623605111763,-0.18862534861002533,-0.06261519718456243,0.11640718144255219,-0.12373584929636247,-0.13020404913580869,0.2257142012616802,-0.17215524514475958,-0.10429393127416743,0.18153085341685463,0.2637242633320744,0.18353203366445772,-0.4048064811202464,-0.25261812317134175,0.18805664819054949,-0.3276085951990478,-0.22097223782716913,0.11709158083108576,-0.2847596587998013,0.09955315974896652,0.18020399641686669,-0.42403011326398327,-0.16697390858098976,0.14819228963211584,-0.26906124178530516,0.1303187577601012,0.1862922555367039,-0.6482751896632407,-0.4939636488193254,0.24812954786053493,0.3866665139469033,0.31429291113544844,-0.004170084628644306,0.2851667427700801,0.15568464619557204,-0.014214710802206114,0.38220977699066777,-0.41462618663532336,0.3092632731590222,-0.2877182299422991,0.15624355921989588,0.27585892535263024,-0.3754889361498062,0.4619430449959542,-0.2296795473642461,0.2805608329338755,0.2175383423775233,0.2335642139932886,-0.12038023727263356,-0.17905895839386268,0.12311376651770169,-0.08789026305436808,0.06580440775737112,-0.10116153833008394,0.03731319093782163,-0.3171232825040034,0.4105755754008106,0.13676241406149772,0.025553878062295206,0.137270763144876,0.2342191903623347,0.01979664049196795,-0.193273899217254,-0.00604741327041886,0.039961720310876664,0.07241458347107695,0.3092405854925583,-0.015800711612645853,-0.03480455909957112,0.46874878937206843,0.06868129394194196,-0.2458035761183126,0.1756474292372414,-0.2587938891349276,0.1634717469473352,-0.4853381122763071,-0.2994607995423439,-0.03592160702966912,0.054644918480169245,0.039249501457433514,0.014061451289582012
0.12240732889044163,0.02780864353802175,0.026412117924417153,-0.03646351998539264,-5.142648960413859E-4,-0.04246189974154716,-0.08480454091613701,-0.10549189785357858,0.07070174392651905,0.07590688463664387,0.02421607654463478,-0.0514906792597905,-0.04872251431388646,0.146326152417901,-0.044294129716603396,-0.07064643279076639,-0.04926398486895961,0.038512340564055246,-0.04778522822728671,0.08499651237688238,0.09929231379485827,0.003584834417197335,0.08590278568316079,-0.0273367276459695,-0.07624054850287872,0.036336316548616146,-0.01598864352485191,0.005403295648530915,0.22192987987418272,-0.0019710336539015883,0.15472032090303614,0.022327664717549933,-0.06737304354143994,0.16965758736403957,0.03212367898739895,-0.09678579957860535,-0.08176153322118467,-0.10136821410187048,-0.005946473989905509,0.1540394822489905,-0.15109744051993862,0.027655609603418212,0.046306913108973544,0.016776296060020502,0.03825052266538867,-0.046427864922346976,-0.05033094927929622,0.01748666064960917,-0.004808301408316197,-0.0840425093938049,0.13227244792150464,-0.07614003582163292,-0.13044499884652397,-0.04856914653983448,0.11162976713502758,0.030213272671146593,0.0556630227318396,0.0863460456550032,-0.0027315454380636268,-0.019836128034999956,-0.0015479833779264182,0.02162340303459523,0.1384962503835768,0.027743417587010034,-0.06490625902909145,0.05583923917876067,-0.03262731491304712,-0.06189090785062601,-0.060673671761874874,0.150387387150306,-0.08471348065874454,0.09707555457730635,0.187635231706054,0.19726062427066401,-0.12186528721551042,0.038284603670970634,-0.032432877289477254,0.07053430917353866,0.03431991836074087,0.05919984781210399,-0.0021517749079886894,0.10773671604305683,0.21743676587320013,0.014584957830375469,0.029159786290715604,0.06318169849157457,0.09351112843729203,0.08727773645295601,0.12224152254150035,0.2089794130417015,-0.16424745529218648,0.05122951563635134,0.07909369485497551,0.11162090216169944,0.08262366252824842,-0.039398824440743295,-0.0728605058974322,0.002485394038581786,0.10498027134216281,-0.06292893609108728
0.08518206810767655,0.14148535738821835,-0.1450404797256309,-0.029412587917817645,0.07978746027837202,0.015362460466967346,0.003501673263246516,0.007526916848639217,-0.0507692518417722,-0.06267149024717275,-0.11887527565370701,-0.10250030266251355,-0.12108380117899245,-0.046989112712067016,-0.14255032526556569,-0.007534339016596378,-0.16309148999203338,-0.022946000969798222,-0.09256855891466689,0.14142481745504767,-0.15096847414814338,0.12586739162422586,-0.0162292590310164,-0.036018221549046124,0.061201422529146426,-0.06765837852071262,0.021443111252448334,-0.0023152674860944045,-0.018220789105678283,-0.07043645815137473,-0.1627797607615844,-0.19238893267506285,-0.13185129327064546,-0.04154616338581324,0.017984352123827308,0.17422236759326104,0.048308205394072615,-0.15831660524849192,0.1781761376619659,0.0912550161758913,-0.08210983318741248,0.13525166958606297,0.14181112042469263,0.09835668366296894,-0.0034018958375182477,0.04371783294042826,-0.2024252035795698,0.01879504008592685,-0.05574733820482669,0.016168910946955665,-0.018639201322631777,0.15438236222952062,-0.05565172213075586,0.08748007116305634,0.12418856956883464,0.009691413046497841,-0.19478011490124492,0.05652501537950278,0.0691276744868126,0.19084356038160696,0.15113555045908647,0.10479832329670541,0.12997139743045452,-0.24849462585467727,0.03999278392997697,-0.03846285153168836,-0.14693317599987596,-0.14858566417674024,-0.08303844873373695,-0.21069485051885314,0.04460596425236774,0.04479331259644598,-0.012568942194093864,-0.10530437210142746,0.10087529830447253,0.1456563802345461,-1.6158633886766832E-4,0.19051683729998425,0.19428257980478172,0.014982051133843176,0.027134856770115224,0.032804163106405874,0.08086271720179813,0.1088635929804086,-4.93227565460896E-4,-0.1866944901192883,-0.21018307413761858,-0.03860109339650616,0.0404566849870152,-0.1190468419057663,0.12933608694158735,-0.22517193608555744,-0.04035055124595491,0.17673771447205366,-0.010599820902894857,0.17799952861244828,0.037604346113953434,0.04555009638469691,-0.1299552659757667,0.23944405847596137
0.09610209042515598,0.07375978425857091,-0.05213654787631927,0.08309485616877023,-0.07122093665925372,-0.12178845592919042,0.19401184914360745,-0.03736444746593257,0.16273019728413904,-0.051095121264141716,0.11029704052621177,0.013040743502858285,-0.12443566023579608,0.06680804479428094,0.12265683394693755,0.041796423671977605,0.14959173471760875,-0.005744689304800977,0.03340254093549608,-0.10286387567870896,-0.05267649001148738,-0.14234259671528351,0.055419649477918595,-0.02323069955609299,0.07249287948416051,0.15658521560407077,0.14924045714615078,0.02950432134992223,0.1425626588282316,-0.06277543085529455,0.15808525311192528,-0.062284453131095166,-0.14808361611941837,0.09009859589543008,-0.09141594787971202,0.037379036609896686,-0.11518152433643626,0.05669956315378261,0.021779409289706595,-0.17197360476253767,-0.09184726978424793,-0.2210738700947826,-0.17199420158103035,-0.07323014500472358,-0.06908240643494315,-0.01608256743675165,-0.07443039151652403,0.1434873451305992,-0.1166556565347765,0.12053264410038336,-0.026155984081368155,0.03181517259617257,-0.21811536906096904,0.14547472273412057,0.09296791645621234,-0.1629160570056251,0.08659365954828036,0.001517037986859949,0.06795178802118841,0.07584215014208301,-0.0790227376015596,-0.11583789233648831,-0.3552420982480011,0.12238621769191625,0.15271654709829066,0.12971481745067062,0.0816064332190211,1.8622769582577034E-4,-0.21968027420929379,0.17584403072843566,-0.026571729065389134,-0.08005947537122694,0.03537801350218454,-0.031870243513717325,0.06379861515692646,-0.0789430981543207,0.1189263385498104,0.1291697729554965,0.03286952537780718,-0.022629131221430357,-0.19927682790893045,-0.015259769741344792,0.08357746072140562,-0.15789715773560875,-0.1939813867574062,0.032606843304827306,0.07059145077240742,-0.04274255169304592,0.07499417682327886,0.18834427248025348,0.06357439263127655,-0.006217473858189567,-0.09551793979176197,0.013538727617302435,0.010859353167304174,0.029261071671713098,-0.0037477105943179686,-0.010064231302139631,0.13414177145695763,-0.1277826067432932
-0.02183241456473669,0.0126339812803817,0.05881652739775575,-0.07691300520884062,0.1438569059030809,0.0318262872646495,0.009457655040960246,-0.002410464899701076,0.02320936444263501,0.011409299630749435,0.08465257484545798,0.06086585072512592,0.07350231439599171,0.06354913579330929,-0.2827791548276466,-0.1645130871997435,-0.023133704358849864,-0.07743827738184311,-0.013810841955009267,-0.06738506440004059,-0.15891541041405283,0.03298384355684037,0.03919691074494964,-0.1117174600489392,-0.05096359372073397,-0.08433574431844254,-0.020788766691510214,0.12578215687612737,-0.047218260180149414,-0.029201939356204673,-0.17418453960813685,-0.09397536137364429,-0.04989432055109864,0.03734162854508886,-0.06586503691734912,0.2537530541515103,-0.03217906868689218,-0.02200223540403296,0.041226137614672635,-0.0585049199580897,0.22555855854622076,0.022578878468570127,-0.11384593516943851,0.07389374488391465,0.00667584021711564,0.10064851258901031,0.21339285156385254,-0.05387572542261091,0.14600086779116653,0.1572345849869327,0.12306975172456827,0.03357879752082385,-0.16956610116256587,0.0841148788918374,0.08233895081912818,0.04044471234179541,0.009470624802740649,-0.03431773866902689,0.13648483587933805,0.022621133910808878,0.0488703935458817,0.12631036318973665,-0.013368245343265509,-0.03423309901677363,-0.026555920997551975,-0.13210875426878946,-0.045859673964082616,0.02862552579191513,0.01575582299979202,-0.06574129116505478,0.008038037596725582,0.1357835967394814,-0.08611945655979532,-0.15154568282399541,0.14938523431714204,7.280603681843274E-4,-0.1361620196888454,0.05918379791602748,-0.08851731929954533,0.06749713101270696,0.08421051860356851,-0.03863253236465296,0.014147821756015241,0.15532896811130306,0.08732226191158762,0.13129746868099562,-0.1862145387153009,0.0993297325153452,-0.0075616120848097474,-0.02066182635442346,-0.07601765406563978,-0.12383168346242812,0.08622702874026908,0.15944271592959522,0.05908652964634486,-0.06837888374473401,-0.32522771246856463,-0.09858285214008675,-0.004338071268510327,-0.04236006013051498
0.030032715778492976,0.06526246753551095,-0.04236751367110195,0.04047722641077612,0.013337298957858304,-0.01922598878298938,0.01240402969335502,-0.02785696505781327,0.007137023218668722,0.015188082321503222,0.019599138522338543,0.0340135133708034,-0.02385155797980125,0.002798638823321956,-0.0496691918730431,-0.040366658427015964,-0.017681115135334397,0.062179303800253806,0.019620067624775354,0.036639550462869465,-0.01773230628391696,0.019826845116028575,0.021923462956679695,0.004554979312321518,0.037916434370338155,-0.013433764856450967,0.05705042965007558,-0.0039008055359100475,0.011946126798804751,-0.02972179619124489,-0.021345707691100505,-0.03343396459422461,0.040144388027846874,-0.021151302338161322,0.030872931499173424,0.036222885539619,-0.023419158229471437,-0.03342278095097784,0.02038516525507019,0.03352175695709957,0.006126433602305688,-0.017137910138687533,-0.016993162869390243,0.04766465580979481,-0.021040525613201987,0.04522406285190977,-0.02943143273336968,-0.016804737457967418,-0.028919039380505367,0.013886589157401492,0.0021149177388066396,0.016474327550317924,-0.05898283318542953,-0.042490322617458595,-0.01565122596206266,0.03246772418370388,-0.01606572368475113,-0.0032707867184804604,0.03133637687115656,0.021943330794242797,-0.013546312871884321,-0.012441906232413508,0.018332232722559034,-0.009546283631909744,0.013709789457195887,-0.0067335081041157395,0.020122160222539216,-0.05166796778233717,-0.021067726470798756,0.014934032657636827,-0.006999854350982028,0.035304447227167315,0.016633153482822374,-0.015097714465906098,0.0030729893038359286,0.015744791817693504,-0.0024667623212035676,0.046630246035484074,-0.06598493929222171,0.021291329729499625,-0.01144441908876058,0.04340138704620624,-0.013136393031206445,-0.026013029393105066,0.02321917718846233,-0.02329270677002599,-0.009782360892498634,0.005578161725060747,0.01441348732824815,-0.010265165942398688,-0.022810964531967206,0.061240310315159995,0.0010922764733640913,0.018748048409430694,0.017943451173344047,0.008488430760221526,-0.032972254271581534,-0.008969707360449606,0.026918226857011163,-0.011365772286414288
-0.11125336649455853,-0.10372983022282906,0.021960842154669223,-0.09202238466663058,-0.17077754663658118,0.21918735020391275,-0.10413194626415222,0.04710610203847686,0.18325482043412672,-0.06371049321991347,-0.036553346522891196,0.031318345887521484,-0.34621890197180966,-0.1040020692523672,-0.013175815848439307,-0.07017140733467239,0.03603639790291932,-0.13373418822583974,0.06883855725137432,0.052789342784633125,-0.018734508798383457,-0.04670981149147861,0.195278043301937,0.06601892183818782,0.08085219052168652,0.25419832337045895,0.11818155566434417,-0.17998197621822568,-0.13392954894284687,0.0025886453164356543,-0.1221988015554234,-0.12136947423593396,-0.10637943024730813,0.03809499605211171,-0.030375566829975737,0.08025013971178468,-0.00711705866128937,-0.02507483312998682,-0.2820172420681361,-0.14005032840567944,0.047021553307324125,0.030819153157491168,0.09786527238708237,-0.06726235126603237,-0.26359687094122425,-0.15486069627533539,-0.026938800758473904,0.14981415828243685,-0.07621318008148742,-0.15176519872167016,0.1805805192842002,0.1591805028096631,0.1322353725611611,-0.19619182020697445,-0.0911718378388267,-0.11722299301888107,-0.014116905964171792,0.0457698396348747,-0.2551977920144423,-0.11599073028490987,0.010448252589054609,-0.06965512389724521,-0.10154957638613345,-0.06590769511747173,-0.08275858221230953,-0.2896686290371773,0.03337762911203418,0.1002236164557359,0.11840614136000997,-0.2496889001092871,0.21171666216517376,0.1457669454023937,0.16937586167058102,0.2704565234337878,0.10551774898287275,0.06259016274488385,-0.1886193572014812,0.23206634441357948,-0.3037911642301153,0.2721835019380184,-0.15607215849963596,-0.2949000904720595,-0.10745817030534244,0.14251393898866982,-0.0881788828269416,-0.14033411405424503,-0.16088833641758724,-0.04021049835686391,-0.09355913887503335,0.11865612990244719,-0.18766392375838226,-0.20794443078134242,-0.14462059159279145,0.1741344553837152,0.06524875309663636,-0.055874591286209564,0.15562150764814447,0.12792278201372845,-0.15271989974674138,0.0010662403536656573
0.028967119609392286,0.04382281242975378,-0.05378337910588295,0.07258114606037236,0.05111935120946623,-0.26059490101368166,-0.15217306379409948,-0.19852569957267757,-0.12525696416349436,0.03001415543616805,-0.09260178548021525,-0.02732261107793388,0.03412622035500317,-0.034379716715215745,-0.07594541902889186,-0.1031958025056633,0.09030296934966493,-0.07319627661894491,0.04306276117439933,0.0722619035892662,0.19409717151883596,-0.06469856911118774,0.009897282237422866,0.016187512852896775,-0.19251505574902317,-0.024714045227075526,0.06468824371944094,-0.2423244337431185,-0.06510140882397523,-0.1393424402037527,0.09895588357023861,0.24197862038647167,-0.10027643526939566,-0.01154532451345218,0.1310511435082817,0.03636369164347114,0.06766335093054676,0.04440377543495786,0.044225672098583024,-0.04807829588990937,-0.1787085038433709,0.03669427801524385,0.11728755499716265,0.05194373555645261,-0.06131348343927847,-0.019914479626194977,0.2720044039167752,-0.009958831848683859,0.05073846038668957,-0.11242395346477524,0.02289238352700442,0.21394689450388063,0.06159384845014986,-0.06912842166946576,0.1710500169970389,0.009182794580541647,-0.08089031226392568,-0.12862664616891423,-0.10878741918655718,0.21922337500040742,-0.1123294741497956,0.17329593450373987,0.03256838004908793,0.048887228232532484,-0.09803029659683787,0.1565624762161609,0.05678355149946289,-0.08908118033492932,-0.09221251265117598,-0.11777348328481249,-0.09240162970042456,0.14376773099907414,0.07069192118730912,-0.07461897482759447,0.025770227096003656,-0.005591327646528586,0.10446100668254006,0.047641747274925754,-0.06682166176885716,0.07882192676362948,-0.15046667501184272,0.015387015445563992,0.0030171870131129315,-0.14675963057373834,0.10754003361717383,-0.13028541325374066,-0.10342602476919487,-0.017008768962616563,-0.1379414053172441,0.02305307376722581,-0.05727987538731787,-0.04855069084288492,0.07400490911269547,0.04899903778312451,-0.08394137023553773,0.05054193796282968,0.07449641269559182,-0.0717192302743437,0.08277024175383409,0.04808333968234915
0.1655015811182945,0.012241608240251606,-0.19335995191509078,0.07388405142918089,-0.09873678583603356,-0.18120842916953633,0.02852144611173005,-0.1936839038080933,-0.04808786288049601,0.07187784398053408,0.09493373253010824,0.03514635379048371,0.28472655589029944,-0.17050776611287483,-0.0678284911179724,0.12402609306472616,-0.007228424329295157,0.15322745423574993,-0.13226936128584577,0.06643525517423796,-0.1381597106900581,-0.06363335403154192,-0.021806355573688548,0.06028537507720232,-0.24885697627826747,-0.016375097087577707,0.020117862822893396,-0.06283950305904384,-0.031863739196245695,-0.03749031897830397,-0.165565102578116,-0.12061915148451399,-0.04820893562235118,0.2095770965685225,-0.13886109758614834,0.006844160146697582,-0.08386319175728157,-0.023859451853847885,0.1045432222655008,-0.21238728957942976,0.11829100738456085,0.16550501258169395,-0.04147743801797325,-0.16630626359978132,-0.0586745263665001,0.02872199205072031,-0.1431659877285119,0.10516833526515278,0.04797354859704664,-0.011904271796998324,-0.287993860275695,0.08289054253299862,0.03446114814426253,0.00884088574717148,-0.06907329576375293,-0.08076861364989121,0.10023233840920479,0.03537149179941584,0.323650790414026,0.025848276553665436,-0.04837180885003014,-0.07159381944548295,0.06745272568521668,-0.17900084984848824,-0.024945412681982634,-0.11905649945853937,0.1034679741155091,0.03917008808552937,0.1733058152085913,-0.04815864758595949,-0.14893910359815654,0.027966637717377087,-0.0514718726227245,-0.09941982646502234,0.031043421891013123,-0.1516837626089774,0.14304102850924927,0.13943429586380698,-0.06388161777151427,0.14554559073785897,-0.171606100278189,0.06187811482184749,-0.06805321589216622,0.12040729296027726,0.03096714693454358,-0.02165879509938136,0.08404463079691435,0.0608455624168832,0.06913461581732283,-0.3324431736902478,0.006336828003378674,0.2572959748810352,0.0705857778851418,0.05250943133375742,-0.010181551021123817,-0.12383001683661818,-0.0829476811541067,-0.02982452055357628,-0.08082731314626038,0.05680519674482856
0.08800092126842045,-0.7403320248635299,-0.1913750027524779,0.0072754223012506366,0.3132962028280782,-0.6499050269884386,-0.07008384210744065,-0.9574471900415384,0.43425701724561516,0.23895827567412417,0.004952361779892613,-0.640234515699925,0.07734972764632637,-0.4366472050290162,-0.07395048565159106,-0.26263455674609953,-0.06441890973501413,0.5066000048255394,-0.867389721392509,-0.06012555899831602,-0.5911712605157095,0.5370010511832695,0.07915140289669977,0.15668806784772743,-0.1408766602543574,0.27788701757412254,0.22987344002541812,-0.026903889827688817,-0.026529931035048585,-0.36103683931242947,0.4267614927672125,0.011412459657686207,0.29879117171243813,-0.003417179511428966,-0.15488726403554573,0.6592641623139791,-0.564750439382863,0.12933398904310942,-0.12347246523484517,0.18819423398972548,0.04617480229525455,0.7197843515343852,-0.3055682219253092,0.34933903439871017,-0.5095278606186991,-0.5257047072799984,0.0562980921632513,-0.4653559296549078,0.05411263559506642,0.6492411196595504,0.09019510728253136,-0.9352089188612182,-0.5259925904597147,0.27767700848609234,0.04268665726883612,-0.6362305516095078,-0.0631134157912869,-0.06175186953559472,-0.5629275996546775,-0.4613208093365328,-0.01265335707505868,-0.5306791336969761,0.27087097311658453,0.19612808620875266,0.5333953501200023,-0.5576088083273596,-0.023275553253841667,-0.032425953912909485,0.1225269687760484,0.00831943145464538,-0.22741679304697648,-0.29260029724782155,-0.07757967438005949,0.0508640917371668,-0.29791504501919663,-0.7754192646462962,0.8642095457143706,0.09305458728447241,-0.30229021102502174,0.033515473665729524,0.5181623090267508,0.01719202520347675,0.0251298526246646,-0.31665204874273123,-0.36628547015009133,-0.5024454707482815,0.380439085635841,0.48406009464855854,0.2825294555584246,-0.25817217959039723,0.05646518773362915,0.920399489436867,-0.493653290630874,-0.6864657728667469,0.026847735016928578,0.5259923722177449,0.16722634792817917,0.04520577463059546,-0.29463348431368297,0.19348371357867392
0.3502627019065754,-0.49452843478834607,-0.11913422944171079,-0.24456815791395747,-0.10701802735529717,0.5048591356377538,0.4337857500000734,0.6663520627403655,-0.08416055823557794,-0.2650748741737148,0.17617144222602116,-0.17462812884868756,-0.40603883755212106,-0.4802676475385528,-0.2055246880484067,-0.03163750529546873,0.06240726796402642,-0.012412909015727922,0.0152466974036599,0.3642103630795577,0.4791456242728099,-0.11459959587048477,-0.1561373734371948,-0.3071984306873976,0.2753899106954055,-0.5569572421387193,0.5295153422619284,0.07050070902437944,-0.2685015372364536,0.6042512156609215,0.0753577264552124,-0.042625023449603984,-0.063697606823688,-0.04826631065677838,0.04955042530122559,0.2557378449136678,0.10620824803205497,-0.5086933215337031,0.4755138114237343,-0.27727997134914595,-0.09701395776974836,0.23564346482074813,0.20585525365603322,0.06660664878297048,0.21148763559626202,0.2849161714415429,-0.15847208774095842,0.2892599023899358,-0.18206090616698292,0.11517759095311002,0.3400094895052813,-0.016587781098990236,0.0570803571968873,-0.0564798120119844,-0.5456933828232324,0.0018839829457617252,0.07393663991658014,0.31462631126422475,0.3719983630268758,0.40765432304925786,-0.3459858323221943,-0.1934610325318354,0.04063561464145962,-0.16858122235903858,-0.1499363992582606,-0.06787369673464634,-0.17856406782132997,-0.5675170569941457,-0.3609190700650819,0.038319715220664845,0.2844188670835501,0.02612829731998697,-0.09159266851274088,-0.32391993238291283,0.04707161645020742,0.10933892118363236,-0.1966798484124157,-0.26556592907795457,-0.4224167956819742,-0.3927543883398708,0.2947596002925084,0.20150322861855194,-0.35773408887005553,0.5664279851795799,0.43836545196425497,-0.09325660501810097,0.36812807028918454,-0.32772391323046784,0.10655150965576324,0.4394098915232951,-0.1263408978038742,0.1349652190138525,-0.519225580029653,-0.41341197960326825,-0.023746485757442773,-0.06203503067465067,0.014493675705116494,0.046890314722846466,0.13020846638049996,-0.17846567275225758
0.12009649911332194,-0.3374768876681623,0.13535941431765416,0.12079793265413417,0.20390521698204417,0.25187456320563184,0.0036952491591590616,-0.03350118129119272,0.4311936468754319,-0.391660123187399,-0.3540759497404293,-0.03705021390582888,-0.04052894621863951,0.06293905603744672,-0.3468617227167594,-0.19469552522518935,0.2414589697302415,0.0977879117810778,0.3929587143783969,0.5844855511855601,-0.145825997145341,-0.027768172243431682,0.23875309101297335,0.427714265165929,-0.08806143686360324,-0.34251130707761146,0.3367708413610288,0.26935492627280516,0.007428903566674838,0.6348060259765498,0.1413954201813227,-0.04862595015714568,0.14405207289231836,-0.13200882010370152,-0.25512668962565715,0.22059791828327632,-0.07508192227717456,0.2850715656928779,-0.330656629039995,-0.1394186633294098,-0.17641930605134967,-0.12401523604578718,-0.22338673664848507,0.015453604959658945,0.5475154271523767,0.16399463336353842,0.26876590766977443,-0.1278360089556317,0.24838939586807326,-0.14843791001257878,-0.1779532280617154,0.454165798554983,0.3628551808701764,-0.11637117698498975,0.04293000479126835,0.0013097144066385768,-0.1382872252708991,0.05015725688819625,-0.1430357772579371,-0.27156317618435377,-0.12279767357134973,0.06765829025341805,-0.18853627342759105,-0.04522453903188583,-0.0633023365058637,-0.4867762599428031,-0.08073871919235932,0.18313575634278523,-0.10019938124401702,-0.5132397961154667,0.03168928919807982,-0.15808229586043213,0.16959668667209832,-0.013895225800878654,-0.09973488649354514,-0.18100466466091564,-0.18204780112274613,0.3275988906847478,0.012127813273756989,-0.09643791673190674,0.008870988439535137,0.08456164314619942,0.20073155436616902,0.34824994650893415,-0.16878886522185374,0.399094414913908,-0.007887594942884726,0.1339758163889271,0.6147767715923989,0.08321239159304676,0.34602718379236136,-0.16668876104212038,0.026482071159912548,-0.0539995533746455,0.12556242829788505,0.1035724824343168,-0.1373027067160328,-0.23969037349446287,-0.6351958118009917,-0.01397249699212702
0.10880367868609157,-0.12294591260771967,0.0602394041661758,0.0064924463831225725,0.021256857997134074,0.04018195792930332,-0.07490146073993711,0.04801734548825127,0.048843141343013624,0.011332017907733303,-0.08101478869433903,-0.045913995156252586,0.0684053773197517,0.006927113785124875,0.04754936660215841,0.015217187480303148,8.421295753449896E-4,0.0010523616947898447,0.013852485143572941,-0.011435598968588818,0.09114762537889175,0.11238001576423053,-0.10291715907916525,0.0723459254982771,-0.08029895465492082,0.027277067128133603,-0.101449945017515,-0.05548099154575237,-0.09367347196141583,0.05786682302087177,0.11048146396526001,0.11411247881319535,-0.07614478866501523,-0.05172446719555873,0.008615575051338134,-0.08715871764839188,0.11392939773805859,0.07062985956840624,0.04775489336831762,-0.006190872445731317,-0.13474913566113672,0.006135900715048241,0.01051011842175058,-0.02328840729559518,0.07014128817460681,-0.021784159858918392,0.05442654577746754,-0.011291530325708298,0.08373864406392036,0.014123112170935877,-0.024255199042671868,-0.013733609993289039,0.091315400335907,-0.07096144764102214,0.0418980107636987,-0.07920685703931775,-0.08089412069376634,-0.05993137071069111,-0.054835247397058966,-0.09887107750164463,0.024677906228782822,-2.9123929800913126E-4,-0.022054595311866255,-0.017182807394031756,0.029759367982761426,-0.08430508471023061,0.1052047797617924,-0.0303330596104478,-0.08679988379833528,0.007989358545730577,0.11116569570242592,-0.06633688773125039,0.04957104503738875,-0.03030913141864052,-0.08568840837483466,0.0640328239125144,-0.0026657701627150823,-0.0016568266037532726,0.11182799436985914,-0.054140068647417244,0.11760061243260785,-0.005462462830129577,-0.025790742193578697,0.01645702976283081,-0.13018122562851575,0.004249057946242623,0.11210472347785627,0.07364562788158778,-0.07288503210404369,-0.007513203152308295,-0.0417708797419539,-0.15042883082573508,0.07479516562509696,0.0067800951060502405,0.039392497929730576,0.027686786748956648,-0.0725167258271621,0.044543004173375825,-0.10065325166478009,4.6831789136020526E-4
0.12437440188606146,-0.09797972076309606,-0.05875701090720484,-0.47902533150520976,-0.21043742435581378,0.29820002766585524,0.1609614554287091,-0.15295582614622855,-0.10741847654773633,-0.15738570037898533,0.39635829104740605,-0.06642361047374815,0.27514005630372157,0.41980705982348737,-0.07071594284350202,0.21489650940820626,-0.3418634236307176,0.33706944439326425,0.16590949868224042,0.14600707374846297,0.23167208889809243,0.33548335492301035,-0.2771850757353154,-0.33768632442673685,-0.23370594034024583,-0.0012761865921036572,0.4130746780061482,-0.17124377875404387,-0.018767194273467718,-0.14171891656386212,0.2712084164305933,-0.7310532308468831,-0.42940781493958846,-0.1403047341005973,0.2958156332785475,-0.23783044571245895,-0.26816869390588266,0.11160198594756034,-0.12917168302491128,0.023845595540240315,0.16338102560320505,-0.17784787590900095,-0.09258780337293511,-0.18770700321829148,0.3246731392400884,-0.11439385886588112,-0.2505352470584391,-0.25841503892515444,0.36742269179614656,-0.32748935689898756,-0.19697365320283838,-0.5646075991869207,0.44017618448441065,0.21336508673683277,0.0699625165386474,0.0028544137871117006,-0.6651931289727152,0.15798394915730118,-0.38032795830105537,0.05636421917726411,-0.1802765467477064,0.3382222628406717,0.05718410782120562,-0.19738929948205902,0.21809987908263842,0.3122227838063257,-0.09503146504584219,-0.10208792451963992,0.17712117350918974,0.14827514575391088,0.1424829707264708,0.14181541418923344,0.0548613048003528,-0.5292076537738183,0.05811534543765376,-0.36381406171041614,0.20981821346306623,0.15334860789985855,-0.235479099154845,-0.41656742010301195,-0.3035638134232872,0.08292287975190327,-0.10507749298170999,-0.1907969088643048,-0.3720862118920444,0.12527355622038563,-0.12137979600796453,-0.005569305612292908,-0.10467836873959309,-0.21081069900582577,-0.046085510615408484,-0.1325178116134351,0.43716037559896215,0.29619606067615345,-0.43953000943723747,0.13550717056817724,-0.03131562165230425,0.29643262167928836,-0.389054237960335,0.29006412254799047
-0.06001600883235766,0.005122895682907464,-0.3163943647671637,-0.17893959574711293,-0.2545305168832532,-0.2164265908603035,0.0014898839810705677,0.0948906678920308,-0.11613915930122694,-0.2330101308246725,0.1959246042000662,0.07631981830114813,0.06823775289677962,0.04667773315821213,-0.03343043463604313,-0.03765248227763083,-0.18732550854091687,-0.1466691176888953,0.08879773526960141,-0.03066140981945633,0.005532692245412046,0.09863791599225268,0.004575717063269736,0.16442406479735105,-0.025453998551432207,-0.16767555206789267,-0.11063978484524614,-0.04111666104432274,-0.08251931738772295,-0.05552687886517791,-0.16776903088160652,-0.03327700157954888,-0.12683325965524916,0.04011890354395803,-0.12481419889939578,-0.03604217662889079,0.0500581876342778,-0.16034734400097356,0.030162197788494004,-0.06029289674507111,-0.22073926851276807,-0.03529537795860691,-0.08525974808358197,0.05466586517379408,-0.059085680810103486,-0.02749966062707019,-0.1162480078923501,0.03629773727850571,0.15705256332184406,-0.21764601309329862,-0.017152536124007276,0.04625418883132476,0.00739908697717292,0.09436692214885634,0.20868093319444703,-0.14254325926362993,-0.2158934283180884,-0.04348652116899143,0.013068896485607913,0.03593416193972184,0.0051013409541186445,-0.0996809838928809,-0.18882880991677342,0.08579928111873641,-0.190960247300113,0.24990267478276873,-0.0715969743147352,-0.09676740259595665,0.19638757561637746,0.02309138634863483,0.1329023472483514,0.030793064126005083,-0.19036201198818894,-0.15294540093376927,-0.2981881209930015,-0.0984986344448824,-0.06306284347681929,0.043475492556628664,0.11168221303293681,0.10828609216624112,0.07134098777695164,0.034559498170204234,-0.08849516949253433,-0.11822890779591202,-0.009766981305507762,-0.08109632943923097,0.00392696264375064,-0.2834239994882974,0.20967118185185665,-0.013974889487628523,0.015890278829550603,-0.07621258484333145,0.09922402316840795,0.15031688786098546,0.19960718779095013,0.0403897798327799,0.0933815535404716,0.015267735787445655,-0.056334303793385054,-0.06484620697678244
-0.25463759338673814,-0.02430090169763528,0.35776905876036497,0.0010283490978631644,0.2381134310607927,0.11314481040705453,-0.25608163268030765,0.38868360283087666,-0.06642460746903144,0.010522382723632626,0.11485760670900583,0.11444662820902267,-0.0019131978632945957,0.20152900959787845,-0.08063934542175077,-0.18576519843171135,0.08414804014765377,-0.1711540040668466,0.08655187077898761,0.18748532185322586,-0.07692026127358627,-0.1113513216561718,-0.1599368947353821,-0.024806807024708284,-0.10691053357245774,0.046762733511713145,-0.29302834400702377,0.26971811499718046,0.22728099308281421,0.2632597225496985,-0.04720325882088865,-0.004171252292919533,-0.05600155458709144,0.1287100745874521,0.3784709109703443,0.11978667492279485,0.3188057307696242,0.07970922343616425,-0.12529417800599363,0.21065484236095453,0.054309711639095724,0.06251184213636177,-0.025294501041371077,-0.2505624553787544,-0.09266011652468997,0.267433169497746,-0.050897542971378204,0.10692695878811628,-0.14812491828498756,0.053056324780867414,0.21344364720277192,-0.17383605592145937,-0.062200398888831686,0.22306319958283966,-0.010233317012443843,-0.09577144738700026,-0.038595620241407,-0.2924043756987704,-0.30245586242456984,0.02985981842187805,-0.043378421600249385,0.1634368681570963,-0.09695201586920789,-0.17621395002897838,0.10501041837880568,0.1287909787029693,-0.36455531789619633,0.11976534065024391,-0.05000343875138427,0.3603040573638244,-0.24136193093710237,-0.21713877975627713,0.1912043807478948,-0.20291252227999618,-0.3151170772536485,-0.004002466807144496,-0.024661605717640853,0.08142091869580198,-0.01397767931100267,-0.26786265162784156,0.14611388492583097,0.09685904488131322,0.023416728473756927,0.07576020012269444,0.0722199257421222,0.21723243793985916,0.19696808657852366,0.0712624400039247,0.06097187643580285,-0.17464137496504203,0.32532928380613035,-0.1750673437171296,-0.2794779006690983,-0.1461068675756809,0.19238752708258422,0.009446994761244741,-0.08026841189300153,-0.07727339447251148,0.3229449511669113,-0.3040912557257965
0.01862627775447445,-0.11981953203369664,0.48320542387207593,-0.1693034630013527,0.1147029549967154,-0.1800256215877335,0.0039288122238728745,0.07478201972058825,-0.6884107477110396,-0.11895076202264014,-0.2564252647110687,-0.6523452032088211,-0.16555369970538467,0.12238769398630558,0.027111230173102352,0.2152792443354067,0.19543468042140677,-0.36533159335979837,-0.09565244048749202,0.1520052403779004,0.4457483018596338,0.1475186182767776,-0.3464562931805779,0.02318828212745177,0.041864891138264616,-0.21080798164937298,-0.023358474155922744,0.28092727415187824,0.044270512806718086,0.15425627821491913,0.07315278282607161,-0.09813068501170423,0.353665990854409,0.15161462993464794,0.048406691579241594,-0.18935224828167485,0.061832258455698244,0.1145505171980575,0.21860135339392034,-0.3738949467621236,0.16698766369489051,-0.5836266845192916,-0.3161686277062436,-0.05176382769089866,0.01966757271862757,-0.1645142412602963,0.027467308537789337,0.11988902339702388,0.14358628264699067,0.27404098728569826,-0.1000876108545756,-0.41199936532319353,-0.22338910429182343,0.11575364464687445,0.41100116284173294,-0.08859206561537168,0.06146595405617445,0.3145433390864748,0.18652572592951971,-0.3195458571452424,0.05044932471527724,0.1525028316608276,-0.5147193932925128,0.1404004547603842,-0.3489849922007024,-0.17605661502616746,-0.48076442260580377,0.2173433658604051,0.15850710963701,0.28170582206522016,0.08467325838155498,0.13996555399078164,-0.020358727707123783,-0.4319866805564465,0.3089794970677126,-0.35438003203785284,-0.03579151440261835,0.17468652360877984,0.2967633753943217,-0.022898572939894803,-0.5256446635690664,-0.09946135365463693,-0.19755619318988124,0.2935014636136713,-0.059240376016466936,-0.30317133190679585,0.1694553684998361,0.11913543201101859,-0.1543686866278748,0.341858214645417,-0.14115661921632586,-0.43648652209835126,0.0694534901758599,0.036645410874435784,0.12901936750494275,0.08184610803174705,0.1266905278055176,-0.2979853320462177,0.42550131829904164,0.12414345915458495
0.11605416911041529,-0.015299100907710047,0.00860320368401955,0.05698580651499011,0.08965755546551647,-0.018937940930257396,-0.04862364524257928,0.011879237866818229,0.04772592470485686,-0.08869870902845686,-0.11510521563784684,0.050876765667541,-0.04234880542059616,0.06396518979419527,0.02917926269362679,-0.040606458824358094,-0.04790654833794553,0.03361640248554762,0.05366668615224814,0.02161440017329617,0.004444019128662481,0.09231051023245528,-0.02195552728918662,0.031262896549759396,-0.004695563360090552,-0.05718844613631583,-0.09350488715044146,0.013149050659709468,0.0397985844841741,0.036312503536261316,0.0025287429712085585,0.030929541927456734,-0.03707060599578214,-0.04426593648112773,-0.01060148275571063,-0.02737159428250172,-0.011924036846370839,-0.006654864732293515,0.060025587570417135,-0.0028204085916657155,-0.10995228997971905,0.08639499862825373,-0.03143023179474385,0.10669313095165822,-0.04656375454715625,-0.07002553109508645,-0.06500501489446825,0.06870038477808595,0.01543357871524941,0.05015111521359955,0.011780935152459857,0.1222078979120586,-0.06049136862905653,-0.005907308132310397,-0.002323925330772617,-0.05109018658869785,0.04284927785701157,-0.03540402794502245,-0.029458177328348285,0.024866641183520565,0.01176067519365993,0.005820304951747382,0.117295212356564,0.018423110156682226,0.034085953815322007,0.03946283514231453,-0.02406255580785264,0.060324747674140464,-0.02957386338355625,0.037853786545771234,0.020043163544939693,-0.010111601507427013,0.059519045095826624,0.02448054457062597,-0.13161056131100204,0.048309100736568966,0.03215515266688119,0.02707069031128948,0.019497283007614344,0.012777145249492593,0.04308344416222232,0.0010266640642237572,0.1217120814445702,-0.07176764892842927,-0.06063646235510109,0.013731248252419857,7.924016271837796E-4,0.08562951731233356,0.059384097874594366,0.05516616352700429,0.011013576091476452,0.06335316856562737,-0.029895864891304965,0.00488985833054086,-0.028900914253716735,0.08903694993695478,0.08499573558664622,0.041967303103894,-0.046046117667744246,-0.05310299083056584
-0.32255292091247306,0.46524167643086345,0.6074261736536125,-0.2846216624228459,0.16103088765217174,0.20561864138456484,-0.13052239871309673,0.08546790352499459,-0.09490553421422612,-0.17298368072974438,0.06517372809888546,-0.024917367456465788,0.22311418010593606,-0.12815088150631151,0.4548282663726494,0.012055746911473137,-0.20604804238389712,0.051427893410285704,0.45677887020368274,-0.12761086462843702,0.3978556283365393,-0.3018451291073752,0.5172074007237509,0.3074772854311207,0.3391946905048242,-0.0683524697101657,0.05657574683853157,0.36451260932430296,-0.6405448883850858,0.3457006141932196,0.6482984619092564,0.5007133910103853,0.38378207936708286,-0.08595763327342341,0.1501289139881542,-0.23074463251466798,-0.1544636161221955,0.22622340548065553,-0.4196869385892327,0.0062993436930419665,-0.3870530079752223,-0.059476135374119846,0.4270049085670877,0.3349816148114368,0.3642664606381834,-0.06398838621358988,-0.03004403225087147,0.04671050209531473,-0.7117822490158014,0.45010593319687997,-0.02615944357693327,-0.2647557221669761,0.2721159015219485,0.01955871915344256,0.7337906140699852,0.0880833368482307,0.30027498591812934,0.3603928962037997,0.3937504322763263,0.37679730124377053,0.06414402523927493,-0.5930722040013466,0.28534003857231616,-0.07249602719501888,0.0810635366830097,-0.1784338012946347,-0.4102803643867019,0.08057676562703285,-0.510256781145014,0.27134560636552635,0.20796965216354585,-0.22954814102693152,-0.019438931154909078,-0.4052105073381507,-0.6102368974796716,-0.5465660230916072,-0.23065937418561755,0.192497397827477,0.18712301468986928,-0.5077542470617904,-0.3301165687687858,-0.17192801543197733,-0.38933126904570753,0.036281163968957565,-0.24931855197645605,-0.04732674980489557,-0.7895593963178793,-0.20728882789397407,0.13131990510618713,-0.44643702496654575,-0.03628514996686056,0.7721729425264506,-0.22345873533550792,0.3679851804178841,0.03906977672994324,0.6549645115880556,-0.1586201923275622,0.5819044158140692,0.1946336911456694,-0.013548025040881194
-0.0264209643919248,-0.08974075865019716,0.018282861690884115,0.06822495621335456,0.10107289653205437,0.06821096632270704,-0.04146608208079768,0.13241448581584153,-0.13894899246506798,0.013390331948545863,-0.10148038499753338,0.043431033870984674,-0.008045843133806069,0.025417427330077107,-0.012626909832959091,0.028703597745344103,-0.04909177962755413,-1.9116797795599413E-4,0.06136316322961962,0.002311372996876734,0.05764724785936842,0.11127970702839608,-0.10646575163722109,0.004872132183455558,-0.1016606083204535,-0.07157427762706861,-0.017110247773393285,0.006349647208113515,-0.049625627482411054,0.02623463522614244,0.14708738732884336,0.06586324024149182,0.01987071188533677,-0.01775848466124251,0.011307251468258474,-0.03541081721390124,-0.060901765116486345,0.10188404782976579,-0.04103891516377073,0.05665544549584223,-0.028073604699603474,0.002164227474041425,-0.03279775871465699,0.03340433745523631,0.08533501373974715,0.06959227444442807,-0.010584231570565294,0.003055011007781031,-0.09285834849521776,0.07459948084245918,0.056336207989745236,-0.11170444590270452,0.14921802877998908,-0.023508523864470415,0.0631854371249737,-0.03730712736505705,0.003426278231578385,-0.019838590629198353,-0.021024077304715953,0.11236432653489466,0.10935568997094977,0.002130467960884463,0.15336078958669633,-0.025792136710684817,0.044586893540250715,0.02341994682131933,-0.05688745191711289,0.046710514959950954,-0.03365316042210095,0.015296613142483454,-0.10392903837308134,-0.025210701066788136,0.029350419804636253,-0.031496259843275774,-0.0162884912756789,0.08225605157766115,-0.10788435660670019,-0.0721277090970217,0.03851410477246659,-0.14414100100611843,-0.01672583536750891,0.12690724997813368,-0.05642957140846224,-0.03617517990617322,0.0568497466837554,0.009209908926738787,-0.045348780696666174,0.10342521202452659,-0.04215595647848005,-0.006564130233424062,0.07849966588839276,0.114124989564172,-0.03267568993173019,-0.11545879618641754,-0.05431745770518016,0.12339428760514053,0.00934160722498557,0.032925888946937355,-0.01552273122550148,0.025729471240876454
0.04415537675349307,0.007020921631734691,-0.01853456338122101,-0.004073644438750699,-0.0035337034552909647,0.0021472270988277284,0.006727361431237267,0.02183808527620643,-0.005427048138805131,-0.012072197456754528,-0.053223360977169336,-0.011435441191976299,-0.02541847697610771,-0.007719668414038226,-0.016103222373103056,0.009158399640287484,0.004136133775037246,-0.03620072040158531,-0.004796614173001588,-0.0015411204264759414,-0.009929465274942121,0.022191477440159237,-0.006504540000552038,-0.04842365734436797,0.009051690138651383,0.030222140119535976,-0.021884563109255163,-0.006654314420176452,-0.03676179778878724,-0.026460122521879705,0.057689006949420626,0.030502623457484397,-0.023526311458314183,0.02678828768488671,0.044088145698558505,0.033438215392473464,0.00909877839184157,0.02258880679882985,-0.02080540784652566,0.017548785364573632,-0.06014356714289638,0.002818924863630777,-0.02678364608521264,0.02635545700139193,-0.0014203734326098678,0.025820845263103475,0.04793490121241597,0.00800254681350001,0.013861578375264036,0.0018430205783247775,-0.04374228866654737,-0.05127084958864287,-3.6315556660237037E-4,0.025904532451866403,-0.006425076656685246,0.03462084910882295,-0.048821198216468534,-0.005073291251176101,0.023843939092713918,0.015794305041542545,0.025028150951726683,0.019934128482489075,0.0031903213518512255,-0.02874817770256608,0.0034404237654826948,-0.0026341628883292936,0.019096784216503522,-0.027112399878968903,-0.0028282276518340156,0.04370630090173639,-0.004029450798259024,-0.024370166882329562,-0.015321120653193377,-0.00841488502367368,0.03231967883947221,0.0175022480347116,0.009082823537578309,0.005915799377980115,-0.006458050777873864,0.0011152677707287296,0.014022631945238681,-0.030400957173511645,-0.03809137252508849,0.009471621385323873,-0.003739252237437762,6.872277775403549E-4,-0.004231293038643096,0.030316702314804055,0.008852017805895566,-0.005735502157988539,-0.028628519963922766,-0.0021222376187036178,0.016943480404397568,-0.00635404702376301,-0.019592927734437975,0.01202128407636154,0.012014031970793421,0.01515763036045051,-0.014944967603682907,0.012269375691495726
0.11219112645782518,0.003752486276619706,0.0969053019132997,0.07925475574248568,0.1328765093476132,0.23797710491567728,0.06854713442962566,0.06118824845105717,0.23599191479867235,-0.19178624109485737,-0.04324538209188758,-0.061125535063066984,0.11892268901359093,-0.004640657819321462,-0.11981807564206362,-0.16596688916325056,0.12555901464226848,0.2701692413339929,-0.16122264970674363,0.028148248467543213,0.00394399053972168,0.11864503600562004,-0.24938010879424335,0.021159762341712015,0.13178776650350185,0.04878285782304235,0.12271784805875656,0.11926039808346761,0.034531475265238476,0.10222640348904749,0.1892672341324695,-0.08871266151881872,0.18443007423338204,-0.0016378146623742627,0.12975402179324616,0.03631727636012685,0.05287669320949337,-0.0803469922625157,-0.029980096800021973,-0.12317824600422586,0.13257970921603,0.06087082982128446,-0.06969020042043549,-0.06777094933480797,0.2737259027494019,-0.042907561273867245,-0.06739380990483472,-0.09972097713327996,-0.017410211381285953,0.13257511561884855,0.16341669305111167,-0.06713917051543271,-0.12899720594351746,-0.01681057677649284,0.01451098808600234,-0.04441437140142358,0.003835881735462605,0.2106218472583512,-0.2602641046731716,-0.34867792343574094,0.017374268619810763,0.1758602514841846,-0.3023073349042297,0.13108952987242647,0.25286783040904487,-0.16538907471665776,0.07044660924997409,-0.305488017272723,0.162211618830175,0.020632343809490687,0.07889626445505665,0.1922830898607264,-0.24721011527637546,0.12399314124824548,0.08388752933348423,0.11310343692790088,-0.14697681624275175,-0.2947398274196484,0.010372322160468092,-0.09188677647721284,-0.045461659595879125,-0.05900639412309513,-0.16010929430639115,-0.08420417730129484,-0.010950400993793779,0.20877456929415017,0.12954205417034673,0.24161128677863758,0.1746770614021364,0.08699540081305325,-0.06845436787748242,0.04934067226415266,-0.03937580393701399,-0.09689113192360602,0.11250728285683653,-0.21431220093718437,-0.006604227636048996,-0.1753946816048945,0.046655189482996434,0.03921692647024238
-0.2597310844621135,-0.08416071782775951,0.06052973444672675,0.09608931271594011,0.29217533184935013,0.15068084024473224,-0.12335161907063102,0.47505319918663874,-0.09301404455213198,-0.24684913012364004,0.027129775270261103,-0.06887728948299325,-0.12808187441456204,-0.04715695642552246,-0.11455514898179449,0.06707877802956642,-0.028756923353766773,0.11152124681717128,0.12027677637830417,-0.2187018516703785,0.033113117249689204,0.0669239230165325,-0.2356075389430007,-0.08633502246829952,0.044124489629857336,-0.033034017100992415,0.0726009097868661,0.18962295207678018,-0.1379094843556593,-0.1456311077702927,0.19903855433879036,0.12042694939730646,0.22082248893591286,0.04896178028329003,0.12177741479495106,-0.052478047246544327,-0.14802903104829734,0.1490999902961757,0.1189849382590282,0.013124358564677526,-0.10153683553825306,-0.16900885793915088,-0.10295663050158964,0.4079076103556806,-0.016643458329276432,0.14680408627471506,-0.023903944602794033,0.08906073427892855,-0.15145072151127906,0.3034373097168345,-0.14634628565706598,-0.12039088488051683,0.22810040065994797,-0.0056521551620698236,0.23371435755342584,-0.24051805508594076,0.07943213529111809,-0.08639528307311731,-0.10718026223942431,0.08798176886281622,0.2642893944989844,-0.17896371083489634,0.0866461309181384,0.1035766689556821,0.03810091969063777,0.1937522325444625,-0.06544606069708339,0.15619616835816935,-0.22747188604067606,0.011155155758764588,-0.14276210234736716,-0.07035209059989053,-0.136712452020589,0.0023738708807176413,-0.1943008186945127,0.13925127907654467,-0.2087285047526057,0.09810350554531824,0.012681421903855818,-0.12631733349785906,-0.08202661582444698,0.19596855486006234,-0.11016904366491942,-0.10662101051587732,0.06742188053864627,0.11151753167578822,-0.03624029671161768,-0.04580057940380515,-0.16950394444275996,0.01511164502508288,0.25056511629405803,0.3204838775793538,-0.16791306185893085,-0.14058077614289927,-0.04511312940057049,0.014557777800376748,-0.06299527746445972,0.1243315421428729,-0.25663601776620637,-0.07907597922204199
0.011680623847105335,-0.03895223693274965,0.02551154153818639,-0.12268266984301823,0.01081313562826275,0.07002003944141097,0.10899484205409403,0.1693441713113307,-0.10557016674512393,-0.0011946889998065502,0.013454415020975344,0.0033668159706906646,0.12439281007696791,-0.09279086689034821,-0.038272391495995706,0.2160419838139781,0.02829858429485885,-0.043475306249925225,0.10956289429504007,2.820184969281767E-4,0.11382399224709124,0.03527504177169314,-0.10417058102745387,0.06866130091110595,0.050067482055248184,-0.04706498085792297,-0.02561483143007404,0.09119915225295312,-0.03808874129778472,0.046979489818595004,0.08805373423261882,0.07644589374895489,0.011852140199067353,0.013626586212000602,-0.11349621083135536,-0.09307549968008023,0.01924721275330056,0.028686708266360397,-0.12378003535583706,-0.172705769312931,0.04928665304079655,0.046569219391106684,0.10786439267080665,0.05958696436840475,-0.04328285426766292,0.05066277601926536,-0.07299811646477612,-0.044825507847448945,-0.051537895731435086,0.07850381927640923,0.07137385970440013,0.002241007478487058,-0.081510869101163,0.07698567619371914,-0.1343651917453984,0.15315449900290393,0.12901375421141656,-0.011432621821407566,-0.168124506016243,-0.01960976910074791,-0.1308619764309874,0.05679594311045503,-0.02553095299292792,0.006172442341877963,-0.1514809592674412,0.05944317844268451,-0.05694844445753017,0.0608245194014781,-0.06230759713732038,0.07771339047458088,0.04499460884557292,-0.043044748384950565,0.06017427878206666,-0.17371805174852922,-0.023145340860689968,-0.08814393461519014,0.06613353969026266,-0.010393415331992685,0.11205164162853899,0.09237263301598443,0.07171787206135441,0.025074476577976925,-0.1426192110986271,0.04803455591232102,0.03575557236481262,0.06638873632870419,-0.06511274630970616,-0.05048455075364651,-0.08920743706293756,0.020350599002694234,-0.06567799645690078,0.10884031817575449,0.05410975798389499,-0.044202323147930066,0.09948705677326192,0.017891293693409065,-0.07151550442876202,-0.01873647633947038,0.021778434807710006,-0.07189719989464095
-0.12582773889336002,-0.1758019701076855,0.13045964218621894,-0.25670246653062645,-0.2972146056720115,-0.031949862936837735,0.0022779079840477673,-0.3603568426945205,0.09918994201610237,0.19194709559342005,-0.23658287239480846,-0.1107406740224957,-0.01217439190742819,-0.20416165876435746,-0.11397857600451593,-0.13376114020961313,0.041343201945050916,0.07973693535661967,0.02137943327113848,0.15995230237946403,0.05097664033444104,0.22489811423180095,-0.004690258387760081,-0.039238547253398155,0.3705598731145118,0.16867703227937547,-0.25286536382069086,0.16511852141298708,-0.03329752401521207,0.18814828226701938,-0.07937715562560967,-0.11991981486377955,-0.13886693176596449,0.1424047270279621,0.02109690740982845,0.17606451142078147,-0.03175662134579056,0.11533179244029622,-0.14052025401258542,0.3699460873748688,0.23995912025241142,-0.06661838666051799,0.06179091147771696,-0.08632077255143576,-0.19338825277956112,-0.17621801208070273,0.26968011988240714,0.042271938884958636,-0.22127817775066022,-0.04021546156153838,-0.12250687790533507,0.05291517603810334,-0.33799639284807476,0.3732087418308387,0.0820627094030567,0.1668657188810339,0.05186988620056013,0.09107503679208648,0.1658708084526777,0.06873172348507552,-0.055776734790817135,0.27651118266265406,0.24407438420441777,-0.12780721575331358,-0.22820148671510757,0.02589614026263247,0.03967197979277768,-0.04248655562784867,-0.23681141221173313,0.21185480433266576,-0.06576021491022951,-0.034158225707956916,0.12609420235203095,0.13638091583793943,-0.04738143525339323,0.0970154225355235,-0.10279828545315246,-0.023637976995235732,-0.1061201392804265,-0.13994818818787857,-0.12451051713891897,0.050074054058826756,-0.07468067434483633,-0.07781294291306687,0.20013147016520155,0.11845155435160358,0.1732669076695881,-0.03691610778994924,0.05202625251901896,-0.01578200999976897,-0.20681247550446005,-0.03673130055603735,-0.029061209888194516,-0.10526313520560018,-0.10953498531515037,-0.10946328354382,-0.21550180988904968,-8.888872221402436E-4,-0.07265353378085082,-0.34383967385045616
0.11668895358460271,6.577343967873918E-4,0.03773188626403068,-0.13982900573632825,-0.059312497018471785,-0.05160484966923334,0.009184278794286677,0.01566251592106944,-0.11396927899606424,0.08417393906241884,0.0452939298046715,-0.12440102647463624,0.047212455030998975,0.11026949964771632,-0.08855205862292033,0.015711052205791522,0.034705210243874976,0.06426150750964502,-0.06616205119153573,-0.14724966509394571,0.08104074685151033,0.005065353775005847,1.9292347502603257E-4,-0.07034065015892633,0.1727473960071847,0.04943211061647171,0.008824305680653888,-0.10230102169079099,-0.06106805362824858,0.014987877018552417,-0.025322464501522406,-0.005484294049131804,0.2157557069912976,-0.053045619265652565,0.10650348428988984,-0.002717334229109834,-0.04013946318436134,-0.04940835168760428,0.14813320278700312,-0.012380862710469079,-0.0281046696266735,-0.014047490128936139,0.06464780628959359,-0.015503518065069971,-0.12785721668450836,0.029342103504095177,-0.06476825077727645,0.14579453310322882,-0.004091028607593803,-0.12671608287519967,-0.055298483436551846,0.03285571337549053,0.005970434989790395,0.07380635879958428,-0.11059912382960697,0.036951203973521786,-0.03164726395554394,0.14352197343349293,0.0772076249635792,0.022574188879310002,-0.09141455864534699,-0.09172255332842856,0.03388126894249597,0.08073211534359068,0.0834936749242233,0.1250923196881649,0.07270328391964812,0.005756209557794846,0.1329942936477198,-0.14646539217216706,-0.09873401638425747,0.054428624540482584,0.022391685320595735,0.06057196064747763,0.09765347823166402,-0.1720317746129571,0.1368246466695324,-0.026551500727670974,-0.0396370494058562,-0.04411262352482206,0.036361448667519614,-0.018546848855083894,-0.02471140215101021,-0.16462828976538696,-0.03420090836444811,-0.06528971806325413,-0.09294005582673863,-0.042957502405495805,0.12295260445124825,0.09541171619110847,-0.0043620290080784345,0.008535146778505432,0.09361988394172585,-0.0890448566350403,-0.05236994877383004,-0.0012858867347566028,-0.02545109080789418,-0.11638631071414737,0.1110581546878207,0.11570735231105476
0.05904272118167568,0.016988552493269974,-0.06484756737862325,0.06626400062652793,-0.05545892582972741,0.14861010787999382,-0.14631420376970783,0.05463830568401789,-0.021160195429847945,-0.16364392191259639,-0.17791748858900727,-0.06043369885034746,0.08006875974950277,0.06421618632046401,0.037837513562879864,0.1288459333647279,-0.019930067085098913,0.026840345855719008,0.0420231813132104,-0.04631883213266991,-0.12356183859173318,-0.24218160065157057,-0.0075208118515350045,-0.3303728215607745,-0.02356348682836813,0.1385631714014771,-0.0702181963564593,0.08452681652249447,-0.05321661351937029,-0.05429306058847165,-0.004014705398842638,-0.09543160304599693,-0.14549864424120204,-0.0592205943801202,0.1517708765113124,0.061940228673643384,0.12564645286074166,-0.10113872476444496,-0.07159808386787124,0.08643418793673914,0.04398230619790447,0.02575534836863611,-0.03845172559102018,-0.24190398270758792,-0.06659337347372007,0.1329377071812251,-0.1792862249353959,0.23532856319761614,-0.026693042620165638,-0.05170282180254532,-0.11923575932591518,0.09440584822767713,0.034975775892433336,0.1456880745451745,-0.20457637580894678,-0.07519740852268748,0.04910663160672385,-0.008491081936214659,0.0656886364122575,0.1480317276963372,-0.07829373351450204,0.2840510185085194,-0.17484006501713842,-0.14158213773099734,0.08291048280150315,0.25022538171094777,-0.1795205125172225,0.15126380081317495,-0.16620556825679328,0.025144042563989836,-0.10296710549084907,-0.09989641260780452,0.08300211509441681,0.036384006714239865,-0.016722740324450414,-0.0324293331338633,0.02081890187262995,0.2161410128034293,-0.0976008824088723,0.19566241154038166,0.0766983143971527,-0.07063006018806563,-0.04623177601626965,-0.027745918184611244,0.009258018374918343,0.15988279637669447,-0.0969611450414231,0.1214924560260167,0.0646467374283975,0.10693830698969577,-0.05598323345412399,-0.2197241265209791,0.13745068120591936,-0.01832221342887888,0.10458112275570017,0.009255984605286859,0.04526447899016744,-0.1412128181022606,-0.013775278830917854,0.04489687548418914
0.01395683535377428,-0.11599023845502342,-0.08145249761514288,0.17032103281697347,-0.19434699936521999,-0.05850365495108179,0.010575984369701976,-0.0634591420644809,-0.005459929937606728,-0.02589362313894711,-0.026331772697358535,0.06208028445646715,0.07289969120236832,-0.0030301780120599764,-0.004876687483459365,-7.731817796009729E-4,0.06576554277227423,0.039787590861231646,0.04718521571417274,-0.1233556172968989,-0.08241387786792252,0.08679095684719287,-0.06888753085973794,-0.027901104107635945,0.03084605148075541,-0.04318328614482492,0.02151521255749461,-0.027922146633105924,-0.030149323546755626,4.5480719173961236E-4,0.06029466791516772,-0.03818799762527285,-0.03302839442670361,-0.04385552919853423,0.0011774491495985659,0.03304702147287989,0.02891907264951248,-0.0244867537203052,-0.055366062798315206,-0.016392878126360377,-0.052209442960686574,0.001300415771503292,-0.012055798803371287,-0.04523986687471004,-0.023409893655349068,-0.04912339931112273,-0.008615936540430962,-0.03357480172222915,-0.019273539713786036,0.022521342788430394,-0.04537808440386823,-0.07971549612785339,0.04306916587708031,0.021558968556128398,-0.11324288358718425,0.05802894297295196,-0.017491811929893054,-0.0659915616787589,0.06163578699557158,0.01823737098654321,-0.0891165618840743,0.044674049682058445,0.002605369602615235,-0.02230384856630589,0.047867036933970875,-0.007947863861285924,0.02984158802885383,0.04219137592793662,-0.03234295057145017,-0.0345749355628703,-0.034582616342945426,-0.05386751125321709,0.03316168238568136,0.08630753806027962,0.014185325910083946,-5.662851744683942E-4,0.05594732923429255,0.12850397943207256,-0.10114531823039008,0.0058209608536665715,-0.06339441188249433,-0.027037433321001864,-0.1302385487227757,-0.060089324805259026,-0.05256240446065866,-0.017415767651541108,0.18113278140408023,-8.035062918669486E-4,-0.02112546763665305,0.09091834321203364,-0.05363675244071339,0.04082355082241598,0.03593411323524063,-0.07167120379678334,0.03896423623488042,-0.012319403035641578,0.008377832565083706,-0.03428897660674538,-0.005972184215532427,0.03859945787197817
0.1922038133335096,-0.04193300271643839,0.009969190818889577,-0.01212388792167335,-0.19432943342621384,0.04334100093408974,0.012405164976064243,-0.11927056760984406,-0.18751307927423744,0.10536812359263774,-0.015621311355814732,-0.2016894861425352,-0.07623812076091092,0.061401742660674344,-0.010937630201929185,0.1654797642631133,0.19472558079275298,-0.003224404823327426,-0.013837502384578012,0.1814728571680941,-0.03538205549842847,0.05323109925167963,0.1782897486134915,-0.03126146776158759,-0.017240567516455134,-0.05461637568292299,0.16940059733369597,-0.09061540575796054,0.10600951205737064,-0.08166252807211255,0.03308978725281839,-0.03619602450148893,-0.009272245389448283,-0.12148546395913204,-0.31393157391360427,-0.054159874358291074,0.22148809397609046,0.03360255676510026,-0.025280543696449078,-0.13666689012164263,-0.10235287524714222,-0.013238344942727841,0.08307269270397563,-0.10821127358378935,-0.17881781398457952,0.004685779359903588,-0.06228372207099594,-0.026116770559105797,0.1893207471046483,-0.07771317193850624,-0.1621997937434977,0.08301167524448728,-0.05912258557864332,0.11223887933933041,0.01394717645983494,0.050399260916640314,0.07841922240210986,-0.12217926678348529,0.009782335052223015,0.0835184746447815,-0.17612472619363742,-0.24893768187049445,0.06529123616198329,-0.051829641597984186,-0.08370563045917108,-0.08422846017614476,0.1418322767631002,0.0475297346293575,-0.14258046640969357,0.07740484479941344,-0.05625418180929878,0.17111828413108202,0.16715129998751904,0.03076715004198746,0.18753789672350346,-0.06158193495346633,0.23578718060376766,-0.04578452246795709,0.2036173280087919,0.022780863367433707,-0.14496302994504004,-0.035477526620812355,-0.022066009430609088,-0.02067531037043657,-0.13415169890147552,0.011754913992621803,-0.19197808044082665,0.05308505886058723,-0.2578355405729252,-0.23564559724432416,-0.043607187901327706,0.041078332669937184,-0.017631532169485972,0.050229000884572376,-0.004362859151380221,0.018396341026238817,0.04374143973934439,-0.050439736795611485,0.030023297196914687,-0.019485336905692645
-0.2872844407269608,-0.18534956244656736,0.08101402566119123,-0.2994740745076091,-0.2692660189656257,-0.011701157182759823,0.17980257452424092,-0.2294800302860503,-0.39572024842319264,-0.13871438247293386,-0.05581134354885995,0.19022193508537383,0.15586874694795846,-0.33373207050434534,-0.2519507697105956,0.15255318986540173,0.10581377013345361,-0.26938652106736444,0.045499776475423075,0.17468445446413214,0.26882320363227397,0.1281944238816066,0.3782922255813038,0.15151935052464272,-0.28375545175802913,0.2631237958339418,0.122058908391514,0.3392659774384837,-0.16124106444010627,-0.054366369066054444,0.29631287169927895,-0.06757750840882662,-0.06567767697213107,0.14358741139893202,-0.10022588494609036,0.16545599496730548,-0.23463191264010747,-0.07877682644294888,0.31382603676768184,-0.05820021976845244,0.02302264821123615,-0.1965754405926489,-0.19562273354223658,0.26201466050747174,0.03344085019282386,-0.06669120312100543,0.21847601037740053,-0.035804945483184455,0.12878831264545945,0.03249933922304648,0.06342800420137487,0.2100518829147202,-0.219211297336116,0.07113912965831659,-0.08731501297483162,-0.06587483396377437,0.2935423220438482,-0.43916693772155607,-0.01155097968886713,-0.012006362733674482,-0.1003918751033868,0.12809618462861347,0.05397477967623799,-0.13613094774182788,0.3226001961670109,-0.5194775946284108,-0.007797979082485702,-0.0823402539412167,0.05330813511885497,0.33149523207807013,-0.10372277631682729,-0.04003346440825084,0.2734636159530673,-0.14452199843463967,0.5111797583761725,-0.1921511565400995,-0.1515658872502394,0.12037384389574034,0.03717541404384538,0.13527830779216776,0.14687478835710022,-0.633387431398274,0.3326356081992807,-0.4044469785309879,-0.3399786447899941,0.31622474885256113,0.24329877823493837,-0.025986438015858614,0.15154676486304403,-0.1660713558089914,-0.1369543818461467,0.15732667415731222,-0.017784677957036563,0.08549814616148801,0.11089155950978954,-0.4296559381021076,-0.32729203868729567,0.09740415329212523,0.31757805906490993,0.056364995986945624
-0.03930671072344659,0.02295616349521337,-0.06155825979707792,-0.011615193889748248,-0.053601698386094104,0.017910147561708407,0.050839096273033506,0.0069031527361716315,-0.03391630641330766,0.016411107007374342,0.015502870164179318,-0.002557804910905063,-0.022016593713838573,0.0033374226578607277,-0.011688424939324623,-0.025928677779506457,0.015290330957367631,0.0180305703511138,-0.03798980224475241,0.0622716771649949,6.252581693685897E-4,-0.06153284794693362,0.005929898485195238,-0.01342388401765086,-0.00691430358674991,0.005759555671293658,0.0184177725536708,0.0292018513278782,0.013474113090726722,0.02819825247834668,-0.02304113990381584,-0.0687574720961907,0.04554897461459973,0.07046549995246536,-0.004286235975604181,-0.023148860528240067,0.00678849106829837,0.02289094166969988,0.007501879619025084,0.05334468314368157,0.024851240347516984,-0.03448709203660717,0.017165932932644068,-0.02618137923690779,0.029556978799392574,0.12215263771265597,0.03716505220572878,0.00566897844687578,-0.04807045214385758,0.005436343735503551,0.019751555952475505,-0.004386848910564772,0.024549298018664477,0.016449062466880698,0.014242333941300119,-0.007512866227418386,-0.048586669576426385,0.030281571878301543,0.04697642702791182,0.01125907735171059,-0.0033651977667861527,-0.035830315797940715,-0.035974061341467314,-0.05385619562452844,0.0035211013064736134,0.019599999426071737,-0.03233741210734408,-0.041857227766190455,-5.988983613652853E-4,-0.052649283904061255,-0.034534142928821905,0.02794886220052429,-0.029193029278615015,-0.0475743799902858,0.11642111413039091,0.015983829134120994,-0.08402649646260403,-0.010943618127585956,0.025792695664687434,-0.008502506047417589,0.013770582386336525,0.009942939195706555,-0.04026474775443795,0.01957304858781481,-0.022174024796784566,0.006875049120245197,0.023101630941125544,-0.0455186517835145,0.01133526855211003,0.003584231143685197,-0.029657137101899538,-0.029078669636471356,0.02971239585704923,0.07099118522187342,0.01314336396588484,-0.030760802964315524,0.004531372379139914,-0.053056379145426553,0.006509615928669326,0.007076893235641581
-0.07888640957168967,-0.11335637761199577,0.08631130853264923,0.2764953424564741,0.06174004241025911,-0.1666339501269617,0.18119469116905132,-0.22177045755082772,-0.34918260314707683,0.23636518863657535,-0.020689311079311073,-0.08564399739819434,0.02820016124233173,0.1478343436824809,-0.140150044692806,-0.3174065028524114,0.008638668000947895,0.2424708929537328,-0.03616457072430994,0.011293560641728156,0.3356993269969014,0.10881342973022777,-0.11727618244515696,0.02245158108871148,0.10338115857861756,-0.03855155492614996,-0.026169257949695816,0.1845522980136425,-0.2634492673148865,0.13856380223051495,-0.18785595618984147,-0.01570653393290559,0.1447376007732613,0.10138117792050413,0.17053830781760082,-0.014442931469768924,0.07697437048145485,0.11079775661799929,-0.22364832302586646,-0.029143080616910736,0.08480150690782022,-0.06817755839656994,0.11431262691614125,0.0632476409417152,-0.1254632821851515,-0.08709364198999223,0.32393729194054344,0.06185271341407609,-0.15703284145217697,-0.1761671251729296,-0.2024897251106261,0.04852551303150321,0.11315144901537141,0.2869581354253341,-0.12250021902876734,0.02055834080430846,0.012570409789860596,-0.11505629539487207,0.022942482023379243,-0.08154532114394118,0.0367060893758838,0.236167096335656,0.019731215970012695,0.316035397527591,-0.17364420151848056,0.12933815902741144,-0.18842543860353989,-0.05578751127426454,-0.1379098249445403,-0.022579969704465585,-0.13232254711284194,0.019037329750013963,0.1108249847469125,-0.05179575137977507,0.0433352695849396,0.13487872719263558,0.11087785090988754,-0.14860992588752656,-0.24071595909025997,0.05425059714687604,0.018860196557083344,0.11635067891288466,0.0731797539399936,-0.1323045495832852,0.11365601000399496,-0.189044935160482,0.01606038918154798,0.08369118764785997,-0.10339937418660504,0.03450383727954901,-0.15645863728954582,0.12055029033463054,0.3513631755947555,-0.036850952500368725,-0.1110407676655705,-0.007829232096885136,0.194807706249461,-0.027349925967839906,-0.07316992843415758,-0.14850782855893724
0.15435729808676685,-0.11936132941699515,-0.061635815195885374,-0.04711499336472442,-0.06704510817478303,0.23969537265332871,0.15292334261434007,0.13680955198710368,-0.2706555561473171,0.13692601975051816,-0.27278023904184834,0.07528867048132859,-4.8540646537840716E-4,0.11897589139149163,-0.002185889938391303,-0.03277398147784224,-0.35273932760862664,-0.07952141540924201,0.12359210121904655,-0.11830544040370072,-0.016113540103588793,0.10174425436155422,-0.08249019084254444,-0.002364864629870032,0.26973832304118844,-0.4396016511622266,-0.18544679764501804,-0.11948017478188759,-0.4798322144867357,0.04124802128761977,0.3042724256660737,0.23696162395136314,0.06835808239176179,-0.21751641156395118,0.0972483142778076,-0.22591643971032427,0.03382500294473525,0.24431376586933065,-0.18112981594016972,-0.2712218751399854,-0.22263219523886416,-0.42845601886019985,-0.19183801261448138,0.18732432750183955,0.19403159123443411,0.12014510791679048,0.029448107733755828,0.1753789675258886,0.19672189410922133,-0.04872293816433331,0.01460367809327958,0.10380059989783093,0.1158295497946664,-0.3404220009168136,0.14826151892254047,-0.10776580382106186,-0.18911486878474132,0.13789459293493234,0.4077706717337888,0.13448137544217773,-0.13329449874305072,0.1264216079563698,-0.13100473247024658,-0.3535858382360401,0.18386617611817796,-0.3544288651359795,-0.2613900271535336,0.0972172080058146,-0.4595501159103164,0.41661932866222245,0.2830509559773322,-0.1164347606843535,0.10656353313162743,0.11828694669599994,-0.006213970289542944,0.2527594782567435,0.08753214848252389,0.11949203106258413,0.08631575927545827,0.00205977747595457,-0.04669622747907311,-0.1072084540211251,-0.15988233578303082,0.2847110925171437,0.014399810184085425,-0.10970924970926635,0.08400072952490885,-0.34830726308464655,-0.162315790719422,-0.32725909822414107,0.19409655114924249,-0.16729520468906015,-0.15198116630119488,-0.1010187544597589,-0.5121767895853262,0.09209270290102517,0.36421142900003856,0.25588189443329884,0.1081610316843273,-0.010685449766632648
2.3710879659635754E-4,0.024264619841314006,0.21445505815540614,0.09877470412374033,-0.9484923651406614,0.21198133558177734,0.04484973669936086,-0.2700910486775399,0.29509009954442544,-0.3148930832526215,-0.2558333626153462,0.35739289860539875,-0.4915582159839156,-0.04259772207102497,0.07088298871966027,0.0761041614530894,-0.07064567053736918,-0.17007914469507063,0.034262833286126934,-0.019795036490053798,-0.16902379462983305,0.016127342925726006,-0.03113580697185079,-0.018294070494084564,0.7221775927801481,0.03469176102490524,-0.21097467906979334,-0.06593432709769725,-0.15579572499269906,1.3894754218131538,-0.20074822528793715,0.43670641470064403,-0.40229425085935544,-0.6508613123318403,0.04780162853266877,0.013177488252852419,-0.05305008380534056,-0.0638443815989924,0.35404646103131676,0.3398619956142623,0.08420642949057308,0.6685062429454165,0.3922776516355561,-0.030409132872530064,0.09148336521244665,0.4190523050781159,0.21226935007319098,-0.7961333242757728,1.4821405525391256,0.5704965980792336,-1.0962461892840327,0.2067573252884812,-0.23913433835126632,-0.06544591845840833,-0.6301141644037672,-0.004414997251899805,0.07862299914520159,-0.1979935602996119,-0.035721658487718085,-0.662019444028235,0.7256787519766972,0.20393815518798702,-0.8520480971074761,0.0683162859529449,0.4573827983711523,-0.15580718287288187,0.3240242010623919,-0.04476004458309867,-0.08212056147637323,0.18889839109401385,-0.052989751807424754,-0.09217704534819116,0.03499254172805658,-1.0032760839844097,-0.025277337543343614,0.3227730358211935,-0.016694491896482477,0.002817079497061924,-0.01938443704664256,-0.2195223386581546,0.1196434543098472,0.34305632859881513,-1.0664890791104866,-1.1058830847517658,0.17963580702367377,0.5637562197928531,-0.3077043503515841,0.2325013778658673,0.012620498940586517,-0.012457346750722936,-0.1312221403929893,-0.08650470087523289,-0.37673108690054974,0.6456935575203723,0.3607216703020746,0.015569393525155401,0.7108138156246034,-0.1005392658922681,-0.5622826684462211,0.019172407517437668
-0.10232291405588873,0.021088957759419553,-0.028315879234419142,0.06112135030901052,0.0272671496563676,-0.015990409645771156,-0.09855806836603552,0.00899658590403934,-3.8929579467236074E-4,0.17519635242563975,-0.13572132873206266,-0.0940015532843741,-0.04722035190753356,0.1960188834575397,0.025014971167442484,-0.09980727120396005,0.07144919890048987,0.040203516381629334,-0.1575473872716031,-0.015942967141495158,0.04389846757758451,0.020455454913436866,-0.12806432894903774,0.11817868678889644,-0.11599734688947046,0.022423975510100422,-0.06369385113269398,-0.06940253627179731,-0.04571702288204865,0.09353738095712222,-0.25852421043313256,-0.07409735260694998,-0.060251049721922606,-0.01581312644586601,0.03115437635954842,0.0025304724587466125,-0.030281294891164292,-0.13572036198277201,0.08705041105381378,0.10256019259529811,0.043143034180495435,0.07778654438343233,0.04828773252698841,0.13591036554765726,-0.004417683072205481,-0.06315820626625882,0.11759267647683005,-0.010687582734474153,-0.21169102054755748,-0.08839453530836239,0.11237928976528709,-0.04876857878666516,-0.037297679716483144,-0.06017863686940515,0.1524756997139559,0.008188203868541981,0.06776219613461347,-0.051288857175441474,0.11369412389704195,0.00707656487607261,-0.042514196751457664,0.11831718761458088,-0.06889248889303894,-0.12106627981562389,0.057640685006432955,0.23967210541920994,-0.15069406203743785,0.10436347452291626,-0.11777915577437936,0.04072072811397133,-0.049205200798562394,0.03681111697226991,-0.06026966084790044,-0.04181971214132437,0.04551499247395256,0.0401784755904467,0.1295030618814643,-0.13291154098410723,-0.035696971302103545,-0.07895300188883203,0.15422480020317494,0.12129387763732673,0.018459621354614885,0.05976723460745395,0.12280196946045589,-0.16478371996341434,0.12745351062048954,-0.07850052080431423,-0.1962606458550765,0.05774998035602287,-0.026173611661848856,-0.12370847256280029,0.014609236940399188,-0.016040406630925028,0.24688371471678128,0.08226646316216753,0.05400328189206036,-0.00632521600849042,-0.031064728697550784,-0.034534923516655915
-0.10982608540471019,0.13199643603785594,0.3914248646644079,-0.08010719589628797,0.40593109411449363,-0.11362143528228145,-0.08631506153857421,-0.3237096973036798,0.22004399929833318,-0.04208403993693382,0.34837164211573457,0.05813308363176645,-0.4676554186377964,0.2531042296827604,0.3414601432898445,-0.08152274054829219,-0.22213087583382948,0.40842192329915183,0.22311774165541454,-0.22439630142672423,0.020115791872491476,-0.17921499643504274,-0.4123116675354386,-0.020362176036511644,0.1838198077525089,0.023712800797519397,0.056814869213186917,-0.24239278275300957,-0.45592776479902725,-0.15235526848736758,-0.2709226617640144,-0.1786680459603513,-0.2915320390899724,-0.13994187470813765,0.324216612940041,-0.043670613986099054,-0.23323529502486182,-0.15833046583577765,0.1581335783097523,0.12083875834477778,0.22760652200117196,0.03322028974577853,0.1256226009359739,0.18911744403043534,-0.16289823886711532,-0.20328507090321482,-0.19070272296092017,-0.02947841749559837,-0.03340684839797459,-0.2187128138755442,0.4632583397505062,0.10111791268179787,0.10119810724966728,0.02601564392462912,-0.12654018012745832,-0.19145400820401864,0.45709051648241367,-0.15180128296306056,0.22063483817622326,-0.10049248219608473,0.07211609898647686,0.10037565513059657,-0.12143080380798747,-0.1635881062292552,0.020890554436881148,0.4064084613626469,0.05333373672424858,0.30107174546944215,-0.09746758377003653,-0.2570843883258778,0.05075860431948647,-0.006579000584230467,0.08032014990674141,0.023715997985315228,-0.1774312489899537,0.015134041995564309,-0.09143587035984131,-0.18507491303944795,-0.046835487124446684,-0.06994197104575166,-0.13703492287968994,0.031803150350939814,0.09672527708894127,0.40775395819902605,0.27348742460185727,-0.0012232719383318078,0.2823661723993138,-0.2285771884280567,-0.0025164811948210977,-0.0060959132419162185,-0.1146601906191414,-0.19869374738765097,-0.10764710944533432,0.1909167565965046,0.14442647147164664,-0.10072028231950673,-0.1559197417539641,-0.28284345233229646,-0.3379162114863548,0.1001365191891608
-0.030716328706813928,-0.20167172322335788,-0.016710253509188408,0.008359491847322948,-0.24824053390437234,0.002918635615151845,-0.002375038825350619,0.18865342110437544,0.1465937667754303,-0.15445984348956673,0.07084289966112647,0.03179814578056884,0.3220100834485598,-0.013813273313955148,-0.04384451992232633,3.190652922568281E-4,-0.006486338901512165,0.12334282925318715,-0.14246015065998466,0.20410060480443112,-0.11454405821207986,-0.33940845576926004,0.07543165068369521,0.29162913542059665,-0.02461421304027891,-0.13447129796241758,-0.08842461470077749,0.3253082974754843,0.07843721023897053,0.39540938094585737,0.11913543343287926,0.036862956708520994,0.06603437846359987,-0.005984918690576901,0.16952884190134418,0.04075165028923117,0.1684546023978001,0.12217186227613604,0.1294661900357763,0.05148968662632698,-0.012215153999906341,-0.06811769722026506,0.057439768463900004,0.03536089607496112,0.26790446967696235,0.005436504512083785,0.12223478296242167,0.1410962133721779,-0.01914903912004081,0.02286575432994825,0.025275530191889946,-0.01750147498456145,-0.02035890743945505,-0.07232952121033696,-0.06608428899291421,0.017030673616274507,-0.2842970145310733,-0.17969416880868452,0.1306550026727463,0.10573207518704855,0.015807927670522855,-0.25076509625651106,0.08493761572013984,-0.17414573789738258,-0.11324639034010142,0.15278702799058688,-0.06564868984415609,-0.10715492292125363,-0.31050610727628586,0.09635364713112828,0.01429640169844448,-0.11989090466243021,0.0036040154514726495,0.28569167042674604,-0.01157561954966676,0.262282767830774,0.03996837621273438,-0.016359114759471598,0.21194753087207552,0.1719094697251477,-0.13953858355249915,0.13938802174407813,0.19553859239049556,-0.03633345655395479,0.06258623834519664,0.23418365056846713,0.22884561264564865,0.10388042790569686,0.0869917876551083,-0.06463224973779877,0.03049222109080927,-0.19861554356536631,-0.001998800034107879,-0.02852847126452108,0.1546729351195057,-0.4008137599615554,0.14555902009550203,-0.03423758371808405,0.24612800058966658,-0.32020903113158333
0.2834580546642813,-0.3244030585594063,0.11075656520374812,0.1796544325652463,-0.08536034149080221,0.21955844725176904,0.08530785989639415,0.5386613075073515,-0.242237627394405,0.4553740235654068,-0.04177372724044292,0.10769195021628114,0.10815685060221474,0.5257968775813446,0.41729283259135747,0.24444977195328343,0.04409712186463656,0.3318085017980456,0.16861603889701346,-0.11523091138283457,-0.22794637721031902,-0.3457163007118351,-0.04967897324222679,-0.022736884906190597,0.015593119816801842,-0.1523897698570925,-0.32157322012586326,0.5917851519635704,0.17946891027753817,0.030305950060969734,0.2578515009912111,-0.3045043784381438,0.2511891800277597,-0.16079904046271254,0.44918273669600095,-0.10115998321920439,-0.07032170615000492,0.20744543131121573,0.18945029612086164,0.36632123307326253,0.005902225806729893,0.12050182175587296,0.19808401975576231,0.08472819426228867,0.14452715974724625,0.32552974729401557,-0.18919524746976815,0.46843552775016056,-0.10519467217958409,-0.0888592303232062,-0.2363508913585036,-0.2747941206535018,-0.12699840901797607,0.47053678606479027,-0.4006962004468441,0.2072296662243557,0.09545375597597502,0.16243882576264923,0.21101443404148099,-0.23644854497637194,0.14550588375101162,-0.3827289643533441,0.048920654822613964,0.4241076415520861,0.3360954745931711,0.07540938535008043,-0.0907284987609883,0.2974279259531582,-0.17603278380301743,0.07136565391819248,0.08397863000990294,0.05228541561705424,-0.397813572580064,-0.27563382167146194,0.30629179562840536,0.004296369480079352,0.2164225006939358,0.0843441927212584,0.08615722314828927,-0.9210106611745411,-0.32128582096778013,0.4458402561363933,0.18036795020686833,0.042625348121901024,0.19339319519755668,0.30484619784640055,0.22583295485019778,0.3980851106751575,0.155715003442931,-0.07025192572938825,0.024859943974435177,0.037648855483600537,0.09975839873781725,0.21375966947605962,0.44912249709978835,-0.17406248867416338,-0.2591564037754812,0.03614926275485803,-0.029139095858515433,0.22312216606375895
-0.0567504000513629,0.06892594176214537,0.08522313225442903,0.1835855516256101,0.007182286283484354,-0.44181766813387346,-0.34794992158602783,-0.3612833639129771,0.21161441730857158,-0.43623822615000285,-0.539100477535161,-0.3075891415538282,0.3761298604576029,0.29291920544409344,-0.1456432158996693,0.07981156285510094,-0.4272270505746837,0.2534962545110069,-0.23079084233306188,0.09243871545350879,0.4274641074646863,-0.11255700847773224,-0.03199035969297402,0.2691074360424304,-0.05208558061571866,-0.2593594801601237,0.0037808969743393845,-0.04780604783702767,-0.1345674963100097,-0.38218793163280484,0.05109142307109948,-0.021117019746644417,0.06874849893192085,0.2720544171797654,0.07697183732382577,-0.21950595901465633,-0.5260650852160919,-0.21661665322493637,0.013333941999124922,-0.28982887647563527,-0.07253329493097943,0.46280293322752947,0.20703526368074016,-0.060805169293643026,-0.0645763700472872,-0.12482850427780642,-0.28375958654636807,-0.16812299492382618,-0.01508519544917372,0.24735849999800383,0.26478280581900193,-0.02540141303232796,-0.26121555586215606,0.12205370939048589,1.5855795755863016E-4,-0.19114733044036314,-0.0478598195927769,-0.10485192156448046,0.00593706097765147,0.12326842224165639,-0.032124130659187754,0.10138009787652369,-0.161813405873248,-0.20955015840944616,0.17695902337886274,0.15435115540343478,0.30063329056368837,0.11490158814697543,0.3933723444484549,0.2293694031601899,-0.2982171571054394,-0.1919442607605278,-0.17917622753371987,-0.6361386918435592,-0.04698271462198135,0.4067841915984375,-0.16397616331404766,-0.20985752935965246,-0.10978613597060341,0.09054713382552232,-0.13245062869376714,-0.12893702193110393,-0.2513345480316901,0.09735120859778168,0.0356505443172459,0.11562566599750951,-0.147202796542295,-0.2704534726860615,0.09991585791478576,0.061100975943373485,0.11205330145529548,0.47232305803672997,-0.17301616080840534,0.5177378766214279,-0.3484689657345172,-0.04624121765820352,-0.199888437400759,-0.10263713571493648,0.18208827569169214,-0.4300024988214691
0.03575266071109264,0.15938004613338533,0.013067096645220131,-0.031298923715609515,0.0323967609673837,0.19032375490838208,0.0042433730722081535,-0.187887920585038,0.08126324426151275,-0.19035725761991332,0.10479890617810055,-0.030297584227468827,-0.1297414551713512,-0.17497495027300028,-0.09782504086402241,-0.13600871022634803,-0.15702992884188452,0.18546004944568123,0.2254275328522614,-0.0017887414751276238,0.02125284292111743,0.17402214957283815,-0.03688468186480356,0.05516237709236901,0.016971994576010594,0.09026991801808129,0.0024276357766279694,0.17054690718369875,0.19817195278361188,-0.07263420976562171,-0.07617165423661545,-0.2694871699508536,0.05347601393399154,0.1540335904583966,0.1510146346060087,-0.08463420378360545,0.15386252547443374,-0.09886969463108822,-0.07892608732070465,-0.00959065726548766,-0.02515764462003666,0.2612284574900545,0.20616086505763517,-0.1629796483801859,-0.17912442556269087,0.021243901774316717,-0.1693336478741934,0.10766522302955452,-0.07220387240429164,-0.02765364688112234,0.20452602942994239,0.05591014981345083,0.06994930343619457,0.22444157641321408,-0.207306106916867,-0.18459998810461334,0.18965692613528193,0.27220956355712056,0.11069862462567243,0.0892992977818666,0.041149422748649404,-0.056235784457138345,-1.5900027132780098E-4,0.12530593551083657,-0.0737319769847851,0.17322959572130026,-0.09699948538308802,-0.13453313587883228,0.0026866738002287107,0.009111103681850273,-0.12272947343287402,0.0985105594541793,-0.03804205073625738,0.17867099348475907,-0.07893022176253861,-0.0024827830745393553,-0.02946700749381421,0.26692070028759035,0.2771532926697617,0.022310788080870485,0.07244251748539624,-0.08373754591065548,-0.016424388674123557,0.1288221808965941,-0.09141158090745125,0.07164973908727443,0.22199173585207216,-0.06942911164724799,0.18541184413351494,0.07592308802074649,-0.0018712774133149029,0.08685144028236702,-0.17802478038102748,0.1958975101337227,-0.02307899559184896,-0.03945089073696943,-0.05228603220449573,0.027842871577668096,-0.1827663381870789,0.31530992348816916
0.1304124436182305,0.0444749968372474,0.056853791183452414,-0.1861417230570986,-0.17356509876036436,-0.234216570970459,0.053205377394987714,0.08257108948014731,-0.10090333410734399,0.09303185664932,0.10795064342480094,-0.2115835754603726,0.07739808340358574,0.09404015867600178,-0.17079809162964218,0.09959050165759663,0.05401102698223175,0.13965692179617076,-0.16649425022757425,-0.21675556701780618,0.05322466017376014,0.03943016561681194,-0.0490768099425847,-0.19368919804014648,0.19522977394395244,0.05372138831907219,0.03623238023709659,-0.19181754206003307,-0.07364047010321026,0.05055948988959468,-0.06374452451512468,0.016102094524685858,0.2402163577683953,-0.2598033611342135,0.3076003582285834,0.01627096386501861,0.01417517051118152,-0.045123792166253146,0.1607943507547193,-0.15776267419182782,-0.08788009601073178,0.001734371212883439,0.013693441122201779,0.0693035379948853,-0.212161112410773,0.058538796775604224,-0.1686927756561691,0.29533132050595545,-0.07137211712651408,-0.1306948689524381,-0.07654580019329395,0.08911392348079357,0.047507236525344824,0.11689524281041846,-0.18898095032407353,0.10746932620916858,-0.07996074105771156,0.34818581463976106,0.08759267089523938,0.01817170229769802,-0.09337380541512592,-0.06773510725118828,0.053306490976176575,0.05048641983693643,0.08691552670274763,0.07544766965186318,0.1493575910712927,-0.13667482405067977,0.26395968559661354,-0.14619320938912245,-0.20675591440754898,0.12141002810606304,-0.028260794322761865,0.03017983694532151,0.1941606309906801,-0.23273077126722283,0.23936329102396253,-0.1269102222019043,-0.05093448656942681,-0.0017860714001366562,0.07851937504308629,0.025556568837774914,-0.05597854014164969,-0.25938831328935213,0.07800078960770536,-0.06103214197543953,-0.022355529186996723,0.00742820593388676,0.2055060285392137,0.044231496095746746,-0.11785554124537179,0.06343209781155829,0.1504871103156134,-0.14285994469576468,-0.11482924251450495,-0.02352921017445973,-0.07401281760549011,-0.19015668984095416,0.16713025924440864,0.09682059420997881
-0.024981804086127664,-0.1557943767870808,-0.08575659374357736,0.014697664397103115,0.17401085177729672,-0.08115779164068614,-0.12916980353685634,0.05033831102895448,0.06890924224894937,0.01709872592025635,-0.09723381173900227,0.05995125358502358,-0.1141755797830587,0.11452074723791318,0.044627523099246336,0.3005421933308064,0.042075676449498146,0.08086553207742514,-0.12464302775854111,0.2967782390353367,-0.04460154166626643,-0.1722886402471696,-0.0058116334735817165,0.09393287583683624,-0.008083657134016363,-0.0736209907417607,-0.06484181941289512,-0.03646188865958142,-0.013911200909531747,-0.0747293625558695,-0.06711285207511615,0.018588021790268354,0.02542478070437911,0.033154430496516,-0.006914208541484316,0.018798161770089014,-0.23534771214548783,0.09420996435844509,-0.14414723726029102,0.059494073332819294,0.1274227327057695,-0.1867363028646837,-0.12307135063838423,0.12656029267196517,0.16512493528172476,-0.17685161837808863,0.2338173301951766,0.026742075507602894,-0.025257370271209993,-0.11856497720877121,-0.14654618644071976,0.06707154775695993,-0.18725729028889793,-0.05382471031598388,-0.08029583782215154,-0.1335038327904697,0.04160216576934743,0.009234483193851869,0.09076482159406317,-0.013564234641804894,-0.18570101813296977,-0.007722820945196308,-0.028198011639177623,-0.01154875762073165,0.17000613573064197,-0.11115579808161975,0.08469887581601192,0.0033667404898005066,0.054870263983889084,0.12889897765224664,0.033617985638901636,0.08386000499578862,-0.07616321176466678,-0.05008176162782842,-0.028022073893701503,-0.07515923980368247,0.023129688661011064,-0.24831990280658608,0.1379142499544551,-0.1521034459733971,-0.0053762985067700685,0.08978331865845925,0.09978810858480389,0.03487238250074552,0.04496514688692692,-0.04071563742596555,0.1126267322497719,0.012346757266997231,0.09232789230673816,-0.15887060415943485,0.08288089845982226,-0.25815919417717126,-0.06974093306353236,0.036916772478521175,0.11035778891876007,0.20451615344134144,-0.19461837708291632,0.07932265046672372,-0.07360615701272458,0.10909235766857693
-0.06412093232754892,0.00639156872299604,-0.016880261532255345,-0.04875652571887261,-0.2146654054121556,-0.1594854461390272,0.15988248548964962,0.018097163280412082,0.09130939103282003,0.10764773290926331,0.14530871019007774,0.1567052139932728,0.035495519591668794,-0.11561699287156717,-0.07729417913577917,0.07500254562476354,-0.020614823499158108,-0.08582600944024316,-0.10212779583315962,-0.16500745647111442,-0.00977755627899535,0.08557181853824376,0.010939059314378788,0.03493465992950796,0.11528120625483759,-0.032463062029957405,-0.126772951244162,0.05600921417734911,0.07965939482449469,-0.00972568184109262,0.012326560174152167,-0.10667791778583767,-0.1908858401610827,0.16157445099550966,-0.26296535801694393,0.16347707126745828,-0.04596890860610078,0.17325837699871718,-0.0017261197098867882,-0.13115800424912372,-0.0404963666113613,2.3997333061407002E-4,-0.09487405333421946,-0.0459341805723131,-0.08396156358010692,-0.016627852616439974,-0.01825410185285068,-0.07668827210422009,0.1178533098593905,0.055845031254687316,-0.020323305157417728,-0.1542855882501466,0.014907916225259192,0.04127063272791349,-0.09625492566706356,0.13524384254367244,-0.0781118670372132,-0.17678581270297805,0.06256081642535843,0.09947983524264054,-0.1082722376634587,-0.1429037971561772,-0.17940419389881018,-0.062100800820821714,-0.13241675387255605,0.01716758807897489,-0.05333573043510189,-0.10481750855225659,0.07579486364546621,0.021188495710471874,0.032595835214401465,0.014453976457623375,-0.04319502481845798,0.19191808007836492,-0.059649304022185747,0.053259547238869796,0.1064100079129781,-0.10991377217051826,-0.05004123405370971,0.08694619049471974,0.18862998679087303,0.032743095740195176,-0.03189646646743447,0.062452412164993136,0.05539791663302974,-0.006729821500171741,-0.02516929372586795,0.13041141578534376,0.015097543068657463,0.08747421849468895,-0.013684595217528774,0.0253621530027225,0.03834961492529137,-0.015559471748826671,0.03133143298916669,-0.01753366243042376,0.09163297177770073,-0.0862563403296767,-0.11604405764329676,0.01601253139715539
-0.25418526486520043,0.051433390409231616,0.12952598300961105,0.00988431648301037,0.20940444775447212,-0.06466367609530799,-0.07357142012592956,-0.14784908954890918,0.08904004515158188,0.3270438264475714,-0.3619729618180776,0.2948441667495702,-0.10524997943307424,0.2158992985130405,-0.5071943396776686,-0.5840861585416323,0.04315185394488845,-0.35112468327058693,-0.5745862132173857,-0.08866086156984729,0.11056454049569146,-0.07203156785524631,-0.057327492521480256,0.060820920806587936,0.2144430600710151,0.14206638775612232,0.02370077657539687,0.08579375049280667,0.033399638664395236,-0.059141649237445755,-0.024610911176003034,0.2353604092844168,-0.05276282858738705,0.1860166974238383,0.02811398960141733,0.16091335373522492,0.2687689343765983,0.23488200744292217,0.030795728145981877,-0.11108658625181451,0.016248257726259548,0.31986812962512357,-0.09623980595242475,-0.17467915540826048,0.07466923893373643,-1.2428383123803865E-5,0.16317295022179937,0.4268520516302617,-0.19431976761721556,-0.04735012974319816,0.0447405515477275,0.16930281121883653,0.014900507209733802,-0.14483567360498695,-0.36037504446468865,-0.1287951953475514,-0.18248566842923603,0.07120247462616279,0.26729966464024646,-0.021102491977665467,0.48976644563928146,0.1941044387339439,-0.0014523917806805527,-0.06333164985890598,-0.007532191659331199,0.10680307950852884,-0.3453222094011738,-0.322538356132091,0.11515791457345886,0.006897613512088987,-0.09650323440513497,-0.2601590344049818,0.1387774008772419,-0.10732110723607123,-0.018154144442539107,0.49516803590391284,-0.17602102493207344,0.33281493206466595,-0.04730088694815145,0.13141075966612237,0.12717467943738092,-0.07804983926370108,0.13129357647205314,0.11052309005509695,0.04563428985250165,-0.16541790647797425,0.252992041189142,-0.63387727234526,0.11730564541617354,-0.16054411737980226,0.10009506447176561,0.08671426669385146,-0.3381121154628842,0.2613344587710031,-0.10442576263235391,0.08473957486551448,0.014715535514290065,0.14224354871011424,0.3453671220652867,0.016029624392510166
-0.09302476971134208,0.02703930364050617,0.15925727319423463,-0.14550327519269426,0.0173883927387496,0.24386503638948132,-0.02095961879346194,-0.03260528766780222,-0.06080323177925677,-0.031247227250378297,-0.06685363649309317,0.3346278885151928,0.1136662820151036,-0.06770321974974797,-0.49844763858795293,0.1141356367684676,-0.08681712829754502,-0.10816950879433228,0.12616437751866988,0.12223151910547729,-0.06822453773418449,0.12248122919298106,0.1335318892524627,-0.02215787766230426,-0.08629830277890073,-0.2210397527320054,0.1871622758501662,0.115342711615617,-0.01109917356362069,-0.028108528386758307,-0.13205061508926333,-0.2301986021746876,0.11141283773105641,0.020846986342922667,-0.16031282321966425,0.2501716090558208,0.06654726760157337,0.17797184319648532,-0.13694663670405177,-0.07748837151057882,0.21184613242954173,0.14827263922498093,0.09922267773013888,-0.20234066311936622,-0.22120586385624408,-0.19152853090668678,0.06995135326066113,0.10569428681544271,0.01940958464905931,-0.11653791371550354,-0.24672950045285721,0.047628875815122165,-0.045495853396792275,-0.22386277179338554,-0.21894155188150186,-0.005627083903406321,-0.023885916583253865,0.009905745566420905,0.1776927648155525,0.07420808458340282,-0.28132969681046877,-0.37059854887286614,0.1670485845902825,-0.40932389576258976,-0.046574272149630724,-0.04470292934796177,-0.18391553002174574,0.07489149592652199,-0.14072510126562113,-0.01069560447283166,0.003910809789641801,0.011055486150160023,0.034815150425621486,-0.08769942755256276,0.04603211990601209,0.026742270093585024,-0.09101433441910368,0.5068985508452593,-0.43902037990634546,0.12999052543395592,-0.032345786385728395,0.32603124292269337,0.027371180386694012,0.04425332114905136,-0.13874184533763206,0.14879068663235856,0.03945399619690036,0.09089664781877234,0.11831431273707434,-0.1272023277884508,0.10324493514464529,-0.14488193968911695,0.049055502481739566,0.4087634531503657,-0.15135647920249648,0.0214002354439489,0.19774425589409927,0.21920171805817337,0.024622420730091344,0.3129894545120677
0.21463515737590932,-0.04937793619615224,-0.08881346643080015,-0.30575474081080845,0.01795810513330185,-0.08849330203923114,0.22839397695567426,0.1793673964400525,-0.09456864606876864,-0.015331948862035805,0.15048731400774534,0.2563885390819634,-0.0603674616569609,-0.156595791344321,-0.13787703678051844,0.012549426878552249,-0.18032803700376393,0.08173762544685349,0.34778023689404425,-0.08300209207608254,-0.2909550982035388,0.021833163140276286,0.09592344745102473,-0.43544462619378255,0.13077711330289657,-0.17947696103217867,-0.1430405036370094,-0.043644969029097334,-0.20273116676366099,-0.21828998347231213,0.5533993870095456,0.17446251937186477,-0.24395173192531233,-0.001976576023472336,-0.3784429295455268,-0.21120154842692557,0.3527499756273115,0.42198777754357153,-0.3218064868817381,-0.07095684931432676,-0.14737906011806334,-0.2778145172440276,-0.22019820599382484,-0.305629364367264,0.09358236648053936,0.4260760432970871,0.04065744138067406,-0.06327493375382989,-0.6771786157492786,0.008274678974456343,0.0016771866388292996,0.03916604035045519,0.18550442029703698,-0.004191621371421555,-0.12837817142029334,0.10196363539059151,-0.38310207649951206,0.09878039044186589,-0.0838190844171915,0.5290383773914018,-0.09683514639947038,-0.20842582004505114,0.5513479223028047,-0.06732095521890454,0.04424132331614287,0.03614768624163203,0.4707190778431606,0.27111469146955086,-0.013822431911548996,-0.10805932024693574,-0.17184399068358874,0.006814155419598485,-0.3656073720877253,-0.13847015159965964,0.45907889349405606,0.177158597360168,-0.03746172606811292,-0.06960136184293185,0.10281848780331704,-0.25846543319224957,0.09533646006083345,-0.06967609564184957,-0.32737453692937796,-0.07167354669401675,0.08178622247511397,-0.11112159040770794,0.1668021549033701,-0.40818416491882487,0.3574211573862368,-0.20108310604767202,-0.25870147688560785,0.0633305309729942,-0.14346367306282162,-0.19492424555309837,-0.163593891115407,0.38736733547980107,0.24716495035938998,0.10948692501847335,0.07629916407580993,-0.24913281975187346
0.11664586040986835,-0.05224427123705025,0.15042962458585424,-0.0719122088788192,0.04738792720836935,0.01882230674565551,-0.06427066827925114,-0.07275372543484834,0.08993523162650237,-0.3374760968443216,-0.06960060836152893,-0.345353090628801,-0.007596158293774988,0.028595220069342772,-0.012755579878013385,0.12573343539955642,-0.0563750358695795,-0.10806285848966823,-0.04690762877840016,0.10160907760032517,0.20070628547945385,0.10031580635554992,-0.08275106644660707,0.15455772394703088,-0.18782290476137822,0.18536030515152702,0.09233311333514478,0.007428264483960157,0.30507047840653917,0.25465367730412264,-0.01424862024107792,-0.19078197822894116,0.22146793192685105,-0.059941038472790184,-0.01781381458087577,-0.03702030697650999,-0.021731703079098136,-0.043985723774812774,0.3354413758247604,0.2480190871653602,0.0970400966532903,-0.03681836488092285,0.059994252452769445,-0.054451184713605036,0.02377481180127499,0.1825937943688093,0.10101040454133735,-0.3854202343838714,0.14966438448960992,0.004175930137847329,0.3196506393394265,0.13462629168831203,-0.07242103632967817,0.11871157137221,0.06663348040830108,-0.15028423684227352,0.09995936598085103,0.058951361804523,0.2748145133931726,0.2121023509763857,0.3947769073920619,0.31152368011379833,-0.0012373134285436375,-0.09758994592720335,-0.1705797134605797,0.0594602032824199,0.026811590964551733,-0.23779269151567822,0.10443940820010095,0.07803361052848443,0.012589163256020799,-0.02270538163971386,-0.13538515671077994,0.08481784039038832,-0.14529576833539778,-0.03655848627398973,-0.009482721129219558,-0.44278012844238807,0.19396167934315317,0.31988144073353847,0.1295511653608366,0.08589183152625168,-0.098823269537606,-0.09422482822223319,0.09183347973248202,-0.08672860202004647,-0.10652799940658422,0.0664869300819025,-0.43304396680922475,-0.17750410991421972,-0.04849843028027266,-0.1824579899672983,0.07644699898507608,0.2831867688990736,0.2148319197786856,-0.03360134660403532,-0.09042495289124129,0.22817640551901175,-0.21203743397197006,0.21810646169669975
0.13791037613659946,0.2207472435448727,0.23489910048307885,-0.1298189309181441,0.16746127142941586,5.373465577528862E-4,-0.33914879610335485,-0.4083949908152378,0.010876331738597438,0.008310069649466963,0.20002584397746165,-0.035500397614573256,-0.07634307713101209,-0.0512956313698219,0.11353934988664122,-0.13200111466977316,0.010750207328364451,-0.06904274413141163,0.014979141755074876,0.17318765641061665,0.053866108919865964,0.19712756689345307,0.2577901732507161,0.16675230660169715,-0.06556585008347664,0.08389109889601237,0.0378794532781878,-0.04020049502959072,-0.07768228398412777,0.043673343560307464,-0.33799763684851325,-0.11272573265938095,0.1157571175687676,-0.10404913477494149,0.29435999856786627,0.36672657286990157,0.40168633704265083,-0.2122152098727467,0.12524443620538955,0.31592016800200023,0.26857994646124894,0.42610899199088076,0.3885288564124821,-0.30178682181300415,-0.3774501436572075,-0.28181405866743403,0.04031600084530255,-0.03770402816731697,0.16397908186649982,-0.45975330845774426,0.388153636564649,0.10552232258954217,-0.01838648895597495,0.28817758854402853,0.2265978150953985,0.06436126834073816,-0.1721218923383523,0.7373054997148238,0.33209260208065,-0.4041737579190184,0.3062929304267184,-0.30833387435757525,0.12058210468799416,-0.3460517993613114,-0.04061101381997334,0.46789011964454774,0.24136009710581285,-0.09138325308831295,0.07381311212200958,-0.39154153775618683,0.1444694282820769,-0.27355632716205835,-0.21306279889418447,-0.12309832460735629,-0.1296747347483855,0.09638753655678595,0.30039209493022223,-0.264412812296549,-0.07289518884260969,0.012342051300522459,-0.16033694618729308,-0.02939733630331635,0.2068186976548377,0.2846531102594092,-0.16032391721667225,-0.36612834850408177,0.04732731453080866,-0.06271610073333461,-0.11068671376311495,0.1703937974112632,-0.37419672397566806,-0.2215431437844346,0.0031055230017446437,0.0859091094743064,0.41161600685511973,0.06809339764126945,0.09372734921448922,-0.301261881252818,0.4053358578306214,0.17135106541289602
0.3011059187951196,-0.03702575049406785,-0.003296593034992347,-0.009598501460375906,-0.18469360795815495,0.06414466825614495,0.12920778718981127,0.007754819094258071,0.2599107690740904,0.14557836446638173,0.09076444530443055,0.01419189027624434,0.2503032669194083,0.01000833687660908,-0.010843863744525685,0.0019420025226975475,0.3805560774907629,-0.05880223540354773,-0.3346712708664673,-0.2920658817683961,0.011587478324471254,-0.03327692219417674,0.06999008013118282,-0.10984712468515265,-0.07901927578229428,0.0762484657287383,0.1335916155663625,-0.22121819416986158,0.03698780436013956,0.04706701795816046,-0.08853636684747164,-0.051080090818653674,-0.17575111875898025,0.26958960070590754,-0.22467455664035646,0.17108573264287483,-0.028431823256685553,-0.05022153153625995,-0.0015783400836054877,0.031847363439715955,-0.10693256202545316,-0.01316189333165786,-0.006910786273026072,-0.1591926526727278,-0.13729506095635316,-0.028789767392432043,0.0655078440436427,-0.07773335333884104,0.3635899482987145,0.1394710864859656,-0.06648914465158862,0.002218947633524094,-0.04631390999091729,0.056718918455007025,-0.047416265975439575,0.23879820227926307,-0.2015989914998066,-0.1917802054618991,0.15039309765129324,-0.21264033788690445,-0.035089481356819344,-0.08981957308634729,-0.11899500230698352,0.19795920458995164,-0.15131291249620077,-0.02866317419070357,-0.10563874006325931,-0.05751806239595034,-0.10392254843209844,-0.06564497414684972,-0.10517731540077611,-0.14144542850602834,-0.2628888551723344,0.07560188850707122,-0.07724179409394961,-0.14708521116138645,-0.012833073306641239,0.08855193191250624,-0.3437963298300491,0.006851550805291918,-0.03025185868486888,0.11383155590290628,0.09412843255493479,0.16315271819245095,-0.007431288067009963,-0.00337622858806559,-0.10438866815119914,0.20706929430971702,-0.13405008605508525,0.08708809953757043,-0.008381057142158787,-0.02136561886485756,0.18593336230205174,0.09928892046372519,-0.183934529036958,-0.07346164948695827,-0.2767931057398062,-0.02803576213918481,-0.04797375747993143,0.13696827870134476
2.8544557233941345E-6,-2.2864740241884198E-6,-1.7265146748425672E-6,-2.807232902298338E-6,-2.5481429188991893E-6,-9.819668421994679E-7,3.0262870162762836E-6,-2.532841567445605E-6,-1.5509440542427445E-7,3.1377765658937983E-6,3.264112180815136E-7,-3.461590339435982E-7,1.4810854742771309E-6,1.0424219409883294E-6,2.7918047869237567E-6,-2.7656359389344454E-6,1.2372085265809782E-6,-2.0633207922775937E-6,3.385084682447142E-7,9.48086658198608E-7,-3.5270882213937712E-6,1.1259947946334456E-6,1.150166754780648E-6,2.385854101151314E-6,9.63052705880742E-7,-7.71835425457189E-7,1.7241572807140294E-7,-6.972084658842924E-7,3.8499190690172744E-7,3.016556387620279E-7,3.1136026399486228E-6,-5.859681202314187E-7,2.461959609626055E-6,2.4093435163426048E-6,-7.10660198891828E-7,-3.580031209457826E-6,-2.8818908302259527E-6,1.1924069067848038E-6,5.306150657095853E-7,-5.75940942818656E-6,-6.198819725230315E-6,-3.094111407692089E-6,3.0033504363980734E-6,3.2959594024808756E-7,-8.144390015369686E-11,-1.0558304656173765E-6,-4.1748690931959493E-7,3.0334163957573113E-6,-2.6941161779195964E-6,-2.527925869713752E-6,7.232126051798929E-7,-3.782285934434133E-6,5.423229923361016E-7,-3.704831317391059E-7,1.988277940078073E-6,3.055156697893679E-7,-1.9730319924704205E-6,-1.0076230097417817E-6,-2.1565344602606914E-6,-8.791422653137327E-7,-3.1902331738273906E-7,6.474833515207432E-6,-1.824112651955079E-6,-2.9429189031328714E-6,-4.378031717081502E-6,-1.1005308167233982E-6,-1.2719356730383875E-6,-4.115238164372497E-6,1.9698211707236195E-6,1.236127000022733E-7,8.792091429163579E-7,-1.2146963104486686E-6,3.782354237895703E-6,3.3203084452322232E-6,2.855650912607294E-7,-1.5410702829382994E-6,-1.4584059761193973E-6,-2.168468144799044E-6,-6.645673774556848E-7,5.367729259213703E-7,-7.335791425652475E-7,-3.857356930900242E-6,-1.6993883963040874E-6,-5.3512416566188304E-8,-3.055586501174591E-6,-1.439772410713614E-6,-4.089592494052654E-6,-3.301460324734858E-6,-4.1716023122249735E-7,-6.172453735141871E-7,-6.735442047778226E-7,3.1248702135965007E-6,8.747879543606698E-7,-2.6958797493670118E-6,-1.2916094177819156E-6,-2.57267354620782E-6,-2.942890052099887E-6,-3.540739074396309E-7,-1.243906890161495E-6,1.0713029810035155E-6
-0.014891848710049636,0.2215981301899644,0.05662040561637609,-0.12881651911661554,0.2874517968573038,0.21269525449077226,-0.08199615817816489,0.33946570094756434,0.01910443978848197,0.07909245158237915,-0.5325220959229051,-0.002095502215874341,0.33864615681631255,0.2606906989152652,-0.6076694885802596,0.5281451751475861,0.3448337052682834,-0.1444488322608022,-0.07656084685906037,-0.26186069019104785,0.12482835067401035,0.10793637430605511,-0.2328594844909629,0.6724064378924623,0.35650670771479936,-0.12578793558824092,-0.08230895802089691,0.044902956073890256,-0.08024593630882422,-0.3123839730623798,-0.10944309004373287,-0.13991103248158118,-0.03043855840234532,0.11786478281804443,-0.20141153070680137,0.13278118510565345,0.1551058381295627,-0.07604677383642236,-0.16563473938807347,-0.56112838981886,0.14985353494310139,-0.34042860557656507,0.0546546768211744,0.04503236290253801,-0.4587188799439554,-0.04255599654627813,0.035987748919347126,-0.3762035756948246,0.2754065161843516,-0.5668868147947292,0.16645719169093762,0.015838324931325056,-0.11931960498380574,0.17825570180726122,-0.11484508450872999,-0.054985406188501375,0.10225394331670908,0.018095042099348334,-0.26790817390646937,-0.30563682450517604,-0.4269782587651705,0.033263389357668524,-0.3607167668715625,0.2414584071564188,-0.469363396804141,0.024493042798065846,0.6011209487882555,0.07691749440866842,0.09542184643527761,0.19504950672745025,-0.4487370035272732,0.4719139073525957,0.04291982333830207,0.002567161922490759,-0.2480634283402126,0.33604945584595275,-0.02568721138386388,0.08740230705521061,-0.00698646985754786,0.1808496498101876,0.14783252689343573,-0.1319574904312739,-0.16641637094723855,-0.2560422499165984,0.4888481880918585,-0.4098224262874679,-0.003583541952137221,0.07925525166823026,-0.20105884333948723,-0.12910100661965232,-0.07038387470649635,0.42451655461058935,-0.012766590212419373,-0.03530739834441709,-0.13886584360638982,-0.08256259706586007,-0.16841350426379428,0.2069170214235648,0.04858179562629845,-0.13757835889953085
0.1202106361903231,0.03560995099506444,0.021703505214245897,-0.3731874592558407,0.11128564000668405,0.2199992735693682,0.22426254353328678,0.171444560316866,0.05213448552091188,0.05856063306541116,0.033944999053281875,0.10246489330125028,0.0015154385239002097,-0.12073995940912562,0.13646185092523627,-0.035378571132088824,0.05047642797374155,-0.009806313633325113,-0.04304123682809121,0.19061495508362086,0.05134042780163503,-0.0012375467815285898,0.20101178211666687,-0.10190052952853161,-0.05499464068073539,-0.04754120106857353,-0.02171688926326839,0.19939436867032756,-0.08862694376687294,-0.044835129260019015,0.0914057780200999,-0.0860036928784618,0.11190291325133551,0.06979958323185678,0.02584563728506003,-0.07727874798917575,0.0727951983782057,0.10764828038634106,-0.20703626511208773,-0.18647447566499445,-0.2316682139249282,0.04912786231318292,-0.07756674578146702,0.014153904057122088,-0.2041234390783213,0.08018845573090959,-0.06731067818766749,0.14681142605632916,0.18163459660003878,-0.10566737862450108,-0.12170106549429915,0.00802506523185114,0.235747099523598,0.11749658935305461,-0.1564138573045015,0.038465490995287885,-0.11613264556219634,0.13405168748396987,-0.05037084293965185,0.11055851344448102,0.2074462123671362,-0.09669465059749023,0.13670827055601467,-0.1695318237437345,0.057605572364822624,-0.20186333977358434,0.1543801731448105,0.003471483025895297,-0.07083278263101067,0.24638678864597394,0.06367232048612557,0.05188716119323797,-0.055329891994700967,0.2407459550367934,0.15789953440641585,-0.045407261988994155,0.1809027112403604,-0.002809647852289265,0.19421369958422685,0.08436140287044158,-0.05284913399166199,-0.14667395654490353,-0.3024733365860639,0.15594279899855934,0.021055129436427247,-0.05696920777833741,0.007438370853799929,-0.22069860334173713,-0.08481329069075294,-0.08115327413295231,0.06242115004679982,0.41470573777065917,-0.08998434907296415,-0.20302825717433323,0.05902054708016444,-0.06804256196284655,-0.21881019810816676,-0.029885149497439444,-0.02647644313376729,-0.0693038235657435
0.46273493749828415,-0.10653308412119525,-0.14242108028607112,0.02909426779702311,-0.05814605628292862,0.042046878299261764,-0.16099393897076447,-0.11944555355739261,-0.18178414212395402,0.33232698890127926,0.14144035946024308,0.07015991158405431,-0.2365639246030468,-0.1564075597294696,-0.028742128630511597,0.023450294485828783,0.3720165979204533,0.3932711202398927,-0.07134146917776407,0.12544145780072802,0.13134138489633967,-0.06766934106153404,-0.25171192615215077,0.05837424877093148,-0.19797128078163173,0.18146687239041784,0.23986881757647216,-0.5331483234249899,0.4354284534941549,0.06596944092573798,-0.049395507965570885,-0.06014079116127322,-0.7188273917597477,-0.4722890058920545,0.14679903147430434,0.2740027184205784,-0.09866744864758024,0.49964250814625466,0.13140340781281365,0.5157904538280059,-0.1262882252940979,-0.05253133547563556,0.08271011635903293,-0.19332074979974814,0.13129199589807683,-0.19699763591511815,-0.28131752084960177,-0.3725957926270975,0.03915600006840955,-0.058538065519284546,0.049089374493609075,-0.20531418000076168,-0.008943250760005265,-0.32328654206453994,0.4400266169315663,-0.09695024621846444,0.13550544860344763,-0.3951894775544343,0.20949749002675688,0.11966829407997505,-0.08484513399181139,-0.0790961931286425,-0.03805503044345679,0.057325773136296276,0.1814985333203491,0.5104669052939712,-0.06110280997861727,-0.18454375292017078,-0.31626661209714013,0.1372186508350354,-0.14625912106424868,-0.11991369898008103,0.3160495601681306,0.03710412573835348,-0.1770741258311425,0.10296310157210628,-0.3003273697029599,0.061914302933191896,-0.009200315014642,-0.2540016969427193,-0.2941168489045691,0.47203973758586076,-0.0959087704780572,-0.03820132062662515,-0.09996549558623014,-0.2949625479926735,0.03894787856196603,-0.17526243771266486,-0.4678154956426418,0.1345213942013478,-0.05338097730836312,-0.06228987116137963,0.07987767325429308,-0.03636144289318538,0.2590046208301601,-0.06463596539990112,-0.08598842498969335,0.06757402713542712,-0.0914751742187764,0.36210554649899834
-0.023044831345576743,-0.039120903126544614,-0.054105152494946705,-0.016914456479894674,-0.06304378338839857,0.07666524900997117,0.004918285984077244,-0.0011924932482875687,-0.06198669307491648,0.03317686762744027,-0.0394360304217492,-0.11744887500416176,0.006743360564909861,-0.05278090438879433,-0.02349376508801838,0.1560397847144747,-0.009493049745081115,-0.010815922623734452,-0.00203862903776838,0.1040630391363444,0.07304635908021313,0.00879937044427768,0.11834207204350816,0.0011232240013952825,-0.019606986725349745,0.0182259371727475,0.08342738313473709,-0.11112587066154936,0.004008880859627683,0.11646283399713371,-0.03868539496592543,0.009981585284214542,-0.0295458245579635,-0.1265148141171446,-0.023474187159355356,-0.005276881182471886,-0.054627573777089974,-0.009612678190209334,-0.05154697911705764,-0.08889414612118299,-0.13611969385240902,-0.01918939227255202,-0.0677457608614628,0.07764223034959168,-0.04828891544038417,0.04330572841667145,0.11123973666444543,0.07393418388336066,-0.06679494935762048,0.09802505787994828,0.08165879509799713,0.06173993042132126,0.09476712027907593,-0.001686273230871501,0.06645933942622015,-0.04734307168325169,-0.016059353346818555,-0.0842185447997462,0.05892046991526038,0.08761160125074251,0.09225625288378748,-0.13901291096993254,0.04597440010927021,0.008675347080802814,0.09559198574505037,-0.07290179767189166,0.00847466706559428,0.09736375320009684,-0.0191002930858665,-0.09467315032276341,0.061600493334547174,0.1338046542625669,0.012956393843102293,0.17656014234001446,3.072750785607564E-4,0.08456811370960972,-0.028651205620099294,0.11719729862333925,-0.09909883910513896,-0.004032941527250469,-0.0450399552410302,0.034336530209669154,-0.08248253942825971,-0.04877995122472703,0.04332885576714678,0.023108174409817783,-0.0308027355093691,-0.03634070840321506,-0.11467652117063011,0.10598713619933353,8.051014524933447E-4,-0.019932762024862855,0.01731485221024076,0.10874417500191147,0.011558236470071422,-0.02241548512940548,0.021410110234045338,-0.11137870585217727,-0.08622596129910687,0.015550229540797716
0.0674784121140857,0.03521260434180897,-0.5702410191089253,-0.457241450058865,-0.46865144321731034,-0.510115883690151,-0.1910269299654091,0.684040350415146,0.3721650234119326,-0.3008517445546376,-0.011769741404122649,0.293831664897096,0.06880123714820896,-0.08282681898282289,0.02206555669775986,0.043866711011258955,-0.23287058583374654,-0.0261604201507223,0.13207502254168355,-0.2024656069530439,0.0036541533616878475,-0.04304613867480944,-0.3276071538531041,0.09715997157593441,-0.1704758278288766,0.0599400202369137,-0.17420690787519807,-0.5429569797358397,-0.5452976880843141,-0.23641351129772428,-0.09363171794219026,0.3857739483704369,0.5780422941433743,-0.22366046839648837,0.2813786140402805,-0.16004487452312463,0.05030452636602828,0.2856332997658628,-0.06017555249295737,0.09920655480154333,0.33226092622685605,0.11203670150506201,-0.1740527160612017,-0.2871719719663482,0.4730519094032449,-0.05829164310721292,-0.01405870279310942,0.5103385575600616,0.3167397520365552,-0.134288925734723,0.5600209575321061,0.2950793068007398,0.32296031948672527,0.9555769857083767,-0.33856898367026406,-0.6108702532028691,-0.27189319059058853,0.48557855239324227,0.2332601391898047,0.6145896897321305,0.1687906837028235,-0.19804889295667502,0.12951505638710156,-0.128692144701588,-0.37286617616055917,0.2260746022691851,0.46761194281716645,0.287867236871653,-0.10901848462173096,0.10624075369397838,-0.1762776474665403,-0.0657250070164035,-0.07449509844510552,0.10352603948578896,-0.3871337824413083,-0.05938767538257993,-0.3175774620104225,0.155442737129807,0.6308309273333655,0.3172963189570002,-0.588064292265527,-0.13608225425123155,-0.4813745814848468,-0.5996157447726287,-0.6198638844661191,-0.5762882853572494,0.15374398624503124,0.32205667825662915,0.18838383055635227,-0.18196301782480434,0.7131916184180175,0.4927354464922252,0.17174918467714262,0.032553479211367545,-0.12494989418794382,-0.28886072636384585,0.342737356683342,0.010081069753299343,-0.49973622417801233,-0.25466358005698053
-0.1427237429755666,-0.02171917477996445,0.09117075059998608,0.05494077293649353,-0.023299309997606137,-0.0172008808998378,-0.00392811192508382,-0.04796754555348724,-0.07763495489674715,0.07847111779201908,0.00753953102335704,-0.025178809585550906,-0.0633972053537066,-0.03453188148963344,0.051528244957002436,-0.015768608333702763,0.011090616349244242,-0.039726481227897875,0.025552595738964,0.035525966532933946,-0.09035301953558961,0.023658036513672577,-0.08202103289479822,0.11985854067143288,-0.009385684349874098,-0.01353495634126437,-0.04253448282167356,0.01936798964558874,-0.0042466507618123695,0.08703623682054915,-0.004851337959166271,0.019285907336390035,-0.0020509559473474415,-0.03366564670592505,-0.007864817965817585,-0.08022756998889687,0.007559401809924518,-0.029545808877169556,0.04286748900280191,-0.014027222606153687,-0.027408012555769596,-0.08848215213187562,-0.03758827920657602,0.05265895571353593,0.02824851822044226,-0.019624032455569353,0.0645584243360923,0.12547163858947566,-0.03935519163384343,0.0041118665507162856,-0.007243474292443517,-0.04024107959775611,-0.012193679864129928,-0.04164592529537693,0.01456518390462322,-0.04222998078739319,0.08874583830620135,-0.061717878409258874,0.026425610149408935,0.0789848009604513,-0.1585168881318452,0.04620292513188369,-0.05236414990372884,-0.0012468727751985354,0.054722545076987324,-0.04781605103896112,0.03324152719854947,0.028238600208864602,-5.810471521488243E-4,0.011344182006832704,0.015060680257629865,0.020467875977199207,0.135018035500253,0.026598722753496493,0.01484148017972222,-5.795827840239024E-4,-0.040609433704349364,0.003165460091566035,0.013637381936035683,0.02640106365883022,0.01375184259133379,0.016995741722733375,0.0029918171899179884,-0.017004141002086023,0.0520758562982961,0.02227783858137957,0.02560995313132745,0.05032366925127398,-0.07270824223547606,-0.07862017961673148,0.0067627143648730835,-0.05474475795718791,-0.13087083737883612,-1.8382073671298447E-4,0.13054957470674183,-0.06211820858201703,-0.0019833928334307607,0.08162423514110113,0.042213102419373476,0.03487414992672161
-0.03947412987300488,-0.02524763750248092,0.038499373172435195,-0.006164659955072715,-0.03236492734484014,9.874912488502198E-4,-0.018709328233764352,0.127715045220767,0.014188321717327345,-0.016425957407678545,-0.025239853849578796,0.036555923292555546,-0.010293123381083735,0.013115732581452431,0.037704758134588824,0.08862976242742501,0.03962444291847982,-0.027118013772202732,0.05053355019221806,-0.02298131022392064,0.004138583781974214,-0.020205072367838684,0.018180041080921444,0.04941720135826433,0.020514464052169733,0.014047858323976937,0.017320450063092654,0.01967615254248102,0.01695735998037249,-0.011703231860424579,0.028835839093437825,-0.020671420114016476,-0.011987755182200006,-0.05515873977814528,-0.02954140319827379,0.03599997023370993,-0.008031004180189335,0.028603675528078066,-0.03556780329540203,-0.01160090438745119,-0.05137657302190818,-0.022267842543997378,2.3574054079545062E-4,0.010524513269828315,-0.058209681641433086,0.0396582327696835,-0.0448322859244452,0.0378012699185383,0.014568149748291659,-0.061945163898251034,0.06051347280537678,0.003598976538824379,-0.005251574879131047,-0.06667165744755973,0.022165991746434868,-0.03336088183869165,-0.04034980793948371,0.016749522351227644,-0.022682595955582623,0.023741106036683886,-0.048036255347460574,-0.008827726997438959,-0.029648837359966613,0.012647555062100017,-0.035619441588656556,-0.06642311066010269,0.02351755656256679,-0.001680265673545248,-0.014375324021396697,0.053870785754253615,0.015756296268275044,0.025977234321038645,0.0024716418549712575,-0.02979907814775632,0.035830163585615464,0.04786993087252732,0.006334593365083279,0.01562990623812528,-0.018427528456441307,0.02083461820346475,-0.03208138611246556,0.0011010692392009519,-0.031038143430191577,-0.07735085472320734,-0.01929012252472757,-0.03350074751010787,-0.060441074588778766,0.04768836097635169,-0.045668796463488474,-0.05132121030546583,-0.010852456757014545,0.026252666997853495,-0.02050262682612325,0.03818475674656782,0.029253591313091347,-0.01811169784368957,-0.008932141289942621,0.053017509587340604,0.09673215186745994,-0.030586759125864327
0.01798592905121742,-0.2670697742579878,-0.046066036644809676,0.006350633768214718,0.17003337374980798,0.0463293805967992,-0.15022202766340595,-0.10004120306228859,0.06086777164576268,0.007043612470627422,-0.0047136007559778394,0.16382683812405432,0.0998986371681983,0.02421594494811654,-0.03008649535502031,0.1646202576522114,0.006505530898471588,-0.1546428338751546,-0.12496467941582869,0.01999293682002824,-0.08432853341881287,0.03833137329527144,-0.00403042580136958,-0.10636342411678167,0.11670348333358205,0.1448373479087116,-0.10732493306414367,-0.2128328860356908,-0.1256129613621346,0.07545406611462813,-0.042849918727684566,-0.1146712091723054,-0.1668081624990986,0.022892598102833395,-0.05368077964173094,0.05698611293935881,-0.001234981650464787,0.047441991973050074,0.04324671505111127,-0.12253308910564042,-0.04905739247678639,-0.2384320186957502,0.06364491796848071,-0.02262470597099082,-0.10176145178240233,-0.001107362329045917,0.07889656159543201,0.165295129517923,-0.06052688464798484,0.16046063079215506,-0.039204108903219646,-0.06644740237846274,-0.02546570148100136,0.07093441053073472,-0.1397363546831246,-0.01763298297280658,0.20593671479099657,-0.1041578446561534,0.16369765249041168,-0.0128899280472467,-0.22187104804077168,0.1310940844740946,0.030186290667538935,-0.0899025515594805,-0.01069344819569429,-0.037864689728202894,0.14329939300514682,-0.004527480336912743,-0.16207836611622764,-0.11655614456883635,0.060329963211308034,0.02725246216738392,0.13388306519528057,0.03623444574229013,0.11624784512524554,-0.06375517143826372,-0.03261890700863073,0.08160052644956621,0.020942262364670294,0.14000853519378037,-0.058111802932509185,-0.03723914548252419,-0.059838421570618625,-0.02413274339611835,0.11069094471074802,-0.08796161918180015,0.08530593951136321,0.09198400342169524,-0.22970624432177786,-0.04458206377661993,-0.06197769181775224,-0.16097690817220203,-0.12878124024274065,-0.04715168101672217,0.10256716856754212,-0.050358620436552905,-0.12063036968795465,-0.021897582763640816,0.007839975001945847,0.13919239651601936
0.04687704273845092,-0.019168561653093996,-0.10452809108207657,-0.038945878553676684,0.05427670368367673,0.06753869587172391,-0.009182224969810793,-0.0024125898262932874,-0.011332122305960568,-0.056225123820784706,0.046312414591853215,0.03393196295466476,0.07491563920338451,0.042207874780215725,-0.05720441558634043,-0.06443434479691779,0.04941757940218158,-0.012399757051553542,0.007058729405834736,-0.08292733698439844,0.053244158288305504,-0.08391421321301264,-0.007215182518328435,0.005063318336148812,-0.04585089049164964,-0.01857839369065056,0.007179462598778848,-0.0734092810103446,0.08339780979444625,-0.0020233634381890825,0.0445126183575658,-0.07914816412086151,-0.037840460695196525,-0.014871276469142599,-0.05570045064643831,0.07318772763647145,0.030506546167754334,0.040961916470804556,0.027609707055576218,0.10981473895722386,-0.06006132763517742,0.03682710399840455,0.038313872858574634,-0.09513686973382805,-0.030608726156014263,0.019652032831198443,-0.004310106067385734,0.035700977454361016,-0.011868105073077484,-0.002899522890891749,-0.014438434137240868,0.05116239275998791,0.023068484279617184,-0.06585316137621089,0.013897559986169426,-0.029988512576738693,-0.12205512719456196,-0.0687361657961928,-0.013869734528880738,-0.014383912893355489,-0.07026334002324863,-0.03881074007144334,-0.04277588620921907,0.04092066043795634,-0.04963955338570831,0.03032870753237657,0.02738962043874054,0.008680931487292546,-0.046653380380162174,-0.09564550515024942,-0.044344278108852546,-0.0041313697059877485,0.08068880588651005,-0.03869734651811217,-0.0058270545192878635,-0.05355742155728717,-0.05268153836641117,-0.021333016500930595,0.05470093407982288,0.005340852249985678,-0.030652472899000645,0.08712221335254532,-0.004437949115685067,-0.00863879331252962,-0.029212027631396693,-0.0024245946844348495,0.039835028565606216,0.05153140880146626,-0.02781765727638263,-0.05734375961555056,0.054182140543848185,0.02780819940065824,0.1386827863925882,0.09271851894734688,-0.015073767583861735,-0.06972453438060576,0.008211068142977727,-0.12279867105251972,0.029703642944668485,0.04531820562587961
-0.16859431409106174,0.042448610431881424,0.014832451591796775,-0.1313539048347654,0.12598000534617143,0.40421409020167187,0.12962676528943148,0.008852913069697224,0.21674127878437743,-0.16150677733156873,-0.062265721703946834,-0.013363201069820049,-0.0782972859622183,0.2884977185780261,0.052630879175220906,-0.2976859535080596,0.16424925106512847,-0.16780258380700122,-0.1587536594178409,-0.06456738500918803,0.2286651497289427,0.10395743660518328,-0.024812297901843763,0.06343742810935053,0.14155746526088983,0.07489733788271968,-0.21354870908381757,0.04062415117481562,0.4043788685453301,0.037080142369562516,0.1821952001494545,0.15872989304153345,0.24700102011921726,0.29572257719507555,0.04933743983867903,-0.01695908751855779,-0.0462846271591376,-0.07867537905258122,-0.029619536584506792,0.11312849143202844,-0.10132684340978487,0.09066455908784433,0.01673452833216315,0.01231526304949404,-0.05706731283539975,-0.11292123526221674,0.07066992032027122,0.1727421067120486,-0.0858173480935581,-0.07034816816931977,0.153686544352326,0.1163719943089825,0.0944560132864098,0.2935578812801637,-0.011116426027988813,0.0903478035149993,-0.2581808086278627,0.10528947496872314,-0.07236083999654766,-0.0661262675912519,0.2649163166369997,-0.07726917319860073,0.1035364382090839,0.10014391759741147,0.2565189496969635,-0.06034582340816256,-0.029518812179561912,-0.18633687657411152,-0.09639415006533593,0.2707397042193058,0.11346707948322886,0.29457722918433804,-0.21430593583080032,0.268572639536445,0.2496242272848914,0.1653541384926165,-0.19251694913721457,-0.2617596587839794,-0.10417110434697638,0.14083785643807234,0.03724752150841903,-0.22621747426063868,-0.12998910794541807,-0.09213688850540556,-0.09712655077407249,0.060320063601122124,-0.07888614065089898,0.05507162415663512,-0.01545295396013702,-0.13187771109482746,0.004428541720863056,0.01460638485034004,-0.35476573610359113,0.1114027490730011,-0.08298584587812599,0.05157300927849609,-0.1428704753907712,-0.1124790475535111,0.17518467071523816,0.24053440880189658
-0.029539933918587693,0.22283781622012952,-0.19097453691186106,0.38204418947688806,-0.13489673921355425,0.07573907268027746,0.3254475679622707,0.1573946440088082,-0.07012848213237464,-0.3295093869270968,0.05462715911123546,-0.1739249747424543,-0.20398781413928382,0.24891716544304374,0.19568800325512556,0.03581793569414292,-0.03705434280779821,-0.05537325882926817,-0.11895700850841119,-0.16655910523006276,-0.20967136081058838,0.39537109011368116,-0.02503447387938743,-0.12724883729246053,0.018826350077322276,0.08872235129040393,0.4314574440044274,-0.12759436929727228,0.13858423402293465,0.12317259329799103,0.2449842155032101,-0.19917785644665745,-0.10035868418915878,0.2355040693840105,0.2053523191934055,0.14069941917948095,0.16745451129910235,-0.1174888368678016,-0.06763356864217092,-0.08142075391203255,-0.4584330158173842,-0.0454435247860801,-0.20449582762720195,-0.050235645330245764,-0.06475864011982958,0.18973558715426167,-0.20665528330137597,0.1141687704603875,0.16864302839686907,0.12406174130685839,-0.03709589591259619,-0.10254853798017453,0.09830461277030321,-0.04543611244369111,0.27620386966357474,0.1284323029401891,-0.08211703769349983,0.1958710086743487,9.260445005190993E-4,-0.25357769490513293,-0.023948769127148297,-0.014484743124994523,-0.3527668291636212,-0.14589919212786692,-0.11566805159768775,0.08088119045294005,0.2107213668251256,-0.0640482045147111,2.665454726810413E-4,-0.22197288686825647,-0.2792439640542847,-0.2633757374445351,-0.07383207884180787,0.21081769549391868,-0.26614374596784063,-0.08922966706605745,0.13337598433756662,0.24618486698686912,0.025925032044195266,0.013555426065239328,-0.07419154119558244,0.20196690749912535,0.08264422116404303,0.2104525064518849,0.025812493889269084,-0.1974600656140713,0.10858906724699065,0.02387388434384066,-0.21386863252949775,-0.14567985357430294,0.23257833232015732,-0.2673643164552597,0.0237451992921218,0.015480240600149957,0.015413101979360867,0.13714333646597787,0.1333719519150609,0.0019515170224301004,0.17136126944362678,0.24788389334681804
0.03336008675402334,0.025632915133153977,-0.13734514690209262,-0.09972105702574638,-0.04633597602687282,-0.05261905942128504,-0.03757404089692582,-0.6213948058995823,-0.07248978256315113,0.15693667579346993,-0.01307425298168751,0.4524906731507641,-0.10316385467848586,0.2473418683049472,0.36939066911958635,-0.15095661899765758,-0.05471240318316006,0.051263824768385306,-0.024989613557079935,0.06076269685553482,0.20297124798200214,-0.5145552643571683,-0.25457028964793416,0.05959105682557921,-0.0702406447181951,-0.8837652165038075,0.006907816315241704,-0.01226151030872291,1.3849964327368223,0.19131261228986665,0.5154631865596156,-0.4800154893036968,0.5836596175071305,-0.8545095796958886,-0.3962984095538915,-0.1897009389079549,0.7339410190752726,0.5364949069326919,0.9160598541832838,0.007603739738753103,-0.2945307445438226,-0.009054336673512112,0.07437299529366162,0.04641512161407663,-1.2915163399110179,1.0715000925416902,0.20660418833424912,0.010125661920153302,-0.2192691728418105,0.0734176482986267,0.016998052241401242,-0.13179867964911066,-0.08583684977593367,-0.0033351886261246406,0.37894988511360905,0.008885544828840172,0.050292569971703054,0.008116502344345435,0.027184878707550927,0.15532963750665443,0.2548598182499803,0.8515088750016014,-0.00586286003216977,-0.4347175681379557,0.12403621598382557,0.5475706998685024,0.2618512098098134,0.7311359836676466,-0.013338241078050019,-0.20893149607908648,1.1116100660771377,0.4200580582260343,-0.034825955219716896,0.20202379955388344,0.16224538643284042,-0.07069243894368889,0.1102153473889482,0.024827461465540313,9.213455313286211E-4,0.24649488392376315,-0.20168260151751677,-0.04374747526618555,0.3454765461238166,0.078473254715016,-0.029446449439087134,-0.4159751359474708,0.08118895506052765,-0.009566551797622095,0.020870638980759724,-0.014775037152595804,-0.01758946456499097,0.9946627385932646,-0.5340964303435353,0.033160350997620325,0.6243819057973872,-0.037019934768730334,0.9607716451887928,0.14986643078594739,-0.01682955051360473,-0.007524682334462923
-0.12960682678347923,0.13221187397836578,-0.012071208828533075,-0.16172535034641394,-0.10171486415809057,-0.022508823830648495,0.027945565860231208,-0.04094179618193001,0.02404224625229385,0.060952768020551454,-0.023559525439533137,-0.07765193251667361,-0.07606064181110646,-0.003216747483467687,-0.06562754040611637,-0.10650410772824948,-0.1839773396008799,-0.09313160754624773,-0.06711528119030512,-0.04925063098369005,-0.09434772273825623,-0.054584923615856984,0.02241449518471478,-0.10398505746580161,0.07079475714448169,0.016169190900447578,-0.017668018800348413,-0.006593981227824617,-0.09912812255760753,0.018115382581158985,-0.07017756886199404,0.03949807723976727,-0.10481409929401343,-0.002292239923336406,-0.029736903732371044,0.0048835447927670205,-0.12882419540545634,-0.08017083335344696,-0.20113271370950797,0.04431786225479342,0.02717699238607266,-0.010925487278340279,0.04464378402189325,0.04206432604624362,-0.04562061507269374,-0.007694753534714919,0.024554544187442552,-0.0980300162059265,-0.19238565200156987,-0.0647554915444267,0.1232426530128173,-0.09597436968420382,-0.05052267014017586,0.013551578444160193,0.023371024835028353,0.041815679878136655,0.03541954000689339,0.05173834779988562,-0.044188408688442204,0.055693091652114966,-0.017260104475195357,0.14608402238637969,-0.07284806146891043,-0.11927054107591642,-0.06703707144597056,0.0457299064579279,0.07587095362648695,-0.016000896969347523,0.10245413439657244,-0.2329197996824026,0.061022514638582534,0.004282936774886975,0.0669957039396608,0.028355905896530958,0.11044591467962991,-0.036566905778051016,-0.04813256652569153,-0.0011555303095059464,-0.054230527878325004,-0.10619338865897165,0.05798650915921902,-0.10388803237578342,-0.033823662091354706,0.07754529390287702,-0.01744863236198834,-0.1490365548762255,0.025976967165050786,-0.05675592328847742,0.08215305232436866,-0.011289416523984424,-0.17812603404142263,-0.045249588043655586,4.790276652596882E-4,-0.05672737095841788,-0.003643262799506565,-0.006060789489347225,0.18125250503587717,0.02098970035626108,-0.1400599955830156,-0.052676879116024054
0.06324538952249559,0.07006928529357398,-0.011296622081799934,0.004574258728091522,-0.056674998007130224,-0.027050577675469197,-0.001439598662979896,-0.05622924538530066,0.09713746007370083,-0.030486601376840814,-0.046586171110530344,-0.06053735036317442,-0.06619159515903507,0.001556602954659758,0.00598071276598975,0.054444358987097985,-0.09236304918362641,0.09647836707084242,-0.09122063468868999,0.01317078586066696,-0.14284792272538044,-0.03214804061944492,0.08483299953139466,-0.011948541113772658,0.02609773782592625,-0.035417055124998834,-0.024521264860146306,0.047133340156903916,-0.02836203897011314,-0.018613451393924656,0.002279604829219699,0.08965507889766902,-0.04201137601458716,0.0866415302822266,0.05773690547492436,-0.050167631387072795,0.024449766022612517,-0.01646669305262676,0.008047150402631714,-0.17547305793812096,-0.053691484007851314,-0.055495674746805994,-0.11139664458547345,0.04325763193369903,0.04761733902194317,0.07751072764755812,0.03601045951322049,0.018875216876841256,0.002500719249412243,0.045616161085718844,-0.038255285643883204,0.0891344701703529,-0.050159349245934876,0.14584395250294854,-0.02687256933271744,0.041120716610784855,-0.044167176843988416,0.05540924167942168,0.020380248117717558,0.002011453619490351,0.11513241799823773,-0.05459886236170594,-0.006305511874528066,-0.10567670115927988,0.09680584244589795,-0.0048907646533115105,-0.04260559464574294,0.08676120054928634,0.04549642469688882,0.06575065659707502,0.01294540809578494,0.012326688615819828,-0.13242956959903598,0.0785316145181942,0.017286016879737628,0.055154680545894466,-0.030735333616621494,0.12322058551546389,-0.009735957984154902,0.015189688359563792,0.0045787688071733815,0.03881618816784887,-0.09261206408449382,0.025197455369351578,0.024819775762947797,0.03797169976131472,-0.014842082283421003,-0.05879144865375379,0.08766384003200321,0.13683957080697642,-0.01400622741872359,0.04796831600312676,-0.15195036921740956,0.024217377983431463,-0.11333509093407493,-0.06456979882786776,0.03164001804896987,0.05061707331795633,0.0810400270022553,-0.040808675218430006
0.01591128882560547,-0.07688866260451635,0.14984185705523256,-0.20683501848420066,0.14614420738938927,-0.11550787866259635,0.20013023396413152,-0.2254089849532742,0.16244154874283448,-0.10443101505707655,0.06254327480078607,-0.12896444979413177,-0.06971466453521258,-0.0022298780877561676,0.17164061255974372,-0.25465952760275445,0.04491859797411729,-0.17650677819777527,0.053489239034092785,-0.2763816676136121,0.03082703198418464,-0.043148199599952135,-0.1416625797732718,-0.08063276882578406,-0.07227801941316493,0.27793659192477765,0.0856617333569729,-0.06747648303554865,-0.21453350435099075,-0.06088583026946935,0.03665609414690856,-0.08517237827123167,-0.1066488307142985,-0.10187941329532471,-0.24018223519123583,0.07913956067680865,0.010677415381798701,-0.07548634151483857,-0.09467208744794785,0.04055365347169059,-0.0015820340950024041,-0.1217546945384726,-0.09047277621871752,-0.146230324626623,0.01616611900729251,0.1422532019916859,-0.12370362904445567,0.001722857600989969,0.04438361224124744,0.1017766895503542,0.25541844823417414,0.344025080164064,0.11642293437121044,0.01912961091070538,-0.0451122367454162,0.03891164576391197,-0.08802148741067994,0.012342064080723249,0.10073783713629669,-0.010593721930388792,-0.013174082045748655,0.011922635056973947,-0.03631602794256754,0.2438600656896368,0.16224256498737616,0.23133497395268107,-0.16719150822482345,0.13133008512672922,0.1963977288969562,0.1221738633970984,0.144188950643224,-0.09411886720921984,0.10429745817876146,-0.015667793251207658,0.17237828538653674,-0.06392156300634566,-0.23821655746885168,0.07002948025262716,-0.08010942794505195,0.08455580424600241,0.15985947748217005,0.13995591024103973,-0.09387119791232253,-0.17245216561294133,0.18922549800553046,0.15144373521374713,-0.14560333392819919,0.17514684882199288,0.2513949077946042,0.0019736335892706837,-0.10050606358578817,0.1575990742171397,0.0022066188951810023,-0.11800050809286024,-0.06915561623964839,0.03336363745934559,0.0069536830664976785,-0.15604912140548502,-0.11044116756797213,0.07511586778355146
0.031037192568535862,-0.44056465479913864,0.3264975029486352,-0.07257478651985219,0.04010461092370869,0.22713400196389252,-0.18222381295585344,0.12866586490081167,0.29615806156432745,-0.24572358018561943,0.3161547738308951,-0.2297954673913745,0.25348779616669864,-0.12352913167841181,-0.26191377417392625,-0.15283029107554352,-0.13498470337033067,-0.30956701757549604,0.5177275609723934,-0.12094209452765863,0.5671161322497503,-0.14897221469488595,0.0711333573122753,0.11202726187847849,-0.13225647180560704,-0.10193068852574003,-0.03426334913204197,-0.10076497593621758,-0.26859709952010896,0.03169726065618817,0.09636396769668838,0.3582287832317925,-0.036369038953692534,0.0980232419568744,-0.024443046276258658,-0.409753929409235,0.4962668829858617,-0.6853648011111221,0.10318156048964354,0.10673385190416523,-0.4712117960132133,0.07530531308272062,0.1703555192894758,-0.2235054620930887,-0.012668511393716895,-0.04851802114929559,0.08211509920471373,-0.13581787369785678,0.14207397570730448,-0.3650238078507631,-0.08269662926845696,-0.23300249969189682,0.037091141378007196,-0.03432077785709256,0.057016954392985736,-0.07145549671568897,0.23799596900561917,-0.08918189726823819,-0.7699157308919868,-0.08863873281450363,-0.31400912840797146,0.24543764579536853,0.30846903804786846,0.3822754066157958,-0.13034055491894259,-0.20146831002532342,0.23522160538037146,0.21600973100877963,-0.06364380275687392,0.30080139846869336,0.13579031293973615,-0.23617659753408943,0.3416249208544926,0.23089861801530975,-0.2446258322336313,0.06501086625698552,0.3722143956293155,-0.03760270074250574,0.008346632937399288,0.1855358463191558,-0.13530648849481366,0.09538078395594382,-0.054974776928559926,-0.6082745700803244,-0.03295793065905013,0.3989961775850184,-0.22631958244585731,0.3660382657387794,-0.20252710871672283,0.216557106818847,0.29855751888959636,0.27111844595343565,0.3112237150990179,-0.36348587601027227,0.020128679379764054,-0.20298207957441386,-0.06160547489662724,-0.14758930083045946,-0.14282714871662652,-0.129059623030952
-0.004721299611167571,-0.09497594423721568,0.16396613420439804,0.01322822982202077,0.026768298191476334,-0.12213281414820124,-0.10841441363656001,-5.408059887062533E-4,0.13079716757824314,0.06694753771900962,-0.05507305720619694,0.102435921286359,-0.15627951073805382,0.02444707240124497,0.06848799394008472,-0.07916016879183364,0.14295628705045701,-0.11300485781606735,-0.10128770524095088,-0.058343639439325454,0.03767446047026568,-0.09930117323884888,-0.02385727680569191,-0.008328451310222524,0.0025298239437957907,-0.09089587298860688,0.056700665939741476,0.030895478378312146,-0.0768518651033958,-0.0012885974480429916,0.027062828845278886,0.056829186746324874,0.02547078612492876,-0.040614432082928295,-0.04012613860289646,-0.1321751437693851,0.0762730145775596,0.04276389472577623,-0.13833496138711798,0.05180177348164513,-0.07336198708834515,-0.004135169941783235,0.06196949360672793,-0.008353820364722774,0.021392840584919727,-0.218212082499365,-0.0857330928609216,0.043104664487419196,-0.07215682665058058,0.06273648910715313,0.11649296525628626,0.10622304148572899,0.1380389906264376,-0.021769346213969514,-0.15119768171041256,0.03143177749798228,0.11973726239608723,-0.10642578597132422,0.03854622945195853,0.01881996535661714,0.12800035691617495,-0.06609089815314466,0.1313111906326558,-0.015211013782916371,0.02604016296023469,0.042835687312417506,-0.014036743247253321,0.07360344952530401,-0.03565404658060139,-0.07279728803601877,0.0837299447120209,-0.12092089053642095,0.03215405115793163,0.0480948964491395,0.03863563703566348,0.06175176262573947,0.004231326919608926,0.039777248353100564,-0.06359247261549326,-0.0780692317704896,-0.02429492977034371,-0.050666964775034844,-0.008445482806179586,-0.007970581838478838,-0.17399281133288538,0.1996336992845397,0.0672396697796458,-0.14184772832394124,-0.04947129500058825,0.07534096744862141,-0.02010327183070038,-0.02063987445205396,-3.6813885441036435E-4,0.0287237832037621,-0.036887484992969455,0.041503452490600196,0.010938335826741218,-0.11420569486361629,-0.21484181156738666,0.024573749465341473
-0.06921085192141706,0.059221211961384565,-0.03647647405543524,0.06389697118974311,0.0692486204301548,-0.026113715624750802,-0.05387284747926513,0.0696005681421496,0.026515659236741842,-0.10489402988765326,-0.11954132360704453,-0.04147041877874952,0.137271315272116,-0.06659491050633862,-0.08631450567389785,-0.10683829693940264,-0.014743667535144849,-0.18049487986879087,-0.13955445876706432,0.0020834682807160383,-0.05455916112941336,0.09069575135725991,-0.09344567131796165,-0.16305841775964747,0.046919528095571,0.03322858493104607,-0.02688057594231209,0.08516315073543976,-0.22350864192768805,0.08564194771897239,-0.2615596151133863,0.016288027475202787,0.017725640769032484,-0.26274597314431364,0.1350762149281468,0.16239272327597742,-0.31428962909423364,0.1830413684543411,0.045648761943711355,-0.05089243769446849,0.03043458700313564,0.17361341599473495,-0.13739856545800122,0.2409475447058293,0.09605638920614172,-0.07033979436715095,0.12629429794351163,0.14943012757316107,-0.02160375121823785,0.14202053440133267,-0.029282322991899166,0.1797999124084378,-0.0561042070986943,-0.0890453222023039,-0.08946312833120164,0.05064115255354174,0.08799652655168987,-0.16043250599248132,0.18634444161154542,-0.04145619371964276,0.043383737526412704,0.05279963268058026,0.0750001305492277,0.20446612658689683,-0.1012858102707267,-0.046658677918869164,0.06721084123684423,0.08854780221886525,0.18036174204030478,0.039630302514721154,-0.06755916640559351,-0.010395373859456785,-0.013638074879614052,0.13455952412405275,-0.0236274865779996,-0.1590936920468297,-0.08716668931467149,0.05751448881706568,-0.056524425650034585,0.03976654421147455,0.07803754636656177,-0.14403312788754086,-0.017569071940949258,0.06229139132732428,0.19226353798456444,0.07915439558937754,-0.056356488372291305,0.07332990716943946,-0.17015926656932726,-0.1446451310168887,0.2884912077240856,0.1465992107128986,0.0608900825866862,0.09400174718647242,-0.10176113984566065,-0.1953229601284502,-0.1398714080285384,0.08971234790637288,-0.02456886388158228,0.09237955582127498
0.0995041280131361,0.06751690325810725,-0.10336912601385491,-0.2387730148603842,0.19193583469847872,0.1882127907198607,-0.09001656472983904,0.10246890773476558,-0.0791249368419361,-0.02530131465503772,0.1667182339485882,-0.07116242351918432,0.08226371180949649,-0.23281221053280293,-0.03430048332125962,-0.010788372579630608,-0.09297633828509232,0.042216923884184035,-0.004720931784869266,0.007592894120455459,0.11969992288309297,0.27668771270866793,-0.04793722660139939,0.14749940422582627,-0.17436464551099534,-0.02313629449838895,-0.04048846211703446,-0.16191281458666104,0.044601160632476065,0.02228863682516755,0.04822867497507891,0.010965335930032623,-0.18851042654207067,-0.08909982866923473,0.1539031717473541,0.10758719034738116,-0.10532312877205738,0.07263877295549687,0.171562010272913,-0.2604243976984909,0.11814499707800821,-0.03079601042170819,-0.04806711050207767,-0.05484982968394329,0.02413859964849761,-0.06150309724886665,0.13107526277462334,-0.010331321539551089,0.11026274225468125,-0.06452555191741205,0.1768505029799029,-0.021598431217868825,0.05256128871721115,5.999646072269569E-4,-0.14357989856596717,0.061811329301669264,0.001748822913881029,0.11568617663728775,0.1243742022035882,-0.1055485918226371,-0.00944779559168856,-0.06936316534477839,-0.06965183687877001,-0.07619867694497225,0.12333688265873324,0.09407696309971546,-0.2153889998189074,0.020474853790126226,0.31743355872810025,-0.18197143673068042,0.04546693148562969,-0.0390998905743395,0.018233346400417745,-0.15225435370553067,0.15896162292667723,-0.007611613220673644,-0.12038939913232702,-0.031513429010101755,0.10974374098066514,0.037806161207853184,0.05550981997414431,-0.057139601354570635,0.08581456967780882,-0.007412294263951233,-0.08348386642024291,-0.09618549113939537,0.052160749283822146,0.010376273130293849,-0.1210772665740218,0.17526694323633019,0.11293745721124573,-0.1743722288777785,0.11094509072317643,-0.04569163577723416,-0.04908221793256477,0.02068068551079555,0.06049678913750503,-0.16722044109357703,0.10848743596705375,0.2717076689569055
-0.10780848152256527,0.032427544963427944,0.225608879599782,-0.026735506464172644,0.08035169986492711,0.2021612437935332,0.02514279265965984,0.14756930237797763,-0.0787582838081502,0.008663921555883318,0.12990288660434848,0.07942326243002788,0.04261582324083936,0.05011075428671524,0.14035830811141733,0.11229819178588231,0.04381795957363696,0.26948960793369675,0.30950036505589956,-0.08460398981543084,0.0644020200763631,0.2969108008257054,-0.09695321632128602,0.13924802753443657,0.034743708269769046,-0.026301699641940488,-0.009630460472557438,0.1560386193188351,0.011649595942501766,0.20362065263925322,0.009946281326409671,-0.0389150516715401,-0.08344004907332031,0.04593641987370957,0.05636684705440763,0.07341796106485486,0.1196372329487514,0.05428437449519625,0.12102851993059059,-0.2350581431912442,0.14929025771973573,-0.15326699881422304,0.0758821378356278,0.10603242809382696,-0.09575374114406332,0.26395383812225826,0.11313622486694828,-0.03931816556101417,-0.00862643211724092,-0.16464565538632212,-0.11684329254717843,-0.06407595932770957,0.02561669512651686,6.40812460015423E-4,-0.22921692990034231,0.06150992061694663,0.2861403510327396,0.02999154434030633,-0.0935476405334834,-0.003136952778230254,0.029967014333030523,0.08546260856930947,-0.02759360535301998,0.08404403132405076,0.07736246656929016,-0.06316271486756056,-0.08691798360866511,-0.31611432757535807,-0.012697412165797783,0.05965384768500667,0.009103532887851167,-0.099645074710819,0.18123406118540333,0.0782491625564972,0.00628295566097137,-0.055309062065555324,0.11586959334664153,-0.07243154070982265,0.04187164507276748,-0.10794549786748953,0.08272275892007568,-0.0276595231042611,0.1301128228560546,-0.028033260013875197,0.015469856004774048,0.1049359430172763,0.04363738792903584,-0.08176179424873625,0.031689258864598335,0.2507554851948567,0.27043997906390455,-0.18906549621339014,0.0588237046602077,-0.21631533895646105,0.03376716180722414,0.10368553246402172,-0.04113397051007753,-0.055960190089785755,-0.060567171755502566,0.1629056160607485
-0.06855992464475756,-0.10159072642380466,-0.10361006327928741,-0.021388961222021153,-0.10543196820595507,-0.10632221374336072,-0.0021876465929081637,-0.26796360977547135,0.03517873230603757,0.030308852863060867,-0.06276528951830229,-0.3486313867646418,-0.1616314473319604,0.2398918171692157,-0.001512887626666339,-0.06731975794685702,-0.10820188435536254,0.19810382100056173,0.00904488619703117,-0.10892952832999869,0.11712073528313306,0.035947359373171915,-0.0046660830209508996,0.11697524385457024,-0.03418170266291571,0.020680019939135378,-0.3169567289949397,-0.1763783604794501,0.19835557941875614,-0.2085871518023095,0.21144923367886098,0.02484588181434258,-0.04300734436720833,-0.05765825396074572,0.11527875024739297,0.11531832220281159,-0.3139289870244803,-0.20800174289430587,-0.016134464724468042,0.20024574681005944,0.41505722681187807,-0.2088439030195506,0.01123113178286836,-0.26031361735669867,0.048996488300279306,-0.0012559611617563536,-0.16382907038542216,-0.03211899054581077,-0.3164301417108343,0.16998081223820502,0.16351720209192308,-0.09936117805839309,-0.009586221507032913,-0.06924295130029347,-0.14556541786562108,-0.17039477481837176,3.413545699808478E-4,0.19456297186656635,0.16767255270508882,-0.06786522721273239,-0.012476602302670399,0.1302719748796705,-0.26312049158674705,-0.13549243505562736,0.19804316221778304,0.11018125101362937,-0.09286298035668057,-0.03703660330520645,0.13554395943514014,-0.11885618881175904,-0.24917664548664184,-0.13016779350472935,0.4447255099891389,-0.2368369521783985,0.05634568698611683,-0.07101964217464705,-0.0029572874257367395,0.1822491575140288,-0.07333131771108663,0.2324802035067427,-0.003646805700868001,0.2462288110991731,0.2971680607777371,0.12969006132077493,0.03755545082069232,0.07148676934912823,0.3283574369175227,0.2912256085471986,0.12300296777092959,0.20376713860296314,-0.3548124448226784,-0.17295607226073095,0.010762537478321258,0.2570566126215032,0.1506162837146063,-0.20330014833757892,0.29901777377706673,0.0812581232959908,-0.00696484039003028,-0.17869313010027035
-0.1391568856420616,0.5820267721085143,0.0044304165323404456,-0.19681168960107423,-0.16516109635553464,-0.2984791170705052,0.004871703609670021,-0.030166773260002933,-0.35101812562082463,0.48607966599899927,0.6728189116361655,-0.49142571894758996,-0.2925206432652615,0.20893968471734733,0.0025240399534986638,-0.05267890430579863,-0.10688264507205962,0.09792419445265318,0.15758160754530903,-0.2140384121074182,0.16610243467293026,0.3771844987109286,0.04851898636007539,0.16587204508083941,0.5335773167411669,0.49688084878683264,-0.3972194029647767,-0.6018283779749648,0.018426856903147167,-0.19574968501317686,-0.548472850541842,0.10201951453831325,0.36125940258902645,-0.031438297580565745,0.16043736286224142,0.2320180769239001,0.02447431166576052,-0.2816430417950416,0.05620664344728028,-0.07721878936517769,0.15724058976515168,-0.012414065146260792,0.06460874635097413,-0.02719994903432934,-0.4694249791234707,-0.2744209524834949,0.054711263274143516,0.6595195716676601,-0.03466645341924401,0.07130381664293532,-0.5755004043300563,-0.019661954725258297,-0.17619541966630606,0.030890779032928913,0.060556253994962624,-0.045433409957510135,-0.14288649181013469,0.7558358457148012,0.04709743837097211,0.010550004507583866,-0.0665413064336556,-0.1501223376813555,-0.037028659800424454,0.23144484853208816,-0.2520511066530529,0.3988279334643169,-0.32976241244998883,0.2539121391539158,0.11481184190491904,0.07894260048277008,-0.010550719131934666,0.37737103144651823,0.053965304927148725,0.47480192188993736,-0.5076619537158158,-0.2791452962753133,-0.015091458705544417,0.5869169046900782,0.039464956904194694,0.29988953014134506,0.3461143403773107,0.4099662785209735,0.059166101205885765,0.23860176082899298,0.2584484092518867,-0.4212120888158023,-8.37528379920251E-4,0.030263086587879892,-0.18379237564873435,0.5933656761136097,-0.11178212997510298,0.31722948620680824,-0.23294979040976685,-0.46212793212897085,0.14099389637101833,0.03677919870507366,-0.05340050758207384,-0.1887319744546874,-0.5391849226057374,0.24391917388143747
0.030532652245893133,-0.011298384970232203,-0.1301344517412282,0.15607640688055002,0.1898464237382977,-0.12403669624503713,-0.03359784832624085,-0.08644956074027403,-0.11700393292225696,0.01382054462385634,-0.1326350388056722,0.005244800855741775,0.01974294141481062,0.012659857598160658,-0.04491249668981863,0.1141636104485543,0.057710162022869806,-0.0327980261417298,0.021512129736768863,0.12306910960507948,0.04237946908933781,0.12446527597143572,0.05509596872783871,0.1919608333634825,-0.07915506711483317,-0.06469729651562225,0.08907963284962289,-0.0527694384529305,-0.04590573807056344,0.022727616986879414,-0.06507962531987166,-0.08515716663920876,0.2600294759944364,-0.0662572469504431,-0.007233779120959573,0.08408005115417826,0.05912858588044132,-0.041196512484948135,0.042250946234771776,0.08582933388892143,0.06741997542455416,-0.05219367230479606,0.0579492286695447,0.21229692637959788,-0.0071929807860029666,-0.10383052569687648,0.022611190682605562,0.034453628413181905,0.15985376664374973,-0.029358473057708185,0.044279931697211915,0.10957618145096794,0.09133349601577936,-0.038111838071692335,0.07603842137814451,-0.08487403402276736,-0.00812217218869321,0.054554150348550594,-0.057234230582743614,-0.17731935649494635,-0.03349938511029514,-0.13163643107143153,0.06704245133260173,0.048557143570802014,-0.10058546374018584,-0.04589341185185808,0.09353155333997504,0.04257559650118516,-0.012750794655854918,-0.019363821345666964,-0.04908042191607827,0.13412359454976847,0.03055898373523327,0.08211766909152513,-0.08335897748640955,0.12597063047999643,9.641672598794491E-4,-0.06557291140544318,-0.04177912536556277,0.17414524504280518,0.0439036218597142,-0.00989053772191616,0.11725371734874504,-0.08080481761589436,0.1506467726409792,-0.0285619362497357,-0.12866647241306703,0.014316726869185632,-0.0721181482635581,-0.21121262280602773,0.14323278321829483,0.006097764543858326,-0.04397917008598826,-0.029082619400727157,0.05500733832723676,0.07808149691190151,-0.09265185312431456,-0.09806940629489155,0.08443301906846042,-0.03563350868057263
0.03577345716875337,-0.04591307500954511,0.13645709892482033,0.22083729278991734,0.003157405200736221,-0.40272145949933763,-0.08231264848414363,-0.038222419069815605,-0.03966246709446757,0.05324243599066387,0.07816327094227905,-0.28430210539105283,-0.13749039170537267,-0.023273542027606207,-0.18075468741888417,0.289199523357351,-0.2318404719068017,0.17317134996542008,0.018778127397822253,0.3507368948317564,-0.043417271283343516,-0.06484384674893079,0.11011051406200843,0.07872209298874944,-0.10867375161280823,-0.20584888022925976,0.05160179178848926,0.11932232826770187,0.008589184456070365,-0.06557666170568763,0.07343859679999427,0.1264594271825917,0.013355349583351769,-0.194358830419036,-0.16819343394049166,-0.2890446548700396,0.1500666372495211,0.16530322320074556,0.6220506621730706,-0.41095191676503645,-0.19716379458165836,-0.007988021884915509,0.1930518532061991,0.23331351646178838,0.09443253664179424,0.20737040336744986,0.19629963628642436,0.0972856653551054,0.43127546764200897,-0.09710950776503291,-0.04212054412913021,-0.054186100902747364,-0.164107773352892,-0.05978552608339747,-0.13930724568432656,-0.0014431643856678892,0.18727201856975162,0.07115434499007893,0.09020668738693327,0.07189536394430743,-0.04349675455584024,-0.04180694064792378,0.016012154683230324,-0.08528401214559549,-0.16950727013594585,-0.19149046405018846,0.18450772127540963,-0.07219794419677883,-0.03395977987234668,-0.05891311220271557,0.171276778542391,-0.15576911748722658,0.1373642898185584,-0.32907174478502077,0.34824009406906953,0.36903870939773137,0.13151076939958145,0.0722624563579729,0.30781207770483815,0.0787611789869827,0.031031493708856363,-0.23673629107262606,0.039917583407760956,-0.019224314511758156,0.2570574952652517,0.05461252262277745,-0.18862967230122138,-0.04228225639323405,-0.2786263381507311,-0.34527972512309957,-0.03205587117545119,0.03719611755204355,0.039258324417715346,0.23725816849339054,-0.15928505121091677,-0.1721527402438448,-0.21407062053372772,-0.11995002574696673,-0.010427999730061496,-0.1063953304717104
-3.966461441423963E-6,3.963669161463413E-6,-1.6123997708004747E-7,-1.2456272856766044E-6,-5.295255607445075E-6,-1.954101736371302E-6,-3.763788009774677E-6,-6.579740192876295E-7,3.0390536162087133E-6,-2.6182498681206817E-6,-3.1418735105476405E-6,-2.723741629556825E-6,-1.4959423894982244E-6,-1.791736973868337E-7,3.542874496567573E-6,-4.734832355941543E-6,-3.512140747091374E-6,1.73584745687598E-6,-1.4821144833402284E-6,2.493876793661575E-6,1.6143832848200754E-6,1.6620892614493328E-6,1.8252828818079807E-6,3.91289043897021E-6,1.1842343896570512E-7,4.098875686178145E-6,-2.300056045795077E-6,8.479262324021056E-7,5.440488595245375E-7,4.577516589350035E-6,1.948808960426216E-8,2.416628280302546E-6,4.807574517229421E-6,2.2306632327164625E-6,3.456294085907663E-6,1.8518100610556915E-6,-6.926366415993971E-7,-2.5965243506643564E-6,-4.970024557497433E-6,9.386168749121067E-7,-3.872743536222532E-6,5.408980118594686E-6,-1.3193333838543258E-6,2.2091851635717523E-6,-3.0264884095436134E-6,2.358726549560366E-7,3.1328309317548618E-6,-2.7548592383762574E-6,-3.410085260405377E-6,3.601676705225981E-6,-1.629414630203987E-6,-1.785616986495079E-6,-7.37819677460624E-7,1.8485968278951093E-6,-3.572222518081594E-6,-4.1060918795739235E-6,-5.245403200003501E-7,-2.008359803661791E-6,3.4958401490969225E-7,-3.255630253220677E-6,-3.4241812439311408E-6,2.2962202733028087E-6,-1.3105559718091615E-6,-3.3690315757906597E-6,-2.8425251706485053E-6,4.22557590342065E-6,-4.099800005003106E-6,-4.692541517109034E-6,2.7617210782810762E-6,-1.4534466603203468E-6,1.6764181858021478E-6,-2.801985195689649E-6,-3.8357669855089327E-7,-2.8591017740861197E-6,2.2103280344893814E-6,-1.3715276910854496E-7,-1.766400243941268E-6,1.8812597017650979E-6,-9.846659053442382E-7,-1.0485356890002033E-6,-1.3939830293693136E-6,3.415325387201992E-7,1.1864870440822444E-6,3.2980541270345377E-6,2.991854843944319E-6,-3.598959003728576E-6,4.628055319281824E-6,-1.4982051998554002E-6,2.3492273133241813E-6,-8.646750994665004E-7,-6.884430468740623E-7,-1.9027525643835851E-6,2.905793329400239E-6,2.6512119859599466E-7,-1.0759237747713368E-7,6.3898774671546675E-6,-2.5581169815691373E-7,-2.0810860966724576E-6,-1.6001709328660295E-6,-2.619803214921876E-6
0.052350486464984775,-0.03586455916686435,0.11752321533164345,-0.01938266663857758,-0.03238052396219044,0.009669399802124062,0.0800635489948513,-0.12490305908251963,0.05941293199079264,0.015081882967655757,0.12636613222850615,0.07432375481663156,-0.15637593222601587,-0.03090334087957594,0.10453385973051967,-0.03371081512729243,-0.1406029520680234,0.12210116935176143,0.17286266570327866,-0.2407529694116913,-0.09701505943649333,0.005414584521945677,-0.17319641828716442,0.1222821214430964,0.31725508256866786,0.3686961339237517,-0.07465343149124704,0.18685427723298417,-0.28374700535109676,-0.10200249171544651,-0.10094026827466179,0.03044009906674883,-0.06735468942717901,0.42672793894154276,0.09152837209439829,0.13309561352890903,0.37210912662959217,0.0232872387257367,-0.030651076817872207,-0.14000901412885539,0.058299590578194796,-0.008881096968134114,-0.14145063297863797,0.013703448854939423,0.18147516336744032,-0.1894101459349774,-0.11986382459150172,0.1924897336271959,-0.25832573635107836,-0.09287411414518382,-0.26132051731956457,-0.377343409546463,0.011204174916238777,0.08896531381471702,-0.005578354572085868,-0.2961582167240148,0.04524366156161152,-0.21433273295363925,-0.14149201523794927,0.14085889065542356,0.14975927416362653,-0.1795286884362527,-0.23047359579326016,-0.1737301677605784,-0.17884596316250925,-0.04493639325427568,-0.28936816087275424,0.03860844830611261,0.03509748063867422,0.2384541493593823,0.05340576742140947,-0.23848382113412403,0.03464098291179862,-0.44038122290848686,0.12923424788653518,-0.07490911174153138,-0.025043772617002174,0.05330598772345169,-0.3465375980204805,0.3577572053141764,0.1246287627322886,-0.1435755475310339,0.18031167596680103,0.13094202339784536,0.2883224347787414,-0.2652912490263395,-0.023903132393026504,0.006848218984515848,0.5169918624303199,-0.05556899535936763,-0.22656334426393748,-0.1175620259159535,-0.18354628651897315,0.05508223403731453,-0.22555747396946044,-0.6824945994555688,0.09087754931982615,-0.11031181621999121,0.31871681268783625,-0.21192595077178186
-1.1814743557182995E-6,3.105866496167775E-6,-1.0004808986309336E-6,3.261559097617535E-6,4.099431341560817E-6,-2.144167585074507E-6,-2.7426028423177264E-6,-1.6777888109626598E-6,2.0303388327700488E-6,6.642354419455357E-7,-3.0300755369712565E-6,1.266105222022232E-6,1.4188506222646496E-6,4.511849336797828E-7,2.3717087545469947E-6,2.5782571391627116E-6,2.2188373964890014E-6,-2.6149667291082867E-7,1.1664679171550224E-6,5.643265236987988E-9,-1.3353393614578477E-6,-4.195802494166646E-6,-3.278017292523543E-7,-2.8030937829838305E-6,1.2400155229583925E-6,1.1988986785457015E-6,3.6519200480984494E-7,2.4282607779848136E-7,9.217404410988609E-7,2.3199615692740067E-6,-5.128711244365939E-7,1.7088679369820792E-6,1.073196687581092E-6,3.0957911235371842E-6,-1.926816521025914E-6,3.407467007380213E-6,-5.143533683074984E-6,-3.1558775288937235E-7,-1.4865754454974824E-6,-1.300309944517674E-6,3.0599944796947588E-6,-6.025128979304015E-6,2.3064989363814984E-6,-1.4397200398857776E-6,4.767048539324835E-6,-8.473708849532115E-7,-1.7448759644493682E-6,-3.664870510407537E-6,2.093832839215522E-6,-5.106090577386059E-7,4.5979192095112477E-7,3.7477178488175525E-6,-2.0595399463309826E-7,-6.571705183617233E-7,-5.063771473363762E-7,-1.2745566022900346E-6,2.8514765535650782E-6,-1.2267804766583466E-6,-1.9221641685445143E-7,-2.5836974572511837E-6,8.686480444265925E-7,-2.1428602696097147E-6,3.8949263810530125E-7,1.7446010503863368E-6,2.032730080134739E-6,3.1935417425899335E-6,-3.0770910666807224E-6,2.014931337746127E-6,8.612869886776293E-7,7.984962496522936E-7,-1.3528803853455038E-6,2.4588213274431185E-6,-2.094271316290045E-6,5.061053499146911E-6,-2.538026811190359E-6,-2.6205494804903144E-6,3.132657455127956E-7,1.7360332749107643E-6,-1.9357974699470123E-6,-8.471582507735159E-7,-1.8069351280435281E-6,-1.4919509810745116E-6,-2.066999792400056E-6,-1.707062098375606E-6,4.11643593304666E-6,4.7577751323554675E-7,9.67646247908865E-7,9.480639374997685E-7,-2.2857074959143506E-6,3.3601022106045346E-6,2.478973647540702E-7,2.0796457137655823E-6,1.6638020668206419E-6,1.5887093215329923E-6,1.6507557668383375E-6,5.238416018286748E-7,2.929230050602121E-7,1.2214014203020519E-6,-3.1075200352135855E-6,3.1489632277971105E-6
0.10907622507112093,0.056086990578739664,0.08754205426394002,0.05890451964780168,0.04369623765052687,0.02838158240963248,0.006570151835949916,-0.2410233363754015,-0.0013181113845136345,0.02120372299675225,0.05201122002438048,0.025636269914685095,-0.058920540180271964,-0.008128863941248546,-0.10995437843062517,0.14136627751440556,-0.26548702453582845,0.0537148114916411,0.07752781160096271,-0.041409332952901536,0.014036611985976635,0.07544329694545043,0.01214553755150042,-0.10601122519881485,-0.03366714484079252,-0.04892596005437343,0.17289758557933743,-0.050170965196581443,-0.07257761338212138,0.16745581189564865,-0.21205837560032037,-0.14425007580242674,-0.19899784322308725,-0.031168559566540265,0.10667004226652516,-0.010898967982420429,-0.035596777013636186,0.07942606864697484,-0.055939476706684435,0.013336777555432281,-0.03477067905554779,0.07595833595937235,0.16399973534613269,-0.09782531748043313,-0.033222526969331805,-0.02795961838551867,0.15487079329076733,0.06527500612281445,0.12301380055935345,-0.02811109946771018,0.32603576145563723,-0.19580074221569815,0.1177862116839785,-0.1732140146777916,-0.14227145551951073,0.08558197077399668,0.13212113123149732,0.07874621996071386,-0.049283819391071,-0.005955748281121958,0.12915408916744966,0.13001753014807682,-0.10731818672296389,0.11577601477018246,0.09804061471751703,0.08119957610433212,0.1201508851570426,-0.13854703658841974,0.2165946686584861,0.007134394519647061,-0.09043964607269636,-0.12662348981335528,0.10897676646432031,0.11462003993655882,-0.03557035929120851,0.03431104853846499,-0.10825786856594048,-0.10886426727885935,-0.08673981756565595,-0.0966000518018317,0.21798196317890361,-0.10031948405788434,0.08388086149154508,0.10199517179281874,-0.13076418780680993,0.04451683739907499,-0.024317098364970844,-0.08638368469709982,-0.052741521311603826,0.24453223169213045,0.021938356451980424,0.011576835319140832,0.13079991086921816,0.07704035282696971,-0.03281834295038676,0.2411537879913722,0.1538407865662686,-0.10350497953873307,0.14824797346565793,0.08789280373116277
0.2730412444867436,0.24862889550349926,-0.13509232710692318,0.17795693283969935,-0.07459914113619752,0.08920036034153479,0.14451056473444887,-0.13953229406271891,0.12180248895842492,0.14261018384970492,-0.008256553810287778,0.269050843134086,0.0446733190492751,0.08181331067376417,-0.051435618775727256,0.004519834613368245,-0.16240234723625185,-0.10797990878992215,0.18640255021662322,-0.02383478364119156,-0.047610970475395434,0.14042337302698985,0.016120642294265224,-0.12176961782230239,-0.01106516409558169,0.06837110273554058,-0.02427599552673856,-0.1889724598817165,-0.14804535217779893,-0.190565781487971,-0.05431291060719242,-0.08724688774331774,-0.0035554377967815477,0.20509127701670138,-0.02729331705052132,-0.1267687663436369,-0.13758434291538726,0.2065564853321337,0.05593665761818895,-0.11466188111309232,0.008050849000909192,-0.06912896143019916,-0.002836910616769433,-0.017735806380236568,-0.12215223826632793,0.14954460053976798,0.06231238003354727,-0.04419353675148943,-0.2632896165291861,0.1682339167985486,-0.11229691837313056,0.13452694553375313,-0.11632725637033968,0.014211322067597568,0.060454451841126716,-0.02825680276162563,-0.014414029591980184,-0.0856714089660912,0.009046657131394036,0.15989727786118313,-0.20017091178754703,-0.18332091774552772,0.13573806829705873,0.11608784156429287,0.026404274354186515,-0.08278497381070925,0.39491339056778263,0.1613900874338924,0.009379727606585384,0.16370128093547376,-0.0718283590935017,0.1116864104001921,0.04050806134999509,-0.025720255500669725,0.16014071026636978,0.05623887308235451,-0.13899040419726663,-0.18560364489904133,-0.27876434719229926,-0.047182188246509715,0.11780893308551325,0.05346004267848671,-0.03925377234588165,0.10287669888727351,0.11978334914573956,0.29048334112647173,0.06638137895175084,-0.158496233763716,0.017371461403068368,-0.09105781427561253,-0.07091730017880363,0.20739628434326918,-0.15863319003053875,0.03149822901809078,-0.15092404361603495,0.15924663955087173,-0.07798040614394794,-0.06833402555655799,-0.10511308036231855,-0.18620586065041286
-0.04711439075961863,0.09675963625419405,0.04455225711086016,-0.10173861733967499,0.05010102666667933,-0.2927651170892591,-0.050884292831351464,-0.06099668146612261,-0.0847933932500212,-0.168431584081445,-0.17546650328542898,0.25388060874117535,0.006123406406534069,-0.038099325522853555,-0.020632336907878957,-0.13202785893204733,-0.06305489875025604,0.12277389536624024,0.07446703133455909,0.0532545505533296,-0.0022295272881056585,-0.0988587499495769,-0.058798462202581794,-0.12119126360964853,0.04228801262265562,-0.31757671503328305,-0.1648927288201494,-0.05654540350688592,-0.018114324088934396,-0.009385266614803722,-0.11985665401168204,0.009175844540489274,0.003851055992547297,0.027331937341738628,-0.030377154788814743,0.062254253358813925,0.023632453145018616,0.03081515400300782,-0.024973940928444495,-0.025575646822029858,-0.02219215908847892,-0.03651901869602703,0.21339507962659882,0.1940936632347698,0.01137345248603967,-0.18101480240017395,0.2231584878019539,-0.13273954750612152,0.2975554350270805,0.030881578799048653,0.11343065545702817,0.03635036341036201,0.058037749245552536,0.13523611125235158,-0.10943826810366558,0.026171745505566044,0.13525275362818415,-0.20143359118963683,0.0549755755741178,-0.0717640053661259,-0.1742123941079578,-0.02583403927877295,-0.0039143564687566055,0.005122202095775273,0.035471791729077766,0.0495042662716825,-0.11945509589073122,-0.1194805638298645,-0.08236583580416981,-0.05816994993264522,-0.21080064275711138,-0.07761893688740311,0.07842427589261149,-0.02655860390983664,-0.003885019656731319,0.07706631797693055,-7.540416255744951E-4,-0.21894729579650163,0.13809198870105457,-0.11035487151274541,-0.01058803151825776,0.021182277652938054,0.051502744572223445,0.02621662476069181,0.1085508114441784,-0.08477534468832437,0.07423279462338937,0.017659262691396754,-0.01595932922588304,0.1802604067026982,-0.15092185416417797,-0.11875355349248225,-0.0691011933996392,-0.08601452227262954,0.0884451905306448,0.01772477130081497,0.017315637104338914,0.1100138777586543,-0.0796706335968564,0.14156858271478998
-0.5639781198241487,-0.25357468801315397,-0.2846420282053447,0.295996323045476,0.10913487929638699,-0.24260636033987742,-0.025725805698289805,0.032862556039893374,-0.049315242263972554,-0.5115132291117275,-0.038620549243584566,-0.11422362515229866,0.07139527818527625,-0.05023063951537071,0.4714144098213331,0.049332479505787924,0.6115915237834252,0.862333733763696,0.052564385196817054,0.9258927196231906,0.5803440646716913,-0.3733660093836621,-0.05538614307418258,-0.20697440520972465,0.2270891595012612,-0.09879632592001063,-0.4739747858563193,-0.14115450776775618,0.2374325915236652,-0.19366264020346588,-0.056680684290780596,0.5199212688717187,0.06487481159491987,0.8463030526474312,-0.45717032519327144,0.01881778385426756,0.3838390865314275,-0.2313150396071143,0.18047447853610657,0.3111578679584915,-0.6028029123742661,0.13325493482135997,-0.24225627609146744,0.01281333864738312,0.12490541349660282,0.13260097268819346,-0.20403677122421707,-0.1856363412381287,-0.02257419806863368,0.05552206497696099,-0.2209710346277622,0.9794009274041502,0.1639938464879104,0.06493029001675077,0.0026792713038655165,-0.5090121058262064,-0.03512646502028498,0.22806180884474495,-0.12966782326999596,0.22375099184794237,-0.3677195556399623,-0.22298114196637311,-0.9953287142340451,-0.21553443012009463,-0.20221050349772055,-0.06066333715684477,-0.129149450273955,0.06751971093620442,-0.03857258046371501,-0.14826640518386464,0.15933558216859556,-0.45528693019598937,-0.07172747099316236,0.04289187859326363,0.14991243911120442,-0.012450010370222125,0.012627684159789156,-0.11214323821669121,-0.20708617637497098,-0.20414789055897714,0.17531118052577227,-0.040755595903859215,-0.15018385767571285,-0.2821773430826712,0.006234764402548072,-0.0289479673009021,0.0125142672279636,-0.33402053762308626,-0.12123815030321355,-0.21466807462773413,-0.738702903412937,0.09532006135328189,-0.0904418898040447,0.3079896379854422,-0.031620608299891495,0.2125076897411808,-0.1306053192460098,0.05907398509112541,0.14876402112624762,0.3379310787613797
0.047480192120929965,-0.07505641802880558,-0.32236855432372913,0.08753890342768324,0.0465799565763971,0.09706606987599381,-0.41715385883780454,-0.1541169730098292,0.13416500385962138,-0.15474971589821668,0.01598511857955947,0.03218595248025537,0.17442750810712598,0.1576715099312133,-0.10913092326364114,0.3570142041727092,-0.24360008829682492,0.15639795005014423,-0.0935821843940607,0.18983150605534194,0.1186108695462922,-0.33841495016362766,0.06547913122615118,-0.14412883463633583,-0.12182968069327944,-0.10420361902000248,-0.16046025515407655,0.25032953127176555,-0.13822686208561086,0.3006259356743011,-0.0426117769937811,0.0398394641619292,0.15725730891090023,0.04499023199616971,0.6337244327767872,-0.21009119540192425,0.28045785134785794,0.09679904410454332,0.18718277741409173,-0.01927555846650276,0.1422205589468064,-0.35997048299299883,-0.29362444678818567,0.05040914198169628,0.013130373523045278,-0.2599843530601519,-0.08388472056194492,-0.010526868175765036,0.20080741961129267,0.1455825834595211,-0.02076772951256754,0.047453144681293156,0.10355122231956781,-0.02170555563996529,-0.13360087397342016,0.045994335681159126,-0.07488306561821581,0.06580009500362145,-0.5806057681805874,-0.16639658009226913,-0.6656850895320525,0.13309750149220972,0.05151029451109914,0.09695797454449173,-0.045347693194661434,-0.23032838844984718,-0.05723781747590193,0.19410999159936854,0.00867323781562212,-0.1572093213003775,-0.18955026675859454,-0.008749973354382387,-0.07308188110142891,-0.025800532764641775,-0.06352278206317609,-0.01683795178037421,0.03751202409994274,0.15583240984481808,0.30764840426329415,0.24526172200001822,0.405855614060519,-0.09401208013843605,-0.05115034728194609,-0.19326313033668743,0.09755623113128083,0.13970956163728634,-0.008355827848819664,-0.13018273514254644,0.2860320448640544,0.15914123743649322,0.17889354168075136,-0.3697824637765144,-0.057798171004466437,0.23228457652682546,-0.10199128482984211,-0.6589912443504422,-0.2681553867163029,0.10618548669506947,0.06708396733294188,0.04871840092408952
0.09114084340675127,-0.01865279655401946,-0.08060708765920657,0.2648296016382061,0.047596620432761735,0.35732178644336127,-0.026426765622985942,-0.17414381655831548,-0.2676291264148141,-0.2405999428112562,-0.44137400087574913,0.3073262176181663,-0.07651079336479914,0.5870563754920607,-0.0414108713555983,0.037097624812978125,-0.3317316091126249,-0.004683178407661309,-0.3021115060349088,-0.18386135994220565,-0.3095148450927461,0.5844429490860168,-0.24200211022360454,0.5914685224788014,-0.30024605909054725,0.1877486501921261,0.18867384520696207,-0.22599980183057747,0.2342642055432501,-0.34191641446969223,-0.14756738914425152,-0.06691102198154578,-0.23757647576334945,-0.0910147076021268,-0.4801437801323764,-0.3571504761907835,0.1643001617476796,-0.05681548386222474,-0.14452762838924685,0.5854579419926258,0.2315083944377895,0.0762024106711861,0.40778026765300274,0.0636366336034926,-0.25212814635260444,0.10123349938348923,0.17734670180154088,-0.22891710317102815,0.47717928197114157,0.05265915349888893,0.18675843183451263,-0.061865260144097156,0.32045718534406625,-0.28841581582818393,0.21187912662531458,-0.30151967937089397,0.001442083420104694,0.0656452285237873,0.8482814292251021,-0.041801603144379196,6.348942279400763E-4,-0.12582817195292995,0.14622568660287877,0.3375393029325127,-0.33810446181988135,0.10680857099988023,0.0222772663665572,-0.14801733117179416,-0.16788012661552593,-0.5496193000959492,0.05772124158415842,-0.404556500198202,-0.3158145988820592,0.16070205119191636,-0.23941402734404216,-0.01722669762691086,-0.4664050412878791,-0.20331393403894038,-0.3249816822604543,0.02552561347633588,0.28896916328731775,-0.14026671863334897,-0.36049172384716943,-0.1745250437305217,0.23717881086724965,-0.17751647168022167,-0.16014468044193386,-0.41274525951796615,0.04776586594831167,-0.11525648329623739,-0.49315754398467293,-0.2052200654325438,0.10552034927232266,-0.0054443707206728855,-0.06319851090556539,-0.10324588537319858,-0.1394458532728208,-0.30637554524689736,0.2035034575759546,-0.2203630529706592
0.0442251851503588,0.13208457239897217,0.08593767287866469,-0.1181593567655328,-0.09781046470034832,0.11161978130190502,0.009617189811455673,0.07689052037891701,-0.027215380149068318,0.04762861522829097,-0.17806475094042498,-0.04852883075469183,0.1122694805704695,-0.01732962068284189,0.013095678664192183,-0.09740708242093482,-0.05342473910808861,-0.016601645057666724,-0.016883902016190187,0.22345242874088198,0.09778039831638242,-0.1310026458146898,0.12264812589495842,0.20317245489931748,-0.029815998769560516,0.034353827206983586,-0.09357808422295548,0.045645898610165235,-0.1268042995756696,-0.02637063702626247,-0.1301159398970082,0.015540543836287802,0.05276852295294204,0.12483507154088372,0.08772798353976596,-0.09681939083462433,-0.06515379324156766,0.0013045654969439746,0.05221350865236627,-0.0858145492870569,0.041276221329738606,0.15420900989889016,0.2604749209433087,-0.13386999809135022,-0.10738432875770418,-0.01409243524172415,-0.04230293190517328,-0.08064316329418295,-0.09261358331852025,0.002523619559201133,-0.10003470852726977,0.12677800176531334,-0.03510710935920276,-0.10319481779179031,0.06564851718164749,0.0014269380795996346,-0.04321981752357209,0.06894952667424481,-0.0021138232866330076,-0.12056802470302612,0.0916578393103622,-0.06307934865569026,0.10952645087454706,-0.13100792366901295,-0.13396705439721887,-0.04606765172074895,-0.018457810879929103,-0.04556920040857838,-0.015437758250741918,0.05976672277967015,-0.05770217775926244,0.11051133896735868,0.0721469862200192,-0.1375866580028873,0.14967138310574668,0.06632250500855037,-0.06003361664124654,-0.21385160605705755,0.0851705640244206,-0.0212978915712899,0.15968870177252478,-0.08079751351569726,-0.06931671928671135,0.18651225400199445,-0.04648578082472778,0.054701060172888956,-0.11383710840274036,0.03841020410704847,0.03641833273188834,-0.32908008944912565,-0.02700309250594917,0.1774125445661807,0.002687613161347619,0.2543114889411539,-0.06904918575470696,0.14513257585423564,-0.019676443404030637,0.011430965968851193,-0.10511910014623069,0.07122564692220715
-0.04719116512550398,-0.2872467169853934,0.04486222133608476,-0.03529684744797556,-0.21209710017703515,-0.1597688168621779,0.14691253048276043,-0.08552995868619508,0.19849706804341322,-0.017172707972171217,0.02273903370021446,0.3133802524227699,-0.1980366547673353,-0.06254854516950095,-0.053009346582260274,0.34893659969584345,0.12452327324779154,-0.008659113919180027,0.14187512947470185,0.19148026029370355,-0.029823201309141577,0.081449978168253,-0.10848869628122024,0.19783053444937063,0.17291268624019587,-0.02883610235030107,0.14669035684615422,0.0775387108136944,0.3111243399172114,-0.025720468077928643,0.3330838869416705,-0.09274855539206517,-0.2904438802573668,0.14330700824331244,-0.18339090509191303,0.05033235663013288,-0.08819857403011803,0.10944267240529496,0.13978238819464908,-0.19587771752202723,-0.4210771118377917,-0.08910243728547512,-0.039068193913751464,-0.09268758502009851,0.018117890195315643,0.039846896920026804,-0.23491733480874094,-0.04974718414231122,-0.008873531415869789,0.13103420092661278,0.15037642055647613,-0.026013060241432715,0.028824097937885925,-0.2234842961401312,0.16661898388595509,-0.0957726659270497,0.21142432900915417,0.04194339434635521,-0.01774384904726841,0.13006368534690713,-0.08134986769545682,0.07561222874727463,0.08121964969459186,-0.022638040390592577,0.17478353472460342,-0.0799857633401842,0.20075045793679488,-0.4105852069169189,-0.07613915265393835,0.14835832001539934,-0.0036237835378177693,-0.0812762883758886,0.04767377107664573,-0.06419765965316711,0.1492582098536698,0.10974488311647569,-0.08317501748193593,-0.112598332525979,0.20860430956817477,-0.24166887602998396,-0.28357707017121037,0.022755293329137644,-0.09639830393343603,0.11733225174086989,-0.37723903764064165,0.08517163401566713,0.08119653878389928,0.1470940661849353,-0.06490909518342605,0.10662456757532256,0.13330391791198634,0.13684790461791052,0.2161309649970263,0.0318207438076663,0.1271114542815122,-0.10058081793498484,0.059224065543847015,-0.08354407973104666,-0.04378198745073368,0.1196975174104833
0.31720020206087096,0.10724266379161286,0.12132007970371471,0.43037293099632645,0.6308604538356247,-0.1718635658674541,0.013286812987662572,0.10377268139692557,0.12827131382284662,-0.11387971330811149,0.1293685573247369,-0.4828943802763851,-0.9521070986179565,0.3155813015500065,0.14827904127985064,0.08371160604952449,-0.09982681663094517,0.15300059359499252,-0.2818945088250654,0.22656869489145556,0.54825933005731,-0.6184473943364078,0.02143557891189812,-0.09533975758259003,0.22928847585251583,-0.6505167876775092,-0.2639138673441969,0.7904795595567029,0.05563817706623787,0.2862112084714737,0.5049092017876624,-0.45548259074882014,-0.5114896891094547,0.5392732857433957,-0.16140098110785886,-0.31179218400155556,-0.26020146536904076,0.36804631372969276,-0.008055606489786397,0.21266755972135026,-0.0926529526511831,-0.17421907597348696,-0.02565785815891247,0.5705142314421943,-0.30794931229929257,-0.10646250450827485,0.23059978859658553,0.1816194404228307,-0.3464782204250028,-0.3001547786831914,-0.6931768780585568,0.3810932850466198,0.2420677040702323,-0.21944283550391774,-0.2667648580543554,-0.049761367058277856,-0.265801856524396,-0.3905708903678095,0.5298033230861089,0.06990488060424703,-0.0064473907527516335,0.7407227356775554,0.7115936671434997,0.14667018217784136,-0.4126177407157514,-0.5743408080618112,0.6371180841315962,-0.630798162846386,-0.31673874450294864,-0.3022357405808737,-0.34501449703580617,0.05676384739836461,-0.30380532829214935,-0.7067757557437804,-0.37289586650836365,-0.43361210041941084,0.4687885097309781,-0.2736893961458479,-0.13535517740854333,0.4086546928600113,-0.3796949317872496,0.41949212111515477,0.27532988185080437,0.07775474746866659,-0.05914198771940642,-0.22016775629541566,0.08295324007099832,-0.1099162851449199,0.14716039327215832,-0.4598352100736292,-0.10762078252701447,-0.4002290659867404,0.13648222262636064,0.6472910748535263,0.47961103367421276,0.06565103698261747,-0.5760846627137668,-0.3048187561529626,-0.5566876149248423,0.33709439309851247
-0.07699256101261893,0.10276229604536818,-3.518782557672572E-4,-0.6201966523093627,0.10159404219743852,-0.3560590635629535,0.16734914040246365,0.4366078597818763,0.0029873259624483587,-0.08418376806370316,-0.33349125745510716,0.020341028607803333,-0.07917436568237056,-0.26989953092846686,-0.15775834049583062,-0.4923751010571677,0.17138400211685015,-0.3424954395675945,0.08677103545584465,0.24319421921918033,0.00488291963352337,-0.20721219864245327,0.1338093368107886,0.16608195715090057,-0.22335372579525392,-0.14370402720780448,-0.08487476686572361,0.505674161548872,-0.1231643110557498,-0.05972763385793428,0.2989889402645565,0.21733079815516204,-0.016232569677345068,0.06249180911418966,-0.23917698955483194,-0.006225993246671758,0.004944856712843758,0.2516292759870684,-0.23054342824502097,0.1943563161825633,0.2973896239387659,0.3244671986701266,-0.36172035801977986,0.06487093091925784,0.024282990467193413,0.17147477665700558,0.03514903850472693,-0.09509359387991849,0.012415191407345951,0.11617273942734431,0.0744444094471732,0.2310090879942705,0.2997096330567735,0.34194362514362686,0.33166349399765804,-0.1381832025834294,-0.3677112972769851,0.09674049874883464,-0.24166205006611796,0.14641339556783411,0.439107300566597,-0.15022258665656973,0.12760577801542464,0.1804600128814881,0.0619575684758473,-0.03409433954518317,-0.1314211380745799,-0.24153306951903955,0.3578184692613926,0.10607562921982198,4.958253403532503E-4,0.4123044796467164,-0.27939827310220533,-0.27275728972012825,-0.08087621526512107,0.4064995264739858,-0.2407149534179341,-0.018606378436147323,-0.26810261135493546,-0.07057868657024981,0.4618472294567323,0.004880891123398986,0.3281960268711416,0.06041543990210284,0.15089033409529023,0.1569952965439367,-0.09815332427148382,0.02552777076873491,0.47279245087927313,-0.013792625706272033,-0.04708483051100655,-0.30622893206933466,0.016076953511816306,0.29654764300456615,-0.13460516791015883,-0.015700373249226594,0.04892865723415459,0.14331603448903327,0.4358129899547039,-0.12959470516341567
0.6214394344894619,-0.378820079955641,-0.5095556153215672,0.5019769751406313,0.1678803762028833,-0.06186942884485701,-0.36903901182653764,-0.0014297030557788905,0.060314283966567614,-0.2920805808434296,0.6055800178119081,0.1721825949787999,-0.0531576985839236,0.34332760300496484,0.49250701896776167,0.2847988389383282,0.2212929189841692,-0.2732156305752128,0.2793773981492511,0.12002257605512005,0.05663311481472357,0.6238219421300308,0.012244660241701533,0.26908638840248544,-0.06133274398067992,-0.055790381891644605,-0.07326019356950574,0.16747061286086715,0.5178719982378492,-0.31798233321405517,-0.34574948508736897,0.20536090091810358,-0.633047209332921,0.20531103609979592,-0.0779716285601121,-0.2046249372677702,0.26297900911471755,-0.530573718420172,0.025429274435098022,-0.1751425216441842,0.019459246069785573,0.10889473016952557,0.2054650301747026,0.13578919282627322,0.11737376628470872,0.18327400883494396,-0.13376338019343767,0.15271724461575967,-0.5444182112471105,-0.18309890903019121,0.05433845821404927,0.42599315548428446,-0.9384585722251649,-0.02314032680238229,0.49790388686773385,0.06988971298016909,0.47632782759550196,0.42719716771179583,-0.10131082314761707,-0.39360535444424594,0.25036570281765963,0.3051782119116659,0.25870104989035564,0.2763308300899343,-0.09130926260187244,-0.08269366995918392,0.0339328100043941,-0.1628734929581237,0.4308332273686053,-0.18154121347452032,0.031531790891339,0.4667614494571846,-0.24666650380623376,-0.4986209537239807,-0.2055741810408849,-0.30420612863013274,-0.3751431157693485,0.03524515919502839,-0.11305588064093265,-0.6262956864172476,-0.1652492823135081,0.03837288818499573,-0.27594959046731604,-0.1043376563206952,-0.477619594255112,-0.15108782512497573,0.5887480084556178,0.1507113544637397,5.897293034406834E-4,0.4181227326815942,0.17780405741401603,0.10309135724301306,0.13741778948323982,-0.3897228896289144,0.011350998795149305,0.23047182420994786,0.21561789005894327,-0.02616640170917158,0.057347424198822085,0.315366565659149
-0.19414905227018106,0.2538363138312274,0.4592818586686727,-0.11722813877507407,0.2429925214681783,-0.2304220771912495,0.06504463111444418,-0.29725891860521947,0.09847878177017233,0.032752092470738146,0.6509900629064506,-0.27034571219852876,-0.1257670067556147,-0.25287908910822576,0.09881212763215996,-0.6501573678375163,0.047797926293585244,0.21823274367595638,0.13769539769942746,-0.05101814052863025,-0.13427873584541022,0.042753015992900455,0.22725584691304898,-0.38203963643849753,-0.2383415624668897,0.005080336612704407,0.20458694615930512,0.29368860718777107,0.09129190264551919,0.041723639130527554,-0.1470316745215318,0.1629427542694758,0.3445706574124461,-0.23103062159259716,-0.05500361264730962,-0.4750713060876159,0.399677740434372,-0.3282326211640672,-0.3042563736874271,0.1930155079256707,0.3695044549434722,-0.2797658621631386,0.03923135506426406,0.282248587967727,0.15513771002830087,0.09723795613125862,-0.03034228377963628,-0.2187872152562156,0.10806644933933536,0.1017459805055626,0.3752789917764286,0.23067382922776697,-0.13640378599957145,0.22743605633925953,0.07900872869806609,0.23642339987761876,0.16176855996022582,0.3234716089069241,-0.0022498186814043837,0.0770113913097582,0.07840039582238531,0.15827336170599596,-0.053405620693022286,0.19003134992346798,-0.31490972285996044,0.1688796398933325,-0.2699464664620311,0.18584720280013978,-0.16360513260063145,0.21914818343090353,-0.16195546457051613,-0.21477567334194525,-0.12473085453477703,-0.09191816327372603,-0.5741871492169032,-0.0029572664290374814,0.0016337752327607096,-0.15002957919992607,0.48923589743241125,0.22375666965470123,0.15677519156228678,-0.33636614856920566,0.274868966859621,-0.5220543152758178,0.23907234474802036,0.33064206669775364,-0.2727571048211261,-0.4460759326498549,0.017004928795635033,0.06134707615020202,0.04660935878433417,1.505873384476488E-4,-0.5022440923309313,-0.17641251792888119,0.1563425295468708,-0.015119715162674725,0.07184510198265208,0.5625713205129769,0.09178604761670603,-0.42911943203550196
0.0942653145646742,-0.024649622595114214,0.14360018833548954,0.017763929906625286,0.3896248751187953,-0.025533324371139053,0.013643141997099161,0.1736607982665296,0.2256055315423084,-0.2433172532367629,-0.015583370896706928,0.02833618306692127,0.18742310062970224,-0.10262799633863866,0.06628941614476005,0.27834037840517856,0.0915784300618651,0.03017048003016553,-0.15880631642295748,0.1994769370984349,-0.15244310348282333,0.002168398401676316,-0.31380549859515977,0.1170217387420954,-0.3669043563785323,-0.2537254781394843,-0.2511739625404722,-0.06594919045195005,0.7514692006909378,0.029173082527592195,0.26756260137036864,-0.22081228309759038,0.25897345650537135,-0.27831239937825625,-0.23479627512864454,0.05635503251371783,-7.28456262510801E-4,4.372280713596233E-4,0.27125648912634837,0.13992402546831353,-0.010414676347593545,-0.025375400134250565,-0.2044572728969398,0.013270064744199377,0.08171700801943327,0.08956554057754164,-0.44768305540749964,0.27753548487381746,0.2742513786404795,-0.1742764496007446,-0.11306317399479827,0.14255626166991947,0.06791961598555943,-0.1698621056780731,-0.1336114767476447,0.00904828862191057,-0.2249494650169434,0.023486684624633478,-0.15999102976433352,-0.08444433063566406,0.07049020741338305,-0.18146674891403636,0.13885709602462892,0.3638808368435679,0.03473056396059856,0.12154804704981069,0.36373016874041314,-0.19490596246391154,0.3369318257506451,-0.05402445929451707,-0.18231688120404255,0.005705439532149891,-0.32855166871612307,-0.11072977744661462,0.27993565854610797,-0.068934611403083,0.03526120099620947,-0.4098178350227401,0.15890976786515448,-0.23747343989831154,0.1716916264361576,0.2764577634772332,-0.0044118009069832485,-0.3945677884616637,0.2982796913974488,0.04447967986966734,0.35128092880433576,0.12887933822475314,-0.041861277404100526,-0.10874855448452124,-0.18298478558880263,-0.24152636690330917,0.2192309488155037,-0.3489023340379807,-0.21630645381304517,-0.16772347731766593,0.07235380383768365,-0.07589236641812203,0.3187811816457603,0.15437789097740423
0.12338425172414173,-0.2801938936346405,0.13946627113486046,0.16047056108050098,-0.02790049401799426,0.1303454764640584,-0.03621051962776367,0.2743544275560379,-0.011368076367412808,0.016149277956007676,-0.17175301688315836,0.029592321196835202,0.14924984097865412,0.08687911092776966,0.029750738516034794,-0.04416712121729767,-0.008523108394990429,-0.028382079545575544,-3.2537444380795644E-4,0.021619090131752675,0.019516268716663884,0.015940916432216266,-0.08219662724142385,0.17013280042709428,-0.23692694685185095,-0.03642353023411943,-0.10233364336569882,0.24635387185906013,0.07864497017832692,-0.029190821976222362,-0.06334592451433238,0.13427207312014441,-0.0818471410486637,0.1080115869418896,-0.174949951777357,-0.08575476057088445,0.16961784918428296,-0.14438969240390975,-0.09432070324537095,0.014500423383604813,-0.17096148176817927,-0.058972847699514476,0.02462089438991241,0.013467727929587394,0.31680531519300864,0.15930756228692924,0.06312673984701543,0.0555184811476138,-0.03110281439748738,-0.005760055928703547,-0.09184862929903029,0.15887648206880495,0.10767860755350923,-0.08980542034913257,0.030890963882615093,-0.035510023795212224,-0.1676732232358963,-0.15142396424120477,-0.05776523956585297,-0.07713545731105911,0.14117144897790251,-0.040318669313054764,0.217879906500283,0.09262857100779114,-0.013506996893344421,-0.17725601694588183,-0.010067561994458792,-0.10900070062719704,-0.12168692803367487,-0.06194160752093031,-0.1502686789922803,-0.16472289772213192,-0.10865725759702163,0.10961765910519818,-0.14233319088093152,0.031429514501365774,-0.10504374382749815,0.007574010659966605,0.03778716392090067,-0.23134253992758008,-0.00996470984735018,0.20944073895870693,-0.015885941496391037,-0.19757341236181158,0.08012411450515242,0.19793031981971204,-0.1200526719646756,0.1125395237066309,0.07171832564795053,0.02723718696276139,0.18989579686269706,0.14678255749533672,0.06970093625555901,-0.10077046738330962,0.05713292725719474,-0.14903361221687644,-0.06982212361920935,0.07092841160895241,-0.01657926952102083,0.27915984771830155
-0.05521749574180841,0.4215329158101266,0.1422728626808348,-0.7276994159064754,-0.6677609458298862,-0.4781592611763851,0.1343011312496513,0.2644855079932305,0.34266581401139556,-0.5494714745598996,0.22929216019859947,0.446130666471178,-0.37076257426838505,-0.10361744895402063,0.5371298042334286,0.06947237693343733,0.0313975497294952,-0.1542998504575274,-0.13053611941823648,0.27415668346342265,0.10288185712697075,0.2661797946218484,0.22146168555731519,0.6255304441935842,-0.01754102464533167,-0.41595739102723106,0.11485358370913175,-0.198647577182107,0.2901352259961514,-0.02937092990489553,0.32782536794601025,0.23333948528857287,-0.01578225220018431,0.4935358616980408,-0.5119365020227546,-0.4143308010331376,-0.3977383859214769,0.059676905603465294,-0.061660462007811875,-0.14142187147982752,-0.185084887598603,-0.15437383478265473,-0.09625446473310818,-0.07809964984453377,-0.3210796348954676,-0.6245591975663044,-0.5597674978836904,-0.4685152379087608,0.39496064677652487,-0.1837578848358325,0.1761235027623231,0.45791041730544096,0.15383260571227086,0.19749569320842703,0.13091973525852615,-0.2013715397918683,0.7154029126221187,-0.63207594249466,0.14265722585876772,-0.2875685859205849,-0.21500594910033777,0.05029616113777097,0.5801950876861657,-0.2038116192359896,0.36217669853891354,-0.17611897829853573,-0.12484913115859088,-0.37901416848691194,0.07306157938069033,0.47213771205524224,0.3181756322517532,-0.17656748782739026,0.019334626383131076,0.4799094479650392,-0.5363112859082378,-0.16488392120547338,0.31593778694825786,0.2523704574346973,0.4086986242336261,-0.619867245643219,-0.05113355210322898,0.42249860196860184,-0.27575507466062155,0.6251968751005033,0.5436193284194579,0.18405989359559247,-0.18266661699713307,0.260695261163315,0.5536327492223142,0.20862443664759028,-0.331193911582303,0.24501330381709183,0.7030574862913969,-0.6716752338879485,0.2947365434162499,0.7597790281113578,0.3247324649914322,-0.25240045660809435,0.6777238341355941,0.2928824318160726
-0.16917486993105849,-0.17924817238239232,-0.14768000062336284,-0.07235697336906559,0.1411610877194746,-0.11021269301171198,0.004403151217377493,-0.11935753871779364,0.20109511510281092,0.07792981287617105,-0.10625766060456794,0.23042074348102173,-0.003487151852246326,0.1074012033105684,-0.3367646969132656,0.10532382918634446,0.309787356427837,-0.24523672588109666,-0.07101690160202156,-0.14196403778107028,-0.12497715666414642,-0.1027693745014632,0.11812586116583909,-0.055730403409930095,-0.016575843790546975,-0.18830481422699794,0.4048385701578023,-0.07630898803811395,-0.15269072108804083,-0.25966492885124126,-0.16159475154202688,-0.2544164192394419,0.08307601395250813,-0.1330837266551366,0.12665935513231266,-0.266380044156321,0.029284135730286612,0.06657754165789663,-0.3302948048298783,0.05801200396493867,0.2423355455143609,0.12403786410959942,-0.00800846781328711,0.10836001915524326,-0.027747178745507976,0.07421493846465202,0.022123193798294458,0.17626680447036935,0.07087354017200713,0.14036280784462904,-0.19820809014693813,-0.11624113596176996,0.17712737438956502,-0.007056995575486467,0.1293457563788998,-0.22052505923902863,0.459057674344839,-0.08386981670983969,-0.1775274982017393,0.07877155581633923,-0.03555634604959411,0.15971887867277249,-0.10608010219972715,0.09470844717870382,0.23788867411519793,0.08997945475579851,-0.0446533295932364,0.04859329276592684,0.05933262618295321,0.2516633424237282,0.16311905512858912,0.0929218039987216,-0.1637143603040838,-0.2614397857836358,0.027158405947101345,-0.13244215196875456,0.07646130631365648,0.0863966313462309,-0.07211244399197829,-0.058224926033606,0.008385822887816616,0.2366487389240842,-0.010085856415754916,0.16320515728242466,-0.23473078303030048,-0.33909808613828235,7.191783887447695E-5,0.10813779589763416,0.013412012253403261,-0.01824666716499252,-0.2108021043727174,-0.31676163289617276,0.3297042583849717,0.13109787901526512,0.5886863152708502,0.3102094957869453,0.18545567911003227,-0.09875109339905885,0.014880802341155734,0.13600661888360666
0.28852453155843144,0.19845777401592274,0.2452996348255792,0.017884739937559457,-0.010282929827844931,-0.14075208196260383,0.18685903097151932,-0.2811024677645466,-0.1082479441151262,0.21604291054174668,0.06938967240395995,0.013371678310227803,0.05825238470598247,0.23467839505201932,-0.015423555943273425,-0.014351928046477714,0.05197118749467866,0.3429730501545412,0.3278156163639046,-0.11220334781424027,0.0063858979616130285,-0.18045895387249392,-0.031777576573708145,-0.1620146570849689,0.09215988167413815,-0.09767307422015976,-0.13649948220098257,0.014308362478289708,-0.40700527983767537,-0.009178144551820106,-0.18690519894303467,-0.2455952633024476,-0.330121195203653,-0.20389409009266055,0.1888310761913686,-0.23048424570303053,0.4565082199266725,0.05107865829641686,-0.022361239146046975,-0.14131430815359136,0.0654578997312602,-0.20609994222142322,-0.09341560973441809,-0.14491385353689223,-0.08784331858000743,-0.11146961188586967,-0.14229126967965156,-0.09099825309829888,-0.15431790596506134,-0.3118879905972566,0.03222930832914923,0.11898803467548573,0.17454695436982584,0.24733077582874527,0.041464275620175975,-0.138831133101479,0.15970882151937235,0.23019144619579812,0.18092673270352047,-0.05936926748673388,-0.13975885461299842,-0.28810299243690646,-0.1528958603703869,-0.07011249839581417,-0.1531105846292582,-0.11985204778607847,0.0863182965544425,-0.09674898895806185,0.12054043060913523,-0.24611111835018165,-0.309927391950791,-0.06092306035709425,0.06522647802249538,-0.15194709262731027,-0.12068757965512868,-0.022071756100858413,0.016233761178531154,0.029334305305796282,-0.14619634501638062,-0.1970252764391858,0.05381742007340458,-0.06958632651139718,0.01906601352872409,-0.008956721480253914,0.3606018191578476,0.04446906667153857,-0.05384216378538051,-0.14922803620764225,0.5098694832099748,0.116656830120618,0.18278184278892864,0.044678190087812444,0.07199062694653077,0.12132952540510644,-0.2903870331599621,-0.2068261369599633,-0.20965161695157,0.04716395774778649,0.25539583372499575,-0.0036865373087811297
0.12601444074508142,-0.09068232768825932,0.05080029073616326,-0.1980961562325723,-0.035344319134984446,-0.08266435266607466,-0.02935700977038279,-0.11666746945331355,0.07869905957125771,0.14379089987515528,0.15881516411849525,-0.05896157742933192,0.0837897614859924,0.005009436908327381,-0.03182610468898821,0.029230912535959212,0.10063094104608682,-0.07860085529517051,0.10329632167126773,-0.12966676331755056,0.15509920494530463,0.02275413356133139,-0.040404573387426486,-0.011526471212943446,-0.12035810267420415,-0.0564103319795607,-0.04903570425398738,-0.3597630976280789,0.0834360006667374,8.22121488963272E-4,0.2267279472568065,0.04582811004157542,-0.3700164750790946,0.012091738847621273,0.01194401105046109,0.026685379424941345,0.015316976377565492,0.08260944777935468,-0.24441324950219306,0.07355570269596104,-0.18782203707174117,-0.03954343336460438,0.03556632251382649,-0.2309183340179532,0.1001741695434362,-0.16255483220339229,0.14941870127339354,-0.09479864464241546,0.17441286421889082,-0.0031300463088850656,-0.13218967833188439,-0.04906092501010346,-0.02965337165756943,0.1807832412132777,0.16485079618669915,0.06700530671201342,0.051587853018797515,-0.16824668679585328,-0.051192695325589246,-0.03344557506190651,-0.12986472644649452,0.022401174036375954,-0.1042343051408229,0.034390031205084146,-0.15666477652978708,0.13138576006029587,0.021835537871909116,0.16085603299734527,-0.012378550363035982,0.13368044560370945,-0.051188553690155736,0.12796832726970755,0.0801788260003849,0.06425457209732392,-0.17695985407047604,0.11457432244418252,-0.06605069132737373,-0.08219035721923382,0.12457886554042788,0.09887720616536838,-0.19485528371070326,0.0835404929869889,-0.012996281458499213,-0.06813809387375608,0.02061893859935204,0.16913344563374022,0.1261837919375464,0.20038761874327798,-0.19078653990271918,0.1802053962960649,-0.04014652405324859,-0.07729067884703948,0.12282159705894063,-0.10901921525742529,0.11901834789155234,-0.2350137468913829,0.0027466683876211477,-0.18488073062373042,0.17626464946972528,0.061207474732015946
-3.089560415860358E-6,4.242189635823453E-6,2.5832171150628245E-6,-4.221669649318919E-6,-1.3212512860833185E-6,1.4174165305861366E-6,3.392542326421944E-7,1.1542972875894855E-6,-1.0770031092045466E-6,-5.551522544023457E-7,2.819149053697706E-6,-2.9355157215649073E-6,6.203407056052122E-8,-1.5395158637850192E-6,5.380654367802742E-7,-3.408559603384604E-6,8.350984090897994E-7,6.803893329852356E-6,1.148393340454636E-6,1.0255778753932214E-6,-2.1230173957083287E-6,1.8571058087529762E-6,2.3629674771058145E-6,2.5020060845004347E-7,5.826974625913068E-6,4.0784288947019334E-6,1.6406364713566643E-6,-6.4956744886950745E-6,8.963205759086529E-8,-4.822391769534592E-6,3.948807227815676E-6,-1.4303980482601664E-6,-2.5639044182759784E-6,-8.417569591615297E-7,-2.1773392084171813E-6,-1.4032731163506099E-6,-1.224655302255197E-6,-2.3701229314508657E-6,3.332099100675676E-7,-7.035306467444675E-6,2.2912064625875445E-6,3.638309246789195E-7,1.6004800647414506E-6,-3.661758848708978E-6,-5.008283263210136E-7,1.935941648790567E-6,8.983186050568672E-7,2.87456305907733E-7,1.1385393380893916E-6,3.3061660626411804E-6,-5.59689643412351E-7,6.145071116226154E-7,-1.835162318478915E-6,2.299889325303428E-6,-3.7118035859540915E-7,3.3965333015169895E-6,-9.82923924903798E-7,4.258542808716465E-6,-9.85643245388523E-7,4.0357107960460896E-6,1.4987511952304561E-6,2.4546995678606357E-6,3.3199445966333305E-6,-9.499827632280702E-7,-2.7286615797723495E-6,2.469961162929869E-7,-7.1274007939982185E-6,9.033998515194013E-7,2.1740236756091796E-6,3.7654981254154507E-6,2.8381190013725503E-7,3.119678571593339E-6,-3.881025313099134E-7,-3.27139545736008E-6,2.5038918060406923E-6,-2.5511243406104675E-6,-1.3372491442803714E-6,-1.6556658576536943E-6,4.125126341913433E-6,-7.304543150439656E-7,1.1692665270167562E-6,2.863191332451897E-6,-4.066847457842992E-6,1.5416959458649384E-7,-1.9070046961779856E-6,1.2604408364931105E-6,1.169512604238378E-6,1.949242363069433E-6,-5.766262214911214E-7,1.0597325654243555E-6,-1.3328487754999711E-6,-2.755870531226197E-6,-5.9439323999577176E-6,-6.512519731032214E-6,3.2494898266289195E-6,4.90643767149186E-6,3.272595235450198E-6,-5.787370567436873E-7,-2.49527223281869E-6,5.030043390579301E-6
-0.11398120396820632,0.14874989882208864,-0.32984781823038284,-0.13109704058988084,-0.14550215706888728,-0.25641295833034145,0.030489361531675915,0.11328582389244203,0.1726462425593665,0.12816673248049915,-0.26121531074348253,0.03132374463887365,-0.2854324733092453,0.46001006724097876,-0.46862818561406744,-0.20673029007147958,-0.17370807047388856,-0.2714207280071144,0.01212544045114768,-0.11044216978633171,0.10332903336301064,0.2914525458840859,0.04216929862870098,0.13912495458711116,-0.3287672427088673,0.2565697644786421,0.10500164975911791,-0.03892987797949695,0.24754903378234283,0.22011213225660142,-0.2863914278069247,-0.2885546443468296,-0.33573001171686667,-0.39838677499833336,-0.2415392228934638,0.18201730525644674,-0.5267160006844609,0.03744421770202601,-0.3728535289658858,0.26799817699083706,-0.00464314645815334,-0.30557831293443016,0.0789685726483847,0.5495483847090789,-0.12399069098156522,0.03701652154207281,0.24446010763139378,-0.5276185940153734,-0.8705617149922851,0.31602640866744536,0.8730846377237261,-0.2546003140615382,-0.03716751518620449,-0.04061991578035613,-0.06297124722456268,0.19191682384827502,-0.11883240368837761,-0.2537761106646438,0.0776024897108566,0.0899638964951205,0.21618783029195668,0.2704337187988455,0.13606583187314475,-0.007909456697667594,-0.750123218336207,-0.2022676153920913,0.2637654579176842,0.45622022495660025,-0.1710416491490623,-0.4544049076714519,0.29920047033195957,-0.25470433564021117,0.3116293981610986,-0.12760765544294195,0.5840564479768339,0.17808463547583112,0.3869937655298971,-0.3799627452553639,0.5771100685324874,-0.9784622634478047,0.4322068008667142,-0.05152331625454572,-0.265222758225175,0.08488573686185946,0.5737555020707137,-0.8068722858377885,0.06707032137565863,-0.27126269905065425,-0.3487638528907837,-0.23409413512151864,-0.20211114267198702,-0.2595247960599263,0.0170096099987491,-0.17011447328642165,0.3491103550146642,-0.02258732067120285,0.10018153579067489,-0.145433221344627,-0.8145579258310307,-0.0029260069047645043
0.03241477804912076,-0.07175415387774696,0.07154810607399857,-0.13888204954593217,0.10102578989615152,-0.10187269606680198,0.16174238319965856,-0.07825714139066009,-0.06539420543155515,0.10069223442269708,0.11335595603011242,0.027950363857942723,-0.10268212472922555,-0.13790326661180208,0.006788119713627723,0.10880684461335118,0.03914267570323009,0.09950813663095892,0.2052027762903434,-0.03380817183524495,-0.03210591803503089,0.021696256956818028,-0.06998550030837289,-0.03080804571709737,-0.061943863486362466,0.0764623832013201,-0.02913342897099648,-0.05038700968308654,-0.1337961031632528,0.04243834103217575,-0.068353464255365,0.09707243799031656,0.06592085149441076,-0.027698866469884117,0.18338063138652597,-0.14376187655720551,-0.11947128851788061,-0.12884294785563352,0.11764892601959029,0.10430400215848083,0.14275337522121836,0.043159609439382095,-0.2187064711468824,0.03639921914251202,0.10924180259893888,0.09191806647948682,0.1309068940114745,0.1105096913483168,-0.08139319049633628,-0.0033826597133401514,-0.03652800881872449,0.020328926342096543,0.11798527835528361,0.14870249038798866,-0.10541355786573989,0.13837303756819352,0.09037880743878253,-0.1059591856146017,0.08302120364917548,0.09599794212060965,0.06748247785363495,-0.006782397818322702,0.07029518197979806,-0.15548079317302926,0.1380577229686339,0.10312023160972375,-0.006369887156386217,0.06320794975872442,-0.03699100933455777,-0.03742301860165671,0.016075579676442804,-0.12185812746171595,-0.056718159941109715,-0.08558282134314583,-0.09246072033022408,-0.08907044978229757,-0.0031972965292901548,-0.11250812851369599,-0.24302166667172584,0.03295529350001816,-0.016965639472609012,-0.014028149241328038,-0.02880056157782932,0.10739028782224444,0.025785929083582494,0.002731089625216188,-0.025482579496162002,0.09087745890228639,0.09252372982528767,0.12929308146785784,0.003103594448613602,0.009939457562303175,0.10997635862361545,-0.046733538835141746,0.1487738273015837,-0.08900133438716686,-0.12947323321571177,-0.1273260777007408,-0.07108853223301241,0.06002654527114833
-0.1749072062509351,0.25936931621653225,-0.10064957411749031,-0.2240141514386821,0.09120698789801189,-0.13674016509872497,0.058907220490962114,0.06235289850710364,0.15013797542073623,0.01500755065279939,-0.187715262539815,0.04622822849941348,0.2479773748585591,0.4012943869720036,-0.1856075767394564,-0.24374242832639076,0.06496389881269753,-0.06468268792382968,-0.1794501034954325,-0.3161534186349927,0.007234342360460251,-0.002247691029120369,-0.11040745193268407,-0.2818994010614327,0.04475121904952333,-0.01879657969018745,-0.33818287596173163,0.017580170843723663,0.11928251317246279,-0.3443167464706204,-0.24914456293491152,0.08108168596325026,-0.04761982966712188,0.08705767900370706,0.036927212971237515,0.00456456189141504,-0.05133742944449867,-0.1793881636148467,0.002350145404887619,0.18640229903164596,0.17549150388756002,-0.17140086014573408,-0.1920610283995894,0.051097799798020295,-0.06184189074080186,-0.04984277111158193,0.16057287313425858,-0.1402050196794596,-0.09319848462175064,-0.2183663832364103,0.3198056962222776,0.03846796978472912,0.19254169559935314,0.10422805346694554,-0.30563597251474545,-0.02075792068213058,-0.08436299336321616,0.13163675313751033,-0.014060434416607334,0.15266753027209873,0.22315030315017573,0.4013232510774733,0.043655086621292936,-0.10619314380011348,0.041648882579836774,0.017856967449346135,-0.01647549464266073,-0.2841584150722888,0.20639623174791633,0.1108922400577704,0.26619942766209653,0.25906333811329857,-0.051173459698019466,-0.28781531460737175,0.3735380321427699,-0.1114726770326238,-0.01310829684739977,-0.17680682968566186,-0.17789605917601992,-0.095614062638756,0.2694615024879389,-0.08216120474492418,-0.1293376899358721,0.10054159803136274,0.3296350397032031,0.0218358113387345,0.13080344441178046,-0.12270298144460293,0.043133962666292866,0.2136034154774863,-0.31479412700914733,0.05834050489989918,0.218049698457541,0.053752344986166024,0.030502441357851448,0.0024548829924324242,0.110559009799079,-0.1555057569000158,-0.490881648684533,0.017566221895189662
-0.02001102851722554,-0.03532194194223897,-0.032777344384905795,-0.07485283455175946,0.06088071053200399,-0.06448705815759155,0.010508758676097607,0.02039506680196916,-0.07010653527907733,0.05495018720769265,0.14759941568527596,0.08112343034618892,0.0699009519537576,0.02157000926220926,0.019294095038857983,0.039987081555195966,-0.09401249884605674,0.03786185190194901,0.014502487994684388,-0.008593089027351796,-0.0693433126061339,-0.06729881458412829,0.054643635681863985,-0.06073028861449511,-0.11909780910466804,-0.026209385439884353,0.010728252217558475,-9.565672063997377E-4,-0.10204243581786028,-0.14987005984427007,0.038008466909679815,-0.02005825932282304,0.07423520278130775,0.008748261885269025,0.10742691279464779,-0.06482959562907929,0.012166619677468469,-0.15165503398328256,0.04531294488758953,0.0017147356901441677,0.19981736731314698,-0.04614007035680788,-0.131488892128169,-0.026955342092942564,0.0556864007414341,0.02481690179478056,0.12829390065730817,0.06277357211661126,-0.04193809898875107,-0.12046114554692934,0.19031071546375758,0.03117895425652251,0.12699053682502215,0.11902041316884944,0.027657835523339325,0.01013446966503476,0.0028777218022220438,0.08019136087371688,0.0950680882832628,0.16599509532575704,0.01689418097797264,-0.01914412029434994,0.07425132742465139,-0.07696559653672698,0.02571900580507646,0.10834374992809553,0.02262868086778781,-0.017752588311588564,-0.0340420835526355,0.003695130169935258,0.03296729275687037,-0.01459859964907883,-0.013462566841990518,-0.01663204801497675,-0.012013692841498095,-0.07048941941212956,-0.07853297058104868,0.05674631354030911,-0.04391997638510903,0.025818161858316438,-0.020044537430011382,-0.06253623237971072,0.0011265692430429356,0.061797123967987484,-0.05808263651453889,-0.10578329158339837,-0.060047228644075766,0.061331156590925064,0.08940813935485332,0.033201549348981736,0.04891589256087958,0.044521419437179445,-0.019934539198513433,-0.1187243074409671,0.11705247735115312,0.02923791479373113,-0.16556855859803352,-0.030973426962030433,-0.019848830619357157,0.0430105858646558
-0.3062994621259755,-0.2675765461715962,-0.08253793917263656,0.13353686963064287,0.12265887662278821,-0.1478032500238937,0.16535160930619483,-0.0819354897816565,0.0016617335878853325,-0.1939347372030876,-0.21138308490070856,0.03841272802862327,0.09944189092025318,0.10219307936955623,-0.030294687289441808,0.06073685784776692,0.20091514276834552,-0.09912715096561588,-0.03595612398221765,0.04257863699037324,0.10132449012655241,-0.24502737712570385,0.10412319674552141,0.11349824146615534,-0.014668986782619157,0.051218639474513314,0.035290376799217295,0.07857880531764433,0.07915459178954332,-0.15225222667096697,-0.01557459395416101,0.16760844109484496,0.19334735884992257,-0.017694885960047306,-0.27902966916654814,-0.09545724097371112,0.014698421873905604,-0.10007957415496255,-0.15650941125355924,-0.1563057915704155,-0.039163990315709794,-0.06884265215750035,-0.1459101994816229,-0.10042643392398169,-0.0495736997187723,-0.026133767319475625,-0.2092949440669107,0.11125528435026726,-0.2877133551435478,0.13800321174010519,-0.02470507012094622,0.41443017628562484,0.002478570236261379,-0.06445058776013235,0.10684429054875832,-0.2703398073847891,-0.15371738354181014,-0.05778548853845843,-0.15043530298383553,0.1047441701696746,-0.01759604770608453,0.10577512190140902,-0.13382553903011632,0.1669855777288321,0.041522723781561216,0.04851046316786993,0.033335290817522165,-0.012068273792235315,0.07725255995262857,-0.06771085980005871,-0.03943022070456667,0.04622099228268053,-0.06619304654090624,-0.0523318778052135,-0.06005177536268418,-0.05358383819905906,0.13827521137682577,-0.13864970047974898,6.829840837054008E-4,0.12741954127724459,0.020452969645300204,-0.03500558787779543,-0.023688338615835615,-0.24860526096287128,0.11493493618700074,-0.12978338500426254,-0.01917935988739363,-0.10896341455610423,0.1446516299562055,-0.29960110463344947,-0.21798989468493363,-0.021559296340435113,0.22312788050753687,-0.0883703443769659,-0.09988877053317927,0.19910384918269575,0.2336830958432198,-0.10614411174134204,-0.16297339018814883,0.16422994619895392
-0.046706236476880145,-0.04860251066054777,-0.10126238448163143,-0.029731840078477557,0.06711082719189694,-0.07699462523222508,-0.12668319358052632,0.09170500432226783,0.08958259208878941,0.07894339113055729,0.034115024935167,-0.00729963977259992,0.2500372111772193,0.09894728793401503,4.459890841995522E-5,0.12122101617238863,0.18761292181178646,-0.06071594555670477,-0.12177182230765078,0.05474469069987139,-0.057595458158636856,0.03560699675429833,0.2630929467417291,-0.03186506398935897,-3.765613392410421E-5,-0.006267117714485731,0.022185103121538857,-0.11031778467236077,0.06550549331902737,0.14794634268403015,0.04958119231321522,0.09410250237714989,-0.05057381323273048,-0.027213578787964817,-0.038509032320900964,0.004627008974945384,0.2312613084992526,0.06748509554819992,-0.03143459083588434,0.17397178562985585,-0.14940139706323038,0.19514083336250465,0.061675153360603543,0.07834058029436805,0.1159085299148639,-0.17497191020004244,0.021779595978600214,0.002661685526608037,-6.875675411526042E-4,-0.11721890776896735,0.047598526807709374,0.11759131678354154,0.05383131309097085,-0.14927395581318373,0.13128477392864715,0.03613279806268825,-0.0940865807901217,0.08756184096752875,0.044000891145095644,-0.08054675290355043,0.00999694286676427,0.023944279805044086,0.10227829235667499,0.08801998224741561,0.028113746481529294,0.10591386094338913,0.05848040715834081,0.04368336071076021,-0.06026567387880505,0.19911084751708857,-0.046683977740357464,0.02181537018873977,-0.05936386514887518,0.13717945878884072,-0.2355221614639582,0.02606299286807499,0.019647061491153667,-0.14315217278259357,-0.07848427524013836,0.13160796478131365,-0.08521499271474313,0.07937641456434433,0.11160966102920755,-0.08948995268448455,0.0072162775391598445,-0.024661641639570474,0.09494308504580126,0.055652889610479025,-0.11169355706584418,0.039455460155817,0.03619637436559147,-0.011162020987567751,0.10770426663480161,-0.051384184353674776,-0.02364377073502406,0.100440494315634,0.00933448336732432,-0.053389160753223544,0.07511902745095227,-4.0377455238113896E-4
0.1204299267612017,0.14291632325267994,-0.02548377291887728,0.10258214930040481,-0.35283983622164755,-0.2113846574996496,-0.3298736703435796,-0.2398839854818705,-0.3180074658097668,0.02554073464667021,0.04331232237718877,-0.13799730404924437,-0.25220224132186875,-0.27011454076959174,-0.27491046241562545,0.1956981972826336,-0.1595852321629198,0.008023134693049275,-0.4563682547659919,-0.056742753273748454,-0.2021816470468835,0.33579549379403106,0.04935874097036913,0.1041851121340078,0.02871285466590832,0.017901029117411874,0.17204858201858222,0.1061091446660057,0.16490626231323835,-0.11181061934703786,0.004948536611890307,0.006916802773746755,-0.07441707006241396,0.1031166739833389,-0.04694054448411055,0.04951484764271609,0.3566833898986186,0.03992221437094803,-0.0422385572007536,0.1266005858166482,-0.3947338259194537,0.01990113117999134,0.03475380588386344,0.11742478677233432,0.10453488480652105,-0.4361889325117681,0.05355109581952748,-0.021380815773696566,0.22700391011126425,-0.061646186778374155,-0.013384645853299276,-0.034362597605658754,0.10414193025449603,0.050964042671028775,0.14525907785580086,-0.0884419324261998,-0.02313350947378484,-0.30944813006593913,0.07293553518526946,-0.06128088951588298,0.07326846211423103,0.2764637289212014,0.04530144498838646,-0.043808049739196,-0.021697458742308582,-0.3219219230904507,-0.0800535996939213,-0.21133083617139597,-0.2178572698961268,-0.018122791394311482,0.14737223073773584,-0.08752444424303515,0.03091078547153773,0.21503306546450393,0.2120644630658111,0.25439647479246236,-0.13596919476460623,-0.09795224753659695,0.2644768819387626,-0.24012167526341585,-0.3418650632690908,0.12078306481878533,0.13771142093999914,0.33960754935268656,0.12339381984687378,0.17978229096195542,0.20546696463476238,0.03099934011463417,0.06611881688138109,-0.10942488745856502,-0.08841174417174338,0.32459586498773707,0.025506369312249068,0.24095094543827417,0.0414969745609002,-0.11537758702204909,0.01771059949275987,-0.02340312079269206,-0.2814865736320463,0.14548289642495096
0.0078278832457556,-0.0076746375021093435,-0.1679635847592689,-0.30408055600974315,0.17012772730292164,-0.02272382356894777,-0.10505982232778219,0.07506451623509502,0.15238065690093827,0.112698007767685,-0.1538111451880585,-0.010344551837123761,0.1739578462610379,-0.05278741044438514,0.10974028308554071,0.09993074271677083,0.18818857952768325,0.0610650942022251,-0.36285847286123135,0.008708397377112185,-0.08227035922692962,-0.034861456284997004,-0.07515375208805743,-0.22919443385862376,0.14680406120434844,-0.12885950984044597,0.13324517559665772,-0.1628086948258346,0.0024957576495535385,-0.10926217976043097,-0.00658214735046576,0.02048592906883492,-0.09588387297546139,-0.17486305303737293,0.25795563837626717,-0.13032598853973562,0.028396987526985676,0.20794024750206688,0.15138114856736012,0.13580372001121715,-0.2264431118576486,-0.050192446841567206,-0.1362463802790654,0.141503469045626,-0.08856867212940682,0.14994719820040334,-0.13746023345413244,-0.2640075508580321,0.02865413649098678,0.08049497504526432,-0.25607018446572277,-0.22852043844088585,0.06234379989379528,0.10754389278449848,0.04107005884258364,-0.26295268230262575,-0.028518425644732733,-0.46232076006620343,-0.1429787995165315,0.010222010808773076,0.12714068440626017,0.05780146184536611,0.059639169499410366,-0.027931680329825622,0.08869756448234417,0.05023043257061809,-0.16612637408270792,0.07756433888554341,0.2706438633701054,-0.027214267504149195,0.2858635533918944,0.3004441025205242,-0.008714268924718984,0.025275897347777115,0.1772170519947809,-0.11807040306116585,-0.057054317235031765,0.12268283083317455,0.008790896431423329,-0.0046217692865046095,-0.1660546894924944,0.04186894507585551,0.24473472759237577,0.037754824430501835,0.22135723150412956,0.05388038615688575,0.04400989373193676,-0.2161904838385054,-0.0578306411383853,-0.3135557439676753,0.030694788153170692,-0.08138102884387378,-0.12266901520197179,0.1946112363549943,-0.3013459862781895,-0.006194942132152548,-0.11277847238777038,0.04997812668737217,0.0036933289160159164,-0.04795752941811946
-0.01793220817563498,-0.10706088031304527,0.2298695312347727,-0.14236882054415534,0.08049859637874189,-0.04976792610626271,-0.15342293326373418,0.10407913964152131,-0.04352208525589106,0.059958301229181436,-0.05844052442251272,0.1159607028243915,0.03304856796897464,-0.062047207849649386,0.12246316268710412,0.0565146565349589,0.06271750265993548,-0.15142889305998938,-0.01694040827111048,-0.0034942691241533967,-0.11539311740739869,-0.018682157411859395,0.06483572993036153,0.019780118847822718,-0.11712720657329713,0.11205998478148196,-0.03554046918270558,-0.038298015388590276,-0.022424697839759335,-0.09052216021581029,-0.053079492615789904,0.019540970946845662,0.20701178304355106,-0.1478304895145499,-0.027335201107036886,0.058265434163055976,0.0736046500745683,-0.12013796916266628,0.034852693900366744,-0.010038557020392786,0.06058893381253479,-0.0675189700781399,0.031322502136068686,-0.17269474654683514,-0.013383550759407765,-0.006686653015876997,-0.05097902041104567,0.007904311723425093,0.11906824048824295,-0.11471901275971441,-0.06970832700965299,-0.0013968222292986773,-0.014450605110747491,-0.13554657095212364,0.009761024043992572,0.062106627863934546,0.08358102513951918,-0.039237730790445645,0.03866840983910909,0.02881495028544447,0.09931986404263089,0.00903720938506207,-0.27961179865042507,0.07091876644067369,-0.024913383007832468,-0.0380678137200967,-0.0783782027239182,0.12623178966862203,-0.16362500898597013,-0.0012167015674210573,0.04955547126359674,-0.13438798418761383,0.037028485143822745,0.10931615390376784,0.08190158922194885,-0.030220731465232784,0.05635709823411406,0.009847140410941181,0.1955758590908947,-0.050724734566853516,-0.1550904905695905,-0.007735443726464081,-9.575647122573338E-4,-0.10209051431345434,0.04027386967397338,-0.16520093054976087,-0.08143062749675425,-0.004716264425578878,-0.07438911427832974,0.052856472827522774,0.07282488687258419,-0.020531739852444456,-0.04696419377472155,-0.10291063893017255,0.19683509982338263,-0.053748127975236995,-0.0801692564295618,0.0852560865244118,0.13536351344423286,-0.03250678828483734
-0.035080812031511276,-0.034737246147486016,-0.17714962029883452,0.13910451727727013,-0.17886402017613945,0.13733782375873071,0.07791920258484553,-0.1046674628560583,-0.07835090017778837,-0.108916050319547,-0.14327623566496195,-0.28251687666660336,0.08983159453712912,-0.22609729144604426,0.04215236935877072,-0.07153870368815632,0.19158129900452167,-0.020924275548946616,0.030151031213889828,-0.04130297464768618,0.2360687167972462,-0.05598367676054881,0.023783751612111197,0.2638222584192695,-0.20496802807988238,0.15259702282203513,0.17413290703272832,-0.1684689081794772,0.5319635284280053,0.042641026886341624,0.2032153711058314,0.0186797122686837,0.06819349003430075,-0.012682380895923205,-0.09671144979250988,0.23308590478894067,-0.0688109276335183,0.0773086311289603,0.0030733067833374787,-0.0069143380216157525,-0.1675179518276352,0.37091407823588196,-0.040850726232231994,0.3052690307227088,-0.14464776804820367,-0.049342538792045906,0.3682519130229712,0.3327874170171028,-0.14218808717682882,-0.08104889450628651,0.040931235240083984,0.23425968608315387,0.289059504971451,-0.36408982764804176,0.02607131725990575,-0.1040071622044539,-0.12854596217662947,-0.05749234338274784,-0.262061351296546,-0.24219113818426496,0.03854848284263374,-0.021905695985004928,0.17857080247308343,0.2059451495011932,0.08288452491700374,0.44549069401352603,0.1525355841604003,0.13405808307483008,0.2741861755440899,0.21729021164099346,-0.1531072171564223,-0.1468880300783411,-0.14798228121031815,-0.12974200292142152,0.5500875192109428,0.01813591975136655,0.40489378106775165,-0.48962108794847276,-0.1523956389163477,0.09278096907332879,0.11803745353240318,0.41454968507411644,-0.5150994296128737,-0.0046776380392412045,0.09519630445056655,-0.00781437175438446,0.28427590316153356,-0.02976870519071012,0.08506776585090765,0.016153232911138574,-0.07359296411869203,-0.22343247654327025,-0.16129364573052063,0.3009799581838241,-0.009712896963171477,0.13417884645421124,0.06983460864295335,-0.18028614303048293,0.0012402909274222469,0.2025759503257488
6.763380526108283E-6,4.977370510555034E-6,3.4131666866847815E-6,6.42095049463637E-6,-1.8089223271893571E-6,6.296396718398413E-6,2.636199166184405E-6,-1.8503905012866282E-6,1.0141865879218466E-6,6.117398430255256E-7,9.427792337877148E-6,-3.0374598316115584E-7,5.7319910234244665E-6,1.1288055452820414E-6,2.045625631194826E-6,-8.192531896554786E-6,-6.325216092305787E-6,-2.4788550567982783E-7,-5.526709314870044E-6,2.9492563523619617E-6,8.592812352413504E-7,-3.915006654486758E-6,1.036589138907839E-6,-1.4914704659052068E-7,-1.7668967638771934E-7,2.5704382737338357E-6,-2.000109658294776E-6,-4.8942442820463894E-6,-1.1738836445181735E-6,8.696586971911015E-6,2.7098514652645374E-6,-5.062361781372409E-6,5.615766388296003E-6,-6.280045067628066E-6,4.612424183908804E-6,5.427893132367626E-6,-4.827767790573153E-7,5.444114206735163E-6,5.969433558417087E-7,-3.356342608250427E-8,-2.7781014771103196E-6,-4.052691874347026E-6,-2.515671119870697E-6,-5.570834323403913E-6,-7.659065371567219E-7,-2.687701923709723E-6,3.1215175657449614E-6,2.16918379886701E-6,2.620852248305707E-6,-4.099983516432346E-6,3.815966438677075E-6,-5.492162636153524E-6,-3.388894849105585E-8,5.119048434516982E-6,-6.646385707063929E-6,-4.2223514489590984E-6,4.5779273337068183E-7,-2.035792713033762E-6,-4.626801427460375E-6,-1.5461452826410884E-6,4.444168084394696E-6,-1.1210562774557904E-6,3.5264808083106128E-6,-3.8365550839386095E-6,-5.875733892694034E-6,-2.1655314529755787E-6,-1.6295941437367743E-6,-7.853897982227444E-7,9.947580375836313E-6,-1.4744143113560623E-6,-5.719359150036284E-6,-1.002185442653062E-6,7.386165316931143E-7,5.876089788347156E-6,-2.6081937470630685E-6,1.3222945345950175E-6,-8.549654399082196E-7,2.475439929510541E-6,3.411598564960863E-6,-1.875362427647954E-6,-2.2766780651128694E-6,-2.2514642960709132E-6,2.921534326358639E-6,-4.611839540661526E-7,-3.86986515629646E-6,-3.193522097233561E-6,-2.009548056621082E-6,-6.319592048133993E-7,-7.316090657844856E-7,-8.148765808417909E-7,3.914932196450271E-7,3.0187220583493225E-6,-1.4180492954039376E-5,-3.2320030472315986E-6,7.979749149340028E-6,-1.4143380575475107E-6,4.4613805287500806E-6,-5.633487027638308E-6,-6.444413527088806E-7,-1.8836976678701425E-6
-0.526378648630643,-0.5171857255165897,-0.12234111055638777,0.43116867214840215,0.8094698113685457,0.09864029145956639,0.23572370637564777,-0.2119623033381221,0.7570045595803684,0.23443222772531372,0.2607107950060228,-0.3306802211011336,0.18261079658901577,0.20638223650753962,0.07680417494826966,0.4483410198543058,0.05399092379735937,-0.3013549296201738,0.1870051701243294,-0.27810035001542743,0.2511451122024112,0.1659761668706004,0.13735767030234677,0.344662288009372,0.17751694748752586,0.5020182565602532,-0.1908780908798036,0.03500520564727602,0.3956592887079185,0.016777793871697953,-0.018764608521792903,0.07587730068060711,0.13850622346822913,0.08699455936860825,0.022514151964476963,0.03917117728965256,0.13952783825158777,-0.3430520675051087,0.09617496406175914,-0.7279686734062502,-0.14502311028770315,0.41851570954574463,0.00971050803704148,0.015444264552323632,0.09328885619627715,0.17682107439045103,-0.4271999266464276,-0.5162989728767647,0.056796983515846146,0.24244031960996812,0.07044241835463401,-0.15234635670445681,0.3166053876378175,0.24814925033782487,-0.4800944801966542,0.37285483447147166,0.03269803011141157,-0.15914710716820113,0.35111573064163976,0.2373891484318157,-0.6535749699622682,-0.18361134885780012,0.12343328615920378,0.17676326353634528,0.29407196367656796,0.5148047993606186,-0.31782251381591403,-0.008945841224791652,-0.3361840989883983,0.16989779762828103,-0.12500233853350573,0.06519071905405069,0.18127840710839202,-0.35814869047984693,0.004277732739105254,-0.09767122076981814,-0.17643698215557427,0.23336783170937736,0.05225769347793352,0.22885774705907821,-0.37399603624719985,0.2915548203085375,-0.13445463148931433,-0.03741199980446124,0.028263866625831444,0.07860659084073694,0.5607470275142525,-0.49353270891189327,0.012931090248397796,-0.15883953554742805,0.03605756642173035,-0.1084319198331412,-0.0891931116185164,-0.1358528469614918,-0.035449905502193034,0.30355010515288333,0.05763818290633536,0.30394209679855666,0.09197797785926748,-0.07886433393280616
0.2433041334361113,-0.1385769190577063,-0.19992652906942784,-0.03671194702068397,-0.3750138176475344,0.09242030621119911,-0.16756114696858498,-0.032383985405864325,0.028481163413325662,0.06635105672545714,-0.06415691174341515,-0.012786058315361075,0.21725209836799197,-0.04814813119819507,-0.006827725983769448,-0.14779197929987395,0.10004233530904064,-0.26439974906496416,-0.05766539391479046,0.42170205837350166,0.20797362924972954,-0.27965885111871397,0.31141732378773,0.14679912834595632,-0.13526345635312068,0.0272727334249579,0.0035644667266330836,-0.15100810300196188,0.08801991892799031,-0.0032034268553993153,-0.011395240978917415,-0.1314474377144012,0.13601623426024326,-0.2161132620473318,-0.014768087228450459,0.1678871671549807,-0.44154060870354406,0.04546118768916897,-0.11883608041139734,0.2514748674552147,0.03540880564146525,0.20288857194314272,0.314797537105446,0.017037578124112617,0.030739691524964658,-0.05556777644634603,0.17903403656430525,-0.009514152869479273,0.24681389089587266,-0.19837816798416924,0.27433056483103363,0.5157858053622675,0.010888919223780043,-0.0730458760168308,0.20213446370309193,0.11079482749445331,-0.16469542282749533,-0.12284828666079486,0.09497426359415276,0.07249311528250878,-0.040870735105417694,0.14180453459675016,-0.010915040446983399,-0.24733394189753102,-0.05023209966904686,0.08167861734056552,-0.02390817690908479,0.07055179904629667,-0.23885205729288952,0.020667856740971092,0.22036341079028096,-0.06628201382778515,0.12163076998901991,0.01805137449016775,-0.05687793129797506,0.20167339258701478,0.1490913234512821,-0.2646974809845875,0.09194668009553404,0.14567541241569323,-0.07863324936364445,-0.07939966445503557,-0.06962384727415374,8.505943865519925E-5,0.004033889137808466,-0.10715772907206049,0.1077932517659256,0.1550021099904716,-0.06924206227389298,0.02329559263521746,-0.14243559763739105,-0.040285033107462065,2.7935825973168343E-4,0.0823101005644779,0.026802271509544427,-0.07689845735579136,-0.2039525476237692,-0.4511727987333818,0.01594913045938872,-0.06250772612003411
0.06094783945635072,0.226508772582657,6.264159670468483E-4,0.14084362671808726,-0.07813123374213715,-0.12936281985945028,-0.005320001873487511,-0.19016410018086088,-0.09860654306882115,-0.07190603134466023,0.029105001189053344,0.19700135274639655,0.03334295115744569,-0.14716140598341151,0.0036322081715705386,0.18841609282992078,-0.04421440362547131,0.06896615651870788,-0.031106622816111432,0.13803027758531217,-0.06738286925683039,0.13167914452664314,-0.18526926978281827,0.35735110569160833,-0.05396510947272997,0.001573903750998596,-0.06611998860317941,0.014236730937323321,-0.12547453192818428,0.14909255777975672,0.024182836553297372,-0.07839753565670476,-0.040581341161303734,0.15472885574551676,-0.0700081557093056,-0.24719656534132117,0.05293384764961355,0.004906904106253299,0.025547059205773322,-0.005169758136378175,-0.0502141991753742,-0.044904081498434514,0.04045317983299182,-0.035995554719370326,0.010452828232618722,0.07040622286665783,-0.16003936524576376,-0.11705609998422854,0.15799593154080377,-0.2176952553870645,-0.08121482244663533,-0.003608986197634114,-0.04150097777646184,-0.05961290986719011,0.014828860972762961,-0.14605984952316167,0.13375032361562245,-0.007181808269120074,0.09719141556130756,0.10626065502104323,-0.1492572602930108,0.01631201384207333,0.03439298151372105,0.1306495698320116,-0.18912640199252403,0.00708102738266251,0.16446369250959939,-0.04027849379006129,0.08785037670338723,0.06500759585501145,0.12187841617753417,-0.016722438787856935,0.11725239760452356,0.035758524524833434,-0.0526416939632073,0.013973197761319741,-0.14829011490285193,0.06763041730111748,0.10036087279615903,0.06792548200241232,0.15121282768867408,0.10824018183376147,0.052437207725225095,-0.15074843610646538,0.17628822809561104,0.05940611504640782,-0.02431755164079265,-0.1658634035544168,-0.15180173479996587,-0.07478058643063566,0.07521518361082569,0.18502532949373215,-0.04188769691643335,0.022974804904415357,-0.17057001948893322,-0.021031567871392067,-0.06560813903678733,0.1812011900758903,0.0679684983715719,-0.05786268148652913
-0.012809038352867338,0.02039913062398982,-0.06033218600928946,-0.08503327647820139,-0.06432402907722004,0.05423577844010183,-0.04913895685940407,0.024640729882554786,0.023276090381760563,-0.016013232925257897,-0.09152401507670457,-0.047560532215168067,-0.008314135696104397,0.007568395661627469,-0.0031272174470517214,-0.08226883129395984,-0.06273186567552924,-0.04908190080284387,-0.047953509085666673,-0.0021690889300875066,-0.05709474754437523,-0.04478006273188383,-4.8298763605446874E-4,-0.05962691155589599,-0.005668035683613514,-0.01386696096930863,0.0034557975733022204,0.008650413704447139,-0.019643652887101078,-0.006345860091289845,0.009035349633000171,0.10318602734608683,-0.0330495573691425,-0.016589856380600957,0.004737735669942876,-0.05001926192525507,-0.037474066288766955,-0.05639470546857952,-0.06635076205882741,0.05054366945306771,-0.028386814694261783,0.0044898398163739665,-0.00981751471678388,0.02096410115838592,-0.002017387786276144,0.044147335435685546,0.0276576671543017,-0.04465989580976298,-0.10629466994080196,-0.010637860575620633,0.041287878397927996,0.011948846848602056,-0.02258444719435149,0.009670310096705985,-0.008697228933081629,-0.00187743663622711,-0.02576832002600832,-0.004981289098814258,-0.06333499723242669,0.013981880173389968,0.003759980746218385,0.08507580690570422,0.028619352106191327,-0.005117340201518172,0.0020457083843734513,-0.035198461450911586,0.0831652875885727,0.025750439487771986,0.03085273272375902,-0.08189314860599962,0.03072738041132378,0.016753127467169348,0.011800138647091916,-0.019025530667539894,0.06820713495697818,-0.04145849234989172,-0.023019759536023667,0.04877915508703468,0.004286970492928387,-0.05243937378918037,-0.008315573845725555,-0.03627325570501202,-0.034224128397615905,-0.0038485489902729633,-0.006958066126209785,-0.046234396663769134,-0.013531552158025928,-0.04554178870477706,0.035690138874703015,-0.02127109154464432,-0.08480754750276713,-0.05497532819719216,0.002505658240653261,-0.011862682614301756,-0.04216776773952939,-0.0157646853536369,0.0726431092887912,0.022625996503491824,-8.449753752667981E-4,-0.033175377524378005
-0.20572598851908905,-0.04206824387063747,0.06152565165246688,-0.12336057081488899,-0.13388799821745853,-0.0751569216971136,-0.018197908366955597,0.15786177130417045,0.158730707724449,-0.4974748764635419,0.2118325255116576,0.07989365426800973,-0.21584546418744965,0.2601456066268866,-0.4338056516005738,0.05194793353411982,-0.3204721252516422,0.08947760057744164,0.18579945489149438,0.03665347389787187,-0.18494302552112618,0.05452256017625647,0.08590861799390603,-0.15606887099908726,0.3232588367023712,-0.2965733748540257,-0.16220098397882085,0.11848215678402649,-0.13582912296181457,-0.0023411889832252245,-0.11081873412599318,0.31840384770693675,0.19692625655991813,-0.09660875739337807,-0.21250693598047563,8.214990376545397E-5,-0.02788080489356481,-0.07469203336244662,-0.2528880231835706,0.09000413343626971,0.08743640878718445,0.19837188021322819,-0.5736034026084187,0.13528932808243915,-0.0413113776057613,0.183294390898513,-0.12865938404470287,0.06735475552189749,0.03248982571727354,0.15721218377845164,0.5407309418925683,-0.07052326036812291,0.2552780610273681,0.22603840339377168,-0.030239633110340294,0.03847971546845004,-0.2854386534757682,-0.1816525543560655,-0.44683916859133693,-0.030816338724410787,-0.388409667020116,0.4557486638178786,-0.36975717725386265,-0.013878690506983588,0.1605321789663324,0.06255186031383521,0.1998999299361224,-0.018985784776935435,-0.29345679821269,-0.17886145683419316,0.0482808373558982,-0.27439459236351527,0.0893823284711692,0.023065433251102947,-0.17372430290358706,-0.05363413418644089,0.1427584226426963,-0.3412293643916207,-0.1525560987214902,-0.36074357211182806,0.07024469239083753,-0.09898982011635357,-0.1255760110002922,0.13183938325499428,0.26166003775746494,-0.21182627288080172,0.24141512646977803,0.06173351010992444,-0.005018050510582712,0.1713544776369677,0.041013474287629983,-0.05624400899570518,0.05714011404000505,-0.37489654339252676,-0.2589467002635842,-0.3736975257597174,0.18025687158720696,-0.19792573890648943,0.18433763366975164,-0.2264059207551282
0.028817155651233287,5.031254658769558E-4,0.023561955272368054,-0.09497242746881265,-0.010400151000597461,0.07443731077344877,-0.029836702324971032,0.047624002863296246,0.021223843441818033,0.017111298796669536,-0.06348988651718271,0.05351537626276587,0.048229098457691286,0.010493180555955156,0.00280740921965928,-0.0039422515444007935,-0.016519157056513523,0.024017320789242323,-0.017035730135590257,0.03075430397286246,0.010016802807879567,-0.033824504600586024,0.018055152565141175,0.05920708092194297,0.0026363254795551748,-0.03299121672205489,-0.01873451561508329,0.0318305181127536,-0.028373978784801232,-0.04602923121945952,0.03629291632432688,-0.017856285585328494,0.04388422631665584,0.021363130938247998,-0.007736454817223647,0.009056966018243797,0.011043116859320742,0.03363716039363907,-0.020406777851550054,-0.03657738364732964,-0.010355838810422952,0.044590701377777604,0.010366229219786298,-0.03572074108624476,-0.09012692662644485,0.04259321346920387,-0.0038303627980648333,-0.027027009085814527,-0.002368350304944852,-0.04865197490738062,-0.01331651906708935,0.008480296981783205,-0.047563215626025786,-4.997462114032204E-4,-0.04619301175222763,-0.013133917715715013,-0.034482353665225764,-0.010774744636050954,-0.04807301891095285,0.0024187870693742463,-0.003723891932116197,0.03921006040827161,0.017639605826466634,-0.02187117564590418,-0.019985204891216447,0.004204313625141993,0.01608950669103415,-0.041516228033706415,0.012148334813688641,0.020631988139223945,-0.048663505258489455,0.025339457487344407,0.017548630098055937,-0.0012604987189389215,-0.04007375057306135,-0.039044041548703924,0.025946228421545547,-0.03738830159807087,0.02349439092515881,-0.01259320412662328,-0.0268904540340651,-0.011256517308789994,-0.018895805134487843,-0.0014967600194017955,0.06397096332636722,-0.051914684824955384,-0.02558386698504222,-0.016108732836061037,0.05812464568310711,-0.04707817450539382,-0.029445880938311162,0.025736221095694827,0.007080437025565151,-0.044326848879058287,0.018406915365593263,0.016406437285009002,0.034909949754796075,0.008729038386805521,-0.014840364161318845,-0.03896437830708179
-0.034110582762704296,-0.009677355313079462,-0.02083587432455709,-0.0354212951944892,-0.026739043220254055,-0.027110608134153016,0.005618630693879867,0.03007094509987981,-0.019765846145506426,-0.03397257148088062,-0.01566717494714461,-0.007775496301242309,0.010857998903117174,-0.032727455624964465,-0.0624211764757771,0.03124394892296306,-0.0016873704900732121,-0.03593201490763679,-0.030559324610168834,-0.0015368884914523846,-0.0011531539845295912,0.004807704639835651,0.004819248853961593,0.010757147305125317,-2.683600641179556E-4,-0.030790722820939895,0.006375040265280132,0.04302725731765955,0.03876019397190489,-0.032820196923356255,0.06104721695519362,0.00865284940272425,0.022691013999050463,0.012887439735487732,-0.022599048928402112,-0.03998477272751218,-0.01757345382367051,0.0025420091887266042,-0.010102110348431167,-0.027763842707280946,-0.014275473615323678,-0.013957231701513502,-0.01922365918367838,-0.01755302529885343,0.00377639833041307,0.0635339281728901,-0.03670971114162231,0.0023053750437452584,-0.004175076896149166,0.0336686211494015,-0.02526361033496818,-0.02037294589223912,-0.0014504538544880834,-0.013521108738374981,0.003640998729206679,-0.012699704417410635,-0.03219881249437966,0.014885609042450572,-0.029820985795089877,0.02788802687829964,0.014325075702348445,0.005136949597904772,-0.005543868833634751,0.011212041361543452,-0.0016284056326232403,0.004926146802002476,0.015503386260932,0.022636581412587894,-0.002613393293961635,0.02002095592935251,0.00231926477585396,0.018265608887986836,0.01027282297804669,0.05027697542655855,-0.01851043758233527,0.012132394901321644,0.0016626908944223908,0.05122075468377293,0.04425775636024342,-8.226358162581041E-4,0.04761233243961166,-0.013110982679360955,0.005203416309907235,-0.01505128495885676,-0.014519807351463066,-0.016436663159912,0.04150392349792996,-0.017891962230206823,0.003131177513589921,-0.03528740393747729,-0.031474491642730626,-0.012737328274286133,-0.025573679498664893,-0.03798542194990856,0.01632957232622485,0.0566607709208102,0.02682483308563104,-0.0035418791257821602,-0.020661786871301848,-0.004707197849700495
0.20778424256670364,-0.30765054088183624,0.6841012359492348,0.07123296323541428,-0.2285616950540229,-0.3257314542339916,-0.6520962087402802,-0.02105452676027389,0.2319324936843248,-0.11512489278549878,0.027647418572718237,-0.19986939831790276,-0.16316721730807102,0.164578994999876,-0.051712362920136576,-0.317601217272143,-0.21350595796071814,0.35963687762623503,-0.5005551010932062,-0.08421441616898978,0.41135153268480135,-0.5394550385903931,-0.17418015330096856,0.0840906835993285,-0.4305014388864027,0.6497569717326477,0.10721388927749394,0.6392230566615436,0.2541629719909578,-0.4135997949047282,0.5615328311502606,0.46835968167228376,-0.264908265349867,-0.11355357121535266,0.3225231066263781,-0.13918290266152328,-0.24646216644664498,-0.5109229103700574,0.26525551662233615,0.22593749560147225,0.1541827133858061,-0.6563964877035888,-0.1011118942273534,-0.3577277034075902,0.24200384830182833,0.7666279114789704,0.1266777857019163,0.40325388302008536,-0.4647684104450408,0.0775565706277141,0.44635724437927665,0.15150395942116876,-0.497687936493434,0.3146423604318482,-0.533311221149154,-0.06612147631451802,-0.3741061865357526,0.37721325084003043,0.07964815030864729,-0.032505967206906024,-0.2023512229376002,-0.24243538965308567,0.23230912764161984,0.0824658819373942,0.5349059206488743,-0.24667552693356615,-0.24216836231844102,0.42620465368677823,0.47419874145588625,0.1972104096862883,-0.06807618364745803,0.20690357204700316,0.10594558346423755,0.439565054584434,0.6944474336270815,-0.1443117363713506,0.11691027256763564,0.33957391121069364,0.18121173798095394,0.004841353824481009,-0.4707067018277359,-0.022072534704737128,0.03089910215876252,-0.43397536067688003,0.7790505591126634,0.8770561133945616,-0.33461530393863614,0.10369689453388187,0.18396703808660947,0.18146360185377963,0.07802847592160775,-0.3295284741104056,-0.25157442215393205,0.44998478382619633,-0.41060908752318986,0.1440718906049322,0.23472674700508644,-0.04212364043860714,-0.23035058401182154,-0.34582455083041
-0.05712565692628795,0.005488152299729668,-0.017817560983318926,-0.00120607462154674,-0.11379314889548338,-0.05387599736404639,-0.03196600877479852,0.05111598149212526,0.015096844393550296,0.07634457930576702,0.05883621039543207,0.07044374212731193,-0.0088129383484084,-0.030349946576413652,0.06033213022501468,-0.0735693367939897,0.013465975493617895,0.026733742337185798,-0.06175112257764345,-0.10735976483522591,-0.006956844854927313,0.10158975593904492,-0.010684497033179636,-0.004058031565874648,-0.03958991560912913,-0.06752011703582204,-0.02192856712493209,-0.005057439826223,0.14422603628318253,0.0359745696739377,0.08953089440144145,0.08081904451792125,-0.10207942386112374,0.1323694248738641,-0.05856996175844021,9.644496224256287E-4,-0.0898203184176233,0.1296829856988766,-0.02736989625817131,-0.05021296089255825,-0.09854761028139705,-0.0013789144409557836,-0.0969661103672385,0.034281706901260214,-0.06726430349041843,0.02469411481535796,0.031936261845872664,-0.05662914215641073,0.03173810981445502,0.08188236621184687,-0.05037272201711482,-0.16331132749827026,-0.02678755470245377,0.05090670565782872,0.014625033247142349,0.0753099656701746,0.03126837481529711,-0.11918651773813409,0.051480219673012424,0.02280713931835684,0.016278122317715797,-0.12233291991099547,-0.056723795397395985,-0.03396721171887943,-0.10915579112987862,0.002199292494544033,-0.03746237316708739,-0.05747993204774978,0.049032439978043324,-0.015186492089157793,-0.08641435388655473,0.07628981177769832,9.838289929913762E-4,0.11141882584382137,-0.07493836571583783,-0.006228509670724209,0.01632046432708957,-2.5086536731130845E-4,0.0017943391854191736,-0.04587175660549477,0.062245000005144366,0.1315727606702086,-0.0472797758012442,-0.025346521818759717,0.035322753578195455,-0.00919161771504148,0.02422942055268915,0.1859453791143658,0.015965397449043687,0.13075485326652259,-0.05704370168613439,0.015826774100818015,-0.026826298688129017,-0.02429742423890648,0.03492607719361826,-0.018199747486073968,0.06764858895202992,0.05872469418991686,0.03544668145254628,0.032269252304948516
-0.04175230325184957,-0.08727460852993729,-0.04709034141809949,-0.03234011773887208,-0.179379916132522,-0.13691512026876626,0.01791391928893576,0.10795869769071789,0.003461373035733811,0.07720411828080234,0.174946153920465,-0.03750371408094407,0.0014588150774036976,-0.006104827704298411,-0.13995356927497887,0.09548977084322967,0.12502005154138168,-3.20736892089437E-4,-0.03640851014900466,-0.3415683690761247,-0.2032727252141145,-0.027143329628143625,-0.007933982445165043,0.1666404140363296,-0.015383671583716818,0.0727920241558546,-0.06548269666291394,0.003986749436263978,0.19480858729989095,0.011695689285057355,0.0926303818136537,-0.06316618741865256,-0.16763336118387656,0.006956075246786008,-0.04748532132869641,0.03361492415123097,0.06289703385605218,-0.09121224835613245,-0.16850176795938118,0.07245165112592047,-0.05545856920608274,-0.14738293291536964,0.0016748663634043822,0.07563119496787434,-0.1602543005309368,0.15747546542313556,0.015697335009331476,-0.07644331050598609,0.10643310007757982,-0.0046826721738941245,0.06962355764545937,0.07231546869457593,1.971711151404736E-5,0.05736656754479936,0.06801134633567073,-0.3341682895926002,-0.2575147779152542,-0.005992608644430656,-0.23351825652522964,-0.022955528516479366,-0.15118113453261411,0.0833613139127485,0.013108147215268895,-0.08685104185653388,0.10136754771671534,0.039628121982571006,-0.1006026752375414,-0.005126223406468751,-0.1744597278153936,0.048661140494467424,-0.06447104130579473,0.011487980750635375,0.1042363365857377,-0.08869851559400191,-0.03354438801429385,-0.006674252924784103,-0.02739555674416412,-0.054739318405838365,0.011674478397108615,0.0950640909035782,-0.06498739434603737,0.14563598902364155,-0.12225231961564559,-0.0474118068059703,0.00243473979168403,0.03723520286708755,0.12233545119645985,0.0376091503294249,0.11007746989354725,-0.09580645341024302,0.0046557802809415235,0.0588593616945941,-0.07352690282965385,-0.1547555522658163,-0.048435835991954404,0.08070278183011952,0.03662842928285967,-0.293796613078502,-0.015491212778659993,-0.1857246433392349
0.06906259718171837,0.06937143491087734,0.02037447842699966,-1.0276996527130923E-5,-0.031387369294362616,0.32361061423860665,-0.023975335916787174,-0.03343870454892901,-0.05352882765353688,0.14618062734451573,0.08913383503129457,0.04546083904249963,-0.2757119917091224,0.27544937017746635,0.07865591769572583,-0.23291708630523061,0.14709986961548785,0.2000900436470264,-0.04907035932018635,-0.21178699236561563,-0.008737649765046911,0.2986282014953061,-0.24161909113843108,-0.1254456583743278,0.3119117759883311,0.11980490597798367,0.2856026878942821,0.03891783806473792,-0.35416352382089494,-0.1581137485830458,-0.031279731929298865,0.3520355064062761,-0.20202095352358496,-0.04463305629507581,-0.32235226542535667,0.1463733808236154,-0.07280471647054608,-0.04210570758037131,0.10694329218335097,0.13179850800658863,0.11695418332800873,-0.19109209761071597,-0.1309866547929433,-0.3127982877563584,0.0326762859275632,-0.11301484293451525,-0.24305539707148383,-0.2056426889363946,-0.1357092622662546,-0.030365460974310754,0.03465261064268369,-0.011609321902127013,-0.07997607757278474,0.22410463747898335,-0.024128763972893517,0.2829984399867813,0.07456495483629824,-0.2703333479537888,-0.028574665962336543,0.4515609315338505,-0.2002005508663536,0.028255742583596193,-0.23294991538484383,-0.12290770494623666,0.034891721404964986,-0.0029478304861038597,-0.030820779424382036,0.0080642931385248,-0.09377430375086226,-0.04913077127947434,-0.2017848044700318,0.09327907210630641,-0.24342457934901282,-0.1772473952015368,-0.15743593832843394,-0.37657606124081444,0.008860763315584415,0.3433549656661696,0.08688530538331012,-0.3540208400822636,-0.4345695081142862,-0.01579104759869134,0.2656176880351142,-0.31591419043195734,-0.05933037462204999,0.1914009790846639,-0.030006502216812378,-0.1666059359106497,0.2590586375581986,0.3162132409316924,0.1477154822196595,-0.11993570987702905,0.0973577786922442,-0.2718384319788109,0.018088706746567547,-0.34655407218660544,0.10155379651440911,0.1495915674470828,-0.050099294237664134,-0.2309107257670378
0.07036474923420157,0.19562966237302917,-0.0772316820089894,0.0868167790721025,-0.45921935839937456,0.18084602738181516,-0.21708678122131497,-0.16298496515624009,-0.05595454986440902,0.023731413355003585,-0.3933890973082025,0.18827943669006925,0.29120912163945384,0.059279954804371635,-0.2896424982929789,0.16296637675783476,-0.5468713039095872,-0.23207671995754398,-0.3547828529384131,-0.6609276667363523,-0.3181957549323152,-0.2822481093211218,-0.17174637729308243,0.11839687817354627,-0.2206205717281174,0.048428013356218304,-0.0800814966343166,-0.27217641743670934,-0.5295647227684321,0.12672550368852764,0.17030243930587322,-0.24422251514218696,-0.010690873905177587,0.30644205744681996,-0.06387565811402786,-0.21998041821664116,-0.20925645530563533,-0.1719708361558015,-0.4860653419292458,0.31595966021563354,0.38439740667942446,0.5139345874169222,0.08517352061923472,0.1481242688855562,-0.12673595325677334,-0.32648760560957607,-0.13800427027788617,-0.29631826215545265,-0.2291629160944119,0.2771835756005719,-0.2966628082276777,0.11545279861062306,0.2636736562389903,-0.182258701057634,0.8284518750453933,-0.09477683343468651,0.22612216634159793,0.13070589317235407,-0.33535779974375196,0.3135377281126854,-0.33196973196061674,0.5751552285762578,-0.540403754323523,0.3644364289487776,0.008146595489641247,-0.26787597955605197,-0.1581919771545666,-0.02184250365755626,0.364985946201279,-0.06296307934261618,0.0038746730755583173,-0.32445498597671574,-0.012868454996643925,-0.053273055731105565,0.09749367748924584,0.24115953752889552,-0.3247849889682977,-0.2933723808158009,-0.25614348790693486,0.01677112006471184,-0.3787954822128665,0.39548100817894183,0.4357742197241312,0.1108576282696222,-0.41093434877577945,-0.04114879401341129,-0.04224809649400495,-0.24077904964169583,0.13085613197315196,-0.34183763342516044,-0.25291729808622015,0.40480013730711495,-0.10495448518709911,0.2737342385345457,0.09716145424773563,0.41037478766563795,-0.20767136852743473,0.05240307167090523,0.15947223123387877,-0.10781351395865225
-0.028129768140095046,-0.17486731320954582,-0.1913190182194258,-0.04142022382761109,0.066316113566796,0.08728734586755148,-0.23145378400102573,0.08546423665888153,-0.06945586847529606,0.10237569971262259,-0.13953003348558057,0.1797579559387558,0.302177358381576,0.17681853446769297,-0.11300889337056459,-0.16505309519529154,0.008393024368371641,0.1055547162403893,0.0075708126729313405,0.029750225719167595,-0.07376466919562018,0.04768956507224119,0.033451538032167966,-0.040707081770850875,-0.1276161053970153,-0.018235400369989923,-0.2933932145536781,0.06449027479984663,0.011617244065735482,0.040741104342821986,-0.1591813695400159,-0.02317732599307982,0.019725202654778527,0.001369370326979286,0.19301087715360923,0.09998194949388928,0.11480127562305617,0.020743047579935992,-0.05883841952437879,-0.06381985490785887,0.16912691560652415,-0.13255223124052457,-0.0757705159253276,0.178792008483198,0.179515180468407,0.08348556775681214,-0.08488130505481374,0.2155271977499126,-0.10874644498470948,0.07566672812006653,-0.04130993298095514,-0.021374420882879094,0.11449898852296911,0.24619746460206998,0.11635444368490608,-0.18819100992362747,0.006746904715470166,0.17489055414414842,-0.033014701271544725,-0.06084736035429825,0.09334042602056848,0.07260391343763961,0.026532085645270483,-0.10586129837889044,0.18770546952799264,-0.3556207757822473,-0.16626760408151528,-0.09109221710084507,-0.10812843281165438,0.023397410039749145,0.22516483640911766,0.02075641735432709,0.1692072970198064,-0.09492898671403437,0.055876121709453615,-0.0033850577695646767,-0.014007486178654277,0.11491053356233397,-0.001780067963371367,0.03552787487842143,0.22862520155824234,-0.015258509423140417,0.09327563671851839,0.3146062936759954,0.17556974859215585,0.45895247515266563,-0.07414429043667234,0.019275850658841343,0.055621439695098425,0.08524431971988579,-0.009301660711983501,-0.17882060058154714,0.10125530975139904,0.19948961129929457,0.14392552047146154,-0.13285686716945835,-0.0860783797982849,0.08793917186833565,-0.08018157724875079,0.2162165642893628
-0.15097888523426264,0.15855244287175252,-0.14804146309876828,-0.4023215596016405,0.20623771006363595,-0.18100092448690233,0.13941161040932684,0.1656521618819164,0.5232539598364464,-0.18472556369471158,-0.42513070820414495,-0.7445310216617801,-0.345113785974392,-0.1612685046744786,0.007983589276820462,0.2514439217490199,0.477666988221017,-0.23150788934394292,0.5461355966131466,0.08962632478578993,0.31246575094368917,-0.22326068963377504,-0.3032710541393667,0.36839354668059976,-0.17656642360073485,0.21665595556746492,-0.09169850661928859,-0.39010155639387845,0.19879200611999728,0.2701453061414802,-0.22373554542320664,0.3027927612765095,-0.5275427527014726,0.39710733467806225,-0.25318972837035897,-0.2955582642892865,-0.3065775645597703,0.5865161284617473,0.08961682475380807,-0.25371589549940976,-0.20838296809665113,0.005049618188793085,0.8566600387811886,-0.03898827180062904,-0.035984879352545976,0.13968566257344248,-0.39468947236993374,0.4935718448975501,-0.2125946718312331,0.3149054011728695,0.146897514696355,-0.40180557294570474,0.09697826365152212,-0.5948621378486062,-0.021777162941706528,-0.03842917380123306,0.4518825820310407,0.027200681079564158,-0.21491920173323767,-0.1992435493053739,-0.0022673683177881444,-0.2667250542132127,-0.2590686310417231,0.1550347963553066,0.12396405559511932,-0.013188089880394143,-0.5484007627007819,0.48088515266261206,-0.034907011742669206,-0.2966500769259993,-0.3013336226662571,0.044132279829040964,-0.3796880294168921,0.013816728041877144,0.2464775352991798,-0.4019118302888213,-0.13645624419104968,-0.4766116737620924,0.08350272453128764,-0.27810460613732124,0.1327777071932315,0.4220185621917995,-0.09579215786698757,0.16122205806805828,-0.24733949705466043,0.4655186615157947,0.26541073805616616,-0.005202068129574076,-0.12021679448220798,0.1561414198365088,0.326534688349159,-0.3905332997168433,0.029007483780657692,0.16251111809584307,0.01616697978551629,-0.26785568978918783,-0.02075190823490759,-0.30869920160256226,-0.15944552838434697,-0.043117329198778614
0.1330425910945472,-0.13973059303532565,0.10886900687095616,0.08636145425449238,-0.07709919650907608,0.3384321287139221,-0.1416772213233171,-0.06971931643661203,-0.25333710766073037,-0.03339635545065548,0.07705066542019066,-0.09849282047695783,-0.0027940373053199356,-0.02406752660410948,0.2087421000679775,0.0789176954672723,-0.11940035855555065,-0.0917344384098528,-0.013332869854091815,-0.07180634784801064,-0.07321619140029995,-0.022550648910395443,0.10630742548350662,0.04262206977248802,-0.09366694882035859,0.054181880667662136,-0.04569272084288627,0.06935694530592605,-0.06794159978620459,-0.15666508648434924,0.009326438658672193,-0.0524410688335704,-0.04884804191157805,0.12230073497274299,-0.21201729063460173,0.1622263360403605,0.10315202123151904,-0.20616309551417966,0.20468390592656,0.13137414475045942,-0.2585318761838391,0.14838159208862134,0.1905717403149329,-0.012879849728309592,0.011630511028996038,-0.12033636660842995,0.10355602865741366,0.19075174193885358,0.05158741385379173,-0.23763877978358658,-0.10230014312375565,-0.07018180052784569,-0.025805990516025733,-0.17030767514406514,-0.13292639524033573,0.19452541309822508,-0.10831409670388384,-0.3433830548801941,-0.09346549981787979,0.10111972730143577,0.11295503093815519,-0.10017061814542536,0.20512634919509293,-0.09968391318497925,0.01606974129528807,0.20402119145962505,0.0853156526814208,0.13699248637423853,-0.07480895062564046,0.12955876330740407,-0.12598048201328946,-0.06965042703793879,-0.040730161813260925,0.012083648171090127,0.238739613455999,-0.09300758076296775,0.28773449344607466,0.001037209407603294,0.06636694690325527,-0.18713328571427051,-0.005030940350477764,0.01945059920647706,-0.3279187373883818,-0.2128425315026862,-0.07461682653356098,0.04616342385203791,-0.034736700262321285,-0.04497591181901477,-0.03895343630237464,0.02439976743591164,-0.007963346541674333,-0.028886779251479564,0.014968516389491668,0.07284045515250842,-0.069884404308581,-0.19657775771077815,0.014571623038425945,0.04561132263236312,0.037689089263157505,0.06788421544339199
-0.0030105121437396104,0.018661512592971427,-0.05925048103436756,-0.08597470878417701,0.037416643245457036,-0.06240213046245845,-0.00815234875093016,-0.14931348881809084,0.11186646324107728,-0.0811159287461021,0.02417851575585521,0.05162038149668524,0.04056785878417859,-0.08794767003949006,0.03570528038740629,-0.10768300328798504,-0.04459622110404975,0.08514976698396827,-0.05652125170722618,0.0035089610145357894,-0.05012616956800322,-0.06962524157396559,0.026584995179672433,-0.020011867285487484,-0.047588671153873593,0.05958667728875985,0.08287024070890957,0.08292483518512914,0.030119509792218755,-0.0012838097964079627,0.010868841958578797,-0.11636802608652427,-0.0796595425850919,-0.07390364514598224,-0.05249528684327847,0.06895563114370376,-0.044057153371768534,0.10352668370677624,-0.01646118245099893,-0.03733376232880389,0.1294324686851004,-0.02128624363638565,0.005604549807051896,-0.04870215772513553,-0.0932959934908099,-0.0637256382749325,0.08576748368113074,-0.024990918838846375,0.011433457647892612,0.09532071411214145,-0.024243113440609834,0.10533339976906499,-0.028710422848963173,0.04515608806290629,0.017915524973820585,0.07018451757243603,-0.016977699547964315,-3.2777357285566954E-4,-0.10001818114734604,-0.024514787613890858,-0.06770669837100148,0.0775985072938826,0.0063513328787285035,0.06603355451341561,0.15756303481635847,0.012109844654759673,-0.10072282831212308,0.015465664952063342,-0.02711249347902642,-0.004492356095655269,-0.008384233453463586,-0.010195548889814278,-0.023934987353800907,-0.07618438955067552,0.06345009425036074,-0.05142138246079165,-0.1413506503516631,0.03277618364487388,0.04110733815588414,0.06799754088351817,-0.07096119762130788,0.05547323596138194,0.11857161486726359,-0.07246274553001361,0.16550649956830377,0.033588808326198885,-0.16318540191486214,-0.10595777630706874,0.08547680801698918,-7.391718890825613E-4,-0.02084413474842859,0.014922338404587841,-0.06016262444571057,-0.0993555528783057,-0.1058526688777002,-0.006149982139838735,0.08565769651757581,-0.03172318930131781,0.10631060627173611,-0.06260732685253212
-0.15761594884010735,0.09580227777410041,-0.023007875503729756,-0.35686153452485114,-0.25792620153420304,-0.26049829394304513,0.23161111674041787,0.019045302496028007,0.4153706606664953,0.30568316039673754,0.37382941050192786,0.16722153127102485,0.11013587161166837,-0.1980510895395136,-0.3361352595302076,0.10978248489099385,0.4443089001391063,-0.15571032133112425,-0.2261937663090612,0.2653229534572664,-0.2498850214174766,0.019781689934147584,-0.13273238715948305,0.211160758788436,-0.09411767627719285,-0.08333013082948752,0.020978990163907217,-0.04231773546499328,-0.3039180794849778,0.1813627691276001,-0.2904482985269831,0.1595026403171807,0.17171128658153956,-0.27468007668110217,0.08463509347341627,0.279772203480006,0.05621875347353397,-0.32132651152470854,0.014175219015483485,0.09887285478028549,0.3041207181702232,-0.055803422462085604,-0.016519222473874173,0.3750986737910733,-0.0929877299668352,0.20218398401862733,0.4281517509356985,-0.3717609399608595,-0.029687909429308247,0.1375906539475725,0.0915713257360198,0.014717229030409796,-0.18620724246151868,-0.031185200539249766,0.2138334145157346,-0.2417080219051433,0.02537729522829985,-0.012156008708575753,0.2758815851609741,0.014628910398307335,-0.17235186561569674,-0.2609266410664038,-0.14189886863252565,-0.25295742305650853,0.1907399924536252,-0.4683212055084144,0.12284857840268883,0.25775327994323816,-0.4779956416805059,-0.13148970452384337,0.13097204294790893,0.09861801987667695,0.0856947972135932,0.1318176006980934,-0.1144264300178181,-0.07017789019574298,-0.45796353345526314,-0.06561710330765116,0.372503833074062,0.2915270239506318,0.21905934788169215,-0.27901146935245946,0.5328730636404857,0.2706742441702118,-0.07535349788787263,0.2713093791394364,0.1732705663012008,0.016030478878917957,-0.15192637968102152,0.13385939597201377,-0.11843429596295144,0.02582699255628232,0.03421565272312802,0.19299395984322737,0.015299050506843296,-0.1548338229441255,0.018618449356578432,0.14756696908771422,-0.5256935265110804,-0.10612821412287968
0.08471084497573125,-0.029394676219446535,-0.014429263849792798,0.0394645182677751,-0.06143146089480437,0.07212292911261249,-0.114027252677778,-0.013800272742142747,-0.03155390326468475,0.014197673476355165,-0.015152522758975825,-0.01906876486520086,-0.024714807440263838,0.03677681690864653,0.09109670161107906,-0.07579750147225807,0.04336519716710737,0.021067513353045342,-0.037624869912183445,-7.136207860817976E-4,-0.026255161034996376,-0.054208219465875326,-0.012894291617898204,0.007657325855534032,-0.09903640243612956,-0.06285597585580596,0.06375189716058013,-0.013620341237116482,0.056631604783564285,0.02835232240049057,0.01871679327768829,0.07928891429111798,0.07538363469121699,-0.09377426043861826,0.07748543963403233,-0.027606242850507817,0.07181991959139643,-0.05034523446827946,0.04411125137052316,0.03493128036955667,0.025383173358628643,0.03411135656413754,-0.07825514499761344,0.026932364250414436,-0.03504801749048748,0.05620586434219115,0.01590172451739965,0.04454501889723083,-0.016303613334176542,0.03638260959558902,-0.05110230897187108,0.04588485095713296,-0.022392992837338532,-0.03334844979770022,-0.009844512694434466,-0.0510509939580617,-0.05615507510806076,-0.030326614479517566,9.037638598523144E-6,-0.05634401182717824,0.026421788173274806,-0.007699584707193836,0.027139583469634132,0.010735844994769962,0.048659817745010145,-0.06382202304109409,0.023272387430028855,-0.011683010631955277,-0.00806746677634823,-0.008742098833091431,-0.008162622194207186,-0.04485723261183458,0.04178539031150202,-0.05632360686843164,0.002985935623055371,-0.07536259066545065,-0.027317388753071728,0.04651702640765052,0.0027369863018082935,-0.0033603543656154306,-0.00716492151973974,0.04243924191691095,-0.03543796637152435,0.04563787814600034,-0.037292678257829504,-0.05496116246760489,-0.056524769497659326,0.03054821295494657,0.041546516895482985,-0.002706258452088452,-0.012437495660745087,-0.05043091706509813,0.02329235687487036,0.05508773406182463,-0.057711230016928974,0.08869654734446614,0.05497830787609894,0.03210978075041474,0.06680448150004648,-0.005878572856403952
-0.055481105203445874,0.04066924362511244,-0.24244780822096593,0.041684602568449115,-0.18748223754382887,-0.10341575061947013,0.03930191992986715,-0.1411268532503279,0.09346182267836524,-0.09975371541510533,-0.06424859887016815,-0.17277950481404325,0.10563324035747602,-0.073064338396729,-0.4174041116589348,-0.34624392148398736,-0.18623644403277195,0.06277624109525037,-0.11109050189723556,0.17550217812981198,0.1547588448701437,-7.979984316461094E-4,0.017966197742949015,-0.1081851892084651,-0.10595149974545137,0.014445200965233107,0.01781098182872961,-0.07160788280041905,0.13412875871568666,0.05105467765518089,-0.10489273342645261,-0.006006233725394601,-0.20166643862455605,-0.008441895261072831,0.04431688478179993,-0.060693939665490505,0.013308606978163322,-0.11703425936686518,-0.2223179919921627,-0.09731067012778105,-0.021050586529207885,-0.04323220010036398,-0.06804327386975319,-0.04460603203197988,0.14770459840566402,-0.02535701151997775,0.26063873349789574,0.0021103972949370452,-0.08980738437865189,0.24261904886479313,0.1911167254391499,-0.21771567803589575,-0.13798814121987987,0.18187711158657802,0.07127437835636038,-0.09945016484321316,-0.1944683010672712,0.18983415871658949,-0.05859121205465932,-0.09213544511951206,0.0066269516073034895,-0.03718389089556563,0.1292205136848148,0.008222441491844425,0.08206657086215412,0.05715455406908619,-0.08865977644234078,-0.1428703670069468,0.22616133912000108,-0.013089490041895855,-1.7965697904439925E-4,0.3689211035635186,0.02865124643750164,-0.18547935727104173,0.029321673216414695,0.15103998093417573,-0.04373962579350548,0.07090672860111628,-0.04806045205040667,0.10518267181509022,0.21423706890468291,-0.1278101529626516,-0.12593047120923495,-0.011027716000497387,-0.047455950053078365,0.1944342206073891,0.01955709374644896,0.026044647185764734,-0.08092367373931796,-0.17004233445790093,0.08410878997501955,0.02632077329778304,0.03171946137629124,0.0440106722965152,-0.06987906704520903,0.0704120692104975,-0.09850458053198667,0.03862173753193414,-0.023707533694791293,0.0473351162633451
-0.28905790892196404,-0.00318463520386463,0.2823109092217316,0.2219872363053843,0.054296237490877745,0.22857588380074348,-0.4812255316800169,-0.3479314369353115,0.10854401034440227,-0.06268346716202076,-0.0410335992949966,-0.1112164571319508,0.5646033343692969,0.07223242135208503,-0.14822246476728856,-0.28919780159290315,0.3328736610021088,0.06399249871298257,-0.3018546344943111,0.19268893060538397,-0.046325793129594124,-0.3222317233616754,0.5680569057237029,-0.8380643935458836,-0.17384241121838254,0.13908276375771678,-0.2086934848304367,0.2461048994597513,0.08015545991473456,0.26776631295085734,-0.48818407313195367,-0.0683127985231233,-0.6305547990422382,-0.21985786124505344,-0.19555650446528877,0.049142908929532374,0.48570147275825876,0.5643323918041054,-0.44975057058276185,-0.4799097215286657,0.240084448603598,-0.27066711109902364,-0.14354018606325727,-0.18744204057707034,-0.5490449933015036,-0.16305941493143383,0.2440238238222484,1.062210497700383,0.20256021788012898,0.5240502520370959,0.0462267232115227,-0.17731303078216326,-0.17641433853838598,0.13331260380438695,0.213306457775007,-0.40063214041576856,0.1563090719567152,0.3008620301936537,-0.4261194715940598,0.50062915021795,0.02589971865536507,-0.09828657411761514,-0.19330063303310865,0.007602287462650321,-0.1978768443760177,-0.3525324799785606,-0.06578505394308524,0.42529649330764513,0.4737413157556174,0.4582137853890162,-0.5667139664854796,-0.03869945421083065,0.19607452784608984,0.12060982418161713,-0.3011091928492302,0.11397556940907916,0.2821885696796642,0.5698816076663683,0.3841984041092852,-0.3252159352999514,-0.23147412210142482,0.21670149344761672,0.07960722493563373,0.21318359915108065,0.13112648840725935,-0.12959249352619479,0.16197234252948878,-0.8723214628192878,-0.5857802624882563,-0.38143432380183995,-0.01999735636771351,-0.09458068386437468,0.13467529222437977,-0.43285911739283467,0.17893516369479542,-0.5289159586035593,0.1177318247103419,-0.40206672762345774,0.07659835901622115,-0.3987465770227139
-0.2564586604475328,-0.4428865863598847,-0.15161323814275132,-0.12540882436434933,-0.185022397810871,0.08497525875563439,0.13918415857766286,-0.022641550277033417,-0.4494243466989431,0.42987774435551185,0.2497265637280087,0.139164956654144,0.13776558694678961,0.014973994394952703,0.023171124084174672,-0.05716591883052235,-0.16021659706514832,0.09852855389677492,0.5168812860678964,0.23968733161071704,-0.08613452372583438,-0.07582975245206405,0.2743431816657864,0.00836524527600507,-0.07080059490719433,0.24729027354828467,0.1732546046746119,0.4761331487715169,-0.2667124079391403,0.020678669360675105,0.15089507054134413,-0.2926062242397841,-0.06706524566766063,0.015645281340320352,0.136839964465007,-0.04330944928179026,-0.16535905250616256,-0.0650889392302527,0.561092430536722,0.13342576588145147,0.07028052752181829,-0.09482942318429784,-0.22556758883765546,0.1940446014780616,0.22333048374215328,-0.047446681322771876,-0.1222250908187198,-0.013656345039816845,-0.03940767846052392,-0.028412620614936702,-0.038819453792341245,-0.2570496984974513,-0.19356903455015312,0.05897305879521093,0.09252882394616965,0.23361483052141926,0.17663699749036324,0.05449389932283379,-0.040774723876690774,-0.050297737115882174,0.10758107268334809,-0.05346710526623737,-0.11560618903030118,0.10083844964049987,-0.023856708792099036,-0.06816852394682499,-0.22310366139300342,0.1347004030148799,0.12259469653858578,-0.08468704718791965,0.00425449830703873,-0.18639797377361036,0.327946599865746,-0.4216627289818831,0.2795622365418464,0.09348781112618368,0.019678839646801255,0.27250380206870645,0.1106378252123316,-0.021916319668151035,0.11373945720308036,-0.2378050458842457,0.5696003247465043,-0.05876066464729057,-0.03708888764242398,0.22313443752682594,0.14851933773817375,0.0513881417393462,0.30660269809887786,0.066759109498394,-0.1177081877874209,-0.0063422488464028835,0.21284276355191606,0.1686759693439993,0.026346968398760107,-0.6214675800806059,-0.4355271692449204,0.1339147335017043,0.11887480181286743,-0.3341351604882632
-0.01377512616851523,-0.011034471953300071,0.11526870749084522,0.07908523644211952,0.12134486904034487,-0.010833580818408094,-0.1982583873016353,-0.013713407192232631,0.14450634371747811,0.04715942459438006,-0.06802653669326605,0.006668072138698496,-0.025113220753476575,-0.004990870491011313,0.01919516772816847,-0.11049572840613789,0.06403660049912387,-0.03243043717646554,-0.1281955796401374,-0.006377608406780455,-0.08322115984723683,-0.033162328945194115,-0.12283580607620484,0.10357190050743056,0.03719105108419283,0.04682095619661375,-0.0068044230566372006,0.058408104839072696,0.01656005212804953,0.021241845220675196,0.04627807106653577,0.10657945021965436,0.20553241032655933,0.07125535703535311,-0.037076120964237486,0.052748200915796115,0.012252083734981784,0.0018548665951676402,0.15912307870449538,0.06771136811154954,0.07063559686397002,0.020825304005699676,0.007587837146129135,-0.0030759518699930767,-0.03709246644913879,-0.012990634485764947,-0.10533216718233043,0.03987392104929161,7.848663073279261E-5,0.04349849629239723,0.04177694012529532,0.08601410223446357,-0.007011962611688717,-0.06619503052886823,-0.03260517979477419,4.8457061286282514E-4,0.13451124908395282,-0.03394654685564461,0.0689457134962661,-0.12139013885471561,0.0363693670005828,0.017594917095996372,0.04135302488395229,0.06497079643720222,0.05832092561903423,-0.14691233291341957,0.03493293057147915,-0.09350645581493676,-0.05001706037703261,-0.023532241554433585,-0.038292265196581486,-0.05618353651137837,-0.011826270884805727,0.055217952865627765,0.040316814213001914,-0.04847507098863735,-0.04614923019721863,-0.04210838507296312,0.06100881917006903,-0.060081010405133334,-0.07086839559285109,0.09359570067893364,0.0962167612262174,-0.04975165644745517,0.07753065104091122,0.021117754832135047,-0.09524686354778726,0.03786629555618431,0.009932960323573388,-0.03261046053389868,-0.07153421172045263,-0.027745302914147923,-0.07762477696675209,-0.03115678826122716,0.15222907049334763,-0.11859183482101429,-0.01596856594049809,-0.1140681868788454,0.07902064957192599,-0.036479846297263245
0.14633911178469344,0.1618184429649218,0.19932874979868503,0.3550457219757339,-0.07647946869581387,-0.09428316880330599,0.03530150305854592,0.04308558702939853,-0.13402572448005323,0.12090647092339225,0.18978246601152332,0.07522284285796119,-0.04657256895506949,-0.4617911652647932,-0.47118194790468854,-0.2985353085108141,0.05355484167381935,0.011174375493670192,0.1299910211285199,0.05825189825358802,0.23877553434699236,-0.08942049017334601,-0.39302741480122655,0.13163788858158235,0.1515912974003744,-0.13540404213007814,0.0013200544742525194,0.06972745760424934,-0.04197235174937405,0.08866359364866594,0.07966452475377342,0.015159508715780663,0.18491922443334058,-0.21533421357633759,0.09803442639227,-0.2588496513400462,0.01494150461495034,0.04049544989676912,-0.320781981192666,0.06463608937893037,0.04200325730933427,0.1122354398712177,-0.04865281864986868,0.0973803467944703,0.19217596143197072,0.21637616812354432,0.021466379270847453,0.04851251412645676,-0.017609146001917077,-0.10739095834225183,0.020918473837872823,0.05826989921920921,-0.1531490624899095,-0.12267496317628858,-0.020279016216332924,0.12865863961619092,-0.049358279949558,0.1426987216484158,-0.22959209743953798,0.16900251820496218,0.1764541898370364,0.5879738093277974,-0.20515830370855212,0.19903940337558523,-0.005208769025723024,-0.0035217712382855293,-0.10574637601683042,-0.119991507318497,-0.06838681824147523,0.015231324582772258,0.06587553001085028,-0.2174720050750956,0.3056981628602352,-0.041514044095741366,-0.14253674737991423,0.022470684317025952,0.03709711857661298,-0.23022532692995212,0.1191591458946548,-0.14661727084710008,-0.015891200350153144,-0.1648354493714401,-0.07060871709795348,-0.12005212177454454,-0.16630879762005407,0.21582858360703366,0.12110075841057945,0.04998510714082658,0.0995980481489854,-0.19220782597162725,0.011371194995833767,0.20016054825409807,0.0751812429472398,-0.17188868819717587,-0.26427712847836793,-0.05274058733414052,0.1741499707640633,-0.0075114359270424345,0.1428767898120246,0.027220884234931592
0.03250245127022032,0.04372682067273403,-0.03620068032439416,-0.024599390133144015,-0.01277963008476013,-0.012675345877788595,0.018269494277153277,0.14534540134877147,0.0823297690999724,-0.12441199619916479,0.11361092145930236,-0.01727044794429378,-0.12291302959964169,-0.023558096664417952,0.06801000683749568,-0.09201048585246006,-0.15080409958753713,0.061030371260015676,-0.022664428017499325,0.07756692996843237,0.037979406612644206,-0.07121188206000893,-0.012285676942876127,-0.07278268530798211,-0.020332883750152544,0.13153105534239398,-0.08601645055907166,0.09564435472075229,-0.10282302081554645,-0.037996040671766595,-0.17157181177132416,-0.09496220982927979,0.0592197916768035,0.05052246503523152,0.033409588703670626,-0.07526781639120998,-0.06636848110165272,-0.08404739659046126,0.06509894424660025,0.022970879979987906,0.12766478673426518,0.10377652554032842,0.05759267397918562,-0.029327223842837924,-0.17451844147810325,0.004254742541585103,-0.04692877216693855,-0.019511810881422148,0.020232136686947875,0.002646604355373718,0.04682259817350789,0.14489093751419435,-0.02396352762819449,-0.00951178885252077,-0.02148963673836505,-0.019173711809752712,-0.03279668103305246,0.10176490401912923,0.030173189757854168,-0.051468907320674835,0.05072878128353038,0.14504478640802035,0.04638359508825828,-0.022780094978272054,-0.14329236784944538,0.06006335640749333,-0.006540375033968216,0.06544132234610685,-0.0499176959121023,-0.025663382718663818,0.0976028594107563,0.02572145827495141,-0.07428437130052945,0.005441035234692266,0.0736758633708419,-0.057835280464205226,0.043399734633791105,-0.0655668865678601,0.011296073142471738,0.040530547957671505,-0.04903324227470212,-0.0766026211451262,0.0047872974266212585,0.009252443768920983,0.07193510050276747,-0.044672886817743215,0.07009742909983123,-0.0034210945055359932,0.08835012303983229,-0.19741698257321497,-0.00616856505547594,-0.10436682875378744,0.03955025660685402,-0.06381739759447891,0.10701860115498436,0.01767140834392334,-0.07433256409965998,-0.038367138533139764,-0.12311554403655874,-0.06881507219353987
0.23166871305509418,-0.1957905999900778,0.146478718529206,-0.27899995699922053,-0.43876724613050044,0.6032814455849059,0.055986080786223906,0.1338011202497462,-0.5130613925521186,0.22708509126442286,-0.2506787004530667,0.137362538683603,-0.44007643100592475,-0.39628361048714056,0.12769873361024708,-0.10512774456545303,-0.10789565689051375,0.29324699543775307,-0.10171974068221214,0.05670906113558859,-0.35639493430902147,0.07547407629832231,-0.3260895688073815,0.7156307725335984,0.21975180705270198,-0.12540671756734367,-0.258523664861833,0.653431582656199,-0.15839356585403844,-0.3190416368690709,0.221894844168712,-0.32350602463271766,0.03888363280725128,0.26916583669008826,-0.2607109421104276,-0.126254973238313,0.1568137179127796,-0.4898402607018004,-0.017264984481923647,-0.015647494544632056,0.2551466714077987,0.1169326142398347,0.06061483154406653,-0.31007517865761497,0.21439022025544374,-0.11320376274751857,-0.23951476907266933,-0.16561209483514946,-0.15093170194139305,-0.22212116610983568,-0.49225920301343845,-0.5495393508575598,0.29949963650330624,-0.2918552642451557,-0.398915043712171,-0.24331189807146666,0.15800189554814176,0.05575830515075753,-0.1427441917459981,0.20172774822948358,0.4437898955801296,0.07896330373202344,-0.2901690147679175,-0.38268181685497055,0.12119284766593762,-0.1278136229245444,-0.35436431352540665,0.22614199930819687,0.04608535301923947,0.35090671900739634,-0.2639074388932059,0.12693213622571878,-0.46741721748719256,0.2911170260154212,0.15876181277147422,-0.009033445650109852,0.09846858589627286,0.10865095787534908,0.38204300010895603,0.11608883104096906,-0.12643204642336348,0.07656551924775705,-0.04293719675389591,0.20650981900365847,-0.17064701405755392,-0.06982893643541387,0.5083479312912914,-0.5222448560769557,0.24893407552324753,0.023083653058944782,-0.26121226101614997,0.04183173791098466,0.14125144915420348,0.11089851786709959,-0.08200360435783334,-0.3773124560236179,0.3526055016213083,0.228877116489207,-0.32922140879807993,-0.023185290291636445
-0.2726995316687701,0.022498509143025508,0.1333322610467921,0.06650074477388945,-0.03873277846326149,0.04886387291200622,0.27997773383894087,0.06570157301158491,-0.25745381096639436,0.04009988506081759,0.16703340920835946,-0.183804877036629,-0.35108566906367045,-0.08278460006912997,-0.2871400377826621,-0.13825352599873042,0.1439800413250838,0.7150408925288735,0.18964150023245943,0.03949359749611977,-0.19233860565379862,-0.08922149441752154,-0.05317342571476502,0.22364417381823315,0.3642509211636326,-0.33204130024573286,-0.2881281044458793,0.5178105220111827,-0.055145665945853996,-0.24455759786866957,-0.34804994318902793,0.17524746546333028,0.45758546916532,-0.1853073539622015,0.303912711074179,0.026090280915443183,0.24515666827084281,-0.14121423548214432,-0.31953460899882646,0.14138461509886827,-0.5389977935571573,-0.0153583512231469,-0.1596057210094977,-0.3045987218544481,0.5325513881289979,0.2582343025610645,-0.5991995202873753,-0.11872413487515575,-0.5695354594616677,-0.035866099024626216,-0.3440135997599598,-0.19483256222533535,-0.3466473032366465,0.05396835605494853,0.04221970215163806,0.1964971363685624,-0.2586403460071682,-0.03593932172201442,-0.1071915555670444,0.04320036247624582,-0.22294182030382972,-0.35337001200562734,0.5519504282864829,0.17994604719950008,0.3810401194491687,0.05799207895080094,0.049040679764508634,0.18325823069566238,0.5243468401054314,-0.015403221613529035,-0.17887966157970603,0.12638896983854087,-0.06913546184838697,-0.07964110373051153,-0.02579864084714173,0.01953121773309594,0.23094894710908132,0.5384022197830243,-0.004929890147120508,-0.2687227432361645,0.25046008214940996,-0.07971612083072552,-0.2796751992546789,0.1262841754454362,-0.1592934965671875,0.2707977894117149,0.00838400288964398,-0.03844373638222176,0.27429882305476794,-0.2321903702400516,-0.13418401866546148,0.4533584966231746,0.2576059975959536,-0.08516059097839856,-0.0790538023480147,-0.06993985542266691,0.23416094463477793,0.5558673997951946,0.052440980466964555,0.00885562049866533
-0.12364337345258576,0.11296859079841015,-0.11299209668559215,-0.024257961625847785,-0.06388522982778261,-0.1394722112154755,0.08409965053472886,-0.07851279252990066,-0.07724994215118672,0.13717687215557586,0.11733775147984486,0.05242397141675096,-0.017098221612932337,-0.018275836257582227,0.10261116285700624,0.07766162864432524,0.08928621501537111,-0.051537649296748235,0.10876846757975271,-0.022188939831031887,-0.06730148623983133,-0.11868549077556718,0.07552435676509965,-0.07701081531716047,0.01750097673993634,0.03520678794741338,-0.05443558120825325,0.009674245838650473,0.04775966719841025,-0.011837002045938442,-0.08341305750072897,-0.07137857991271843,-0.007435718704446989,0.07686521162771634,-0.03294123618774855,0.014439397617604635,-0.10175745922742307,0.035844846856816076,-0.06018898447062412,0.13197679094768258,0.08044825145240281,0.03817545697043956,-0.0013214964474199628,0.027976472421096504,-0.07158072238915365,0.09586899930833825,0.049121687178700926,0.07293835284051553,-0.16742616582329353,0.04066997154803247,-0.0735050187451095,-0.060264199823583754,-0.014741209946994521,0.1453393323460802,0.0024933904424370755,-0.025451493443626863,-0.005094593219778293,0.051709086250581064,0.17269824836707198,0.17820701975498088,-0.012682351687955722,0.004364776790478492,-0.013036342250717998,-0.03434878239680855,-0.07643036380534611,0.0627419088569785,-0.10944346439558784,0.04110894613000405,0.02410514288585609,0.02688197435913442,-0.06961935124922647,0.04585021571377528,-0.06344292216838301,-0.026633271264270526,0.09228074201481425,-0.04939578727373268,-0.10211593284358796,-0.008119044994109877,-0.08907471515367571,-0.023909300800522625,-0.06297468511611326,-0.027120988133507294,0.03884258631565546,0.035151156371214944,0.1578842877429134,-0.0639682867900209,-0.03759488076324679,-0.0934617233980305,0.056893132604114355,0.03654730668548854,-0.038515428269372605,0.03645601914568996,-0.07192978025428971,5.826345720757534E-4,0.035611534748118526,-0.008994391717089162,0.06769742244662956,-0.03514673331177178,0.08279385945408713,0.021787439310048503
0.12971727803497057,0.1567702390384739,0.26591918652964525,-0.09493265479483616,-0.16508579639202156,0.02180359137812531,-0.08507178098671588,-0.01171142369862152,-0.0854490299122243,0.11140822651613695,0.2413488642279668,-0.17232167318773067,-0.025543958724844985,-0.04214730092247162,-0.20777038377870682,0.08724043983179905,0.0373360530458101,-0.1622437526777769,-0.31735778213005733,-0.07697915604869589,0.03182848033320074,-0.1773501493563141,0.11486735783355553,0.1679987753455571,-0.19501459301567553,-0.07926881131247587,-0.12384129455497557,0.17566866733817824,0.11596633987014043,0.2808578649206512,0.11544749751884636,0.21122342108201617,0.025712612490906946,0.11023828321990825,-0.043006921195412606,-0.3334588441245239,-0.020993441050117464,0.09130682833251699,0.13593491266575752,-0.054846405036231415,-0.07866458663555288,-0.11632381190278017,-0.03386071778562441,0.181579281845159,0.19139394921609096,-0.006632389499455613,0.2655412681537649,0.11622165843975694,0.10390495946022506,0.0801452157030378,-0.10033291292314711,-0.08070277117627311,0.032230440700965084,0.013003178919490814,0.05866632292547168,0.06969751164047285,-0.06577089391839804,0.08818839105065622,0.1238351252980571,-0.3277059397312293,-0.09828437474936765,-0.23129375271872232,0.09330983118731431,0.07213028827062179,-0.23876064304544775,-0.12600220509757182,-0.131836593716149,0.13099278771462675,0.025513889748389276,0.1632880541562004,0.033033968145285225,-0.003966701934416204,0.06058794660556968,0.2955575056015563,0.03797924400394606,-0.09628472098469743,-0.11318199298396765,0.15763129399396464,0.05147629609017318,-0.06619462719642111,0.11434848273782308,0.012771651405585973,0.04729190012640727,0.22054079605068252,0.11688824205418609,0.18142315940840745,0.27177044706271547,-0.1534028244233987,0.03320924308306677,0.14320848967956815,0.01065581949709781,0.12081236582967148,-0.051858311732414834,0.07413514936271064,-0.018238828474893283,-0.0684452021629647,-0.1867528275919618,0.09205994857214035,0.20441927491784886,-0.1417896132325731
0.020529052858555902,0.007010888929196659,-0.012994867359630236,-0.0996491774319428,-0.10927051886701254,-0.04359016000888456,0.32175585056696215,0.036828851008824506,-0.0260107282769223,-0.14072716792031262,-0.21862791470446857,-0.2596641053389681,0.014937266125697304,0.15507713080576016,0.06124969805541346,0.1989848078769675,0.13764254638473347,-0.03335038580225781,0.15305105095252552,0.1273671830360489,-0.07912905440956387,0.007434214858368488,0.015073232990359014,0.13813145323586692,0.06125660987322435,0.2368188680825666,0.12230984507662636,0.06970667475139013,-0.0034813250460112004,-0.10672939980160051,0.013970600121886369,-0.03866168634035267,-0.09790222246373047,0.013512617726762483,0.031708700286388655,-0.060152257275277635,-0.04494761053637258,-0.07689219153892525,0.058148377214139874,0.020571431011209142,-0.05202273085267189,0.08424388931690384,0.12782902299258403,-0.1427263284665727,0.06023674149447346,-0.021171554257128865,0.029947382736524083,-0.09044257918717459,0.0515448845781581,0.01304172615504518,0.1709108506423434,0.16944270491757035,-0.058813785536180045,-0.10832346516428845,0.05999963561230419,-0.09041018162055071,-0.08615114219465617,-0.1648833488949648,0.11850361251305108,0.1101391693612371,0.13386935454746238,-0.0014933690953120968,0.10252022647139822,-0.1369159133555887,0.21332921143250233,-0.012972456835125198,-0.33646947824877566,-0.06659311498050574,0.10291271466016713,0.04409478797809914,0.13177370745649,-0.007198450327374675,-0.08147143286017007,-0.08536437349430469,0.17347293264280503,0.11304773397484542,0.004945300104290932,0.032060196369006144,-0.06276146766727682,0.11532946666154316,0.0989669028020859,-0.15835264078328604,0.1432084029672754,-0.07628737305493262,-0.13868491093707636,0.004316182990466898,-0.1790463072046038,-0.10923810449209403,0.07464386498207559,-0.029783959284685885,0.03492319932524142,-0.0286760758357503,0.058919567259418854,-0.07387604834843038,-0.10263537137583362,-0.06285512523058442,-0.019195183412754033,-0.028700204738616793,0.24058050084310195,-0.06428376806131357
-0.0038449912807397603,-0.012354933943064732,0.08645663345178868,-0.03293604660391948,0.032123712763532375,0.032554836337574514,-0.055106675873907315,0.1120891195909041,-0.07028734718654223,0.04168898299488637,0.08622288876941561,-0.04169800356846459,-0.029084976486790447,-0.043372731539972814,0.011898640966270524,-0.08573791083783719,-0.06947531482023744,-0.01879352233566513,-0.08366750131785874,0.0338679808227812,-0.21764396386698084,-0.17451244316699147,-0.02848985662876556,-0.12286896344218155,-0.09447421626552853,0.18686647670608825,-0.05928081531846243,-0.03225940744499226,0.06695867532011732,0.17384327945800898,0.07035179078934627,0.23451054267086197,-0.04571137167495372,-0.12373532998558281,-0.004073084835303975,-0.02669340844535613,0.05905380684099785,0.04867677274781638,-0.18892078999325929,-0.019021203308809805,-0.1093825126285507,-0.05192513897693134,0.20869875611351343,-0.01716053602557189,0.03819525992240629,-0.11532801522179519,-0.18613436454339824,-0.11119340186824325,-0.07659290678824393,0.051990511997571806,-0.0633833427800715,-0.1136844766216976,-0.08757392835454447,-0.1128473123368695,0.10123481919928101,-0.16555225461191045,-0.18422008792385464,0.09436848801905376,-0.007553939960977295,-0.00543208535276699,-0.18319036672522468,0.26281341608242326,-0.0648959177542409,0.022031587108758917,0.014654029381092065,0.14242016836060348,0.11506962078775607,-0.07179405094053014,-0.001929450818269797,-0.07091202718863207,0.060474464027703775,-0.020698045403717027,0.18693847463497745,-0.20976540502419266,-0.11294177381594508,-0.06813407837855161,-0.1100638328200007,0.11262683267346472,0.07032435536947808,-0.254559443230502,0.15484718494745198,0.03798556084188648,0.11424041405630252,0.04336243923306523,0.10275381538209973,0.012001926450532347,-0.11467459100594385,-0.1132315849781796,0.11887927487270696,-0.08927062492440314,0.028334440948283423,-0.1991821518989156,0.1233979402966091,0.08464304334275852,0.0045067852293762785,0.02147222532531834,0.02268417642406029,0.01996609531868921,0.09019835415604437,-0.11472382116288958
0.09372198176108969,0.020463096863869448,0.08760598553624377,0.08198398335826516,0.0015617313844471267,-0.10970222554562009,-0.18683014959298372,-0.020853725548609387,-0.017566606128447064,-9.759850872928715E-4,0.007725166995799962,0.05756167291622728,0.015547281263543102,2.1011895345783278E-4,-0.08125417711855919,-0.11426318391672148,0.007399099195465762,0.07612943770231954,-0.0989363293179236,0.024654941836738598,-0.008579767346557,-0.023585554475680313,-0.01401992867739444,0.08643940238023479,-0.013171139964716192,0.01916153552009042,0.04010097695803052,-0.09482790179381467,0.0038601971577798123,-0.01986168307053723,0.07641558844979594,0.0959839844032484,-0.005497851387820375,-0.04751612043863828,-0.11450051682825839,-0.05421913940244029,0.199563166828832,0.029939413461821912,-0.1305690705986571,-0.11493898673635781,-0.07522059120244569,-0.04511572075824424,-0.007790540527734641,-0.0638972698062208,-0.14168448628733513,0.05904676635652717,-0.0817063561825677,0.06001812916445555,0.010422079041841366,0.05602537162574077,-0.09034495969302782,0.001829915297478281,-0.051206722893605526,0.02315383299150466,0.13119787633124394,-0.0610880072865988,0.006593488162966482,-0.012721654335524541,-0.06841628659210147,0.006232837719008283,-0.18264050964757034,0.015852268441447753,-0.04635954578141422,0.06527202824572029,-0.05016630872004098,0.0032767140132300933,0.11568353243088575,-0.05580691738661402,0.06478735569236262,0.0454559998903979,-0.11871656447628151,0.013030832155812393,0.15740300614487834,-0.18209996448187168,-0.08629966056889356,-0.18176917441953808,0.08516919405209333,-0.021249452349824918,0.02176305777297326,-0.1616573114267394,-0.011758948061681205,0.11233226765747115,-0.04644917852493742,0.02367009002527578,0.23417621810736475,-0.0262179106930973,-0.032056161334479326,-0.006380347677946649,0.04711533208201079,-0.07795323285454193,-0.02304970360880697,-0.06495513428177413,0.05518548935864708,-0.0215203132058265,-0.1461426737879515,0.12503554637096037,0.06800759762030108,-0.003964156991740153,-0.00828801916914748,0.04271219979163415
-0.35209700974439356,-0.45789364698029145,-0.12256602419918161,-0.2249198202297798,0.05121795037067301,0.3853744798507404,0.42867974739368164,0.17010680873352152,0.12459848894303294,0.21962948430034518,-0.2871650679888719,0.22498119505880917,-0.08528807882817575,-0.3981614369300866,-0.5236164231156516,0.10585061200520739,-0.3523257147257912,-0.10781560689249158,0.25782372154943856,0.020224016057801927,-0.25485759330350577,0.021636969423809587,0.007243120414072831,0.30609858730644685,0.36958123405295695,0.37199117402041415,-0.4655644037646998,-0.15217244189192727,-0.5287683977385857,-0.11717296174644984,-0.10035385087659646,-0.2390010911196829,-0.3442748488486054,0.2587456701251405,-0.47142110377952673,0.020554965678109074,-0.32807451711655833,0.15928473049421696,-0.06276497547647844,-0.17443834566923422,0.37865669708884236,-0.2030324466935377,-0.4659245580916519,-0.49112937940287804,-0.26443754110185463,0.13792979660598345,0.2860330494164467,0.09421822782572027,-0.27199988256016633,0.3196066356750085,-0.056377273906589045,0.21669088666115824,-0.4001557559666459,0.07919331407120743,0.05548648272941309,0.3897130315978138,0.20353073360651658,-0.17192978741750847,-0.3978095188053708,0.1409431073270566,-0.13657235229516962,0.13267277834222332,-0.06579528819158843,0.1417159804372756,0.04054297649907711,0.38649780491441027,0.10059178412291685,-0.03258379072823226,0.08583617897750417,-0.3801571626794944,-0.22137657342657036,0.03680793700886431,0.08379466970099404,0.18730260412652283,-0.3150796858061688,0.22358654132135913,-0.13617037613738164,-0.13773674521681575,-0.08026814030338199,0.18443265069094825,0.05510858214062185,-0.4545584107148698,-0.02326458132477868,0.2214222451699071,0.3164756155283049,-0.4968211505468065,-0.11595397077710926,-0.09825704612554421,0.2233225967650506,-0.23667119689436858,-0.12301727076345989,0.1049020820279215,-0.45050843959410297,-0.06164737038937326,-0.2400587651103429,-0.3227352649814693,0.1698164541432704,0.09885426200510662,0.14404936718175013,-0.33361285995241746
-0.06656575258057561,-0.09661201508811725,-0.01371932274239338,0.07027965098974448,-0.10815600977622722,0.11427834825692759,-0.11924375390371582,-0.012971633785901843,-0.24444730911657375,0.09622380760455998,-0.07742481931908168,0.06952864557360888,0.05635380086336193,-0.12449401652096549,0.4111208877044882,-0.16659290461932239,0.24054390542906848,-0.2037284916695787,0.0930509705482874,0.07783335731393928,0.292855931314203,0.21985827791199475,-0.007373476052378622,-0.041171327077965995,-0.19116155808705468,-0.21702239771280404,-0.18381760504089267,-0.006871738805168386,0.30640968674052804,0.2251599196582246,-0.10025261653953842,0.2239147052746049,0.12405815508799667,-0.003198128345685596,0.03543938702617972,-0.1501281772379442,0.11484787626095917,0.06413138403219917,0.06216294612595336,0.407056410688414,-0.15854293949158657,0.1434483763461875,-0.02781193282550187,0.43696279410370886,0.11660478382420597,0.16891761231260197,-0.22432126342182201,-0.007384685931730776,-0.04302957974189692,0.012854930014776616,0.17843917743338783,-0.2685198378547656,0.27969912900919536,-0.2952533993299711,0.042391642409241134,0.10272921861771085,0.028624583107617153,-0.07795167662286923,0.081413133147364,0.08693970020400146,0.24477661998213784,-0.24859891874814094,-0.09804796285949273,-0.06664629942513836,-0.41108842308268295,-0.43220259392628096,0.19775113074302597,-0.09725969248182,0.27219022455829806,-0.02544608632876562,0.09452131773859591,0.13752675054577151,0.12391075123712605,0.190027524048132,0.009096736301728399,-0.1834959059242389,0.08472564280223871,-0.04633978317930873,-0.07277698184770862,-0.3670124820709569,0.1147272322588556,0.04891292209391652,-0.1117186672237844,-0.02015011088246871,-0.16344475221646232,-0.26155719537473,0.08275616341322775,0.30604725355317364,-0.11100949660735285,-0.22043741959844113,-0.04599372413264137,-0.2288840092778375,-0.23206303623637248,0.1592479795025853,0.3076657354265816,0.030766299072472223,0.021879040259028135,0.4002437340766056,-0.1473160021376339,-0.10410963313272122
-0.03113830520978434,0.13717454819647404,-0.04194466254344463,-0.27084876718177875,0.04252757164291454,-0.07723727751278128,-0.09012251013364767,0.03267795374293006,-0.08436275995259249,0.04049008783593361,0.1710021633054256,0.15129129993905874,0.2451683782358138,-0.015179797745407021,-0.13597580093083675,0.03196009261232371,-0.020588527717571067,-0.17845259669743757,0.027446541397933982,-0.05620447861293216,0.0685389374645055,-0.04652136808295912,0.01576375084137235,0.0824604651060744,0.0571922971307922,-0.19802803667987212,-0.0332234071249589,0.02846082650476485,-0.14318022878735517,0.0968255319119705,0.1132931996346476,-0.04368949408101053,-0.045391630613050474,0.057305910767079575,-0.1679716700144959,-0.22930503218336806,0.12933867424055243,-0.09832186542430095,0.0691305215309385,-0.06074912117639248,-0.004233264903336656,0.0766554574706242,-0.13162231098629715,0.17745198450025987,0.2296718549776091,-0.22244147883973592,-0.036709409005702694,0.12738175887872463,0.07976408048362972,0.027666899772742524,-0.07607793275012223,-0.019151157100060653,0.007867266920919321,-0.03709283580406237,0.32701674405876946,0.16844807123717642,-0.052116786334264316,-0.07475180644232249,-0.07514569769470972,-0.025683765304568378,-0.05289026270047535,0.05810277993600623,-0.1254321130255516,0.062287501268873016,0.007783930324081301,-0.16360634867662718,0.054549336657559344,0.3070546525346141,-0.20193000205927183,0.0943960972710003,-0.06185669810411799,0.18478286934410448,0.006499845218147295,-0.025594586531257183,-0.12449933789782137,-0.013289785817569311,-0.019767152904362567,-0.10220816744594999,0.21124990333167734,-0.22433858882129748,-0.08952240266610934,0.11159414038353932,0.21634906745032237,0.08643203669786273,-0.05065198955109353,0.22174476332260015,-0.11616956042892249,-0.02006356405495763,-0.10306909489078508,0.08779047352877865,-0.0590169986827919,-0.014820436761170092,0.18776388111925432,0.02809644280890987,0.14798822105255638,-0.20260698715524403,0.00391740788835683,-0.08035423720794485,-0.017480710291397285,-0.06714678899285499
-0.25024261221159433,0.09196941079226383,0.15846562875293502,-0.17639082932437267,-0.07968740617953553,0.02433983809810979,0.15546052301911767,0.04448885556937209,-0.14186772880703355,0.24965254080320404,0.22009919734311922,-0.09363442634032888,-0.0030577399390915804,-0.2741892005918285,0.024239816892833742,0.09332828853498201,0.1510567730803674,-0.2190821757826287,0.00481414473943094,-0.09048863682191659,-0.0265080783599861,-0.045257613167901424,0.022822772031318467,-0.03578682878268415,0.07217394307397053,0.22779120663642702,0.15245198606858132,-0.08024766893243933,-0.05834279531550892,0.03254482106554404,-0.0022006989769497265,0.10010731857665921,0.003840983937815635,-0.06325837259955214,-0.06420293885027788,0.25181426758609154,0.18280845657573425,0.056974009034527644,0.01736902518911173,-0.23269787459985045,0.2903106379602845,-0.2164948567778527,-0.06843107038313719,-0.21223847606925897,0.02743430937400608,-0.006414180546828206,0.05563538450792169,-0.13613864563922565,0.07169150440281762,-0.011826880395077231,0.06571815065424433,-0.122428599319518,0.10679369544976473,0.07644317067549178,-0.04476887299219159,0.041276361233012,0.008220221673850184,0.15031135087764627,-0.00341540928344452,-0.0318300946752515,0.07100649672077929,-0.03864106970568489,-0.2745190119269465,0.04591371834351104,-0.055382479571273006,0.026845379869534544,-0.0047904946834613086,-0.0327186562365928,0.07199629500804657,-0.08215768225259674,0.06549275529652361,-0.007808739744731767,-0.13688806708762827,-0.03434897801257026,0.1459850964408539,-0.16862371683778174,0.042395450861000585,0.013843166920265923,0.03643081973882059,-0.01165169784442628,-0.1663270894396691,-0.0933108337353274,-0.08016599106823094,0.07083227869580772,0.09744180219863599,-0.16700671241248738,-0.0688560117627356,-0.13815771031612695,-0.09873940210069573,-0.14855519653433696,0.017378865198129968,-0.12573494245497302,-0.0395794941567137,-0.1440932749544201,0.03623601285100834,-0.022889816306070086,-0.006630064878416867,-0.18137352247694616,0.17790964456562486,-0.001532504884100216
-0.21880496652465137,-0.05077812877630961,-0.17625681948565902,-0.03685478620075263,0.056755096020952786,0.17793881648396442,-0.0836367280383757,0.20735855863826655,0.14543446251181036,-0.013677095414085164,-0.0681248780003888,0.0915989525400974,0.11782479086618969,0.1753733483176115,0.1299601923420927,-0.04059100282345343,0.0611839125640418,0.0664260549381235,-0.23814435111654084,-0.38518883459917946,-0.29883845040111934,-0.1833337205333039,0.03126114463416592,0.025037832846701257,0.01598536605736407,-0.016434962627091,-0.013575546260623099,-0.0029528881326376364,0.0540706248911325,-0.19622180670927017,-0.14373244125704468,-0.06110116598242577,-0.12921606985116513,0.012760107237886165,-0.10638973021551054,0.08151673417332551,0.007381403231674256,-0.3479569887427706,-0.18628196618853252,0.10197592088052938,0.16074666578897365,-0.06342584644666878,0.11498959215537348,-0.02479549093100278,-0.007234191804617549,-0.054063531352210405,-0.03184832528493109,0.07205490741367333,-0.007223974339502667,-0.017721659392006203,0.11611450098556977,-0.24303116816309267,-0.04825305930262033,-0.11294419318569347,0.03147169905084453,-0.016036032165791376,0.08277789714209224,-0.11515581299172101,-0.002949926505863577,0.06533724965314897,0.0739977896443699,0.027059328639858583,0.14265105062600522,0.04622823802913028,0.04587927303165908,0.025505301756875185,-0.05129574370664824,0.011822334356437456,-0.1249921580300843,-0.16478540898594587,-0.029363946536709453,0.08909736854778792,0.01631034407236465,-0.0214834457774728,-0.027647393016293296,-0.04913648532440739,-0.10630900372216946,0.13202257458508015,-0.076567819327086,0.0846471149885608,0.05832022427716547,-0.05245694412399959,0.09124718133109132,0.029399608519341015,0.01727542697432423,0.02172076566040947,-0.08459717453316196,0.027194134374066224,0.06507137786791153,0.19371210051850787,-0.3161905214614177,-0.1382720412542719,-0.00942254915026163,0.019857950776182288,0.11441157689421093,-0.12791701029452918,-0.10827486299496927,0.06926366090871121,0.053690472218854014,-0.10438830300282528
0.012027718131096016,0.0034728418813105705,-0.06953513629690761,0.0018708225887542403,0.04305766374768283,-0.03040992279625845,-0.03529775919966909,0.008891679792457056,-0.08116651680639718,-0.033408660874704475,0.0670728468579779,0.017024476119991545,0.11933483230337404,-0.012805065055799028,-0.04420772353876536,-0.04632935776709897,0.003151649325800936,0.03137670987758801,-0.001966838835604045,0.09233872401113988,-0.0227548798312374,-0.011817732950980287,0.04698722179444549,0.013092117745542494,-0.023601705164893225,-0.0034893919695830086,-0.027099585742301292,0.0388295676673229,0.11514516325600276,-0.022039166161783315,0.07813898321679899,0.03624780304106946,-0.00671042226189659,0.06736539472874639,0.03131975204933135,-0.003256401766478832,0.12105770411814192,-0.03760643546318927,-0.03623391848309327,-0.050598279343355396,-0.0314954230679867,-0.09247883765246907,0.07758044014426317,0.08223156672948044,0.04714672306718844,0.052015871659171424,-0.05520030151656722,0.10337131920259425,-0.03898919190587446,0.06029659475399343,-0.09170019629673098,-0.01629931158022729,0.07180120502057592,-0.009674479619536684,-0.01140974894959357,-0.01086339304960463,-0.030879212775500774,-0.015907764902324994,-0.06473168735113544,0.0030492587684523066,-0.0079311080380536,-0.02016075651075054,-0.015029782485752962,0.02892370375194471,0.05664287783733819,-0.07749817610920831,-0.016290819025975962,-0.04758647180710871,-0.042049997116785275,0.09198976016224371,0.02326244902227781,-0.008360714874607425,0.09399696920807264,-0.04685766473369052,0.038923184367022946,-0.03687507009783539,-0.002944337865430177,0.059503328351174466,0.05943565494805938,-0.05542128514111754,-0.040789676780937464,0.005997844550666958,-0.011492444000289693,0.07686117946313636,-0.006320889576301456,0.06467067870740258,-0.007834788849011544,0.04169444473172807,-0.013472274543888807,-0.04983745122472949,-0.05433896597529462,0.07192761906177034,0.003989890014401508,0.0282715186218199,0.014085188211074014,-0.01458711805565484,-0.034746525106742476,-0.028645261007380057,0.1022057069176647,0.0010095166746476112
0.03405404057605138,-0.2500421887989441,0.24294352694288435,0.19695714866851555,0.17106818693647782,0.13821390453178706,-0.025642060798673774,0.20545075981502212,-0.350968995877367,0.13786543586798025,0.12097097932046137,-0.07794200433756991,0.12687098520297319,0.15463012099746812,-0.15559531232552637,0.19373972614721946,-0.10946947324515034,0.15128514602175255,0.4223455283836113,0.11590637003463312,0.18642087192315504,-0.3123256570818188,-0.015245632184513554,-0.02716686885520031,0.09318445267696457,-0.15660213732072814,-0.28236217273931424,0.10488141817424126,-0.12714820913005034,-0.24845910264997492,-0.17127242184045846,0.02291416033893432,0.010410486069650223,0.04331822894123596,0.25848047084565584,-0.19221452380132611,-0.275134266263227,0.08252586172991158,-0.1755550975277697,0.10002107447260093,0.38673205487483303,-0.07251032570039641,0.170795415898456,-0.07749789002530018,0.21129780767997594,-0.020833784755895556,0.14431361977139767,0.48922004041437467,-0.14256147335632122,-0.34953807289199484,-0.4809547250876907,-0.3541912233072388,-0.04436713304358452,0.07137272301110632,-0.16979475215911635,-0.304694541879239,0.35160739477863984,-0.11797115944132966,-0.3460011844744412,0.05043386524191774,-0.3461164379678544,0.2692459464474718,-0.27563215267548324,0.2372553623608337,-0.14247560787377433,-0.19092399490022313,-0.12506618100325756,0.26526954916850803,-0.15251605523084613,0.09368280814547172,-0.007295909148576859,0.015463494428602483,0.1657434787139276,-0.21761803673310404,-0.024852665105319426,-0.10259279992684604,0.017122842928644452,0.16328596388953712,-0.11213836428879076,-0.2759291462319563,-0.11914491083117831,-0.28498951286156327,0.3245276035162973,-0.29967621075188533,-0.3016299040805076,0.18169719739500395,-0.006973729121531382,0.0929931161864028,-0.05711448063485888,0.12081275486525173,0.231465286903574,-0.07781556276816473,-0.13636019003431832,-0.24408967977207252,0.11573943476011958,-0.05787105558571094,0.040458864699605655,-0.09423714511781717,-0.11645745300237165,-0.22282840338645832
0.11878907415091365,0.12046592214971744,0.013503967733538232,0.006174639419245151,0.26708690511179345,0.5510146019141454,0.09284636465687002,-0.18668400907416643,0.29928066066621856,0.31769481352596,-0.06900054956179788,0.30729559556697195,0.1477919696433104,0.23901431077443508,-0.3686591962805113,-0.29188759055353714,0.41200139082470344,-0.15458030734531641,0.025904225850997744,0.16066142595709285,-0.09781856928331335,0.3987423085517926,0.45332331613627314,-0.314274769488458,-0.09073492684817142,0.5775948101332171,0.11276016875248258,0.07800913162279444,-0.1741090966564761,-0.30911144720480493,0.19103913332105169,-0.08430784360875915,0.3641417295315402,0.10741545338844637,0.0636194628917662,-0.47037087257142335,-0.27283653283556375,-0.006169966697743357,0.23481552736692743,0.09013527513404178,-0.09035520818268838,0.14997300641254963,0.3106010842589373,0.1905854847580179,-0.3698474131891036,-0.4373085321641558,0.3585831398264741,-0.2747566973104841,0.10073232293485489,-0.2238420043649648,0.022078881422742315,0.2797105297623471,0.21232801976377638,-0.07923702409712727,-0.16918396990766568,-0.03436682443769999,0.14515841772971075,-0.12703734203551015,-0.03222500715400663,0.039286944915971,-0.40624848573883127,-0.1704927477332673,-0.2567472333872421,-0.3866947689942306,0.2586367076214471,0.009374568185306546,-0.024089910056244442,0.7105386088691018,-0.02797051092944439,-0.4838881335134573,0.27362407763347874,-0.2858261820144388,0.0482945818366122,-0.30053569564579746,-0.33345766381053116,0.37955875749371726,0.18187769227985093,0.6505140727603117,0.09904930884384852,0.5926508121525873,-0.09255255240462948,0.1367688949981433,-0.3496539329508649,0.06655369827000522,-0.26415150900656464,-0.21908641721409186,0.0036798617734962367,0.1320934398366892,0.2668981855965216,0.06427084287418773,-0.04671766210410484,0.08589442863517739,0.4714705924512224,0.0867607004132804,0.5828316288228694,-0.2399462065678314,-0.41692775343744043,0.11106471843274825,-0.2287520396084345,-0.030307535978101
0.050742323007616594,0.06539444075335164,-0.009114775618245554,0.459272159455883,-0.0987275505749994,-0.12431898662383022,-0.001699184486237208,-0.04388114744733432,0.7031939365612558,-0.19177044346743063,0.1810328395595278,0.4350982589465008,0.11221463290818072,0.1931338305542953,0.41100943786496125,0.6316058459985923,0.5430324380441901,-0.0545189874452604,0.3355730374811189,0.06909448723154901,0.27170579622839974,-0.2609005275323244,0.08864448798066449,0.5623487738291166,-0.3214045209680685,0.16582460875578586,-0.20077684659469977,-0.016067776123566527,-0.4912420029746968,-0.048643675796379786,0.10122717338063093,-0.31647450291458157,0.21827996095120536,-0.3347060500315801,0.4614271232794781,0.24937388155596793,0.06198662445901461,0.154846815947142,-0.2166377394817305,0.11630848384434281,0.009774212845104569,-0.04523698556316563,0.1754107853456496,0.15744507550279638,0.08365462662535475,0.06998630167886237,0.4146260930914613,-0.042022411936088175,0.16491481229054825,0.32706704585068014,-0.010611550457128336,0.5100175688506288,0.5356785411159848,-0.6637880314994914,-0.3936844513408406,-0.37027994141103354,-0.0065798553002506316,0.06758234668404114,-0.03826439425115072,0.4027841210633289,0.415986324541594,0.06294387186009555,0.20778626468404668,0.2237887658945514,0.6928970186473097,-0.3829587144192776,0.13723943242945338,-0.32709052129647004,0.09257761553772254,-0.38412577261518455,0.3803768786826809,-0.33544978297833294,-0.14148125508760315,-0.056240559551868546,-0.07054169591090223,-0.16450516341607702,0.054038400836742655,-0.046078571950269036,-0.2557379442594132,-0.3430593500494947,0.13045655699906328,-0.11944161192303232,0.21560236964153703,-0.356053812666478,-0.4455577593379827,-0.09019783176251514,-0.11040587953393198,-0.013268999338525605,-0.10969554270289572,-0.19505558643158577,0.3263768193249588,0.04671952081751448,-0.05781876156368902,-0.7736792860614042,0.28377565075486116,-0.026272301196334644,-0.13054308012606408,0.11700739927200846,-0.04651966961218941,-0.13762415412019915
-0.2594219764162389,-0.09058101679299402,0.026608929656816754,0.12084915630336561,-0.05887235898953047,-0.11571207779063494,0.06154514042972423,0.12318004223656297,0.055788727132274674,-0.019415290337670695,-0.05986810025905538,-0.08565984182555776,-0.06446438530534511,0.19023614000879174,-0.092932022848505,-0.045911039379659,0.025090263267278565,0.23775825046962162,-0.3921443597231751,-0.06958115749486689,0.052174621420136236,0.017098685967888876,-0.07540482544341216,0.042997261237647924,0.13447935029004426,-0.0071878254689485025,0.07124496575078011,0.35271049660330633,0.466665202988302,-0.07200782100927342,-0.08697921198000816,0.08222010896088551,0.2969632077153658,0.14646260522806126,0.25597980748224713,-0.09979280214824023,0.46217572769896487,-0.13603781262197615,-0.0954661989779812,0.04962462137606998,-0.13333221997777972,-0.31033611184656057,-0.02323792647134558,0.026918320403849446,0.168434170834802,0.10760956772688005,0.0571799566029448,-0.08342063815660769,-0.4504216963421225,0.026677370124969672,0.4742096673661944,0.037937867679848844,0.050301752809493984,0.3084579313440964,-0.24130198393239427,-0.16173642433427554,0.10700764363745367,0.100577755058461,0.06560296705890811,0.10978143400860874,0.024882121467993117,0.2259469127784847,0.4360408894702707,0.1398851759025051,0.07615648031969308,0.1966218494469619,-0.4372772893596688,-0.10498288769349759,-0.1957323732415946,0.2112149860102614,-0.2603381322514529,-0.009422134791652787,0.3654595478567048,0.15035044415512733,0.05028874195843086,0.1878327601125647,-0.23878578742086864,-0.24682818417133523,-0.03094708970409377,0.1380131867781765,0.3475621312152603,-0.08252119294673044,-0.18866551038089233,-0.08845379484557996,0.06972228836842556,0.3511506287716705,0.15910802572351287,-0.1373602385728073,0.23783072169114658,-0.0587275477035312,-0.21956140346831005,-0.2154096832501234,0.22282992499229112,0.43523581137067996,-0.01342394116940097,0.17230305884669775,0.1876731579065384,0.22245583952512263,-0.14812068620674843,-0.022747255323175987
-0.45612007854866193,-0.17934770695485572,-0.4767193904566815,0.030758431875950377,-0.11363246818185539,-0.014118042702046769,0.31880546231748425,-0.13312807911970345,-0.006650308330175467,-0.4647905321282129,-0.2229876309911969,0.02798615487983731,0.44566181888139894,0.4916622708074396,-0.2260222718160229,0.08435714132238441,0.12855514563077466,0.3058772373385469,-0.2507224409609244,-0.2872000599042629,-0.2733352280565409,0.4078155209426771,0.10109877832833095,-0.3414615441791075,0.09624723326764022,-0.2041307331934406,-0.07494568879648544,-0.39813218073722223,-0.2049537657161226,0.46206275133832786,-0.32669119847085515,-0.16779145820680938,-0.18533735605672513,-0.04426474425446158,0.014025576842736058,-0.2308818243566045,0.08954444551179339,0.0021298913681573792,0.057018863640595996,0.2513508286660003,-0.25718641948299015,-0.06962583368333114,0.28054719149815593,-0.43073504055663425,0.1388780852395107,0.04015405493955592,-0.2790295718901341,-0.2992173660383916,-0.008769363342268162,-0.03307578697580294,0.231983622073927,-0.22951540076380403,0.08873940188533472,-0.09820687861330239,-0.23571904554062728,0.08891158615826392,0.025077359426492373,0.2757325976042956,-0.16798718582463024,0.17490142206436946,0.006322416383237579,0.39167889359311686,0.3047153018387467,-0.12195952608722344,0.03210628690359589,-0.2250877629852267,-0.05015214665073955,0.093703435777907,0.19775546719228512,0.04053498121823827,0.2290767345824581,0.3543074030489224,-0.6340809384026221,-0.0750775239597497,0.04161412026164647,-0.0685113037183798,-0.1790111706878374,0.08685320644810744,-0.03991611478695452,0.07776319824136313,-0.05919989531481283,-0.23164292580141516,0.3688463379089,-0.014724121050974065,0.1572854580476232,0.03289509772269523,0.01145949632124177,-0.24174294065787558,0.12424240789171537,0.2119798583286373,-0.3404525447370337,0.16026430270055814,0.043656160269716006,0.3685300603579476,-0.04654931629623743,-0.04070348988376955,-0.03950223018228531,-0.07394873192944434,0.012246104445047923,-0.1197662900177356
0.26291413343525133,0.2921184681768346,0.14447905347957418,0.24353325534520354,-0.13310015071395684,-0.22700070043532083,-0.21526829906125475,-0.21681474572171755,-0.3147277347626256,-0.17819248988475417,0.3092408198870488,-0.2437473051032769,0.2545963538694648,-0.060380931856977745,-0.022061551764190907,0.3882818221183311,-0.17884397016618042,-0.17493554439359266,-0.3690328283373285,0.2531343126131837,0.1929576535510398,0.004826641966328035,0.40087542900662704,-0.2521958693753773,0.19064735192028548,0.14025751000062156,0.0669755387942081,-0.057833838832085725,-0.5150045166081543,-0.19725114289959184,-0.09863646967514168,0.17555689979104327,0.07796368463952766,-0.12138472908608046,0.009779754153249524,0.24157151099249932,0.2700339511649487,0.006484445296754967,0.011617526310183441,-0.19682560607123015,-0.2392968634565903,0.5564692553836821,0.39327668463420873,0.12175135680472204,-0.304804860811074,-0.19262972529286562,0.07034548906608977,0.7012081416051886,-0.4016276319026494,-0.20865669003818255,0.09811382988414336,-0.22966583336036572,-0.012676995642601009,-0.04585736129313738,-0.2863648412072242,-0.2252501465172825,0.30105426918986944,-0.2203891152366183,0.14471997343582302,0.20152452824245784,-0.29076818085264916,-0.3804975789869607,0.27871297184813987,0.5383786838133646,-0.10568983617991187,0.5820126652002459,0.24529595396386503,0.36888046125763013,0.04537606140017989,0.08572764722805483,0.010591916483790612,-0.1550988063170158,-0.14618783024759768,-0.04351483983751511,0.6102203994433669,-0.4088314082386974,0.4175207792530054,0.16000044832407218,-0.13157282537332488,0.15313637456278542,0.2746904521361121,0.35386533724635066,-0.17505200984917046,-0.8050617031203112,0.0866257317757758,0.14953121537704245,-0.1490687234285305,-0.18797199082871063,0.11907719682926604,0.2715708656815441,-0.20036694590063428,-0.1861710432699417,-0.009634746258591466,0.1823997640316607,0.0231748335562004,-0.33612548862413383,-0.42257702784996903,-0.20189366029467956,0.4702669722239866,0.17732990115254033
-0.20800114345758258,0.11066710775842538,0.13333585504784748,-0.17143338680542733,-0.7770556125679707,-0.2170984688814708,-0.10109223072861244,-0.2641657631696876,0.4685561564433634,0.08723917087406852,-0.6605885964087161,-0.08783975709887759,8.099163883964103E-4,0.3491553886222977,0.4748708801115134,-0.06814937945848103,0.2642411911389957,0.038097986473448704,0.19433400774804946,-0.2013141574432218,0.8539944067136149,-0.20259790746238035,0.17469475798506717,-0.12315993803426953,0.02183918814452405,-0.2354282775286268,0.09667850809105319,-0.2423750151110235,-0.3538046949200395,0.080067665203384,0.8012637390080796,0.028334853597012374,-0.10008258972331593,0.1238583824255242,0.6931034763355195,-0.24063324830759683,-0.15987420982415484,0.16162126919959285,0.24789497740301028,0.33692453592904814,0.2696171932773614,-0.14432160499262742,0.09973028150122366,0.027007932015331297,-0.20647348070216234,0.20089669371885369,0.03820278987767798,0.15663387045519522,-0.7541376533386464,-0.4469130938127704,-0.2770123706995305,0.0063063884952951265,-0.09302581976540243,0.1705513011886872,0.294012814013493,-0.5851977987885284,0.4000772385365381,0.5278128845653423,-9.573982904173995E-4,-0.10055182007805905,-0.03110116829787402,0.36683833615798517,0.021622944344595562,-0.1504806924075548,-0.18094982419201816,0.29621804939406804,-0.1731882424575143,-0.33343711115901287,-0.8465300615575658,0.062195159602557955,-0.4544215999819935,-0.5524542987739408,0.6466634547966749,0.3863258114351744,-0.3021035169923028,-0.013313681875101633,0.564522714177083,-0.5733472333737174,-0.39492456587417757,0.6058888160561221,-0.2595300187959193,0.8062205220596669,0.02354713622456152,-0.011017254465394687,-0.005950613791481081,0.1618089263020691,0.5789469376091131,0.35247006463505787,-0.2448549169014736,0.3455926818892332,-0.21153727492091215,-0.22371539692313472,0.5510305691052688,0.13877993113054962,0.6206622531909871,-0.14769621518950993,0.7454748732184704,-0.20016089549575283,-0.08790260351951229,0.04747972068859487
0.018316973851915497,-0.023714508406818758,0.09796760507366242,0.09515150762006473,-0.034421031902327884,0.10957867759541441,0.023621497457650853,0.08937499363285567,-0.030045796697545465,-0.05369881279388824,-0.18085017439490578,-0.07782906941517018,-0.10969023153250962,0.0676971912116633,-0.11744191148073377,-0.045580992865016816,-0.08387232635825956,0.039014143003466534,-0.22669282802021978,0.0683032922369028,0.010083840087199668,0.07063543025181643,-0.011084593199971907,0.13683578044595798,0.0021719443255326792,-0.004715609214017062,0.06308582774996617,0.009348849664377077,-0.13371939616058007,0.10745788851668844,0.08249019365160624,0.026801720572379246,0.044266626436930516,0.13432304094793038,0.13608606797754666,-0.04889443670948651,0.20293254087899648,-0.12080007394015627,0.10618713859621952,-0.2305545987419389,-0.05030975221172589,-0.05828774366275989,0.016673575035443783,-0.08530300095114712,1.7919170340018306E-4,-0.09676822740955274,0.06435259119958331,0.011022300805065123,0.18988972459811,-0.15997224419803555,0.008118345162888407,0.07969357138434134,0.028841784550308086,-0.07500892122878926,0.09280740181523024,-0.07743996341517574,0.058135703311392214,-0.05729437805754415,-0.13400579859605802,-0.03013429149041624,0.06484418512324074,-0.1207203857749036,0.09342265397966887,0.07588925045805857,0.13672544478303814,0.09784584862700492,0.037568665979495444,0.07364661534222741,-0.0895814584405599,0.019270753151499634,-0.09361468710443778,0.10041480286055157,-0.011344122889986602,0.06387304208570847,-0.015807878343017463,0.06189256832604946,0.13758218348648749,0.0519170692360565,-0.018695865295462463,0.06144137458350152,0.12951165292257266,0.14361209420569584,-0.008002306657390426,-0.18536191516832393,-0.1907425958684825,0.12843777107466928,0.08523726146927851,0.1224207145127539,-0.051953059070373495,0.12381587904921619,0.07287904140437498,0.058727709553708984,0.05514358878876831,0.10426634798777319,0.0700273507172648,0.04617434557094449,-0.0590633313677911,0.1066145778693812,-0.12051038106448038,0.046856196315489304
-0.009513049934442661,0.08541335481787343,0.14513091097293568,-0.1435130688427188,0.006283487054837412,0.07805521518417761,0.06666814114397313,0.10696719450480781,0.19253603861691165,-0.17832205963121012,0.06250327410933539,-0.020260877488371618,-0.09704268410487342,0.08746750248275728,0.05950765380175361,-0.07692783283484203,-0.016892962572910977,0.05723361873843626,0.001537472538157582,0.04489287813322042,-0.14549485070356544,0.06313646759441043,0.1910658602070102,0.1239418461363012,0.0994061616807575,0.0318109401259253,0.007816912199597712,0.05307635771175057,0.1531319795167845,-0.04245945636485794,0.057864693818320115,-0.02156751046329489,-0.10163473691520196,-0.002893175382356978,0.166011427469984,0.02214330724960402,0.17564114272403059,0.012096756267965577,7.298431525496476E-4,0.0920216512810814,0.09380577417836858,-0.07787495440007244,0.03557731321942731,0.047436890084956114,-0.14382546387794215,0.2209778842787035,0.029012081582979195,0.027180661233306504,-0.09146169442436403,-0.06056098527770126,-0.04292645923112468,-0.08597878110177659,-0.10227905422965984,0.16107694036383663,-0.3228425968925976,-0.08834769152068633,0.170231332046115,-0.13997088948698902,-0.17669509300933806,-0.03743949498795608,0.018375934600252563,-0.00637946373739245,-0.08974695112967619,0.019027520456262697,-0.02644762842468502,-0.10393301907342858,0.07284757981832506,-0.1314937295848277,0.17217462913602466,-0.03183672602754795,-0.024786265359848184,-0.07796149892767278,0.13401738536666585,0.10476991193022178,0.23384471106845947,-0.11471512823331463,0.12503270482824547,0.15557914739809786,-0.0702598815368698,0.13211354234517217,0.07112049189372795,-0.07514712278085195,-0.1627549751875913,-0.0801112133293797,-0.022457153996793235,0.14281694789712307,-0.11449109626437587,-0.1652341818193417,0.023557026956463625,-0.007936296756458076,-0.03672628882016186,-0.1913178979337245,-0.10953193748875067,0.025451099547518428,0.08019094156650676,0.05621019360216515,0.0783210878708591,0.06505795525740131,0.13013074551503426,-0.22115149816454996
-0.04570920569112536,0.14910819451546883,0.04833547947873549,0.3368733650024665,-0.23161843639028432,-0.08773378829145091,-0.13926467621562555,-0.3588727038921027,-0.10489579739618078,0.2212447668300511,8.914955856472295E-4,-0.1223716409629716,-0.3128600331448462,-0.3412568411847978,-0.03199612318507193,0.02033243682910231,0.12550005289443059,0.003581273091008049,-0.05163891325571948,0.4816286462043969,-0.01215965496548952,-0.5386610444439546,0.8167052446608869,0.28986718470274453,0.07604942869234635,0.23049889548162672,0.5292513391195508,-0.07911005093383085,-0.10390729831901753,-0.07878544369988183,-0.29653207193934134,-0.24169946593186378,0.36481488647686283,-0.19088558004197423,0.6426016529896122,0.4464078011208586,-0.5662178288641028,-0.35998371303657295,-0.08238394127059266,0.2250974423855569,-0.6106589309758306,-0.13448762621969518,-0.002540183626239529,-0.12566823059456975,-0.2048190992326289,0.3842068253376796,-0.2364007087209736,0.10224541093143526,0.12471608986204036,-0.0959698076755207,0.11213935318395832,0.15262118931538118,-0.05337013523431561,-0.14127922901569656,0.1929580838609059,0.07520480182918707,-0.12433882135319385,0.27906689694313436,0.019759198189684392,0.30396174865960146,0.12572305612392132,-0.2074817571738677,-0.023482549937790743,-0.08532089920901452,0.02667346568551323,0.3023928445991742,0.21848699029418786,-0.3811673941660484,0.031343519204045475,-0.18792464980429527,-0.11631245057244174,0.18245610930424092,0.47272431496548545,0.366870435487501,0.2875670646249003,-0.038667030542332954,0.007604841687755758,0.3499715631921107,-0.5879818434258088,-0.26010460630384974,-0.3367057130378468,0.061376079180036895,-0.011364690822512574,-0.1714562142264304,-0.04676614763133966,-0.6882999402508116,0.11663350098127521,0.024297955568400035,0.5628123478102768,0.07384706504277157,0.07655836780473954,0.21664382208321553,0.06542410749819841,0.17211830515275406,-0.41836748993782685,0.4058068092173387,0.03163377815606641,-0.2728927682724918,-0.16304247768300675,-0.42218492348435593
-0.041347315630976884,0.12166265760131428,0.109168415491545,-0.03172054441468105,0.12410918372661219,0.005970206605820611,0.1566508524237487,0.0841916087120325,0.24328055594521694,-0.16095109984819586,0.10425915593834481,0.0071411466359942565,0.051096021795061515,-0.06906569419931388,-0.10794394847259324,0.04720109017777042,0.20610921303657076,-0.021319512056598173,-0.12774836535835543,0.1707134855889364,0.00858630041490476,0.21900432168860928,-0.1370544981582993,0.004717890659592778,-0.029050141121719192,0.09052193559068678,0.21925005160664648,-0.09777138766226816,-0.25808183232513704,0.27065093197005397,-0.24004249912416747,-0.06242226161629005,-0.006370170788628766,0.021223089634711208,0.027834832348812608,0.145492224071266,0.2638827101595659,-0.11959720981738872,-0.16149709041374116,0.10314585334508242,0.20567670124487364,0.13780972016362134,0.013345281034449792,-0.4088794184488994,0.2222501905920881,-0.13757044308290087,-0.02547490239406203,-0.12365183050016589,-0.14522535838306147,0.10268369899853219,0.10533536546407428,0.08874656454150524,-0.04406606775496799,-0.049421298513424895,-0.25678066690677764,0.03142334684869255,0.18106669728224567,-0.060075128824487456,0.2800250113506291,0.09521543724605525,0.11056346109863592,0.058575056774599905,0.03595187934748489,0.11573241194171652,-0.1929448438596138,-0.1999620321157459,0.11094722789676739,-0.06804798994284748,0.15962301750940455,-0.11199431804552325,0.11845361393340606,0.16954698121979764,-0.06583537268117919,0.20194748039188654,-0.11201632170361488,-0.1795594645221537,-0.06995513762205603,0.09729160388780468,0.09776458710453634,-0.17607609350971148,0.14896745600185932,0.011911083888509349,0.046099645564090054,-0.01454649571858681,0.12317580959402495,0.012588335989338286,0.10197606740466958,0.1983502906646292,-0.021658251307108335,-0.0837097090852782,0.02483128250474862,-0.10571010131820785,0.13168952973177542,-0.3907399755858511,-0.027225567058552003,0.007936234013394638,0.25373889488171014,-0.05342626137414839,-0.027934532115117844,0.11713003203567751
-0.10843682407069573,0.2250373253650297,-0.14128326903452004,-0.132238555053682,-0.16011151867275333,-0.0409020946854458,0.12433413454111532,0.028769073169809575,-0.01875772852202799,0.19210553220110396,0.04803419308037262,0.19245644544818208,-0.11139095288442327,-0.10693204673508451,-0.00620204917501586,-0.11280279823062826,-0.008571585981130305,0.038258488713188585,-0.011064492943751973,0.012044518073755476,-0.19197506038564852,-0.11575767456595001,-0.011782162080175164,0.07600149224418387,0.06581805520278278,0.08433598178913175,0.015558609722760413,0.10285927778228175,0.07277540361706948,-0.08401600560242703,0.11474720388097574,-0.08726151363273692,-0.085506280454673,-0.02155850979123464,-0.06321150079290001,0.18359382002747038,-0.02920695571976726,0.2048362321177522,-0.05018483240097884,-0.07238039903871044,0.1694148783261616,-0.033847345442654345,-0.02030758576324687,0.06474438840825902,0.037090623769535765,0.1888482913726425,0.10224831723183637,0.024608239910091815,-0.26418046083189634,0.06144784253446744,0.14146757619017916,0.1339159024088316,0.029977593367572358,0.019145189797047872,-0.006739443618850111,-0.07085862262291236,-0.06986810336225563,-0.07941936543725148,0.22244901359758845,0.1713801067000504,0.009129302684979692,-0.15527735291167188,-0.15822217604710065,-0.121833251099431,0.11211458453306264,0.11878195183426345,-0.018330734215331868,-0.17995248883704357,-0.015576979256226375,-0.1288696572671514,-0.04149330535322941,0.11652207741171128,-0.1694947793841451,-0.10476443315025132,0.2776387064274424,0.09346825401078654,-0.1635101231452614,-0.01257656740951433,0.0024627263598743982,0.03707108368730374,0.10038804449577896,-0.035517248919214296,-0.11125712784168541,0.11193037124082468,0.010594657545817145,-0.14556027860084167,-0.018044595401525657,-0.14652117411955665,0.13809933123084847,-0.11254138305908312,0.010104026262850632,-0.0437172874560234,-0.03829137571019346,0.08385339062316143,0.014098592698782572,0.009708234680348411,0.10093929958203719,-0.14827386377895968,-0.05568362057953704,-0.08710183450168155
0.19544202532278435,-0.41345424197419195,0.3870848025820281,-0.08112251671359252,0.23711397297401152,0.3187485377373166,-0.3356289209380407,0.40822370627780197,0.17943175126177507,0.22277399965832656,0.47546228875054175,-0.2687368500994034,0.17991625660586333,0.4456558564464727,0.17735969703115853,0.09884418510253172,-0.2873978977822759,0.047628166649537285,-0.32639213869613026,-0.08419205095278798,-0.14129206183264462,-0.12414165709999134,0.6989907864146758,0.03792996979291281,-0.799797989409554,0.011242636058761748,0.1277825419665938,0.18137275312980913,-0.07666521383925926,0.38551360867665047,-0.0289613747991224,-0.03193010079134371,0.24555905122501115,0.07604684575012564,-0.06719855068028115,-0.06455831693866576,0.04401801497792294,-0.09308383140706288,0.2557288825187641,-0.2685843206437378,0.5630392086593533,-0.08525166043080135,-0.38338679717697294,-0.24695820647962113,-0.09218411364918923,0.045732509109828116,-0.3618678522912639,-0.20180859285558087,0.21913524777628957,0.44576089724732854,-0.17865236057742265,-0.1448590949770193,-0.09315075178722115,0.5324842369548713,-0.5659183908219386,-0.2245829249649772,-0.46974011179506664,-0.11475851073345446,0.030661803087373044,-0.274342410952211,-0.17220987917474484,0.07859111437627939,-0.33081287374825696,-0.08188002040599127,9.400532817219355E-4,0.08349834335678516,-0.6510957035960456,-0.3552149217512448,0.2858197238264206,-0.29292438663208975,0.21980885433468447,-0.09979850198986563,0.18254870652151647,0.12664046630469536,0.18213049141205143,0.06721485764135532,-0.3340654311001083,-0.5229771511923301,-0.2981078300976116,-0.13409272474314587,0.23743786318235668,0.05262783864645014,-0.06818167800747595,0.13812078504373754,-0.2307103880742147,-0.11978820218937385,-0.03342313121591557,0.09016260522126597,-0.22942647733982313,-0.31345304505038596,-0.09413374625926561,-0.16595223717602345,0.4074849934565248,0.20056517743430022,-0.5466280141826982,0.3568999674321846,-0.1598273042389285,0.08151294647915551,0.2192479035344816,-0.22972723856973387
-0.0800139448235011,0.031113579366813075,-0.056427905259639366,-0.1191611286289055,-0.09585693678780181,0.015149031151965822,-0.09517123652763507,0.15221357444206837,-0.06943530940609398,0.15248681051751398,-0.019636048403960403,-0.04767819293920296,0.13976362231023745,0.10481663817287627,0.148997622833139,0.28305967548526156,0.13530021135117565,0.028924888367412627,0.10398027818134156,-0.03959052771562871,-0.06402482539923042,-0.19365406923179232,-0.004168620771597704,-0.19862732328586996,-0.05771890321664721,-0.0019812875423561365,-0.0468228441651618,0.10648730280286561,0.06601833878871992,-0.10377199043404137,0.109039306422522,0.2534852720396648,0.027992588390135867,-0.024443164552586064,0.025790705269275085,-0.1655508078367151,0.15541859549852852,-0.029377017329554854,0.04809549324444898,-0.020255637295874155,-0.02896483097918896,-0.006629000524995508,0.018826440366968063,-0.10333674719966975,-0.11476718755910113,0.019305535769658166,0.09663127856409424,0.14794793402064807,-0.050131093716738094,-0.1309344551055339,-0.04953672357671137,-0.036160729369003455,0.021059866494196954,0.017967959839444977,-0.2287650974803221,0.023107031423200426,0.08774461849254274,0.06511636680774226,0.0413346171220067,0.22244498857984588,-0.029462966065276878,0.03367012080457239,0.01747095231948806,0.08143325297485406,0.10059018292910465,0.044970611489661486,-0.019154091133012915,-0.11602067892578292,-0.057319080937660326,0.19690561254262565,0.09593067893438963,-0.1677950927385581,0.15564326771588002,-0.13804322768404856,0.17594521180107586,-0.09071979408258472,0.027167213068809235,0.057058841331087955,0.07459521454911697,0.026463521069818037,0.13675213116265214,-0.0690887777602981,0.08862283626951427,0.02105441425253298,0.01921962035427027,0.017598926229030438,0.039939692147661576,0.025301343482636112,0.1629849902961429,-0.0562217810204421,-0.040375728789086233,0.1635747776495138,-0.00380297585291464,0.02187752505270882,-0.1466302744541949,0.08767757322346555,-0.01825921462661259,0.04255951813072122,0.0453289740340197,-0.2181036905682901
0.04872397194764479,0.08468114495495323,0.13723401265138063,-0.028266307229839905,0.20994486444481913,-0.04232427604206383,-0.09901026664229175,-0.06164520989413101,-0.149942017016865,-0.014980811964288417,-0.1811662278496965,0.09120099816231227,-0.03864525349278827,0.002730494203947319,0.057424414425955264,-0.0549666408026852,-0.1355676072882765,0.19475993006119946,0.0763859527617242,-0.25647291599846306,-0.0687919918710314,0.14857399108966546,0.09801060710784415,0.04664797947042671,0.19328457776831115,-0.03790324408264626,0.056426726514301896,-0.0855416149613896,-0.22696438510408026,-0.22015725561528413,0.1053216078352017,0.2214784045929979,0.019992096316880696,-0.05564791304977267,-0.14691125725241438,-0.17124388519247205,-0.014260901945230072,0.29138027992833077,-0.31817692954037546,-0.18271945291034272,-0.3039500201728947,-0.08727612893983551,0.18898100765605974,-0.43748929592107605,-0.05629118022137285,0.2752968691200397,0.17196990329814843,-0.09591145012579662,-0.24250273876533357,-0.1480014585068366,0.03627660603986888,-0.12982867016004573,-6.720839344802317E-4,0.19265591764776113,-0.14278299124219943,0.1368836731473624,0.12796064930520426,-0.06536363482221315,-0.19633494728491652,0.18728971804226718,-0.09249114199744571,0.05512183216564331,0.01932133541527541,0.2945050464554227,-0.1676782864698381,0.05518341042710427,0.2699055071123871,-0.06135506211622433,-0.15946409858766242,-0.25904787338800245,-0.053261996189825606,-0.23968611380412186,-0.16608281987658582,-0.35719377481013553,-0.07972249732951982,0.0012458387135864824,0.1950704401170179,0.11796880186701263,-0.014644291202087212,0.009936270637610406,0.1373322860521232,0.049913804253562156,-0.09041290689447483,-0.1110439638072274,-0.1375493451156188,-0.009571506084362866,0.045976099899245296,-0.19793393115757865,-0.12745496576654552,-0.22968575920582215,-0.01406881842275717,0.18369285312552905,0.24334633770586542,0.06386696974692063,-0.13024662165086767,0.2847428402902874,0.016250908041425326,-0.036106048040378036,0.36384084107836584,0.13686396789978256
-0.025447148448112862,-0.1997634436514612,-0.12863821522791216,0.3588420358744217,-0.12895214825619625,0.30159008795472986,0.15954449323217332,-0.26542565905093907,0.15309827471991072,0.379606419576739,0.06226548482400783,-0.08491623766356655,0.4237298742700037,-0.06402140855194834,-0.00807684472657628,-0.0703386702824895,-0.09764822535274824,0.09422680422102254,0.3000091301247865,-0.34629308357876354,-0.022750072411171763,0.18299958829110957,-0.009694496755405086,0.1473912515639734,-0.006206972540160366,0.40238250766738237,0.10570414413135121,-0.03535603682325098,-0.03217878406700014,0.017613170570851308,0.2101699530964308,0.05427473210681203,-0.16153176022941684,-0.030446067450949646,0.048672074740774486,-0.26668545823162176,-0.19275317819988355,0.03297203238488973,0.16262798996229053,-0.2208669916707618,-0.06256471348908124,0.1774938873732686,0.031587121249725174,0.02597161245560618,0.16001572431009928,0.027543533704264378,-0.18921133718355032,-0.1541204054273337,-0.19815291497621917,-0.09037710874095048,0.15327557748166074,0.008364173153372328,-0.18894590533412875,-0.14013705879998914,0.0636090311754327,0.2980248756295753,0.0911653143205797,0.05258885603604636,-0.021972176958279365,-0.14970322173241837,-0.06903536268604997,0.007485139820282644,0.05394412945930393,-0.15798166589813495,-0.07414356635572235,0.0274576491478291,-0.15789819412392317,0.13745940289814312,-0.1860841891842473,-0.03760561290061929,0.2074431711784671,-0.0713863399488869,0.141317194175,-0.08033771219168276,0.16736848534612295,0.06597114446763824,0.01729012076842246,0.27468585039810167,0.0015000600808976168,0.2347724875025336,-0.18024497356465197,-0.028338320976057357,-0.20896326204419452,0.038709022539093585,0.1569428312788588,0.3396154432654343,-0.008240953214689923,0.006633327695313906,0.1055997409204597,0.09747190450078504,0.09611057677836936,0.2905376952022555,0.08102768637101133,-0.07675786548636883,-0.037575538518646194,-0.20864647978388942,0.07140258218605769,-0.10727289491122617,-0.08670308619625805,-0.08723810228074359
-0.11596823027379272,-0.2313627199869647,-0.07589075135352848,0.023006606941987015,0.026513872889635366,-0.26494395845343915,-0.10196293393957935,-0.07389537507884764,-0.0572751288921413,0.09118667902491821,0.05463959585225336,0.03588378727367183,0.19735619620011827,0.20231811153056803,-0.17041583360672813,-0.06632670057783784,-0.007260568327338895,-0.09319213937896165,0.016611524843233288,-0.11912201565217642,-0.009246703319388977,0.06388941111810445,-3.810399978024389E-5,-0.20729775883433169,0.05423704755911004,-0.09353902607957358,0.12912626002299463,-0.195820131166713,0.12340111266071639,-0.011424809509992405,0.0019782829484672406,0.15060512854810282,0.35634930995491904,0.05627985348429312,-0.10831173673476553,-0.13512886418835732,0.107119376121572,0.18408899712903234,0.04166483145065099,-0.17035109159110054,-0.062203817508852136,-0.21140447886549005,-0.1482891471238617,-0.05248280027538117,-0.05379544416828425,-0.05596565524155252,0.019589452069662283,0.006050859455229942,0.11512140193432706,-0.06307678656217447,0.041086512742209216,0.04624039288185076,-0.09317473877619013,-0.09716624014482082,0.08720048523017579,0.044335932874447995,0.007070938745817244,-0.1069680436450492,-0.11290673735245682,-0.1640230366981968,0.27362423798777286,-0.006168481469902727,-0.0723960478163421,0.1481487468481743,0.05199189183923379,-0.1947003363297581,0.027275898889943966,-0.07074803582642228,0.04076676103173608,0.017037323631169332,0.03070924571935482,0.047701332726910385,0.27993826978048847,0.11657280179456349,-0.07172104348078595,0.1732008261095454,-0.2202467381797425,-0.014168163664167462,0.022836323225813054,0.019337960088430296,0.06468427998137238,-0.03707891685551692,0.06606014295725726,0.03987233368702388,0.05666942972060295,0.11777601938079067,-0.07592190018677884,-0.06386863959446386,0.3218166716427406,0.16863531580291968,0.09112668188280636,-0.10804410407485103,0.011218341903021803,0.18444496506157065,-0.22536345055557058,0.006378229881232014,0.01027345299943191,-0.01772527138201208,-0.01847791171126876,-0.10146595143076255
-0.29882167934827103,0.03986286508997545,-0.10683129010487633,0.0011652112178334826,0.43740659404164417,-0.07670221975245042,0.11016196773155197,-0.057112602445311904,-0.5447677975385744,-0.5137717027083514,0.46255107628861636,-0.28099165007559285,0.24107578150707432,-0.47515363198586275,-0.009144523799228284,-0.09243542574135115,-0.29679883908997406,0.1321835321617633,-0.0672087364538265,0.04865997693783361,0.0226135824212522,0.22109550524200758,0.4118694872489874,-0.15494653706914951,0.00867100614239913,0.1301241135343525,-0.31687877605938913,0.029245371316299583,0.15667124373823288,0.06461200929920102,-0.26411906853036127,0.1372024888107138,-0.43225233787552586,0.34977523262088395,0.0952699918344957,-0.40240813835527955,0.27630010558060897,-0.4652734915539676,-0.24565934933488587,0.10360914456535925,-0.1967443468510812,-0.5417845497528335,0.10153265857813402,0.5550751894120186,0.11739925405941233,0.16003559861868855,-0.12969145065164397,0.06000280111670406,-0.23468361278003666,0.2609105689507481,-0.05355001730243222,0.08543502827460826,0.3102254890218925,0.10418317714538625,0.18578531980067348,-0.41675805705992613,0.07166229709407289,-0.5330196880072664,0.05152438670770137,-0.15166365788220706,-0.01649435708912597,-0.12452843771406157,0.09929795698363189,-0.13400410802019277,0.3331235743507582,-0.1116272514821678,-0.10150475919361415,0.11874909574157125,0.11607658354826764,0.43177551575990275,0.21478307186313497,-0.3545569393223755,0.23637526582158663,-0.3662538310983783,0.07424211453564249,-0.17162956544864658,-0.12970039756657067,0.3182646521638553,-0.08841600386598927,0.13737385033648283,0.33284645093538723,-0.04320027190844692,0.18225058905676128,0.08132152993915943,-0.2291704844662843,0.2923973592563742,-0.20794080531268602,-0.1142822994275671,-0.12971657508554646,-0.22199902836968205,0.02118657740453559,-0.10880222933263059,-0.11360934260159082,0.07625239802539585,0.06077608633265273,0.21759090498365388,-0.02284658346465907,0.06059476425073514,0.032713381422710616,-0.11983221836503653
0.09414794819543655,0.2274762530759107,-0.274843595471571,0.01369654764547549,0.20761570929152887,-0.17108577107599263,0.46974079252547335,0.34652116086304807,0.04551872068959917,-0.03869860463702658,-0.2771824528462204,-0.06583080760031197,0.07815434456225931,-0.07567792695681484,-0.06138864935129608,-0.011070619350336264,-0.07119322148360774,0.18532402696250305,-0.1308124330414528,0.29359897486042796,0.08365816437458713,-0.0062345880160544756,0.032654423879716364,-0.056447479955216755,0.0016453157296160217,-0.05675517825883181,0.1394001465701788,0.10731312505001882,0.2099756078483205,-0.023937534139334256,-0.3730925630684505,0.46271125654688405,0.3124369117651663,-0.24541561147933091,0.04982138726799552,0.00728519253142086,0.4746925045398774,0.3504853212481267,0.04071410822878222,0.06639760561514722,0.3272021823504802,-0.23850720874108808,0.2482845116178359,-0.08065614264591596,0.04150294539866582,0.1645588050057979,-0.10610612312960105,0.0738365242215061,0.025232724409562257,0.034469050732684046,-0.24444545175045757,-0.15893037004781718,0.423383426883655,-0.36893573478743613,-0.1827378538160483,-0.036879094285736935,-0.0013007835021044756,-0.07716931167542682,0.17219497481946874,-0.3496142409452636,-0.25326776190038613,-0.11202124686349067,0.022133447159309948,0.14593286436164257,0.4115595743560847,-0.08303662121268778,-0.08297390965164556,-0.2800723120535696,0.03179147019980452,0.23697773071600492,-0.11303862730866644,-0.36819373692954765,-0.4121357523870701,0.16774264503895223,-0.08341576217355623,3.644723786705224E-4,0.08951492521408276,-0.2052935365621642,-0.13336180585944635,-0.16711459376355084,-0.27733850463594845,-0.20574207397821845,-0.21612621865802328,-0.004976556730338788,-0.13583591353253646,0.45188680416913185,0.41376314136277026,-0.08385280276414296,0.07118306935481573,-0.23806158135775887,0.4537645250274154,0.2431744306609947,0.011735061083908368,0.0360152756626837,0.28362247317591144,0.08479872794183328,-0.06345898618179098,-0.15757981390015136,-0.3335330782851217,0.3375417734635307
-0.15370370658303814,0.08688929071852063,0.01511677804290739,0.04279263999500198,0.12144211652493192,0.1340143991371548,0.19288801885828974,0.14844038196299453,-0.13488535985506503,6.619812194350206E-4,0.003309154986066553,0.03815782864163544,0.0035776156234120673,-0.0228618361006246,-0.11895103633024895,-0.09632725589986255,-0.11605108641750614,-0.2154792802082513,0.09710487622823132,-0.026962055297030718,-0.14624488862680685,0.07350799982817062,0.013899049935579093,-0.11810642003361452,0.004867098209828948,0.1637247597696443,0.0722853436835745,0.08845127241385689,-0.12073787059701939,0.030498800744280546,0.08194621951241013,-0.19631080114410296,0.04376529621606081,-0.026088311427363106,0.15610693928620162,0.0033789612801960914,0.028575191126072805,-0.08491930958801187,0.004648122110151058,0.2279031381413855,0.03162939453947456,0.16685496642908199,0.13339928536315157,-0.17246406301688536,-0.08223446048872755,0.15371100656425443,-0.044510574445234555,-0.015010650064992208,-0.06436093425512852,-0.18180620583905385,-0.18714264726953725,-0.20811056676787235,0.06813235431454329,-0.04883026336864889,-0.023130206688816136,3.318695243363309E-5,0.009179394375611698,-0.031587297224026444,-0.07373056517378604,0.08783188388991871,0.08393005463385748,0.03762893678316189,0.06169045005103492,0.07080978448039744,-0.0254009976832148,0.18809812500729775,0.10605394695731643,-0.0949306309389244,-0.029942774403971806,-0.10932607961583334,-0.10198423415959923,-0.07334950020417845,0.08120214871140734,0.014469698555826506,-0.11358760183871829,-0.0058816927461411575,-0.02276689079487212,0.10597535630337485,-0.010600775399727803,0.2309620219009929,0.10198456682623089,-0.2381644586651249,0.05143186748700717,0.051210504149780345,0.06053354279480833,0.1510282234023856,-0.05853944806103377,-0.01010723909278652,0.02454752051173859,-0.05353425877645554,0.04150114133116312,0.03087978670883587,0.03926425926031715,-0.06857180874122312,-0.048760083411616174,-0.06014778439431257,0.005192510529137471,-0.0027837654510885473,0.10669203047146109,-0.06943391300084262
-0.043582767850540965,0.19719148448336235,0.17510440210664116,0.14276724763831736,-0.2813278262696495,0.04961395970928646,0.028943972689375833,0.18839897585100698,0.2742468446220704,-0.0023794352387548454,0.20773816618355762,-0.13441273812937604,0.11106335971693876,0.03415741642013256,-0.20543637772263473,0.0715956776784091,0.1582903666904632,0.07618697278144848,-0.22082980996617319,-0.2331147166895615,0.03778705212601982,0.0963161412063038,-0.17248220111625767,0.2532332236215119,-0.2579115567353657,0.18073000714550563,0.12923997023721598,-0.1862533374968283,0.3247524381351463,0.020608839145106358,-0.1031487412898446,-0.24474288836115082,-0.48622446125117863,0.14527929219953511,0.047656430499245284,-0.06810455261232481,0.08225733879910217,-0.09447458016355287,0.36550025094555133,-0.17902719086296762,-0.003136528692432597,-0.17258399556638068,0.021028873152877575,0.08232958397012985,-0.2110386171427607,0.0013575813819769523,0.31179934771445794,-0.13020135908931715,-0.03317157711746659,-0.36751283265065265,0.012794467406411108,0.2062039603291146,0.07298484308480944,0.07094017986629604,0.3093957893784239,-0.5183736448635623,0.09330125871977979,-0.03928300984313496,0.007988921074473436,-0.08539450854589596,-0.246943331142988,-0.1574775457228367,-0.4683455933543613,-0.17036878142787187,-0.1904874845276805,0.17610846887157028,0.08802296501777745,-0.2606438860896783,-0.36227241251382586,0.1327761964464113,-0.03246899348630897,-0.06705057550733616,-0.1305775751896389,-0.3226545981078473,-0.08362362811417322,0.05104251095732449,-0.14923641898188125,-0.39601886777114714,0.22227528902749516,-0.007837360284839041,0.050007775048716605,0.14436710329645577,-0.21907299703348057,-0.17450463023601637,0.19026212129912987,-0.285726050688439,0.012750991925895603,0.3718879417785511,-0.12673798192681474,0.019154112527667418,0.28891524411803904,-0.11504600485978564,-0.2730562724142809,-0.19097256421702583,-0.011063197249899837,0.07965242029522414,-0.053870856568437764,0.049988558591860195,-0.162880909898463,0.035066758996902925
0.018742399031313705,-0.36999857880093784,-0.039227340781647496,0.3456950025975472,-0.02095671221165765,-0.12929017920847513,0.5029253396562293,-0.04259953443366758,-0.18883149129283522,0.7712734234190576,0.10547089365955366,-0.11473083470099411,0.012511409462923851,0.06698335323989066,-0.367264764282576,0.2832579223856388,0.17724401139531162,0.023071825614654356,0.23057955916594064,-0.14743235664644833,-0.08174456325251385,-0.35349935622239037,0.21958001103855782,0.12429561586194432,-0.04758187849834065,0.03262899613636883,-0.11004144324151413,0.3135028255064928,0.07980460542008044,-0.1042785943130863,-0.13235865893594595,0.11491164779184045,0.30398274599880787,0.26210687755950013,0.4326818989852417,-0.07948122272775109,0.13279278616592496,-0.3418570002614579,-0.08747167613271818,0.03965656698171877,0.11606263173562363,0.13506717286220585,0.2952360631565993,0.07448355882411997,0.29170467617556606,0.8493146476677111,0.09410891454269033,0.07065996463333317,-0.6086347303035895,-0.13044951159804727,0.2698266856838748,-0.09830892643449858,-0.5310928314602085,-0.03967121927698548,0.20272735645108345,-0.12980403514371192,0.26873028662320053,0.10991679128567756,-0.14424617156022007,-0.06549412971960211,-0.3394125585823798,0.25095791933571626,0.19204288569170308,-0.11941755417670258,0.026397944999796582,-0.32574952059244816,-0.2723001667787452,0.12671852100995612,-0.22245697403385262,-0.02068645004518074,-0.31927761018094236,0.36231336692103744,0.45244864906129123,0.04763854306594583,0.207403817181042,0.5049049607680365,-0.3378097246624714,0.12452794291583905,0.4680937998383769,0.011204279299354743,-0.09449351961105258,-0.09648415528671449,0.05552988519576295,0.06925310621846018,-0.10606283369916092,0.32148421085317175,0.44743306845955705,0.2741823138340138,0.09940558636420488,0.208349596116185,0.23330826230198803,-0.0038547664671949038,-0.04588520916071286,-0.09666435671908277,-0.28557871099366294,-0.28396870929082485,0.07166906432239444,0.03894201293667103,0.012462184307363955,0.3196351707994784
-0.26781493312106475,0.18180060834713122,-0.16891946277183748,-0.27527553152169554,-0.07479029143843266,0.10731496258849352,-0.296431972820429,-0.024975336897296443,0.032929055854751664,0.09656569658555751,-0.18865136069114496,-0.33968716699666096,-0.14062146775472475,-0.6381810266352074,0.23380428830046154,0.3146708245523505,-0.056317149014445754,0.01997589752613622,-0.09632184594232675,-0.34155626262915467,0.11006535373546127,0.3112339358613085,0.15062663329031256,0.4639290379957031,0.016927077334924916,-0.14264022855074215,0.004136207424487801,-0.5777628821673758,0.15221235862436908,0.003290256632921067,-0.013355903466116252,-0.2937355866002382,-0.23445922847952994,0.22914723474984763,0.4556511678638951,0.4416467061674008,0.044344889186032126,-0.5251493730805346,0.07475835681703367,0.01801783059055299,0.3820574691132222,-0.45724105184488933,0.04833325354273889,0.03901635892503454,-0.2705611052629358,0.11908604080668943,0.12634260656629773,-1.0468790306206795E-4,-0.09376891435726689,-0.3269080270020718,0.3382120744885805,-0.31405439344111713,0.34674386064089235,0.19478937066201552,-0.4772075030172217,0.3521838513574268,-0.0966196565038957,-0.21025712838349045,0.01806885198417229,0.08792450996723447,0.31169069959070267,-0.05286175720906388,0.031796365482542034,0.01704699279465382,-0.17266053603718354,-0.3281368524154123,-0.2944548791995208,0.6233641526563216,-0.04990090662263427,-0.05971717754901242,-0.306823060982556,0.18668300887868397,-0.09938302699206805,-0.35893348775635797,-0.3480536227835427,-0.3377541102929208,-0.11060923366298825,0.27982525245430856,-0.12646886791361012,-0.2625893588656433,0.025850965028997214,-0.007843032241887501,-0.052911534801179966,-0.30351762853131703,-0.3465783708212267,-0.15173800297243234,0.23827956556297641,-0.1945514790430682,-0.15083902084463377,-0.04926657145102047,-0.4578723740713901,-0.071848730942411,-0.2958718131640195,-0.09375434114775451,0.09022023501092012,0.06970256667217706,-0.21069589590522936,-0.2604818783955189,0.18693370414021485,-0.20858520389175933
0.4556491834193822,0.3160579985743441,0.011516005345408274,0.31726096999309233,0.21864991660473324,0.0013158632555776576,0.0871911587172607,-0.32278638207166854,0.11761646210457152,0.3667999998946844,0.20133900799425924,0.21470118286679415,-0.15246715182627388,0.0021718238708568686,0.29152012426579,0.18751257816374944,-0.14072549782188476,0.18287190019689098,0.47408839189806184,0.011200536838915974,-0.15756705786623607,0.1261078665449007,-0.04777827247697049,-0.20658355511748988,0.1588715576826378,0.03974005374784255,-0.14935069907481682,-0.3933612905124012,-0.39409429035378624,-0.09155764093734609,-0.4258894483622698,-0.1073601438902881,-0.0907021143202798,-0.02578738741807521,-0.022084087817670253,-0.12336727260322884,-0.021049953262941838,0.33424614160264904,0.19050760610112025,-0.2345285014892387,0.0827873361943645,7.367919026829374E-4,0.0067632705869653045,-0.015286722565744502,-0.19396993672507587,0.06637079070085351,-0.02448775785743977,-0.010324543384405306,-0.06643122028157375,0.027896239824692158,0.1555898150486437,-0.016023515472632147,-0.15557238958777592,0.008484690538237496,-0.09280942660304038,0.019887325846150352,0.1545083401141545,-0.013268800227661831,0.19595274976278199,-0.01441876898892314,-0.37451207776596845,-0.36013020024169834,0.09058566079008992,-0.010033843579576656,0.14539870081444714,0.07719385686844449,0.43998676469369213,0.20904998560548482,0.12126896407829317,0.18319935388216843,-0.11601685208763968,-0.03940443038696045,0.19324313713527977,-0.21946581497041892,0.13546111425124246,-0.04854997785829062,0.011536623423299294,-0.3048163693166725,-0.4379896854283139,-0.057269312854752584,-0.0041332965195492915,-0.02515490742628091,0.025860425752140016,0.3230652898905979,0.22020980615445793,0.13382337960829324,-0.050371749737725666,-0.1626746409006343,0.16012676966207917,0.20889966829692852,-0.018395189462396627,-0.006452892734536838,-0.11880676244778636,0.14790413661320853,-0.1213358165785993,-0.03735363871103097,-0.36368170164921787,-0.29619761155234714,0.1333511046030301,-0.1723961709202981
-0.5804825424387045,-0.3893895603892778,0.05352701438590656,0.8984077577523019,-1.3027124445916909,-0.029808558128117973,-0.5703036417412725,0.035243479355634474,-0.0926467785890052,-0.5602651294334643,0.12764736992762665,-0.4706564400448728,0.05385009055605096,0.19679338686551254,0.05350368012931141,-0.5926357591412946,0.6979559288346495,0.15353581939578803,-0.05652039252335126,-0.12444666196022781,0.04082139687906684,-0.04518631553763625,-0.7552152361172877,-0.2578459678795547,0.15458367504760262,-0.41411698110765394,0.08518602054776936,-0.13177084521953172,-0.45781502306421257,0.41854562694970004,-0.28127401168975674,-0.3535394916775227,0.3854387200278809,-0.09031668528468624,-0.03765592751871721,-0.547305278659223,0.1463250915466331,0.19225424371815866,-0.9750998078446068,-0.0129822329454412,0.20311591224319356,-0.594518732564474,0.10234802129331898,-0.05003452301002527,-0.2800632267780062,-0.6899589947492863,0.24854174610001079,-0.5486208361713838,-0.2758954559848822,-0.023159930878224363,0.004546087304236631,-0.5129551899094795,-0.03874502653685983,0.4584499202648307,-0.012559967550098423,0.6272333323510874,0.22605699826386777,0.11270168641799204,0.3579571269816088,-0.5943257481845708,0.06232537531494249,-0.0011605620471922902,0.04010444438337603,0.02137787247095318,0.01379382902986541,0.1691550150300616,-0.10160897849315273,0.1317714825296651,-0.04412762622408747,-0.22908759885715574,0.2389078771347094,-0.004158932613471292,-0.2862164658685988,0.21467375309859676,0.651472721970236,-0.09236284574823078,-0.20043580677185827,0.14194886656651087,-0.21543145998921107,0.07995903700748098,-0.08141056714153155,0.5011861941713023,-0.22821699665166403,-0.05723330585471093,-0.16912204071711567,-0.19792006316748487,0.4391657090605712,-0.1206604193981704,0.1728997225463928,-0.07914357899685145,-0.06512003497294025,-0.2506406227347049,-0.13286747284403477,-0.020401203966584364,0.05009053075975969,0.020340886992427597,-0.9374694130579382,0.010657787474293747,-0.07395499167983559,0.16207112486812902
-0.14376487780768107,0.6580822198462416,0.027926873895792678,0.20258832848361638,0.8552188282166533,-0.34311910490292885,-0.039781529199610824,-0.7748952419822445,-0.2991820818455559,-0.25418799287112587,0.1653343208513162,0.0023509142707105767,0.11312884475825921,0.2427583099140886,0.4943482196052106,-0.325484923881781,0.4749675789956168,0.11662737224492196,-0.111875416269053,-0.2951466427103064,-0.2755122439119935,0.40786893342102354,0.12083241445171654,-0.2010316491958719,0.29026361569792924,-0.7502602611518082,0.532138200425862,0.2198525868208135,0.3147036622201355,-0.38685073603947157,0.14078832261971616,0.07797250089200759,0.047758561754236324,0.03621984546239662,0.42960340183522017,0.09159976490264002,0.29754825413498115,-0.3090006687034965,0.014546322351182372,0.11914888084604083,-0.674450660314671,4.0612362460760407E-4,-0.1936350764197888,0.1921720326912874,0.1792604218586913,0.22370085774715795,-0.059762748725912515,-0.4882238237235305,-0.1321758558036851,0.33455155410068976,-0.21365947591610293,-0.5462537839403528,0.12263565555809107,0.038399317887487266,-0.6052627440029879,0.24054488830591406,-0.058434269137156575,-0.6756601034494522,0.6136013040028379,0.1309571204093811,0.23677947497126584,-0.10518265467733891,-0.3024226688872213,0.06315318499248489,-0.17411246558908522,-0.015365629555420358,0.014617537974738623,-0.37948225167048455,-0.1552558676174577,-0.27356290550255535,-0.4857174028341155,0.10231127556024583,0.25072166447290745,0.6299562478932013,-0.4103794386834067,-0.35658920312887143,-0.1363920777688189,0.15773065354936885,0.46334173943314366,-0.43895198742534053,-0.410644547960363,0.5461100142746681,-0.2418641227567007,-0.097484733728069,0.298552957386589,-0.10367431347787395,-0.05445831920907779,0.10149200619339463,-0.38040666951493096,0.4841957775041683,0.3695439681576773,0.5877178028221658,-0.2610560518424186,0.5233177323550526,-0.1903738252637164,-0.2691201558557054,0.05086014168904931,-0.39144284079283004,-0.14346034047121614,-0.001526724088220708
-0.03740417121224334,0.03386443387359267,-0.05652960716568179,0.04821545894402212,-0.11821455917090516,-0.011480107527391483,-0.04879666783617047,-0.15846524285568558,-0.21955388901389702,-0.2385659319142965,-0.17238940088528634,-0.06829129820587318,0.07612571360996534,-0.02660926711793562,-0.12955511250203577,-0.1878856449211148,0.0595866905874151,0.2628778236786434,0.15104783017663148,0.001778608697207722,0.03245209907821194,0.08282457835681167,-0.20227765966057332,0.20942782190631698,-0.16062023628412153,0.15233799529806452,-0.03995388746528557,-0.060592120925614924,-0.02544103143312224,0.16201311578427208,-0.06790388770119324,0.1712239071590563,0.0878166461177211,-0.05928483649208734,0.0825914697643351,-0.13758606269306525,0.11856936752841682,-0.1531905493846794,-0.1703240843681756,0.06759596503317178,-0.2045288135276751,-0.014854290666937092,-0.1758956243293783,-0.19009113175776718,0.10709601042566068,0.14473746631272305,-0.007649525622686145,0.07366145012479132,0.005993256963897466,0.1673309828920885,-0.02579381659476252,-0.15179855443459084,0.15746076064196823,0.11256137217995553,-0.11926651601774647,0.032632255094592756,-0.0859547750880369,0.11319377563180699,0.13309885446763509,0.12567279412708868,-0.041833906460809964,0.04933348690502136,0.005443426963571596,-0.22353860267470912,0.07842368172392923,-0.3371146893079432,0.00660302986704396,-0.027290462704078686,0.16056070799100416,0.012190046037005851,-0.12059525081023428,-0.06920146308246372,0.024861429968727436,-0.3267957273343733,-0.21179286654895754,0.0018846756096217063,0.04261794700039595,0.03374346221858204,0.04661918885877849,0.031430566092049944,0.2951068679374569,0.02935111090630055,0.0358928169056533,0.11212042047569334,0.09715860294444428,-0.1855033881701257,-0.20888402282909016,-0.054280171295824436,-0.00890720254122433,0.14555155602758926,0.12470377803657855,0.3129913999839886,0.12076080394732466,-0.041208956229181776,-0.18858417024567065,-0.15857557885888326,-0.19651645088035036,0.12849020297089264,0.0944560060615254,0.06442111183872229
-0.37990651556828736,0.19745026798807316,0.19578723623772964,-0.39520946604577656,-0.3267393717051659,-0.003766026890180287,-0.04510489435160978,0.31497769317371066,-0.04917795052934623,-0.1402180824155116,0.15098665477498127,0.0946064592329535,-0.2084268170708698,-0.48085087513968683,0.0534394746642256,0.3574697693431585,0.1461491440814268,-0.45218434638402366,0.1993729878012419,0.02158484336013398,-0.15085566713638093,0.35703635325620414,-0.08172452902390523,-0.20852748958722403,0.21086596328958637,0.2051485827620779,0.16242383538100258,-0.12145122489375096,-0.011405614810438365,-0.3140893821714223,0.15129759898029463,0.36781624459065326,-0.4057233997908105,-0.08279401463309,0.15439111153442306,0.5450806751842543,0.11001868412767538,0.158351154838303,0.22186077855063288,-0.6225492635026703,0.05503489882951641,0.10260670576031886,-0.2756376233694831,0.06514090041821065,-0.2552375455789104,-0.7680945084635845,0.02154521286786591,-0.35491901263632614,-0.10724123442959704,-0.18254110431553566,-0.038905531894517065,-0.44574843744477394,-0.022810110828797803,0.16511295044127108,0.10992834191083296,0.19072686645614925,0.3551219916352393,-0.04532911225723929,-0.2917348869629251,0.1531267029895174,0.12064791087332513,0.20926816565430276,0.012606861340760596,-0.20957398738475252,0.11914096768599483,0.01553653683409667,0.0889757808099438,-0.15312786022044853,0.3640641983351905,0.06516472959116844,0.4520557211176208,-0.0215432533774149,-0.47808554947587817,-0.0017369688153227782,-0.21283056343125703,0.04845575076312661,0.315389175250802,0.13673585017836018,0.1386747466439622,-0.15825170631005409,-0.4272581847665193,-0.2560976520860589,0.0880062429012879,0.33246612282745475,-0.12404629311793783,-0.23998886946832346,-0.22201391983495597,-0.04636618264670632,-0.20558589006891548,-0.019021071553306627,0.1187600771372021,0.025258105730698477,-0.43794736708350285,-0.4779530094229764,0.216155810413224,0.18843692219080102,0.018386016967416197,0.3887449750160608,0.1102497530180756,0.011539213075836165
0.19577511449626236,-0.052116863587316355,0.11207120442936462,-0.006347511190370463,-0.0798041170787569,0.02251013928402463,0.3020510027180977,0.1589722207931095,0.08026174393734413,0.18627071593206146,0.002789942694768434,0.2750096919763732,-0.25173971248066374,-0.38480333606548467,0.4001827768806507,0.029056081693708952,0.23421429053986215,-0.026152802784385462,-0.15021858943477315,-0.4148976464159001,0.5261415365453609,-0.45187096804014,-0.24445025280259966,0.3522499859177916,-0.292723895457554,0.48984899742107463,0.2927037985886084,-0.11870722856133376,-0.2006557956498052,0.0803535132103466,0.00829461303106016,-0.04927785558202191,0.08504562568789194,-0.018197476047798828,0.08535821530215933,0.2394069127580935,-0.28422799844448304,-0.07945817622140675,-0.15947958531495798,-0.07385520717560377,0.3294651423519327,0.15522121354534144,-0.46744498164038184,0.19784682834047213,-0.35228517029545936,0.13943474209233037,-0.026494434196254076,0.44007314007816345,-0.14262415014134433,0.09182991864352653,-0.08060942927338612,0.17919656562995026,-0.08506681386679786,0.1275486702487589,0.2541431838756371,0.0014750044813198566,0.06751011171770228,-0.1731022821351404,0.18768232118644393,0.16064957159006654,0.1904956635610107,-0.054023398234677215,-8.216018996659452E-4,0.17384067941683048,0.014999940519782567,0.3535223250930442,-0.1480694710474336,0.06578823054405246,0.14211860654485303,0.1216652563757092,0.03500254817640879,-0.24830311805151925,-0.05818701825429519,0.13264909091827157,0.22290286734646145,0.10539514040646623,-0.13752864948859686,-0.08441827915393872,0.07094130132096886,-0.21200771633216667,0.1975486621094022,0.3891475308160434,0.2841745207904962,-0.13578635660815397,0.010440189042472958,-0.16076877605506862,0.23597230790042056,-0.06020791332096733,0.2952601126278378,0.036806657072744206,0.2596004311689657,-0.32910184190530783,-0.14267559560442852,-0.0370303514024,-0.16382697841958935,0.18165560082920124,-0.5401117452260026,0.07384608190507885,0.03868120308958788,0.27809959669483064
0.6055403980924813,0.08776818637660676,0.07591736387969207,-0.15226501251626257,-0.356185515691684,0.321834610723552,-0.026166295510762556,0.31321222465146703,0.20860235579847336,0.15365032356093372,-0.05759144613035378,0.05141437530742629,0.0075776027190909276,0.32309148231108825,0.07474363075710051,0.3433937136458673,0.23090465098091636,0.1776041590876733,-0.17495148424003046,0.1650373028625075,-0.07268909129883731,-0.1892184265282893,-0.21892216908222525,0.24132264519590277,-0.010350162768219711,-0.3345915788797519,0.1703803063884859,-0.31145689316656233,0.8055605827936765,-0.22768386691219766,0.05034092826534843,-0.052805998379439424,-0.0683770915023744,-0.1800654137719354,0.29702972414098017,-0.0679252111483218,0.055985301722301414,-0.35423405093333143,-0.7516118500273717,-0.07382572536506195,-0.38284535687180526,0.49153976710776914,0.4028183052834339,0.08457500186978144,0.2328464932172727,0.19865359561233614,0.4957910037684497,0.1184976173632976,-0.2875368951567765,-0.19762141542644815,0.1890851781204915,0.20222265491302302,0.21892349127436972,-0.27319127348513933,0.0622968306855375,0.10506647643652764,0.31760644959453416,-0.3075042976462587,-0.013460679901813408,-0.3778071614897052,-0.2126225507880262,0.1843487886371754,0.03421416741583217,-0.26843726545426544,-0.2786119845060993,-0.1361468297043835,-0.5349486883027452,0.17454873979676408,0.17685243603458387,0.004598847723564486,-0.16979463266153064,-0.07814100314228589,-0.3682137317205241,0.11405380825343982,0.3366735137787958,-0.09773450617402012,-0.16187592996046762,-0.25019402734388163,-0.02102621231048996,0.10286585708678823,-0.15983226524834332,0.030121846807410698,-0.11499418392224378,0.2447168983417172,0.37094405219740134,0.179609270394793,0.29369066340466843,-0.06868116914287466,-0.21716078490965518,0.05443868497838048,0.3314096891429009,0.05828079923013891,-0.17535300132311155,-0.01833431630374673,0.27465704040896843,0.6783121461884192,-0.6094137155626748,-0.3950441083085436,-0.4590402371571915,-0.07677933123261847
-0.09881306380734074,0.06704906033105468,-0.15519749309789688,-0.0037160115497633242,-0.09591274916916995,-0.09608179167854032,0.0882850429536637,0.0011183153654534337,-0.06390162950122989,0.007092755606283957,-0.19929080460982093,0.06519467928421274,-0.19009023917402895,-0.011942857653459761,-0.2747666909620891,-0.04713781305293987,0.046465780321769595,0.013451169879827057,-0.10110713367989309,0.21488938373825903,-0.02082661776620894,-0.1475289819951726,0.08072767857944471,-0.03879467925739512,0.10400984104691328,0.05424024015333808,0.07258070090286099,0.15859279382414918,0.1686583563884413,0.03367366863205797,0.012153277675965904,-0.053696181476946526,0.1648012034458078,0.10201771741561545,0.005249859724712873,0.07526572106105041,-0.1750507195778621,0.16423672871106945,0.0645418202150192,0.06878551022561798,0.20066181681527118,0.032992950507191324,0.006151922493395076,0.15756390855467559,0.019231368018775456,0.2714215371941466,0.1567587152373469,0.14628926334271425,-0.18281686235194253,-0.025031998891223546,0.21671872995643346,-0.0714732574890498,-0.1235649562965046,-0.07091638705135443,-0.08727844022606975,0.056986389067454284,0.05071754288844941,0.07657696147222916,0.39548079532977565,0.07060556735697412,0.09785110051003891,0.004534667116409495,-0.024909656634448732,-0.2024008741358303,0.17491924852856452,-0.0882590437966706,-0.07793173686513327,-0.1605246419906955,-0.06374307463013722,-0.012678465730421164,-0.11714404645508032,0.09704363204061801,-0.03337555373969789,0.0219150536877398,0.29623078367113875,0.0027097787119821203,-0.17611037215782266,-0.0949993927044486,0.0521089142996667,-0.10651701428004252,-0.0415057162838136,-0.18342052966414776,0.10695906092655762,0.010965056065642126,-0.01209102637130301,0.004352828553371038,8.503688486316459E-4,-0.11032409915014031,0.19514478256410087,0.07173995635551178,0.051097209763542845,-0.02067327152842494,0.03572607639572972,0.33217803320793754,0.11719060456653639,-0.003473576081762346,0.09773998009646269,-0.2651254390341058,0.11381124643568297,-0.14096031885169819
0.5246274699000617,-0.1901365912387504,-0.052494260328517735,0.43593652475243555,-0.004092748969217733,0.5326796378281069,0.3755158690470478,0.6024885675571706,-0.028753365102488097,-0.24626631023525447,-0.35735372207056276,-0.3700170864023585,0.15157475256453048,0.2346963776949392,-0.48006226950206954,0.23386231963003307,0.22905328486082888,0.1471639564594392,-0.5928375607765612,0.025881337418296724,0.11229001613608466,0.63866375355705,-0.01878281112045335,0.45372909147072343,-0.04085076121361513,-0.03085249249486711,-0.26017600642569483,0.11924687941913749,-0.2567732328827006,0.34005068478684297,-0.5519016157145487,0.26637722920560586,0.2208726211714389,-0.24697883705164733,0.12729746975497216,0.1610273751476282,-0.2592606562893611,0.14880734213653168,0.03769670143928262,-0.28316955439494473,-0.018266876780658907,-0.17486839742875626,-0.2269664126930865,0.38770754451973954,-0.27047246095134647,-0.513329984898045,-0.23294776205913975,0.48588424606430364,-0.013716701289296782,0.1537800900926804,-0.057499721512755966,0.20533778082212112,-0.4126594907574129,0.43772280643148515,-0.16820044534913234,0.4479074993208035,-0.6819398135517927,-0.10648005293109786,0.0686469430579534,-0.2640153631796045,0.03937247520533059,-0.46139297602823925,-0.4854066414234953,-0.5824519108491985,0.14315456295631496,0.2309702172117097,-0.31182619045479976,0.5018807470210995,-0.005440998518716113,-0.1327428097015089,0.16775056678740302,-0.008628409565488956,-0.04452907586024857,-0.02617046391600292,-0.09503887963799101,0.13253586064016043,0.5657427130675056,-0.34039461432504164,-0.047969816782372776,0.31959633046351044,0.28959204869660077,-0.08011880418130264,0.7243760981843673,-0.18452089195180485,-0.17558368845901332,-0.027401395344892783,0.14278052095484237,-0.14800878262836936,0.05855832104497627,0.022171217842765375,-0.201160399240117,-0.31390803406719126,0.4729869706496418,0.42608147913091704,-0.37820308119077833,0.2681612089053624,0.6564557247946494,0.11613902535910063,0.03546887499561052,-0.01351594644645012
-0.028580152607752093,0.09729830493361459,-0.24429939321956004,0.13276743266682617,0.5439019532703729,0.10857104341881074,-0.04579130868318269,-0.09911066675117039,-0.19089720193967463,-0.3857608484727676,0.09501553333819851,-0.20793277672333213,-0.12077525475217452,0.07318380166251594,1.0797208671680738,0.009964703552827976,-0.08729426233719555,-0.16102516321580568,-0.010111824307112632,-0.040874930911396955,-0.07453204379967451,-0.1250403727135341,-0.42833467817165133,0.056848111090000895,-1.6616752776423476,-0.2278654777239758,-0.5403056459783002,-0.40848126762999404,0.06518906928642942,0.045734958844656656,-0.5662610464587452,0.06363498647691822,0.32499863071813423,-0.06893919246838688,-0.4132228013301567,0.570853713549221,-0.10588253285298577,0.31145144144153963,0.06129047817641032,-0.09403877180168195,-0.20195943197018942,-0.16213799758010602,0.44811022420555713,-0.011583817468060578,0.5967586251683467,0.07173566410669577,0.6338006370892987,-0.15951083680728323,0.24667328767602495,-0.6422689284712473,-0.3276974056055922,0.02712933284831855,0.20212534936491458,0.04007053857754095,0.055586851056346316,0.3835826922707618,-0.08047052528888274,0.057280979658378015,-0.48182191355375575,0.35330658387998065,-0.022837424434022372,0.023815817284008164,-0.2482719395455703,0.030856160123706455,0.6937555009041388,-0.020250125409876273,0.1021639726446896,-0.47686948999767653,-1.0598970646761894,-0.010241121418520424,0.0015182555984312063,0.03328555184242985,0.03226613921117745,0.09460622990211774,-0.2055993457802249,0.2228040914277813,0.6813112682821744,0.676450805371478,-0.5846810935535965,-0.08772187542388991,0.223764879459691,0.012357690664610224,-0.674020800654818,-0.060471437966887316,0.15202436333986533,-0.5924510494207124,-0.054443502600586925,-0.061050163385872165,0.12842669466177156,0.0060902386021999474,-0.04275086238446071,0.1596288379715791,0.14660179441957277,0.6613718507890378,0.7127523488667986,0.387770027472425,0.056025857539547225,-0.3644046825663311,-0.22399052331538227,-0.4662044502939959
