0.04064347500365834,-0.032524296030938635,0.02110494988042856,0.022172138237796908,0.03322718094308321,0.04170280961881698,0.03616337839436979,0.02085269838073193,0.009662326158198425,0.04433306021114348,0.04057622804614412,0.024687159431567747,0.04137149536915836,0.04496400447830296,0.04396853111778094,-0.01928005108644672,0.012440961775444055,-0.01861151212103417,0.006299091295975064,0.01734376288900335,0.04131344422798559,0.04220733995051737,0.021297065381448183,0.026198388942070716,0.04041892920408082
-0.05679428973956307,-0.11903671014750745,-0.17894457033742162,0.053639071565076336,0.11540923155409066,0.04081088866760469,-0.15231230539917345,-0.10384755695309517,-0.12669723770737024,-0.08377612997901858,0.011869691581864704,0.1647366357385196,-0.005959923104632836,0.004325052896122975,0.08768799878390977,0.007110874943558932,0.0036436730338078797,-0.15902625703393503,0.08640608111961434,0.0681313848976116,0.151682083673812,0.07077985978182243,0.046362252628710576,-0.15930582305627627,-0.017927954229402836
0.0680297557420294,-0.04876232751556767,-0.03858986585494978,-0.0020302590984661874,-0.03531314032189173,-0.1264961011960921,0.018521875480276874,-0.03427793920975958,0.08077986977247938,-0.21095056774263665,0.1648403811189166,-0.10956576905898181,0.05334025655181484,-0.07567883548270124,-0.020835501476573853,0.17593970932913244,0.04664745687878903,-0.11189763054361493,-0.13800418334166306,-0.05058886853418946,0.030866529478999594,-0.025700417826024398,0.08006236593454337,-0.0450126943407958,-0.1062912002494859
0.13088773786175067,-0.13874521420655364,0.013138368185804418,-0.011380288356462449,-0.09535649320192947,-0.026007272292894432,-0.1884394461062084,0.0733853381609433,0.032221161366125795,-0.2217739182463316,-0.014060214365963206,0.12356560292026177,-0.04338806467246066,0.09166969266597362,0.017364058468724866,0.025028249939016468,-0.03708381309309556,-0.05171884247755687,0.02141798937725035,0.22302484052352506,0.16457861862208206,-0.031491341327011854,-0.02619429067653796,-0.08351968004118593,0.15418522820849698
-0.0627843402233174,-0.1558485899920914,-0.07794886098083842,0.20442698410193066,-0.030913577844573492,-0.007763170367270861,-0.04515895552333794,0.08759352724079715,-0.13238302391929685,-0.013333426205423236,0.15466796247102507,-0.04951272649989073,-0.05577503648619593,-0.23358840641508133,-0.04713563884288468,0.003941411917926207,-0.009029422307381846,-0.10942424885124487,-0.019548302395425054,0.2422715916374444,-0.03710925312658403,0.07635816042395199,0.15870599928711968,0.10726520001017488,0.10688570753124152
0.0386422248644695,0.08198212830646388,0.014922546593359036,0.12390846929416018,0.007135913535462728,-0.09460632941324175,0.010880603168488616,0.12872469417686228,-0.07248543842963433,-0.06322822738070054,-0.04211888476631137,0.039458986486827365,0.05594480091000343,0.06938729327140311,0.14992807080932363,0.06609186486768716,0.08749130676914248,-0.10321401153464246,0.011180846772449328,-0.023860080612259586,-0.12111880229940149,0.06536157856731263,-0.20540058043907614,-0.14103470712348407,0.08436709392891471
-0.07097139368139657,-0.051255571181525975,-0.19801165674693486,-0.11555415647063165,0.015569656696714786,0.18559133049877038,-0.07604452678102391,-0.07229492605951804,-0.09719273447157534,-0.02570616555651513,-0.0790109786557745,-0.16045452813519942,-0.02086519849586242,0.03464033885074699,0.02047668434910966,-0.03577880023418561,0.10994315015703313,-0.061470658318612266,-0.13236786519572832,0.12749564349674417,0.020772967200098566,0.12822633182224952,0.18727323073287622,0.03985362707094603,-0.07391817453251742
-0.05714164679293717,0.06614779258703954,0.023652240209343447,-0.07875499121346193,0.09601596215678299,0.09131048424101075,-0.03874175183540977,-0.040818324374061535,-0.13675312825137415,0.11995288419721371,0.06733604126159459,0.1754324935274322,0.0670183819074084,0.12658291476915506,0.010154854907495365,-0.09371876339285869,0.07600072782273817,-0.10938048719045107,-0.05775243557322812,0.05907109708909857,-0.04219359950051029,0.004737234294757656,0.20847014013500695,-0.021355889382191868,-0.04570361709428202
0.043602612414159005,-0.06280784087580173,-0.028693814728366473,-0.10159980052699073,0.08697229891753054,-0.017708307322924274,0.0993480269574849,-0.020087258736793893,0.07035796539185578,-0.036181167479478894,-0.0021424484450279797,0.12806988262781788,-0.08100707865030954,0.10624934353706161,0.018482406370493323,-0.25187992100903067,-0.04220457666769997,-0.10379799053400834,-0.0853538930744234,-0.07073165134460906,-0.08502181413882534,0.17851060691412937,-0.018575496832441456,0.09568288951543329,-0.08376868404820452
-0.03284319281480603,-0.039996624711076754,-0.1034671380869888,-0.03045214698072804,-0.14074391440337194,-0.11159763718797934,0.09059904238394752,-0.029421402618780377,0.01672551743631768,0.04612470429450963,-0.12080971947945904,0.07176365402078869,0.16410050566042758,-0.138924902428025,0.09855546588168994,0.04222580654728533,-0.21414845442456315,-0.18515351367674285,0.13844879982322597,0.0027798120576009253,-0.16996250286960427,-0.2192079454187674,0.08832790692186751,-0.15843010914025593,0.11598656128819633
-0.1320638258142704,-0.009039491203242038,0.01719535544683594,-0.04781019365668416,-0.19016753083805144,0.08192735947337577,-0.0702955153703764,-0.04951968302850689,-0.008244874118795407,0.21043382149727563,0.07880825292613954,-0.17192682771580978,-0.027037753295422632,0.054165196008714896,-0.023325956261513445,-0.10924382419164273,0.03917741225018232,0.09021786813082876,0.1448272989350966,0.22539150566541605,0.019490052206914868,0.1221091666850636,-0.03667534939691336,-0.0944343353185359,0.06539939754555556
-0.18399890161586718,-0.019472140003516148,0.08135518040155434,0.06949525090865999,0.16573854755919826,-0.025809277756054117,-0.18266376324139835,-0.041180365869914776,-0.14617887793516615,0.012072184511405999,-0.10022110745540563,-0.08910178201880029,0.10927574202993742,0.01957722638548354,0.02296096793332158,-0.16229014188707153,0.12205721798905163,0.05898657244086463,-0.05605237736091387,-0.06666077561121952,0.16096777518251618,-0.00496591403817667,0.12544282296230783,4.1282010968108035E-4,0.03556030082992437
-0.031153161880730796,0.1333748555332925,0.03724575990478044,0.06157938009067743,-0.20663045106832428,-0.013109183504960271,0.007344506830369906,0.03668247436154151,-0.03510912206249449,-0.04452482101925369,0.20761066092087596,0.07601744204892102,-0.13653819441393888,0.08061654765239945,0.16453307871064277,-0.024447320699565175,0.13370791145575858,0.13780360415075463,0.09816152655319925,-0.07740159162704882,0.06696610437595563,-0.06305645753619296,0.14848935525463655,0.05650862720712009,-0.05285298168456562
0.015087616812713733,-0.025867094222216197,-0.2866304116534354,-0.1603022082613238,0.0030791662168047776,0.10814816691232934,-0.004343632376376446,-0.05159065305624525,0.0583553854371873,-0.14802138878670162,-0.06938844027891468,-0.12057390741259304,-0.11308665036560489,-0.042064379657335955,-3.9406083104396054E-4,0.06893139550499176,0.08883611425009004,-0.013007783249867086,0.020059977590318877,-0.04193722641171675,0.14555326160651233,-0.10066684332375472,0.017144572504918847,-0.0497523241917458,0.25174721329553673
-0.0787842851474256,-0.01878336597932043,-0.042762781094699914,-0.11493205261094308,0.061931104797138606,0.038767638062769685,-0.04341937641814049,0.039458765634525494,0.09249232311368098,-0.024872630105804334,0.09319219458875944,0.009736949635517791,0.16574410054336775,-0.08486348323655823,-0.14745486959584286,-0.18234748800683803,-0.15745172450032094,0.2261204276006813,-0.08970118031552049,-0.01786071314967639,-0.08749404413641014,2.54877175759907E-4,0.01545093455729365,-0.149593414463976,-0.04179582463225742
-0.2607443218440315,-0.016126469709396744,-0.03671648358330876,-0.09494558915805619,0.09644442737721015,0.043936441312302024,-0.08820695398587107,0.26764790558621226,0.1406612064878319,-0.002884733457628253,-0.04622758518645811,0.028846148914230825,-0.02047016989699965,-0.14242126107229697,0.10746875113093914,0.1822314587918106,-0.0232251041525822,0.06273512913244031,0.003467331084571717,-0.021596011368181494,-0.034136676779804025,-0.10859063664596554,0.07001966947766902,-0.038064947883392965,-0.06816169189396452
-0.10760943738026284,0.05302787416314357,0.09481807007800698,-0.14619998024228273,-0.07635413577284371,0.046900028338954375,-0.04886960150134325,-0.09443488927131072,-0.083453930597258,-0.06949758657322037,-0.07819655052703413,-0.05356665194972285,0.1561735237131373,0.11555814237003982,0.12804144971078985,0.008614856534973287,-0.028181649816080272,0.10855591146338714,0.15711590859579022,-0.07456243962835356,0.05829983213759452,-0.07309022902392642,0.016908958276740757,-0.21307330282219925,-0.139518301471999
-0.16372955182115398,0.08462366880123905,-0.19322558813641066,-0.20681240623498848,-0.008805735040603637,-0.010702775009890982,0.02854788204531212,-0.10005059916339792,-0.0082348502505594,-0.05531090995430705,-0.10140290616284948,0.012678977327761139,-0.042494203291693275,-0.014135326007400523,0.018988942085645694,0.05753413209600162,0.10919336849469835,0.17485619103831657,-0.11509694140426073,-0.198510988552215,0.013203420760366388,0.11262437070836893,-0.028290711921805656,-0.16206539789196825,-0.09611285224028623
-0.008470748790149588,-0.19826649172350486,0.18749316931369323,-0.038508104574161234,-0.048239937561718606,-0.030654289079443488,0.08992543262268068,-0.059822423111024856,-0.11125713692860181,-0.03967263292814395,0.023037873308465066,-0.35759434301554127,0.047998429419272105,0.10098849601981208,-0.09106382997919008,0.049317270533498464,-0.24683069981220082,0.02687789905853269,0.059134563625376516,-0.07922708906195074,-0.1402394258603314,0.1288439573335575,-0.010611958716779817,0.022416090599553504,0.1699187832220356
-0.027459855870258877,0.01563658722523817,-0.030716238706405056,0.09341084193472683,-0.07032256194918254,0.04854082040347343,0.1891145762797373,-0.004514889902409865,0.2059576046796025,-0.06445329167896692,0.2401865959645602,-0.005171284524573604,0.07040484664393597,0.0929176802400071,0.07421855502494366,-0.07236036340793167,-0.025569703495402406,0.1424149328170659,0.12669062460035288,-0.010233787510966909,-0.07536821658465671,-0.06135383653682303,0.02794527436894576,0.17092767413476828,0.09786834599503119
-0.04452119866709553,-0.021251963525126705,0.045323440974910395,-0.07998356161145102,-0.002125350586932316,0.16790258693756005,-0.1319849008807374,0.16164385777204587,-0.16704065113409236,-0.025319218999315808,-0.04421689199310427,0.038882774681331854,0.06414555694424366,0.05246704627083079,0.11075961162826072,0.06207676260849683,-0.012909387104117834,-0.022750034645421798,0.00931472064333804,-0.01854912579383815,0.030079615010062954,0.0026849786883935776,0.09323437133503615,0.03886580457525427,0.07847614383962838
0.0845441273289959,-0.064995785608514,-0.004658904993682068,-0.13359499997305796,-0.02976160222104522,0.16159556717381027,-0.04352645153006332,-0.001632408987191439,0.1438187867083143,0.045950798068351256,0.23186125525201765,-0.07051775223261483,0.20243127247243312,0.11480606628252561,-0.11553405443791948,0.025384305994849577,-0.019022965660093517,-0.178633382732087,0.1668980484838312,0.044276083170933615,-0.015811341258823584,-0.05277450628622754,0.0628682058870245,-0.0108801988583999,0.06170793621275461
-0.1504152009022217,-0.11502364021220159,-0.04793954210065937,0.03557063363667556,0.19994472735623445,0.013691880536366847,0.16119541916212995,-0.0543081407587817,0.17646719834027322,-0.19176673316727222,0.021210719237476115,0.07509661029774126,-0.04438708703684875,-0.048726346590517174,-0.10963658118042013,-0.12328719412946161,-0.045962954261336945,-0.08880136392213356,-0.03297198069418081,0.035102984917604885,-0.18091690675354535,0.23557443834215067,-0.05686786294303459,0.12212383675544082,0.0055215445055221005
-0.06873749672886037,0.14966036814427194,-0.1601364266991605,0.053894017072041556,0.19164889182681433,0.0706361436534085,0.18419532152120607,0.10777321419277257,0.02739783531131468,0.026456335893341665,-0.04399268018545993,0.03364057852098521,-0.2042207258219032,-0.053114387306011784,-0.05529943241375917,-0.16498951504473472,-0.049719638694409325,-5.698744517711504E-4,-0.08413298938962831,0.2465899812677426,-9.388666445898628E-4,-0.1398149915005676,-0.051026356126134875,0.013815065048613392,-0.024053991225382213
-0.05292789567177207,0.032159795609752316,0.03151198804926613,-0.12465493916498667,0.01581168274904461,0.27109332200572606,-0.12321664540869824,0.10571527242807023,0.1198934525671621,-0.053980929394904634,-0.11907285438597427,-0.05033706580935856,0.07455294269155228,-0.10007085958493853,0.23895920349094005,-0.04238739696612478,-0.09199846508428194,-0.1379460752778142,0.09502914266516757,-0.09467266656343887,0.09633589994105321,-0.15230447833326974,0.10220674414630779,-0.03059905122187462,-0.054564319662556406
0.09783521867750272,-0.07524267263012112,-0.04249362892534638,0.029182354424930113,-0.004692037502137444,0.05742650429250198,-0.029620225653950737,0.05711194254093551,-0.0063047016464671665,-0.06613430414330862,-0.04098598618746611,-0.0538815311390511,-0.1614230588674266,0.12233902990569462,0.02375853368478543,-0.08814057960698893,-0.05063044863651249,-0.00437915188015743,0.07379403249692443,0.18305106102528604,-0.010272522563724705,-0.02517807547690424,0.12200578097280393,-0.15234487920198672,0.0030012708999919598
0.08182828637415683,-0.08130368094905514,0.0015872623387384592,0.19268731025941768,-0.038976698079115565,-0.022113451812552542,-0.06473684437770938,0.18284798628559784,0.008381366395377956,-0.0022377197741923244,-0.03401083008265979,0.07395014044982068,-0.017711277329334564,-0.01642116559712972,0.2001208191593328,0.04236841039132776,-0.17686960440458582,0.18532855693230016,-0.2281187840167161,0.04649048350476078,0.08502714667133654,-0.08609728267515784,0.13180374761537597,-0.08873112821619,-0.008067963182492187
-0.06499503434475416,0.04419387299248986,-0.044173602010780806,0.06768160986067195,-0.055405024737626624,-0.10643134664128236,-0.026924900958053378,-0.034448958324184605,-0.03875096834328642,-0.26342305868781646,0.07731797283583258,0.07986284545030851,-0.1493359019143645,0.006768893732344413,0.03606944345316708,-0.1400992816350559,-0.1352321365217333,0.09581196823514776,0.16785468248139157,0.04317382008689034,0.020572672814969165,-0.01306830262876673,-0.009008046629407003,0.19538023417868,-0.2543533174662224
0.07798388166377729,-0.03349232590014752,-0.11769649484899616,-0.07127148214513038,-0.10243111240799564,-0.0015266227730097743,0.10160788359600872,-0.04821047963035535,0.05242480867730255,0.058980227028196025,-0.04236753893644311,0.05262457767988421,-0.0681386926720667,0.13348539810138826,-0.013634654347432058,-0.035726236046747316,-0.052380303371823894,0.023316540937315954,0.027589611343124227,0.13218987669192211,0.09263121944255649,-0.06673661576089188,-0.11620198372223256,0.07763259480429138,-0.11479447851611614
-0.14007929893094415,0.059334226930212786,0.04563635421396132,8.811789079081454E-4,-0.22773184277034464,-0.00975791724992266,0.07679715050023282,-0.0027344025980415064,-0.1459964016822513,0.06807782025536813,-0.08355881907011928,-0.12253210731162552,0.07136058466622912,-0.0716130557915858,-0.011436332533538575,0.026487447732412142,-0.007532695594833426,0.03100733880510656,0.05428851805062346,-0.22724124096368603,0.07309600447114677,0.06039549713022017,-0.06769797938588205,0.021930640441565223,-0.08802491432030625
0.031177539636410616,0.06997656945342294,0.11211937877717415,0.03798379908321254,0.03871820316911599,0.264718480296299,0.09248372466826184,0.1145865618258254,-0.12972513866298213,0.02058314419192708,0.025889165860145648,-0.1450469709476865,0.12014078802973527,-0.14536305936402397,-0.16930543833351405,-7.847532954989837E-4,0.10151820392750915,0.015321178611401042,0.07606239050305534,-0.027462944447996133,0.08583185972736306,-0.07295060879769912,-0.05830140554336586,0.007535006817345645,0.056082399036518134
-0.22814733747679922,-0.00424183102459429,-0.052894024334612384,0.19004286692377764,-0.12925905009194066,0.08693271809709957,0.08547037440120606,-0.09490251862538261,0.04562560004647329,-0.0367058978759446,0.1376111119891747,-0.20557434025369165,-0.07010642947485445,-0.10777306826266218,-0.10820546500028666,-0.10540078642513998,0.02623615203741961,-0.14156017428165577,0.02049898051595354,-0.07901421113268003,0.15453076899401216,-0.075121405776915,-0.16229699354494054,-0.01715928639252726,-0.08807539837674176
-0.002955400778496556,0.06612075306734683,0.02981322734928588,0.16322939108503198,-0.08415201756552655,-0.12987535835439667,0.08664913832255265,-0.1716796761664246,0.18049173165922522,0.1206171083229593,0.08337320066302577,-0.029185597456499804,0.2398262350702996,-0.13925082866708538,-0.04985350510306178,0.06771876453966295,-0.06625134438049242,-0.11708281859405044,-0.14746368043899505,-0.06307590734271293,8.460847308266122E-4,0.07915470449753671,0.08480289252810218,0.0549291575911997,-0.21357418249817384
-0.08403150981890795,-0.08127924069283224,0.04729636249631871,-0.2670391479291899,-0.003610637324492416,0.07824934785090641,0.06088665130733297,0.0724536947151002,-0.03396940523506675,-0.07280187158223252,-0.08995572134742548,0.03762925698395781,-0.04387340388619023,0.06114978601388655,-0.06594499041365494,0.1926506816652523,-0.04973231174608832,0.048499672320790395,-0.1448218888331654,0.1264786416027725,-0.050168196627989194,-0.04386636244243856,-0.11673599977038812,-0.11315703193804005,-0.032850661483193586
-0.1557611304327624,-0.13086725785303283,-0.004198309511740059,-0.07485362402377449,-0.01718470344530476,0.001328050541321793,0.01428152829728563,0.026330391773094795,-0.02646097045059073,0.06534426053577445,0.11541738772547612,-0.013556230378510526,-0.03554089966788232,0.05563023926510194,0.11221387720994717,-0.09018246961997059,0.013693947662341574,0.07702212050855574,-0.036129107574497395,-0.09087122396770758,-0.01783480732814962,0.06948202061962594,-0.11251329256320962,-4.493848219888849E-4,-0.06389283000585791
-0.10085637290498227,-0.020311212001632047,-0.09120566505748749,-0.15640538775841403,0.04383747134687252,-0.1824563520988399,0.051885007946333966,-0.06031427949663875,0.07973841041315695,0.04365343392872097,-0.07069745995625569,-0.11994345667006065,0.052904919445825725,-0.03069125052983119,0.10357949896181436,0.08718185591678523,-0.08866557193688607,0.009162223782165085,0.12849322540202687,0.12779535970118544,-0.05277815826662731,-0.16172385687326055,-0.06583014328023537,-0.19589087739519137,0.1694234060186725
-0.18547122440978892,0.16090167115447823,-0.16483005578943408,-0.09365354086935274,0.0015168369104025632,-0.1384176518591345,0.04552045853107987,-0.10314948359635728,0.015403910971807603,-0.04808173204586005,0.13379274098098543,0.11633442892396387,-0.15507750975722484,-0.0937609715649646,0.11790661535213261,0.03820283735030966,-0.04947992284051756,-0.10696293848309016,0.027625924473681746,0.12330589737400452,-0.13972120727719756,-0.1842649444587849,-0.13013963196297268,-0.07646128121380351,-0.04830967580725249
-0.06690532128200839,0.0228468111240728,0.0368999046040263,0.032168637176562716,0.015461298256535872,-0.05780793133255973,0.02425366216978834,0.030554053629643065,0.22895154243281848,-0.006434130264087521,0.01667288781208438,0.07124663366860198,0.1530719928465812,-0.020038863829322764,-0.14052590027059,-0.029018070292012168,-0.010208667242114515,0.0032786340469448455,0.015131840766396244,0.3409924790749668,0.07107979951115516,0.006955711471213804,0.18589291897689184,-0.028824581907729494,-0.02422766111648389
-0.1521227794662996,-0.0043006895964732466,-0.10668274542454308,-0.020031720423571226,0.10717597095165322,0.058664402548523585,-0.11298337076892916,-0.13613498906619595,-0.08917797552988066,0.27309382884729627,0.012458272249218522,-0.04487713694153751,-0.1539799509400728,-0.043307293404642046,-0.08274192366203004,0.2543904635053076,0.002899292388231881,0.040427358893026545,0.07373786490556354,0.016394966974686707,-0.07602759445342876,-0.06164774787678056,-0.07298635564986262,-0.01943783184478445,-0.018347553294192704
0.08187652997089842,0.12619702085743814,-0.20179577412991162,-0.03483690153132139,-0.11239462048991947,-0.13936022085814181,0.024925759659276965,0.04516290186884397,-0.018178991466383337,0.032843232641137914,0.03789968933495568,0.025410238970100314,0.09028737965676198,-0.12136576407903454,0.06649490876498257,-0.055344293224286606,-0.1735719007148188,0.0996995621161346,0.0431211944836359,-0.1374175511335414,0.0845898276032646,0.15928951085925677,0.08078820966606685,-0.2670518837973529,0.08178698412006075
0.06617754826248466,0.07549222805687192,0.15289807005224534,-0.07404744338381074,-0.03584355182004217,-0.07318401116854883,-0.015428422464038142,-0.03710408471447071,-0.017706658672374108,-0.009974449238611764,-0.030351071121344313,0.02281786186523124,-0.010263097070330985,0.1073645599470722,-0.04963813906037264,0.06498315318987356,-0.19111622867121222,0.01506234898007852,0.0021276057233822576,-0.07078098528233805,-0.16672722986630792,-0.05404496327431558,0.11747647763738099,-0.03816639341422527,-0.04204981422525358
-0.046350509411838575,0.12575917828143912,-0.03786538767480701,-0.2115277612779653,-0.10152194525763049,0.007341956054873224,0.02443716315761513,0.06452152638853373,-0.03202305725566643,-0.08519871495980146,0.06208373995874315,-0.07454676725139044,-0.11330061299654992,-0.034347203517345534,0.019801444166612437,0.02762531482340281,0.044894886775312795,-0.14642315103631662,0.15635645938363085,0.055064921734752775,0.13587474928284582,-0.17100382974077466,0.015754859095017906,0.010452079997831907,-0.16764080475883783
0.09651097631622678,0.09301450367800332,0.1389145118195288,0.07287760095965662,-0.01692380228934088,0.04937259808233598,-0.059252761956987185,0.016870905251786358,0.02141797109737007,-0.03516732618549262,0.04018827535139635,0.16267505966917056,0.04843663590529219,-0.09011193349727299,-0.17825917460390833,0.10802114075250648,-0.137159611539656,-0.12269716361199656,0.05908688410709374,-0.06256830225193079,-0.03829643721410997,0.08270652835566762,0.042441932881688384,0.13644864588234187,-0.16280956294576904
0.03611041844685262,-0.020357622831282087,0.010959196492219832,-0.014989706795710381,0.12019805717528378,0.03650945391296417,-0.09041877039882343,-0.10653111333539012,-0.17006900720689225,-0.031113612603969654,-3.7502028673081747E-4,-0.2481597931554493,-0.18641069578649555,-0.09129410780243491,-0.09688722341570281,-0.02332848424402976,0.1407568070463128,0.052982162667365496,0.09550672584527446,-0.06246927383450896,0.1323504739860997,0.1278453401781779,0.04481248020723852,-0.056819423976193585,-8.837603219924678E-4
0.010654980561010606,0.11315640324902175,-0.08542489418492129,-0.03452757532744267,0.024945041295639604,0.06180251215397398,0.022521341311080998,-0.08336793194030491,-0.03667108676441427,-0.06551629969574681,-0.002323753769003871,-0.0031725446627558994,-0.08132306556052497,0.03140190161237543,0.022725760596796422,0.0432508876439713,-0.11210924466530378,-0.007899656246326247,-0.051354546898816904,-0.12264349509450376,-2.1205247095483232E-4,-0.004862420335208784,-0.14358524028254188,-0.0015833366870385017,0.20499399941794458
0.020891020986619012,0.06821509396554565,-0.04552474886347318,0.17447437308514122,0.1217190862707557,0.07668941114091699,0.03343477045477183,-0.05756291633036965,0.18822656196662815,0.10567197817749706,0.12799610029193897,-0.075469663337901,0.12712314957828336,-0.0335890480554134,0.08528716802287117,0.10115179502249133,0.21309980328224587,-0.19583626116690148,-0.0614438311536651,0.07076886813022304,-0.09026835751353512,0.02437335101958673,0.03286941226937275,-2.813147306762043E-4,0.068741811993695
0.1215832078526028,-0.1891051844375963,-0.13597693934995653,0.13698936257305905,-0.06323317311026594,-0.1849344066144378,-0.08207335008951515,-0.010716273407001292,-0.0265082336302471,-0.0037555873457128914,0.057749677307442335,-0.09787016244699996,-0.10049801576282906,0.020302029047404222,0.06630794785619064,-0.06088529214575882,0.02901393718750909,-0.11721184175020505,-0.009402047911607068,0.08833300401874049,0.05247953917051238,0.04287237131223402,-0.07283013283940899,0.010441506124773289,0.12114259202824722
0.03770492293408272,-0.068429110800606,-0.07812827388633656,0.11334353909306166,0.26765554302320116,0.17600768975527326,0.04932201426208834,-0.08766744065328944,-0.26855595616314254,-0.001355807486331752,-0.12026892582095544,0.11058076190446016,0.027413830145320024,-0.11696182422874123,0.0033112579382516528,-0.007692014055877275,0.06726545657750864,-0.124787171432167,0.014703195899665695,-0.10079674711920242,-0.06485769499765769,0.007951643477850774,0.07559051662592267,0.01490325115207736,2.5538929532007175E-4
0.06607722510269598,0.013656170572494894,-0.07048068780302241,0.02438481549671343,-0.10330848081876458,0.09318516075344414,-0.17564825010469862,-0.011089401953195816,-0.21934814527690086,-0.08814220749982496,-0.06689698634988864,-0.0473004781929087,-0.06197551168903894,0.09946088670961514,0.05530895516565176,0.040150769829358335,-0.10974922778198118,-0.041091740761496055,-0.051938566342245564,0.0051975669199120925,0.20869316206601307,0.1647584389688977,0.023204078444972128,-0.11729240168484385,0.12778807192514804
-0.14145955418138284,0.15711291982808573,0.14066956058470195,-0.02321029290782609,-0.17579455345391418,0.06368451121191523,0.019580715103041376,0.08879121067311946,-0.1473090111174624,-0.04577118699132754,-0.0654976801654736,-0.019835663398306343,0.1550933746706987,0.11759392655121798,-0.0013945477847945754,0.20687740641874133,-0.007020734424039084,-0.09798692981049367,-0.0015590635087060008,0.04453457711107672,0.0483548124373661,0.10756526516179889,0.021603986016449594,0.09566823906548516,-0.029968933237481513
0.006715129617310649,0.06559254454130906,0.0535274546086996,-0.18299072019992696,0.05115282895461937,0.08754610925931945,-0.07521193302438788,-0.05344923040102029,0.1430532237238567,-0.010358809037671422,0.08068245579104667,-0.17566439171219844,-0.03141128671229713,0.19330763863020847,0.08231256514556595,-0.018985564139461435,0.15819665944266356,0.19714240462377267,-0.08405172099773128,9.897208665991658E-4,0.02751701444614512,-0.05532301433455713,-0.03941189051030442,-0.02784545246385213,0.01336757550764488
-0.05492361570128387,-0.14676429345666267,-0.16393471903174875,0.06831570324843851,-0.12235362169312505,0.05440014545528121,-0.27250215203849165,0.07885282173276707,-0.02203621067592086,-0.05664256226756137,0.04426774199372463,0.01838195656253533,0.0026125248314621966,0.20684821159170086,0.1858869095881564,0.009814885683639198,0.0664089775607331,0.16714189634400567,-0.03160982728661942,-0.014283572505344353,0.04170097155952444,0.04200630253957723,0.09982419145935517,0.017865228449394994,0.03620751950886563
-0.14858780017299406,0.1369777270003889,-0.04162810674697621,0.00935980031815428,-0.08774520206376314,-0.13478387199469022,0.021305587060521915,0.08399475804167429,0.015442418440713894,0.046518673262527566,0.1761703073093907,-0.11120965618189699,0.17269823481254307,0.12616672571219975,-0.11517777326351314,0.0695940350555916,-0.15300491656780763,0.0551046214069675,0.14431961499408275,0.07769298632221061,-0.02593723449658893,-0.045873326307862394,-0.19889506475220187,0.051331146504159694,-0.04119382532613191
-0.06760444883853002,-0.023164326140352666,0.005525761380096572,-0.0789498871784941,0.08447869048986528,-0.2273807118637853,0.20028634156908653,0.1097819949724703,0.035905934230246406,-0.0262157881050401,-0.09847299723828651,-0.24391196637456086,0.028737979560254794,-0.10668869293911855,-0.011204241143003566,-0.00613970753123634,-0.11514964919539758,-0.04967817197049032,-0.10672893748208749,-0.03962171246859235,-0.03402019247315627,0.0750462456745345,0.07114664470687981,-0.16895045421403423,-0.15396782467913478
-0.00915876057093575,-0.14016329784090775,-0.03754891037657161,0.08954662230654915,-0.11494066510364608,0.017689028742533225,0.19159141545369274,-0.10104623297409768,0.004083922128993813,0.007675277874893198,0.15348071280154874,-0.14659607462328364,0.03281071404468589,-0.0066571441285593795,-0.07413723394394944,-0.05987302664961752,-0.07121056504725515,-0.05368112705603639,-0.07351366368041748,-0.0434444384737635,-0.15796461765505534,0.06883537576454579,-0.15691396251859827,-0.12793164062111964,-0.047973488953300655
0.1200139432856078,0.003942458157026127,-0.1060170224013479,-0.060039883660243994,-0.11582059183695267,-0.007206924616905326,-0.05677253027965428,0.1365365739933348,-0.010327378226299833,-0.16713906584295074,0.03011640429892824,0.06830776950515072,-0.003115974720713243,-0.09338341029967746,-0.0374887747166312,-0.06117884098387141,0.13081428292346906,-0.18061147771558705,0.08819819901556177,0.23593216172999434,-0.12537152739507562,-0.010740569498047105,-0.023176591960832556,-0.07208201627698875,0.03858368600551959
0.25397983737201935,-0.06388633841862955,0.028042622221249418,0.02199851667509841,-0.08734167724429998,0.2165528483697639,-0.018724167751627913,0.049541392731754355,0.162993599252555,-0.15705019107209214,-0.027285159232781554,0.007765384059855012,0.13116667770826435,-0.031147895139824924,-0.04802901617416082,-0.07634293635304974,-0.25651308215187746,-0.07198762911460121,0.04863031387060756,-0.03648035246330584,-0.0429869471949605,-0.2020520575074159,0.10907961808342694,0.31925662413636646,0.0013105340162797448
0.035377905655891856,0.0328811973427419,0.03454111383969881,0.08557276548015552,0.14880530991613553,0.08367003288572886,0.040089353879738776,0.043204918840439685,0.07343264644979502,-0.03490036894924296,-0.03634706236492055,0.05425741834563997,0.05237470676660118,0.04882310871912551,-0.10175532448751869,-0.0010795092054410997,0.06308048830653867,-0.08626124489535067,0.31049473284948614,0.12190840513606004,-0.11201100154037046,-0.06476945768421355,0.04800754762126493,0.11849781263160604,-0.09933055914367193
-0.12097137910165434,-0.06605610910165056,0.0618572145503221,0.05583113635333549,0.056362114030742,-0.1638019969779733,-0.09898646860063416,0.16829402045375708,0.1451628138315826,0.07363734415762133,-0.05304095347504274,0.037404938381616716,-0.056474668970129885,-0.18526244785758156,-0.029258221917038033,0.10924571421701086,-0.07345497311071912,0.06478480009009485,0.1418222812045626,-0.018864057220609378,0.051000597603580236,0.26412070177175356,0.03291876697270325,-0.06786101102719642,0.0420172147059313
0.06766270393211012,-0.14729114605206375,-0.13787418128127135,0.052502370968946686,0.0016782373115894224,-0.1892173419354995,0.07111905661458388,0.22065231632484916,0.09994115858804486,-0.018893337254584933,0.04658994839570038,-0.012767427653337797,-0.0848134942594695,-0.0558221150490641,-0.053675077247671406,0.04241159040351801,0.11198114448954671,0.012686494472013702,0.07126146693872451,0.15814864017029662,-0.008037470008202497,-0.02319956854819213,0.07514571338367544,0.042971727687764194,0.07007365159567512
-0.021469964552580607,-0.028571480313553516,0.03859143325201509,-0.026261320823478988,-0.018289153285698006,0.05451114591666426,-0.09355644103591819,0.05782111480041528,0.2561894908772812,0.1395419455527326,0.11789605103760022,0.039024708136677716,-0.057585007863165553,0.11601824616210961,0.018347850975361055,-0.02614920924973415,-0.18318914289422294,0.0833625350131795,0.08179902422040322,0.0908106565566295,0.062331527718505406,0.03248566456034561,0.053616998355083184,0.019302521638257766,-0.06579969033769711
-0.08879885092734786,-0.08725771008851338,-0.05995222075591677,-0.33181043890387624,-0.13937004194337552,0.001559417191643923,-0.17593594930607193,0.016593801130018383,-0.08666393758128617,-0.1733444663167475,0.0510072124425071,-0.0479625942504863,-0.06102039268858911,-0.12457004100182159,0.05685989177319053,-0.0911722471128036,-0.1853119578449914,-0.22071316554672862,0.012647040416073688,0.061351885180831685,-0.19978858048458767,0.13753390905235124,-0.016796737441702184,-0.11644495842947943,-0.03533717835846177
0.03515191677015915,-0.010390571022484925,0.08764236031868847,0.051480134418791026,0.024671447807013296,0.09481736470680854,0.023692416270836934,0.06829803002732922,-0.19156337816744273,0.10065454148936799,-0.030350328427981143,0.1628188046534668,0.0960248280973242,0.13167504402625965,0.28876339087428476,0.05147559307754548,0.02815951040415953,0.03882704497799553,0.003896069361210409,-5.863694650456246E-4,0.02918789640291504,0.013899076158194914,0.1089811728835991,-0.05573164643821889,-0.045121869411856516
-0.018628501812696287,-0.026959427411331633,-0.19209257719065997,0.09949064997356144,-0.02117415254391773,-0.017309985619587045,-0.09685667355140985,-0.11528163061595907,-0.026950281943997505,0.02510786204332744,-0.10512673147538187,-0.021517452154420975,0.1663626518444573,-0.08743362385043678,0.08432876551901358,-0.00828047342123889,-0.062404349320629306,-0.08315261437871155,0.01991781121146973,-0.11712698067467248,0.00845192221920963,-0.15704104662102533,0.030586749211440816,-0.004305446382552481,0.04075870157790776
0.07596425332025897,-0.10808003134357332,-0.0158200833933824,0.25511863983038363,0.1874103359161045,-0.08529274049975596,0.05779022654249754,0.019317712614838146,0.055336552423121695,0.23817449810199984,-0.0037262295430721126,-0.16021418808959625,0.15638193811136705,-0.2355659667102368,-0.13966425796928425,0.011104744561695716,-0.11459529708026929,0.02583449250608542,0.1810805950692769,0.07753643351333336,0.02228092177343935,0.10963337602999777,0.0668693043572335,-0.10942274264674866,-0.11173746686477015
-0.10762899888641829,0.02512342007452082,0.13643045118532354,0.0026125721326442693,-0.10643392291751261,0.02472912275437608,-0.22924879890376698,-0.03290689579555134,0.04929069511611434,0.004787287249429137,-0.05381066797147827,-0.15444171925756653,0.12018819601663361,0.08477365971498778,-0.1449470631154919,0.12467652970468401,-0.017977771931448137,-0.1594636495539701,0.006864465950732226,0.06236980758616636,0.07667877112131967,-0.016496119126540063,0.13895621471585606,-0.054720374212437216,0.12068041972699288
0.08530068670290825,-0.042451116199972556,0.1252989424816669,0.15580915637097376,0.08601259028753348,-0.14510958984427821,0.07207997292439265,0.22218037471259883,-0.1992803500533739,-0.1642266465429431,-0.07399177849831282,0.01504239306274079,0.0676293653499371,0.031500836137934536,-0.09938252095004824,-0.16687397079465466,0.025096778912367095,-0.041450151503491406,0.0632807948858259,0.02041512867421687,-0.17962565864752536,0.012628555879286834,-0.09283781697528536,0.0406427435941532,-0.10271289507750968
0.19950567548697828,0.07132014997664755,0.021736452611901626,-0.050910729458270715,-0.02156691415517633,0.09950213393627302,-0.032436681625359974,-0.037065335514139305,-0.06196467242698982,0.03557556182623027,0.05173213260109827,-0.006101381272239503,-0.21821829022701222,0.044460423211124415,-0.03533146092811115,-0.12194317927249132,-0.011893719621603321,0.16433843005720333,-0.19221516770336625,-0.04449858695314072,-0.0018970368056122568,-0.10307587491033113,-0.13904739089446608,-0.11761121087128072,0.15972989932578424
0.00791987402687841,-0.010672221554805465,-0.08232851323855733,-0.1034523462344378,-0.21907564544932295,-0.07102609489767166,-0.03126457368785254,-0.015270018194476083,0.10698096575580984,-0.22087334533937972,-0.06654352525589713,-0.1530158080884421,-0.055937215852007234,0.0629733966094385,0.07736688837771451,-0.1491888819561361,0.12631623690157628,-0.036727648516517476,-0.11891209773557819,0.10026037826014884,-0.025801574945074457,0.15644206532692098,0.06557537096706358,-0.06643764570226482,0.15648902277966162
-0.004651924681874679,0.0022094684582759337,-0.00981276894789025,-0.03658914315549091,0.01225638624638402,-0.003825647333974914,0.06804256623715194,-0.03461147327376685,-0.05997212808444152,-0.001506676041057007,0.19171354683050812,-0.12122025071485988,0.31319780237871325,0.09728814816048914,0.054695068259189315,0.11610881021285632,0.13476076184875466,-0.21648679972526624,-0.016741494209296933,0.022248550596141115,-0.026103692868569707,-0.05615249621015489,-0.19222107351119166,-0.005514658552287658,-0.09839335384813537
0.06980829307397331,0.0024355217830485075,0.016258382951573818,0.00944023212214496,-0.08315496128608817,0.18721398159117258,-0.0769301804723714,0.03488988045415472,0.06675807921662694,-0.028444620620397782,-0.017500293013367665,0.06255144562047775,-0.027606899769775126,0.2607001545945667,0.22571150884975064,0.18631275423731422,0.02060565701726121,0.23405839718519014,-0.11496273007048316,-0.04164731186197048,-0.16769500611966984,-0.10075236383521563,-0.07340605856586929,-0.09145488121340974,0.24668927618042916
-0.050449236702009376,-0.24726802082246271,0.022850054845081968,0.10250932851295586,0.2391990058266954,-0.008483864328579041,-0.1491530450745886,-0.04873033245993593,0.014903355935626581,0.037523584384154804,0.10398026393513984,0.048726173225028084,-0.05881367724151367,0.051950703292040865,0.1868848459772812,-0.04742526374106066,-0.023761233248154868,-0.020567579921784693,-0.14132236666958142,0.12849588737290216,-0.05158236220221476,0.09645043196711027,0.10003709325041056,-0.1497194777614869,-0.0256703585205626
0.03393624817925014,-0.2107017748120618,-0.10601361241524863,-0.15378268331243636,-0.08078400487239551,0.19471263576116943,0.15512595772693666,-0.15976398850539472,0.0701301134178972,0.1172569548422273,0.012440059426653813,0.09121831960411066,0.03407318337954325,-0.021278166290805662,-0.029765562089117722,-0.13861637857793901,-0.046928193721254625,-0.0901422718826691,-0.02063455260808227,-0.026583811248200806,0.15130602683631814,0.004401051791720664,0.010059235765059227,-0.07710056121577401,0.07269762935152825
0.11230648714173669,-0.06093369617512178,-0.0442781238170461,-0.1585393220033671,0.030396755337040192,-0.06752102132456614,-0.016958362866304526,0.1027271971813757,-0.1793987699745768,0.10243526020246214,0.13257099830381508,-0.01919544464756345,0.012691264001605269,0.1126868655874897,0.04643412126946664,-0.17042499289417914,-0.1238655078764361,0.01912465272629603,0.05406293854689529,0.1759704468787726,-0.191657477228094,-0.20963670724843136,0.02221222221575555,-0.026741700337351126,0.03869324802522515
0.06164880531923524,0.008153941867331677,-0.05099226925448788,0.03620009134603247,-0.08138217309679588,-0.06623082374461856,-0.0055497000211554015,-0.00837931137431637,0.028249439107935776,0.09789102652081143,0.005394851106002622,-0.052784243871765224,0.007060538584784121,-0.17337352204280887,0.020239755965307867,0.14887976868740554,-0.03471436129672719,0.010213223948951243,0.006516248123661281,0.07980554382379859,-0.04788363026973465,0.17630768683472878,-0.09846645753866001,0.2676180905988345,0.02285482893604599
0.0596126839410526,0.1359768023615051,-0.022660460247694414,-0.030401613609649818,0.15518145030926497,0.14257431519732283,0.09901598442687103,0.14994938195240043,-0.04587528694238618,-0.021445383380893225,0.05857653137097544,-0.031137659821573356,0.08110952473404269,-0.04395955359578243,-0.08836118056521133,0.07178339654263927,-0.12494237339202399,0.20817377369536233,0.059193312479444135,0.0426759622470314,-0.14062410065417622,0.19844560131309247,-0.1062346807023752,-0.014812868134426775,-0.019740296700148343
0.06711043632067447,0.027699880987282426,0.014804833950204491,6.052250933840052E-4,0.07772051760808717,-0.01435989951914307,-0.033901710853101764,-0.045833670094410014,0.14140885694998998,0.006901737733095056,0.021102445264466245,-0.14157320512072483,-0.14464160456896957,0.034171106557070084,-0.041717166515417604,-0.02831279981415717,-0.12111311985933447,0.20386885779778086,0.2574093441638999,0.16749203936527557,-0.1602383052298168,-0.009844665190691064,-0.2799232573537805,-0.047055331050943415,-0.047695630307691896
0.07433861002945896,-0.07823483139300944,0.08441168777864741,0.04898973644924533,0.10782351844517568,-0.03572195665390669,-0.008626030280888757,-0.050355743088502686,-0.07713940609871849,-0.10231443756085329,-0.03611291385139209,-0.04511414519678885,0.03762378131312411,0.016745240027261566,-0.1874469868015582,0.019456903403698073,-0.016622910322688218,-0.005913234873086322,0.14824613405889855,0.011027668364724836,0.11281461102666077,0.10137935631310821,-0.06132310372313176,-0.02109534981662685,0.01038561864886514
0.11509596426724177,0.04738114451753355,-0.2527694692230006,-0.08156705790396353,-0.13992307620029507,0.10046333182132186,0.08261812246130623,0.04875986017897903,0.028437535610643678,-0.018039079907654163,0.007470122659999692,-0.05878535610274399,-0.003791511616482995,9.74321887264722E-4,-0.013830002244542363,0.018814596387785695,0.006411495571806666,-0.14629870840194598,-0.04543796259814776,0.1951649295514624,-0.18037261707940525,-0.044745583651166786,-0.10600712577210027,0.2195684912299755,-0.007037618816286164
-0.013696441422745733,-0.04087686635866301,-0.13971583437785307,0.004848172807824438,-0.0547660101901642,0.08484035539473317,0.17794993307410334,0.03575399537773399,-0.04616858147850163,-0.14744115531477353,-0.1490616309488595,-0.09798857536765149,0.20946644962940947,-0.02781767272755746,0.28047241946280216,0.030714462564386386,-0.028642030010291857,0.02276677538188917,-0.029336434310492994,-0.10647714865263573,0.12978562909552283,-0.11527500664468446,-0.18308761790755604,0.06762757611526296,0.10433968156799683
-0.18825941741051883,-0.08834112492558095,-0.03412164509159495,-0.08028692677536392,-0.012050322013285254,0.11428498243060092,-0.18973421342225488,0.22998389162588606,0.032879647726167624,-0.1633388764960241,0.30212367360766146,-0.0022751506132292535,-0.036610067161945745,0.004056110930556726,-0.02079173190727845,-0.15070553888181906,0.06753242599745822,-0.0305819066864057,-0.12431626673755802,-0.02317110896768933,0.03465751951548567,0.09399586351432523,0.07800891064046059,-0.07319578520286038,0.13570011280368666
0.20005444316013996,0.016307014285979016,-0.0931828985991928,0.11447834416134303,-0.01079579509274516,-0.05370880599710812,0.021403919052992017,-0.24595530060341628,0.03286241677590423,-0.04777104337664052,-0.026551238393453892,-0.062080805148995055,-0.10522747467103538,0.08290507637330004,0.05659657361178484,0.009471472948822595,0.11440717207139604,-0.07601256326047573,-0.10793554934940017,-0.1798290680836543,-0.28002969827969265,0.1461355214447276,-0.01669147990052688,0.01828823195082098,0.007526715534315281
-0.24298010843537782,0.09433889497773662,-0.08782452969464795,0.013980831158326348,-0.11557923963886133,0.0381068255914943,-0.1286238532629853,0.07233960528614912,0.048735792789530476,0.007286317592948662,-0.13285488314202548,0.08304376421829926,-0.11244235990853374,0.01668790422841953,0.08818930671844676,0.007127760647602827,0.1413406324996736,0.27458631713199577,0.08960750311821021,-0.16527875678925924,-0.020303562456480188,-0.10620734123674509,0.14239591296411544,-0.08540195522778146,0.0652989388173573
-0.12160681269895,-0.014860482831345088,-0.06809943287119524,-0.01894940018455236,0.07475933441088396,0.023242319052985953,0.021843113938626642,-0.12493765429891251,0.053919018306440754,-0.03888010420006663,-0.027205266539008864,0.12534315026796747,-0.08000354116183092,0.023177514521922793,0.00403387134753957,0.02277674827383647,0.0602236574710176,0.11629930199177539,0.06752557222733897,0.005710032906456308,0.14164435387887198,-0.07128495690173478,0.11276254816993275,-0.052729095835560506,-0.05364752543832734
0.2404979525077922,-0.2490806680185942,-0.007809023525351483,0.08460378960230576,0.004044260208297335,0.07595928567485562,-0.00424339764104315,-0.04687202769138953,0.058620699824217685,-0.04148262309505799,0.015211363797695642,-0.011356383902916692,-0.03415440123605966,-0.19381086295010458,-0.03717082738808064,0.17352228103409129,-0.013635147961206441,-0.0814472623802511,0.026702408657709596,-0.0772410256731494,0.058203150061254344,0.14566703916871349,0.02907224579864595,0.2253190121691317,0.0948575293896713
-0.02809311894893042,0.1334232275859787,0.10451164200838857,0.21636605426349828,0.061080249689879414,0.04203588269757861,-0.0129205324662649,0.1362683548345595,0.18619766035296315,0.07879654590674236,0.16392852326424978,-0.095149310481098,0.18036777306326054,0.14966528524473277,-0.1040996570052246,-0.12069100544332316,-9.078216684149889E-4,0.09193185429436623,-0.028845663216456645,0.11404203538989326,-0.038904577889521536,-0.012966767524724473,-0.08005860934184182,-0.02115066144326977,-0.05814010101323011
-0.043717773319558784,0.05912780735000179,-0.09976899577572072,0.16657531146177165,0.004431378970122816,0.05710671668819156,0.13359675467906248,-0.046824787938230014,-0.03930258918864858,0.01432375779838274,0.03195756103982613,0.05138551442219433,0.02045364578864581,0.1156024587819708,-0.13280227620134033,0.06926826126366789,0.03828801881763889,0.0802960761743857,0.17863888331336658,0.20710674832729156,-0.18871040997513747,-0.12063815551847697,-0.09722805927561569,-0.14139847121378593,-0.14749679218738876
-0.11016507391283768,0.1877597217169144,-0.06312777217417032,-0.07635116538691483,-0.23798662755352737,-0.1841800481921422,-0.0977629107487522,0.049097715650565976,0.045115482665413355,-0.007936292307160512,-0.271871927918291,-0.005372741718669306,0.10599940301515202,-0.11221587884831444,0.0018247330968394278,-0.07209493068187774,-0.14348369307031555,0.025782716331602208,0.013406403176922202,-0.012753495311796658,-0.07880928007770067,0.06309987117478898,-0.1114015646631249,-0.19669045093381773,0.04346469052264277
-0.10323531333808776,0.12125585950754149,-0.15232594819452772,-0.27739071596664455,-0.1793453982995414,-0.00632751258626893,0.15236056892838504,0.05200862800826206,-0.14863670662999207,0.00903169047323319,3.1571587837384246E-4,0.11307315361242123,-0.03942423876310703,0.013032242736661048,0.04538462285259064,0.06380270000707859,0.047972025524164956,0.03450728332293687,-0.11357013629705173,-0.04941429106306012,0.06016500208283896,-0.13717627823467993,-0.1763766026574024,-0.050111608328404146,0.04569699447878632
0.06216738156202808,0.07362294004341001,0.023543677883165796,0.04675059858767286,0.03940397338659993,0.05877291805034057,-0.08389565429605642,0.05032818731716307,-0.2514454782392386,0.02911358375647587,0.055488906715982896,0.1381423141716086,0.04201950894983139,0.05821995461380076,0.004618680407913535,-0.0366071877024301,0.023603015949140077,0.032229892221968245,-0.06277091332854402,-0.044342725175030205,0.06657325085679382,-0.1223345732933155,0.04896166306218068,0.01007525186697046,-0.10805548183501754
-0.002507866102330073,-0.18641254183712092,-0.18060792084188693,-0.09081297288787754,0.04930277358910596,0.012664308432211831,-0.08776218077805427,0.04124883830722934,0.09705010077210464,-0.06587078294844848,0.032628887256070195,0.048180246562400955,0.1303103860701071,-0.059938492064999904,0.03804737157353227,-0.009635522852712075,0.15499318243048738,0.06004674457350075,0.05219932991118989,-0.1525806294576032,-0.03610029063673521,-0.03839312170854635,-0.03891260628420311,0.14618714999536733,-0.035114433733632315
-0.08421979226505391,-0.1885636767423174,-0.03738167237711844,-0.09536887349750964,-0.1819307149192167,0.17187432318395468,0.20836641492230662,0.08423761117955986,0.003817425222771829,-0.02235609445517293,0.029740370757212514,0.01380268704467145,-0.0124622768795648,0.053267670960685465,0.21703602833233634,-0.05251983913543899,0.09186451989897446,-0.21751580776904336,0.028674284585491996,-0.033420707956292116,0.15658109134665799,0.11140964560633225,0.255334674289213,0.016246654906036214,0.04019630404339477
-0.11258868622540752,0.003170765649019654,-0.10881389513788549,-0.06595538318037299,0.16242510970424506,-0.02966783326547528,0.12661452935877185,0.021374145141476803,0.16524537802423017,-0.03447287531239113,0.05102840069960629,0.12491565484671947,0.06964103823113382,-0.12527270429687928,0.25651730885815366,-0.05594004053659303,-0.02741114404187537,0.03185370257133441,0.22482857073440451,0.04356136969346573,0.10783183102853779,0.09935305085106391,0.12911311999491695,0.1264435252614274,0.1898574905335455
0.02294688993974379,-0.11714585244479332,0.050590490296209635,0.11981441492224106,-0.05717845263045296,0.06419927319455611,0.00983112927045609,0.05539249592822579,0.0719648533241658,-0.001050259560606265,0.09792769095786075,-0.23496271106669173,-0.010487388726955326,-0.18919501853023535,-0.047223684231451984,-0.11434342957554873,-0.054835168805007,0.007631083651951128,-0.012947962589790139,0.004126071363821395,-0.12942158093750356,0.01314755655813694,-0.029907080752783245,-0.10710138960596531,0.10383584782861312
-0.13255480068560152,-0.25193701001551305,-0.08407484782899409,0.12644103524886774,-0.04655624086033908,0.014358061226865684,0.0867377781087258,0.01891198980196374,0.015299185697166557,0.011389306499687696,-0.11241247291932145,0.013560657665961793,0.09041207480804397,0.04161199025554757,0.0030279886420741505,0.04258477894110685,-0.14739810633146383,-0.06641079531402301,0.21491553719248602,-0.03151952925628674,-0.3001185705194682,0.20704209122921766,0.1486874204847988,0.09423587519317389,-0.14272452088278317
-0.06983185518780735,0.0251892906328776,0.0926066300501071,0.02873973131878164,0.19449952138630933,-0.1833248688246393,0.040555438489876444,0.04760806855705318,0.13737924862723225,-0.010165468917754808,0.057008666110167874,-0.24624359497827975,-0.09115845451823303,0.02426341157062649,-0.07949400487021664,0.005867596550781942,-0.004720171916648383,0.15827963569916553,-0.004885377516671721,0.10440239940205148,-0.10599798431649449,0.06298967378130882,0.03776228443781837,0.03599896123243757,-0.04401757856118026
0.19591607110451867,-0.15225613145595737,0.09435043634923033,0.012873380439366821,-0.035957965111420215,-0.11466310283234055,-0.04775555291238929,0.05426083632937921,-0.06165117569885488,-0.05133919007764805,-0.008756088614130703,-0.09803648410326346,-0.008490073615232269,-0.07557785994678988,-0.04276390094321062,0.10112999849882857,0.005811548889955586,0.07582207453725306,0.03998151898840352,0.22105438602787078,0.19957790277753612,-7.731349940422469E-4,-0.20761013930700203,-0.03473199746961223,0.08654879398335112
-0.03902492362017567,0.07522136344494548,-1.7091548326889387E-4,0.07568482610491303,-0.068093008225638,0.061033650262355084,0.11803498423383167,0.012805405363082976,-0.1463465639384596,-0.04453116522603377,0.03815031610428639,-0.13993488859965514,0.04156000922527901,0.06314253968001703,-0.02531904076544449,-0.125217482864237,0.20844466034669115,-0.09556715169827378,-0.01059159463638107,0.1584358991350296,-0.06838627947257615,-0.07453821081816481,0.030937013329072352,0.08622376447507427,0.010018912021265695
-0.1433149204381814,0.0673539061300838,-0.06753945217407316,0.04744673393308151,0.2643617123844797,-0.024268639376102956,0.19960797069479788,-0.05344529304315345,0.0789853948521325,0.0057589930159694745,0.0948789715864523,-0.07773054453741299,-0.0431592337404398,-0.04497234608567367,0.09621105985271407,-0.17395685226475763,0.04687904442213191,0.11907484922341173,-0.06839509740841374,-0.12799049755557207,0.07184363742978465,0.012897006308119312,0.06710558440927879,0.07521682448849228,0.036162020321368664
0.0029616635964614425,-0.08611680525340047,-0.020054494803618626,-0.1315207257995648,0.0017826740490309223,0.06136899052239709,0.01928786682524087,0.08206149191482913,0.11048762150310713,0.14019369782112812,-0.0024295595732919603,-0.02025492722167131,-0.020163390428239177,0.07401392029443206,0.10773431503452599,-0.1294326129245375,-0.05778388490453623,0.07183735027658833,0.06645460308787537,0.22469805139006802,-0.032460574388562785,0.12139852832763566,-0.007474981689198188,0.05217097167362514,-0.07773122986442611
-0.029904220144764383,0.23333724351472143,0.05048672011306647,-0.17118485709396442,-0.023734487551816546,0.15405117971478116,-0.2426810746055491,0.13524294473795925,-0.025705299298905943,-0.2909374168455234,-0.07696925705725,-0.04729285557651667,0.04457200186665517,0.07682704985292621,0.014995428764888677,0.13456385595789788,-0.0620697968096879,0.053100254581988034,0.019125612101705297,0.11897565498351517,-0.02418163728885897,0.08695715384302104,-0.20892196483307013,-0.07273913243000608,0.0927051537134673
-0.12094818418406661,-0.1281524165081423,-0.09584949383050938,-0.14297063926170436,-0.05283737314519448,-0.030584536724633418,-0.11032217494371539,-0.036994026183332675,-0.030405222099610576,-0.0877232908773348,0.09082534413748065,0.17662733369298506,0.12996625671672057,-0.14666226458216408,0.05671304822061769,-0.008852087727472558,0.038524534295418224,0.12479994955577232,-0.06187092968148355,0.0800521275353964,0.2666427693460906,0.15898267624206602,-0.04257509870510527,0.10906160922150057,0.01716131985374464
-0.10592808607747634,-0.004871197311765182,0.08635133743317766,-0.035301032451106926,0.0020744577823604447,-0.1589585645173621,-0.15376546921087209,-0.05755433141335444,-0.1115540956194672,-0.007878708769892821,0.03237897473625698,0.05197843555673495,0.12259161197967866,-0.08249445257039682,-0.011351419044157646,0.011681596404105345,-0.2981869794683,-0.00918926480933465,-0.1592879604209179,-0.037403356899536756,0.130071893080403,-0.14964424354132322,0.019540126546812038,0.08623242221417403,0.14319318764777453
-0.04556372770301572,-0.11068932927082142,0.05455828957128085,0.18872826812447488,-0.12822958005029456,-0.04380719645352265,-0.18995972086366786,0.1620387824752045,-0.00421713802309336,-0.10059853048433652,-0.03524352677972244,0.08939138378022532,0.22615081011565494,-0.10956835912181964,-0.04319286881568213,-0.10406152835430732,-0.20565050203584584,-0.14004958968397554,-0.09655656234224241,-0.11720137995752158,-0.1964368354979479,-0.05897457043013151,0.019900437648206933,-0.049134203960959376,-0.1393866205081331
0.054102904617937965,0.04761317748274786,0.08137361296923663,-0.2008890169471587,0.07164047330310287,-0.036089968183596305,0.2236827056695545,-0.03621694343747445,0.12549156836034617,-0.07821055051511668,-0.12686939669235886,0.07679760622184796,0.04307267726977842,-0.07153886263185004,0.011641260307436226,0.2199089550682516,0.09743827209650592,-0.056655609788011395,0.016545151535369194,0.15353759873399858,-0.14152152098046553,0.12360409725534224,0.11351243954908563,0.04338626122422521,-0.027210715750264125
-0.009708635691245974,-0.07012659452564539,0.006215986195529858,0.020105723085834654,-0.07008230656128962,-0.0723414264397506,0.13048824115774038,0.125052955528354,-0.07832169293128234,0.1576862546352031,0.14754340001373611,0.0813331259775849,0.10276362184065962,-0.20705471820304122,-0.05214721607306844,-0.05396376300170826,-0.0931729711257156,0.08067537257551065,-0.061864595926573306,0.032142557200629994,0.026872547430388014,0.0874438971831714,0.09467871205459293,0.14979507704751666,-0.10269173537153205
-0.011185077960182005,0.007616725704811811,0.04506584704550219,-0.0160754499228748,0.042948097510340164,-0.023956551270103085,0.023088606997335642,-0.06100477045812724,-0.012578172059849103,0.18507103381766357,-0.17824391243823937,-0.19418107866214607,-0.05557368699089951,0.14675221984925868,0.09063386446729703,-0.1008390733026404,0.08994253249793552,0.13313167092213596,-0.004872895161026552,0.02089718796999298,0.07656942487416765,-0.11705062026186382,-0.08524342051748102,-0.03940386513248492,0.14882982455599306
-0.17701947673925647,0.06632574174037063,-0.24485203920217571,0.006343059294680902,-0.02132559662295003,-0.1043763014242835,0.11206628185675269,0.022554808922742888,0.06222213647320709,0.09694266318302464,0.02193942234472007,-0.03299414315242956,-0.06226655303834787,0.1080589344552166,0.056340657745697215,0.26223899447761084,-0.16112079438207216,-0.022287514088424776,0.027064314831079725,0.00647108556103705,0.13895147874771446,0.012539247111425376,0.19711700107109711,0.05723598347991225,0.05425015979870133
0.03598523763525124,0.1956106610066283,0.07420316896642642,-0.043811777178624556,0.05950686312126091,-0.03641394792919152,-0.17024454876476025,0.0934449958433601,-0.30569598791685104,0.15884496659085784,0.09451990473524467,0.007959151231531602,-0.15702685129156507,0.08337271563419979,0.05037891915015227,-0.053829806076446995,0.2293209337516456,0.035513659330806795,0.12526144289946767,-0.20463132101044118,0.18458672655901948,-0.20874617141767945,0.13042701020115982,-0.013210180903596491,-0.0781529033699695
-0.025180469381715778,0.07636238847989643,0.06401804156715667,-0.001680351897451515,0.08873267192777123,0.016430069420055815,0.02286242524506387,0.1327955187040521,-0.17269831598717486,0.12135550514069529,-0.030342383032752624,0.03094080247519782,0.12492418019939339,-0.1105221892704585,-0.07751281433102795,0.02224507015381884,0.03777991311199606,-0.05803606637647512,0.03129525644682702,0.019952617230811966,0.14203991097515273,0.02995915323096744,0.1459779193396824,-0.014700052016971823,0.11586054980347138
-0.12180517009136425,-0.18142692987968836,-0.08667528384136457,0.25694006272093034,-0.1248662830024633,-0.144690895782562,-0.16782173549639773,0.1344347164155835,0.07156730600946457,0.06877416947189702,-0.02278906377801944,0.1345335580854541,-0.03738159775378377,-0.15729553882962832,-0.039322540680810314,-0.09858926257008492,-0.05596958453000853,-0.1055357270060574,0.02801276528687438,-0.07017615631008374,0.01806244304591074,-0.05627564332726136,0.04710747135977254,-0.05640825363153742,0.07039237240791452
0.06402508316965067,-0.20838012726248534,0.016782337378791794,-1.2999706125123864E-4,-0.1194200671832045,0.05726608482800509,0.049389758014668335,0.013452213444346219,0.06700687871707692,-0.10530042225579961,0.03943676533779192,0.13034911167572416,0.011075721077421097,-0.055673656544833,-0.027961202309100982,-0.06943308508649879,-0.02150118408945149,0.04356959032354532,0.10460049663157026,0.06999556917941024,0.05796772302331656,-0.20225545599651615,0.07709020161083707,0.05449917444585151,0.07250024106108828
-0.09476980536722647,-0.015548576872094051,-0.06617708761881745,-0.0668586894195267,-0.18885957846952234,-0.11170514575915855,0.00683871423301181,-0.09585035983688198,0.08215169307645041,0.04133808670632235,0.09584413452671073,0.06744754199702772,0.2597147910891149,0.13828675273853502,0.07538085747503151,0.1049186025984791,0.049192042775266884,-0.1315159541301341,0.0820105744378069,-0.14407061220269424,0.028534556853295267,0.04539167998156677,-0.02275657423070785,-0.07531593848387917,-0.12386289008879338
0.12951558280450273,-0.07753834947208911,0.13174474122097043,0.016130332991966194,0.2253825820656927,-0.11166270373474883,0.143043676285342,-0.009027964846962598,-0.010425994374970349,0.041529375633377656,-0.0746025446595961,0.11742243111473512,0.08779680229264195,0.03023272197495466,0.01066442903258501,-0.044110353096167225,0.12478086003836074,9.441449767491326E-4,0.10523297731148105,0.05949404354824455,0.05642487190933004,0.09307460286518142,0.0034822364968706875,-0.03784331677339757,-0.006963095907340637
-0.055315783732221416,-0.044730784895156465,-0.021639770876304337,0.04025661578226707,-0.22772380086314375,-2.431200978872004E-5,0.019995873911654537,0.0731460841135673,-0.15644410882201176,-0.06623155762226407,-0.07815784345528105,-0.03201447665691084,-0.04994343449212097,-0.07189031955041661,-0.07916289593483822,-0.11371772778316516,-0.031818703591297195,-0.053981959170570075,-0.023834882535617833,-0.12732987433137963,-0.057828133455979806,0.0909911598538537,-0.02649895355017439,0.04301025183721287,0.007374689494250719
0.06549515591793462,-0.04692190869599629,-0.14120012817725894,0.23629253095558075,-0.08191502769350945,0.07011498922197848,0.11793394149383946,-2.577873368658154E-4,0.051051427875122776,0.0813393083199153,0.0069494484894326875,-0.056632600612598075,-0.004004338520115041,0.046994184233262015,-0.06906911061226848,-0.05888424053968571,1.2372325901688754E-4,-0.12625398336284774,0.11496208496917328,-0.013591280123554997,-0.07739698800770595,0.17563990991091472,-0.00872679163676418,0.02033245419008688,0.0581659105504704
0.09113088848374996,0.0623827043903169,-0.007192710492114808,-0.05848679064387573,0.13817279537107083,-0.048780356261230076,0.04896326118703671,0.14007335813897562,0.04889299351589769,0.06906299464676595,0.02170849285540023,0.007567714778152838,0.03990119210700318,-0.047924530882194886,-0.07264875149753965,0.13912797356664472,-0.04396989002836312,-0.17813829279216206,-0.12427232210074253,0.04850742170469548,-0.14442265196617085,0.05372894658124896,0.20264418778117316,0.0882885935918874,0.13486636082428116
0.06725256030156616,-0.08048118460302517,-0.04645396596540522,-0.09414377422481386,0.15740966207810575,-0.08588459542586893,-0.0012435243569335458,0.05606548130737556,-0.03794593181637236,-0.006904053365217891,-0.3685270425639334,-0.08573820027303745,-0.06907717621643736,0.132392728335102,0.09129943565645261,0.06460943359271483,-0.024206241288651047,-0.11969825795801359,-0.053746483088107304,0.04128363685729258,-0.026540009429428583,0.015416996871817886,-0.03645402858893839,0.10836845984445617,-0.05835991040563772
0.07062351643688676,0.17296354959328106,-0.015667670197024093,-0.04234815781571488,-0.032779872919357404,0.002912648951319154,0.010425494700709761,-0.04423885807853209,-0.07298867032305233,-0.0735307347068766,-0.04817990187896904,-0.12639182815347638,-0.17822425792674132,0.09176490691867245,0.14144566772263892,-0.005663837171078061,-0.019064796994317942,-0.04242270256512395,0.027948577455850818,0.11072238167243025,-0.029525245508264464,0.02134540943091693,0.06924703515196078,-0.15025085760019974,-0.07546350971237341
-0.2201157958733988,-0.06235883053383839,-0.09568225316601096,0.1125776016535588,-0.07143012676058053,0.01518929805211337,-0.0222710107098872,-0.10642848007983485,-0.09844126071985514,0.03782408792195599,0.10168972720875268,0.059126571436359764,0.007019201290833193,0.036310339142923864,0.20175813171105358,0.33579643575162055,0.09122195765830936,0.0432332068228717,-0.04965018216777109,0.1875874911403916,-0.04682941180700724,-0.08706344960498535,-0.04226631719423384,-0.04731918443697712,-0.09857063541895902
-0.07427997792206556,0.055250393103257835,0.0737141454147513,-0.03567653159368555,0.0719813027586459,0.004883452050695914,-0.006465325101318134,0.209025706998498,-0.059963579634180406,0.020552101509730383,0.06206706610040036,0.05283188338375567,0.042230954406194794,-0.049704002052535445,0.003540578191988893,0.14781715174155075,0.17459190603464142,-0.06473581853361082,-0.05914940462560883,-0.17149403769675534,0.02907198276355167,0.06278334812835372,-0.05756014472167878,0.024292354439485443,0.017796969313736487
0.11522739010931282,-0.017133542410621722,0.07690127757380004,0.2067797854026437,0.2101661874973564,0.15842130740919386,0.03909741477808691,-0.1383923988244453,0.1042875271229274,0.05710610866281992,0.059528082353961335,0.2336839029061139,0.03006456102623343,-0.10131901943148032,0.03128707499223441,-0.008887400287564072,0.08384504592166553,0.13404309076096008,-0.23454075596861002,-0.11194256116487512,-0.04562972766279793,0.07791538871443462,0.17575105825656304,-0.1223127704239341,0.09453385972407621
0.05060531147731927,-0.23121622989146928,-0.0585000850714864,0.0058215307240803964,-0.12561654149506646,0.0025935483567188816,0.06583205147853385,-0.05393573817516085,-0.058944761099503425,-0.007090471434423187,-0.08710053001544742,0.05911862186747377,0.042728913000183985,-0.02112134901893706,-0.14060089732505593,0.054060808908028835,0.11692201888616507,-0.1110149846678934,-0.05919290556495971,0.019066069052139426,-0.11117995831201717,0.14393778393430431,0.092640242315992,0.22443694642645415,-0.27113918860076724
0.10534776276899764,0.23587444452794007,0.015396745370452668,0.05764874412745918,0.006095885418822049,-0.03596720854947538,0.023931094488646328,-0.15058299279471543,-0.09454420645292737,-0.018778920483835927,-0.05625482500177828,-0.23096167994043793,0.06360320127214855,-0.1287072065336375,-0.09143494854459498,0.021574402323682282,-0.009413686573000242,-0.05471019433768276,-0.13665242818182846,0.1351184307844912,0.2119606143943517,0.12117280180912614,0.08311860517127624,0.3488076578116194,-0.04597131214180806
0.09423321641750168,0.1550164212503439,0.17581413808489108,0.15053439770985047,-0.03371934612618486,-0.10875882923543298,-0.006328956653941068,0.08306632720707041,-0.06499513367372323,0.17329854329126254,0.055109454402202954,-0.22328691219820757,0.15619938950771076,-0.10305142752014533,0.008729005151958685,-0.005184732154796585,0.08008597119989108,-0.037856710369377,-0.00900239297037681,0.0837923990536621,-0.26910717409399115,0.09574566951787315,0.006914347927973197,-0.13558524995877858,-0.18361345801212153
-0.13666915013806663,-0.052296373770548236,0.23620757457020364,-0.010044647229971867,-0.04393518356702253,-0.012286700300927536,0.07654829703280194,0.13497258269217216,-0.029875721578615237,-0.08291791249529537,-0.11481496361758156,0.026295890068973718,0.17694193252557894,-0.04343005181078024,-0.11198920783262997,-0.021561416032021493,-0.19059114215110143,0.13308816279369945,0.1418425170783717,0.008172153280689806,-0.14744698336899262,0.03319955992629854,-0.08253949208210137,-0.05667779471740088,-0.04106421405191215
0.0925357238967053,0.013469672143082312,0.038825677520547955,-0.047967804980017396,0.09123276870175749,-0.11828610892389846,-0.038700838858624215,0.03346034723349726,-0.16354502052992287,-0.004698383012659092,0.10034492740683082,0.12318266656011248,-0.11717478284204615,0.16609098771903905,-0.10745119069394711,0.007416270344789867,-0.055358011277977605,-0.028850616757985517,0.10935031111699733,0.07769976544516602,0.0014556623576404862,-0.010214429551088191,-0.05984807049161304,0.00916179442440302,0.10668445108636163
-0.08814577365489468,0.03593497835882581,0.08147959901987203,0.11040726770231506,-0.008638494518819893,-0.025890981983873244,0.058072124969440066,-0.04988347110221135,-0.14368355653793377,-0.00949428188953915,-0.18895505723237271,-0.003970039134762374,0.054763953387260866,0.3114956539162351,-0.0337233091266699,0.029733066322906957,0.04093335039999625,0.07027177562616639,-0.04525554468753459,-0.04736477495411392,0.1545135274127623,-0.17962214097776763,0.039188775087901105,0.003981254364704964,0.03809292837271659
-0.1576765560902196,0.07323343978855867,0.08985871208987206,-0.17371665575081818,0.016728163795870086,0.08335721516112245,0.022388214514083356,0.07524600199129344,0.090159122534616,0.06646648724153716,0.014923309814570174,-0.07671582359197072,-0.09152154165543713,0.12070261831541852,-0.13667949313262773,0.09516402630069287,0.003780903820615887,-0.04629471091170067,-0.10881986633287921,-0.2565983153210933,0.024402640882758016,-0.00868129159050542,0.058478263755483026,-0.14039935951128338,0.1462661811149625
-0.016411608885104494,-0.17566412423994057,-0.13683697782629875,0.026021600015515102,-0.23963706910503416,0.0749444815619372,0.06392547147591379,0.08003345683613589,0.01698625107737979,-0.11198433865159184,0.1479404217503984,0.15968493843820805,-0.033789048448530166,0.16595393824907234,0.10285291479430754,-0.07418811589754766,0.027843252115907925,0.12177506028294861,0.09127324844056307,-0.12537817497009127,-0.007357888078351765,-0.006918886896996242,0.12019012826225943,-0.031653938968328584,-0.09448750080273179
0.07448676296437998,0.023561245523758427,-0.03672953155077286,-0.040923570960498624,-0.1602034241353809,0.21457573584105916,0.06680425824353253,0.2724280297266131,0.11133237217528258,0.05116044038635099,0.14735619579816323,0.07255166586345906,-0.0976438628147754,0.0805760686934281,0.2185062005202893,-0.03675080634628284,-0.023532410434137493,-0.008796245818211425,-0.0940258030746811,-0.023575085826696113,0.11565166113419545,0.0972759497785472,-0.007182033413300404,-0.08184711695068775,0.1009125027818086
-0.241551824704821,-0.20829255422291149,-0.04179817661396965,0.01797047272023787,-0.08689767935719131,0.02416633041151727,-0.11805117226452808,-0.010308242098491462,-0.01912807783863963,0.10977501266039993,0.13086823717980683,0.0418763715041216,0.053105634617789915,0.14387679611743223,8.392917904188127E-4,0.05849713259291818,-0.01074133500427604,0.12522132628407856,0.02437771796130085,0.025310476214307303,0.0012566828444757533,0.041959416109473804,0.06303895612917094,-0.029340791856700923,-0.10126035689561932
-0.0769609886102847,-0.08672615220383219,0.16934243299329774,0.0014469622416366501,-0.1471952040749776,0.2576665203673853,0.11883450369332607,-0.07807049850418031,0.11385130876064412,-0.050209489964792395,0.07393052696797607,0.0829913001671254,0.07570800716194603,-0.05479478419259691,0.04534457146610152,-0.12613866355847636,0.08624859416153785,-0.041024824353015875,-0.12044291311083585,-0.19207291722913605,0.08682696903663473,0.30722246944315124,0.010000312241701913,0.05265133256998214,-0.0316898221879261
-0.005395056375759755,0.046318382327084885,0.020965929470190072,-0.011949635666337464,-0.0728236785097863,-0.013144022130014362,-0.033170671474642956,-0.18420222969345737,0.07289049948450636,-0.07360476375907934,0.1476988270881303,0.07031113496099227,0.11217576907946801,0.09526651875474823,-0.0672065862910392,0.05478026768544937,-0.027975493885720258,-0.13480144566628116,0.022066326243424524,0.09911033476177641,0.12267929387543224,-0.037061042437264415,-0.017034200912855665,-0.0451334971605103,-0.1575856093314787
0.022265804495141768,-0.06468697133328971,0.06496704250942681,0.017781418753480768,0.185155507137604,0.14305767547579193,0.11500960494460472,0.025229584977932134,-0.20390005890133317,0.03428455394942935,-0.122745210579134,-0.06549743259864696,-0.06527951700817057,-0.20935612524761643,-0.16474952326822473,-0.04419366835601988,0.10399097910151618,0.025854230334551666,0.011225759378819788,-0.07655046937975246,0.046687053350857474,0.2085638533407409,0.1215836084070932,0.14857348379169746,0.09985587418509441
0.11719262885913317,-0.05281585016145597,0.04038904428516924,0.06235613984039899,-0.0473269616435647,0.013377603433205038,0.013366648642467102,0.1424747262862446,-0.002822789504208896,0.007569012338901147,0.11795305961510927,0.04565108948436945,0.03276454404670134,0.2476566795426313,-0.05478869718527576,-0.002978931066554422,-0.03595163968914722,-0.05808518819402729,-0.01309339039949942,0.2607333728090831,-0.0586686721382506,0.044168817482810034,0.19380573690313282,0.09619627757256904,0.01889034150536897
0.003701558747072246,-0.03122009476795967,-0.0409285794772162,0.0058312982253330165,0.22741224793333517,-0.011418818101085072,0.08889510521372544,0.23458743001730578,0.08573784644756044,-0.24142224405286827,-0.06108784848051919,-0.04954970426769286,-0.0011598252165089134,-0.10201405234510127,-0.014543249115089602,0.07970021806132233,0.13209659046640096,0.09756754055856753,-0.10959582542032856,0.06569961054483017,0.08231833723671605,0.0747781837438848,0.030758597965446745,0.01252136090942925,-0.05368605273575649
0.03266628454968554,-0.05400560166055921,0.022686047038858896,0.08453088797009349,0.16746619412414754,0.03490987368450335,0.10287576135104996,-0.09341349312404039,0.17872204495547137,-0.14414167986747145,0.019019868487739795,-0.12165747494880454,-0.03648192475641482,0.07259981094127133,0.08802358543116039,0.015173933321805881,0.003971649020271746,0.05586340633580548,-0.11598710190655032,0.1703038952636297,0.03448081461806493,0.06056600586568774,0.08109492916129901,0.03552445938378095,-0.054945446648801154
-0.1458516564514501,-0.08625426145063214,-0.07221770830649527,-0.14381466714227825,-0.03658013718513555,-0.05305750266031857,0.003717642924922964,-0.06192859541674961,0.04690042702244944,0.029654892348344113,0.0969751849384393,0.0538489153795818,-0.14103772979566082,0.23634536026823433,0.04709534414737031,0.22520071387069182,-0.1640338288444572,0.05651619584021843,-0.171769761993409,0.1345136785708595,-0.011733987323481302,-0.07333197793022958,-0.07290150398992624,0.06835435490111917,0.050755183091212075
-0.003874837744468956,0.04107250057989894,0.14112525930325784,-0.07482174141128667,-0.011041735670074798,0.2671087027978295,-0.029656283534019102,0.018425015930293425,0.06774389157547109,0.05300390034881908,-0.08459714544426936,-0.06157844977340195,0.14111851680926657,0.06040205865172055,0.06747447045165753,-0.09384295437228884,0.013559396020646944,0.10699325755731298,-0.006985497726184296,0.03111475499262124,-0.13408854687392757,-0.05346749661863639,0.003203754119875871,-0.0931848164889739,-0.00896207321973574
-0.07925430149594873,-0.02828714030992186,-0.026427306245533896,-0.02647450636880218,-0.038136792899523944,-0.08871721720777219,-0.10695209381804485,0.019587405798326983,-0.029688130830670213,-0.15953406599726033,-0.05319258869544006,-0.1471224944434424,-0.048483626716385106,0.2692727634396143,-0.0659739594238245,-0.1164600707770681,0.1365692355767931,0.14071505919782293,0.016189638607386043,0.0684357875403664,0.09982995140579168,0.04500507151063417,-0.07297260784935344,-0.28302312233863597,0.20442157961606147
-0.15642710915114852,0.015904497872178788,0.04555251419697757,-0.058939078059982566,-0.10052805657347473,-0.005616212662095046,-0.03207403231745761,-0.16322868492503811,-0.013339908339979452,0.10228618261904505,0.07100617892646295,0.0926927262914649,-0.06098087113419873,0.13608554642864346,-0.08434183417166517,0.12308989512542243,0.045071250350065456,0.0745510993632568,-0.099823629643533,0.08315351894058308,0.1899773014913941,-0.08729108195813236,0.16851891471340927,-0.042341307614097004,0.15549566959812003
0.00881653209492494,0.023406344018673607,0.022112980435696844,0.21020406658780064,-0.06313414935372123,-0.19083884136052573,-0.03917806892189805,0.005322765860781016,-0.06236387638865133,-0.0936117139027719,-0.05618239029484968,0.03340916827119028,-0.08884595553473294,-0.1408032684335181,0.0649093903163229,-0.05648657673819782,-0.18538585506292335,0.03186947318316423,0.25049422774299523,-0.08618598701959546,0.10723816566464774,-0.11836662263895441,0.12077633584165835,0.09256731003791684,0.008039533979823271
-0.14395314089684666,-0.05439722023832551,0.11019324273810496,-0.03224068905794751,0.17693344187791657,0.0079863569918116,0.07975365038361744,-0.05029374319679051,-0.04413509354003806,0.13537145395389497,0.24655674463201185,0.04121262161516085,0.0722486676877746,-0.058688745870589226,-0.2087072254329073,-0.042099644360998896,0.07841161774305487,0.20526737027470512,0.0895202252956257,-0.1691370088160706,-0.10272577696976834,0.06334700894311389,0.03823000519360136,0.06457901613258946,-0.027245724170408908
0.10566738611297663,-0.05026320775064146,0.11555752623112084,-0.06377190442400375,0.06486055465531253,-0.08358103153904275,0.015233739221018804,-0.07557820046903528,0.0010419007914537718,-0.06613342391203875,-0.04111378879109294,-0.019291049326791123,0.18756759265967984,-0.020263319786473867,0.20433360061220793,0.13577828629227995,-0.10311027219567839,-0.04169482508479381,0.08378666458599332,-0.10205921809754571,0.064020891229732,-0.033107988619974826,-0.16198255791551788,0.20618454044313664,0.05285952797139045
0.124180661309064,-2.370105058489856E-4,0.11350982128732472,-0.05173510081905714,0.10757212964232843,-0.05772726613062573,0.15643332842992488,0.0021767101476429986,0.13639963627706453,-0.010177521724154244,0.08539426783069883,-0.007556395952298074,0.1400477692340734,-0.0032566849275238383,-0.06798302520188246,0.053712907655389934,-0.06565465670182272,0.04363349658274404,0.05404012562699557,0.0708511972355038,0.014235481084048186,0.24911564187844212,-0.10621984427563393,0.19994879632999757,-0.05263325522105902
-0.15944737464714462,0.24508449453654518,-0.0822337214033382,-0.15552469734923263,0.007560418070852016,0.08322207008497882,0.04698988694675743,-0.14542505415381957,-0.11123239037303347,-0.08476440016757261,-0.2467637701792391,-0.020061332069586178,-0.04809871687782472,-0.002095256901052572,0.06759735139850563,-0.11994689696369788,0.14851515164930396,0.11450998201104547,-0.15734542876711854,-0.1440838639587349,-0.12006828805561674,-0.10274307252934352,0.008807829493060687,0.15088394560191626,0.054913874395825416
-0.0021219117339563824,0.021439252069403038,-0.19552163668899725,-0.0714160278520984,-0.1294944325289158,0.07117115875765562,0.05361485096804252,-0.049662612301223326,-0.027096106790147265,0.1907470061167596,0.14892998578748853,0.12208469678379988,-0.028105056867348144,0.002809649214831497,0.0071858609107598405,-0.19494484682170005,0.009231291868646447,0.0613874112495388,-0.024888688246302033,-0.1048073364738715,-0.01058541702850435,0.09983345537380378,0.3135897447742645,0.21901283976025124,0.21617380095712757
-0.10330094613268158,0.17170525684943966,-0.07020676015217635,-0.0010419846166176497,-0.08808887705532657,0.02436967739693025,0.09756590784182514,0.19645050168797246,0.1991110294027079,-0.06679565854509462,0.21547012628596768,0.1444492912603175,-0.1564078649151363,-0.033313859206145414,0.09199730090274578,-0.10033037277956092,0.09476927339420117,0.09837320719926512,0.18609913292003308,-0.029263586241288463,-0.028001323688663295,-0.1298678948638433,-0.17889026183594606,-0.06831431387337183,0.10693279509745333
-0.02746746367911232,-0.012450149836173525,-0.09168320678128096,-0.2323889496753873,-0.14874139087613453,0.0310153303679038,-0.043666117620323706,-0.07448563640293249,0.12564381215075504,0.2021665668322361,0.07210898483856781,0.11271073815341473,-0.051880426094017974,0.07283850203907621,0.14022862368261965,0.07024512555796546,-0.048349614088607475,0.167993762815813,-0.023497205562694138,-0.05163805827012603,-0.0022760044496690137,-0.15026712949435028,0.060348206922155465,-0.0170381327125373,0.10500973843294586
0.09978022322350766,-0.18085658862731374,0.14244987005867593,-0.10088615383396918,0.02831906051426125,-0.0026337412059897597,0.03007118343665672,-0.014224671058023934,0.10539453806599311,-0.009633272143719897,0.08302308739657545,0.05766668753051862,-0.014338440787319535,-0.18448041229190215,0.03879849993134213,0.1272759868088784,-0.10569613219350288,0.13326989580493961,-0.0037758193680391336,-0.16747078657879996,0.037021036845131236,0.11379700195059671,-0.028941941459344454,-0.010831948179723848,-0.008714917599424362
-0.05850242227394566,0.0034904181309968205,0.13788209634049126,0.018847359322720806,7.997343335331426E-4,0.15982083043038478,0.06290669654199037,-0.021957456438168346,-0.01211125171604175,0.10192377057911088,0.044122611195658246,0.017782816452298362,-0.022261464720121717,0.04934367610702433,-0.013219118343486966,0.03925826733972138,0.11177316081757023,-0.11719488543872329,0.1441773395089343,0.14518589905329934,0.0459096453007949,0.01334635408963275,-0.009888322340876212,0.13170460793425448,0.1428878390957092
-0.08155491516647081,0.1152128375232977,-0.09774670879836192,-0.06167583390617691,-0.07507993488998778,0.19649038550115586,-0.2446686546966351,-0.06769726713545814,-0.1112955024321253,0.2453662253786063,0.07304188701714975,-0.014623178286625646,0.006694133391450308,0.0015544863380397124,0.19176426750291403,-0.08557125537262687,-0.11402339502912974,0.026765016260904263,-0.06235021120364481,-0.206568769882526,0.19535211825659882,0.06884512761578637,-0.009773536055295793,0.029192830290938155,-0.11428154037582962
0.19484350471654144,-0.19428630250085563,0.0038299910863709556,0.022911373094762332,0.14010696675637146,0.027607609214540002,0.044124587301599134,-0.06114248250665916,-0.0594885899620824,0.07743887637270974,-0.16179223514146046,-0.027620690131433867,-0.02496000393114592,-0.044783362850751095,0.005350498089553596,0.027085374942561895,-0.16166031225870262,-0.03998562349392976,-0.11595778123548665,0.02127356926930777,0.05235058004608352,-0.045284032897044434,-0.011400965657743269,-0.0828284862429624,0.15675161130974125
0.2701974428970413,0.04598045731614886,0.07895502710332455,0.0760471597574821,0.05363327938124147,-0.060485620145286814,0.030922445691223384,0.06296411297318008,0.1280108953836003,0.20573361428480735,-0.07031455607063553,0.12490789316572785,0.07526511811046559,-0.041400387611027836,0.020957808768773414,-0.20580820905404984,-0.11809562231556701,0.0046333321404749,-0.020000528303813832,0.05244134838616715,0.06484862620891618,0.07539832673566968,-0.025945047658457784,0.09140791488242005,-0.049502901885251076
0.13150212441505493,1.9169127862643585E-4,-0.013932244604490824,0.011386763603736385,0.12325666635792577,-0.0751588823930622,0.1474783420277838,0.040335896373718996,-0.06957557883036557,-0.07673172334293606,-0.10394743156438142,-0.11705891135269578,-0.0889295467162729,-0.04248915601731737,-0.08659605293113067,-0.053140701429181786,0.08266870418928232,-0.09566409903479309,0.11758630066062074,-0.044300820657559886,0.039198338206575783,0.054258516010882746,0.08069623870553469,-0.06367389630698114,0.028061845109184417
0.037626741371281296,0.03706971026157742,0.10239839313727916,-0.027706465300333546,0.10072274470026145,-0.009544431029445764,-0.1642360732065793,0.0787995979391004,-0.0816432447063233,-0.06739180317987604,-0.07981025788029919,0.09361080732220632,-0.09837789292441271,-0.29151094172781095,-0.18928667728527365,0.10846207532365028,-0.12224154132271028,-0.03412734829481699,-0.13463229863573342,5.083054026548753E-4,-0.04189947008635961,-0.032874457966441784,0.11534801573290872,0.08368190878935233,0.07892656330073737
-0.12049951618119752,0.08756030226284252,-0.0897083821623108,0.010583308460018202,0.09829626739812175,0.11934027799759798,0.14910224332670746,0.14770258270527123,-0.040344119793123245,-0.020349564694651583,0.034474688468878134,0.14150067435569186,-0.08339614445885901,-0.08566948638322269,-0.14157344445647352,-0.1545465927463497,-0.011452718947722953,-0.13841829531595984,-0.04261613690796862,-0.04098587559893484,-0.04365343004147209,0.03806148885192933,0.032864771206358424,0.0628150237086729,0.013202632370822755
-0.15097172364150446,0.12260970163823494,9.877459413943032E-4,-0.1085417041798999,0.1735290681821949,-0.09413742356363057,0.1505322850508184,0.11599716262789,0.0032062464936328246,0.09162365025878211,0.021374105466274475,-0.12434210664343631,-0.08083082932513821,-0.012654341427889399,0.034935944718818744,-0.04601489314065311,0.13927205759638506,-0.020157022272842412,-0.07276205769470809,0.10774800043161999,0.018989999575762792,-0.13758464428410783,-0.008011025959429912,-0.021524813008392204,0.037843227261383915
0.0821502826040719,-0.00863254245990302,-0.06121192259656999,0.012733112626727015,-0.04347252772371434,-0.08564735429470219,0.16908022209538476,0.10390313991631442,0.008886354576875062,-0.008871098317309865,-0.004604879391302525,0.07928497998727689,0.25560423088321194,0.17260469798142464,0.009193356911106189,-0.13131043831837247,0.09661503482696775,-0.05702169009798505,-0.09285601042364415,-0.0796158371229098,0.057620707543043444,-0.005643813036989338,-0.054997833428189834,-0.022452198986953553,-0.0069022020070765395
-0.10694605695233018,-0.08226815282560912,0.119020503409917,-0.0960460221752268,-0.06822433112121024,-0.11951256340472874,0.048769266518067365,0.10758901896317041,-0.08800309092518643,-0.17977275485201621,0.11878518200037706,0.001722573436157845,0.22975382878427708,0.06927200294037533,0.1534534789970389,-0.11762143038118951,0.09345619751083853,0.20024960248993745,0.012993431662293843,0.056590979356836914,0.04662739789954352,-0.026271861391214825,-0.09938985938509415,0.07137058216609256,0.0744263911811715
-0.02334113197237479,-0.12064636491118955,0.01947897150739917,0.06819973100734701,-4.1834551924737294E-4,0.14357192110625436,-0.013752291451765703,0.03859619710870263,0.03358582407356167,-0.16434818917102745,0.06947753318321626,0.20386168871424865,0.10450615155440113,-0.16036022687645454,-0.09447812517801643,-0.0726149841874497,-0.00371603434722058,-0.09267630452572075,-0.007964230987896889,0.03809336469821077,0.1423351717456148,-0.06838715889227459,-0.12775865777351142,0.06893863310809793,0.13606837305734987
0.08657755065340013,0.012864179780390061,-0.08885444919341756,0.14150639272827717,-0.0607021581013742,0.09314766025753762,-0.05914343474227558,0.03516213987333237,-0.07867443756070991,-0.12685166355049998,-0.10843818308712468,0.14226102155712203,0.03574717741591179,-0.07213353627362706,-0.007272654540882733,-0.19595024899328176,-0.15389193860782568,-0.11631109901224918,-0.07682507391359392,-0.04288131738792603,0.08311121186964651,-0.03390506683191809,0.03442522206198952,-0.023272514742471363,-0.020872386523736866
0.1681864689590734,0.03415483545269736,0.0683036356626401,0.02418244670115877,-0.08145184233823838,-0.1243883820715704,0.1751548939732131,0.12133746640051128,0.026191085578246336,-0.06544908682291782,-0.06949809507860616,0.026124559013522012,0.03131885405617671,-0.14859136321728952,0.011924533316286741,-0.03660583519382784,-0.10676873905311389,0.1055605364478976,0.11060362370968492,0.02236671141418861,0.007437682477364918,0.14682175677187298,0.11731124323433853,0.032180119490726765,-0.0739213075885686
0.1587605991110184,-0.016599245304116043,-0.2416816347124478,-0.06299449874887196,0.016938085546248698,0.12033921074488704,0.09916437765904298,0.08389162165967665,-0.023642437198786972,0.23658031355243658,0.04369692660532936,0.19582536206160503,0.042654816309447105,-0.047232954463402685,-0.20472179680309496,0.004721196358895218,0.08367833627803986,-0.0025719717304432408,-0.052735722274183036,0.23028973279479778,0.019191052330993746,-0.017681634865068255,-0.19052790004889522,0.09844137062244752,-0.030631445422644354
-0.0317351371576886,0.14856416358361793,0.03250961623350793,-0.006729408195308788,0.12459614097444442,0.0977140966160819,0.04046729169652683,0.25949220946387835,5.094197988801533E-4,0.11594528967619089,0.09574282677839731,-0.10566437344999222,0.11950551100095903,-0.04730332022607501,0.04504717867308002,0.013455995282188427,-0.072367294558225,0.03904159248200992,0.059379777747727125,0.048437938824675494,-0.09048449171016153,-0.16895557001075595,0.05230356273683162,0.18646610783833253,-0.0025028733481075194
-0.0487209747649137,0.16854754599817154,-0.17814648118536394,0.10998438460349881,0.003976272448108614,0.10242438208660923,0.017291597262971616,0.04736623239825863,-0.12591119590464295,0.05591442768335231,-0.03635255118138734,-0.1785917064988432,-0.04913516819437034,0.0982776817433464,-0.08173529495197687,0.018548790788523953,0.006347008103354392,-0.031949401329281556,-0.22156593950954134,-0.05602706094235343,0.05168484884579261,0.0544695213520309,0.13869488507103056,-0.14333031094889698,-0.023462046605258132
-0.13429099183271548,0.0646440710760979,0.16670975573820415,0.07283164989247856,0.04899150017872673,-0.026538981498080635,0.024706264849331666,-0.03245902409356924,0.06234856664323089,0.01869136641820449,-0.0542634622172827,0.01390327991446919,-0.01723369318961795,0.10085977427932066,0.011388117350178773,0.0906340894714478,0.04671947152081469,0.11875935197839291,-0.02080524618032748,0.03943519730706833,-0.03727197294342421,-0.10247198313074891,0.17173601746967534,-0.17390343123348917,-0.09680258054694343
0.01894336536785037,0.13842120443868602,-0.06430071624349906,-0.09267976505640761,0.06227282985155324,0.14785755789374042,-0.09164413704822337,-0.02379713058337422,-0.15320971056472368,0.19447523326678576,0.15341350745169233,0.0856577295327476,-0.09879736869396533,0.2221121451358127,0.08550572110961292,0.017837117808987814,0.14106576899373335,0.16586405945740335,0.09663317411626868,-0.27414576134534924,-0.09081669512884825,-0.07830016329549698,-0.046324795949360786,0.10619803481329089,0.14039088326653462
-0.16210813328824866,0.06107264984666461,-0.07552979389288615,0.07230666819385739,-0.06423018939153907,-0.07669637867260007,0.022432628132529272,0.0938458208516378,0.05540090920140662,0.26680627667856754,0.023509177766483553,0.1538609446033757,0.10124314282144418,-0.03563779150246765,0.12258969710964053,-0.1274271423941505,0.06103141132788569,0.10487767607677012,-0.2158377833310901,0.020402891843672853,0.2968915303745649,0.04507947379564645,0.05520850208286593,0.11177984344852175,-0.0605155305332464
0.01656538296928792,0.07981533297369714,-0.10496462414668102,0.001183296501302643,-0.060073859908887764,0.1489018650351815,-0.09226932350881102,-0.0195802877252226,0.04598780223054396,0.007664084262942676,0.08247601777791579,0.14723486190396787,-0.17996089922968322,0.17189587020873653,-0.060056281072256065,-0.10070704592526972,0.16966490680422588,0.17988301110497507,0.07296748916381297,0.03182781936827487,0.08802349748592171,-0.18377506619120018,0.06673117692809452,0.12109015289386434,0.23432566740921965
-0.00785058787707242,-0.0040763253273803125,-0.06946111277412398,0.0825753573395951,0.03672314415852071,-0.0037724195938150596,0.18184156626453055,0.01080230718001211,0.18044725056080133,0.006601063441823672,-0.08487170143510415,0.07618046854414189,0.0010957105788708494,0.07284872739592914,0.11038107344948504,0.031821190724463176,-0.01494950272429581,0.11166780208504963,0.05031479577962225,0.192150258930621,0.05248037364933603,0.18434418182976722,0.012124116889307826,-0.043188088267614805,0.14454286961227855
0.11709923276998861,0.236079587993497,0.04135593469032645,0.017932658184136998,-0.13087733799994664,0.13673903205571308,0.0030939579327397375,-0.13864435954598883,0.13451526100783606,0.041496952372380796,0.1504906582043713,-0.10163380351493279,0.1951392482952476,-0.0035673194455788683,-0.07605015755983349,0.1389494572348942,0.11931442291830037,-0.147189661079801,0.001888566403074628,-0.0824833367983088,0.012894881019179924,-0.007108856914626136,0.04323885115974406,0.04504393838242951,-0.0889021497238145
-0.06353393029608703,0.09659977020268767,0.018486555900406435,-0.04683755593004466,0.006382796904169099,0.03188383739206616,0.011987881554697329,-0.13911238230508946,0.008599510719920144,0.06507998770448675,0.02830951030994161,-0.06578570343057943,0.08863347436163847,0.021420203992932867,0.18470558066042658,-0.10431167027116277,0.145954410541327,0.1229069472390781,-0.054089901255397976,-0.147635139449406,0.16944945218768623,-0.04145530211490647,-0.03454584999686384,0.16198709509943757,-0.12483428723114953
-0.2463544764842778,0.0326767209985279,0.06461087582561895,0.052876391082387834,-0.06661906999843896,0.016000484689864352,-0.01165402607805663,-0.15456505807314014,-0.10570289649383091,0.07497026467063729,-0.12426696576794802,0.00969729918355291,-0.09972309441031738,-0.08984798559942248,-0.1277652414064824,-0.05910014502276901,-0.05892170751849973,0.13951053839394462,0.0925268105794416,-0.1814039287469467,0.1977960995699739,-0.012090526884015346,0.02368373175706012,0.06335479465705914,-0.19631329477363013
0.0737357554536531,-0.007375503091608138,-0.046193045362305014,0.16373593206755946,0.08313418278037465,0.0011895708412052249,-0.036828265484194024,-0.03224237006400015,-0.07566117988683746,-0.03884959075806701,-0.22055353538636652,0.025708804409163514,0.15070957589182415,-0.08579221582936218,-5.824707877275549E-4,-0.12558313690015654,-0.06150908555600135,0.1045251471420697,0.09590265424918383,0.1568142501973956,-0.0058541360651188515,0.05084877553918374,0.1107061662809003,-0.09325921986448842,-0.11263852910446037
0.15791442477423792,-0.04247389084532085,-0.03081310267572317,0.09179612368988874,0.04348984386716586,0.07218657943670748,0.10848773927369369,0.005779511202315534,0.03248792691244162,-0.006991400079168578,0.01955981532642183,0.004336673005560775,0.017312563797602112,0.08473863493810944,-0.017926865909521292,0.12966916358756303,-0.04138322698619476,0.06998936891837797,0.014794800612727659,-0.13199737956605587,-0.203510503665642,-0.23982325660839343,0.1408083967497459,-0.07707858112476224,-0.05381262676323319
0.10033875250599217,-0.014220695126786555,-0.09066641284591155,-0.07722861339155442,0.05122693465144724,0.06457606514099125,0.003936252236949715,0.033456040423898895,-0.08451362613280833,-0.028783535199902212,-0.14373509829665657,-0.10631930309777723,-0.009141558992064614,0.1122842315073372,0.14278537210859,-0.004141106811254337,0.18378818353967435,0.09748114237386406,-0.06977876775204049,0.09265660166190531,-0.20027743196861258,-0.09112299455422548,0.05736056793174408,0.1432645050028722,0.09176943834799858
-0.02728880248958664,0.0838893385469592,0.09190510652671319,-0.1155340307007357,-0.014376219186574469,0.18807556129623348,-0.016432064883010664,0.05010521832325373,0.07193172124776265,-0.19401986111612055,0.011610993407071786,-0.08051828077994594,0.01318804290304766,-0.04002509090809681,0.11796120348616536,0.13594343600233597,0.14170061136695233,-0.01863771667757706,0.14003928112369815,0.05114587362543426,0.08549818138370678,0.008225700049102107,0.12302949098215239,0.18187010998460612,0.11704656832428234
-0.11637779833531128,-0.011417138165612108,0.3067115954648414,-0.003589357091652874,0.01516870884738957,-0.10447689832358287,-0.11345927109354183,-0.1583728520429016,-0.07023149924222434,-0.07954449081350316,0.027697391404802024,-0.0806080275301205,0.20718885324927733,0.07906340941208825,0.12733585576082873,0.1090862953120379,-0.10289737856013768,0.05267497628210833,0.14175540292934524,0.05941632908989773,-0.39170101597353846,0.021123724803471283,0.14860507175232177,-0.22096420147675125,0.024044308315076108
-0.007698973145688941,-0.09525848272773194,0.04904158876836605,0.13125970837719703,0.04176941783187831,0.03315883074291939,-0.15955885760831007,0.11943318638142314,0.04128763683886278,-0.25329495464750856,0.22782441788248725,-0.008126366393883462,0.25509019624389867,0.1290677435516504,-0.0387585076856744,0.03997124529814294,0.0791766207507786,0.09661561587398791,0.055386269826368746,0.0013314144717351234,0.18561220835518757,0.02131980395806345,-0.05743959136614647,-0.10363809159215574,0.15222500177285156
-0.1337784664301895,0.08460643450169954,-0.05865717730731359,0.019740865506081725,-0.06537498720656049,0.014031522627536737,-0.26787320276161397,0.17323841738930018,0.05244178174356727,-0.08503072283230759,-0.002609417271931251,0.059160938872736234,0.027303043923119382,-0.006944729622516632,0.14824707234135848,-0.02477242284262863,-0.01880511910690456,-0.08022901300225224,-0.019629231991222663,0.04610882627744577,-0.0972458514013985,0.025917825467304617,-0.13706755162707726,-0.0376575831138214,-0.04251324234649947
0.05325791323031605,0.14835618436843664,0.03680637768795681,0.06022680584954229,-0.08581078582760313,0.13975485360212767,-0.18164857686342314,-0.04588383570710833,-0.08649279624139616,0.06537854989794015,0.08065038590316151,0.04841394913263568,-0.007005954286048362,0.04719324288234651,0.0050645862931763975,-0.029997464886129938,0.19359787672042067,-0.05602645049662714,0.24369174413229436,-0.1318407888096766,-0.09466702843064641,-0.023684996789701197,0.009646909059474818,-0.07282266897718223,0.12608579396186564
-0.004061660551423695,0.005041925426916116,-0.06688304314712548,0.05847516808182042,0.011080698681687274,-0.1034116243829281,-0.06438441743903932,0.011029535863756662,-0.07831762591874473,-0.07237985285348097,0.002528551741391314,-0.05173688376812822,-0.03029756646123833,0.03528845013794259,0.007537162811983496,-0.035828605680451715,0.07026531077294208,-0.17071227755724344,0.20058882265768535,0.2802522059101754,0.09255399767288479,-0.04742868313113241,0.03617286754144438,-0.0985908036076895,0.09190141322338265
0.2583079733146504,0.08114096760853196,0.09612763504140415,0.19303875822121871,0.09413692349740424,0.02614413022834068,0.1379964834167755,0.11198633308585282,0.045952663402800326,0.05699527853400796,-0.32532451925203715,-0.08440459607424276,0.03930977929736508,-0.18996364652586983,-0.1062690433005865,0.13234453693687434,-0.02777798967460906,-0.013291675579428775,-0.0456362732242791,-0.03392625944653762,0.04203675335367318,0.08725255914551187,-0.06951935529388026,-0.18782777871384543,0.01806411549401081
0.11125075251007178,0.04984307615521614,0.06180378960130061,0.10913284086876937,0.031922072483463626,0.09134118064065508,0.1451696724905506,0.21530725862236147,0.22317390946293525,-0.023795503245820804,0.008028954524216368,0.040650484525221936,-0.024783553463140474,-0.11071186344718863,-0.036287268198036106,-0.2592753358644905,-0.12006868895581722,-0.07097415178243852,-0.05473440197901152,0.05233348657620459,-0.02981831440052968,-0.08550360513066452,0.012001263207937672,0.012059171721389308,0.05305140524292732
0.06965895415426111,-0.05426906414417811,-0.02965104274902843,0.0686139727750505,-0.01685841979515014,0.15400004645818577,0.1042658477699718,0.15672244521578158,0.02899955244482625,-0.09426570371866702,0.009772961675368064,-0.10264616138430897,-0.10268402643234564,0.07201254544164423,-0.14760622966288606,-0.14048398526875913,0.037685121588635635,0.24454342313048585,0.06808850193253546,0.018449075166571505,0.04418981773496107,0.11426646627698898,-0.02386290067204053,0.023570601173654674,0.1143608498487947
-0.15045585732005554,0.11264919085833636,-0.09803289329509092,-0.17495149264574955,-0.022751415532103456,0.07631807660314542,-0.031719742356686474,0.27034356884470406,0.11588227245264056,-0.07694138464957509,0.006306820114617011,0.04360393021742983,-0.01571913534057043,0.16453143404945575,0.010288860139935246,-0.18661949146643253,0.10495804030613416,0.2617449417987696,-0.0959127735183692,-0.13485493885755476,0.03922665842579746,0.008172673323109614,0.0035304925479162745,-0.27646310943508245,0.16838130656686723
-0.050901991829856025,0.007401694031089328,0.06754654088016868,-0.05923400148197649,0.02672777009822145,0.24558208646012133,0.035413861061038464,0.030341788940142434,-0.13846007925576131,-0.015335401540086559,-0.0970081628555396,0.1290907372534645,-0.22332217712578173,-0.017602947901594397,-0.022371120635533218,-0.13000288052558995,-0.12656944210995838,-0.12859746940602113,-0.08183337955120694,0.046189496507542976,0.039450609345130006,0.08716563702323263,-0.18459556925185158,0.07785878382145882,0.003347621469035309
0.16695120917460196,-0.08128755731904454,0.025436806919632966,-0.014173368935455967,-0.10273045337578075,0.04956808767790318,0.16216217548479814,0.06318217638429179,-0.10304578102865485,0.07627870778363657,-0.1587100571943134,-0.13623224305432075,-0.06558194740581941,0.09638044539668701,0.10300105407252451,0.003797596197468906,0.0909944396307096,0.08948165507011517,-0.1463428195790986,0.03762211113319125,0.13533273127769901,-0.01401761568924632,0.1663596451842808,-0.03794551271458554,0.02541130585241233
-0.11894876527394238,-0.20902064336960885,-0.14739174759979162,0.22224591104316418,0.01947314392326157,-0.07908231382445402,0.08102999039603126,-0.010605284528589,0.11016927094982193,0.2049345306035252,-0.019144061256617693,-0.01598491242485813,0.08621000455613592,-0.2253172481045461,-0.05129428314254893,-0.0023676786305915384,0.06158820787801257,0.11780993738319898,-0.01725862082017122,0.0407731024522434,0.0790416602734976,0.009867123942009124,0.09469223274455216,0.18032815713284406,-0.07489479518848187
0.32622872182425466,0.17987690069350526,-0.08404593145000876,-0.07337342836832773,-0.019517667360739205,-0.0012328175357480989,-0.04162613233011093,0.07297987838896677,-0.06252577007907627,-0.01243833802192232,-0.01983019679278412,0.20347253747545094,0.02990188370249446,0.03396960448620113,-0.06295771545428439,0.08801866874751997,0.16046301279682437,-0.007057167707078328,0.0069705627712329426,0.13344737641381277,0.016288021121273796,0.10756758148849935,0.03495969910600917,-0.0933127100031715,0.0029033007416924906
0.07969348971601109,0.06182826692514112,0.10877927521820904,-0.13354406394174562,0.15634953390541437,0.03889840084071891,0.020507386162613755,0.0021875718035909535,-0.057023257564075905,0.109628723025369,0.02085486864979124,-0.00994760371699432,0.12113156935038857,-0.011401871932693299,0.018072132329920887,0.07200751413304259,0.07879493325649366,0.06768584357865691,-0.04375169880061427,0.12668443030293186,0.12646772856537605,-0.020730400638740487,0.20150223259993894,-0.12049097389028868,-0.10328100641772496
0.09505523877903554,0.157594487925573,-0.18681984987910497,0.089435126414809,0.14432757739314778,0.22580556512943195,-0.2165126297226559,-0.2317095004839752,-0.10156019761970468,-0.0860193982508796,0.15399828054179834,0.09558343344666786,0.04347449937001585,0.08376613207526812,0.2883547553214716,0.058747823502932776,-0.022995638110068356,0.06289195215841938,0.1392527565438679,-0.03985967692921124,0.07396549408686183,0.0986548252867481,0.03052415936693294,-0.08730957983753074,-0.22052379361619748
0.009532002360195057,-0.16760887313276573,0.11558160746317372,-0.050626525818686124,0.03293356442170998,-0.035814169051115806,-0.06754937818398773,-0.08785284846859903,-0.10558928602247553,0.05398766712908564,-0.1581419742378262,-0.06019252246852656,0.1530349712559654,0.027725785180892408,0.07612779062878627,0.02351981200771788,0.060512157639252315,0.09460916588453061,-0.06860773213357384,0.21306714268863836,-0.04386669503535491,0.07040939352303775,0.0064315509868930485,-0.08874793461156587,-0.0435415234548707
-0.06815246308124716,0.024155337657083067,-0.021742000478834372,-0.05955647697573497,-0.03843268753854651,-0.022349582967188353,0.07075207945450233,-0.1468224196702667,0.21953602852401313,0.30985146069475356,0.12259069616333272,0.13224765503041552,0.05940570854710197,-0.06197107400231891,-0.011353713912795108,-0.06875187447796992,0.11208059635125638,-0.14305870194940068,0.03765319153410278,-0.11567336750170534,-0.08804581208303856,0.048794075525315374,0.004720094448199428,-0.038078013588178874,-0.019438768618958775
-0.060062406931541065,0.17913448479331398,0.112589662487406,0.06810210511114194,-0.03044622213899631,0.20129453713603498,-0.01603719246584954,-0.006402442028583618,0.07232360393847473,0.018228923610171057,0.08890838036697736,0.14895517748505935,0.15909589831984464,0.03025672104382061,-0.018361437834514206,-0.12030843190167693,-0.040484104561496356,-0.11753605770408612,0.1772361866279403,0.06288544740570767,0.08519160399393126,0.2505066925774437,0.04711644535468166,0.16991094748361876,0.010562293277640421
-0.04253779693035683,-0.05520247000495219,0.09186572575412308,-0.2449905513678306,0.13151583822835194,0.06622234674327036,0.02686831502250252,-0.0346095991883702,0.1578124886952279,0.020778238949018903,-0.2815075387058595,-0.03810861945124651,-0.016837126527445876,-0.08637604933937654,-0.13219937702839857,-0.031403814060157104,-0.0032641757691009754,0.08827903315363793,0.05196733100799126,0.3386469371809989,0.029608418706234207,0.10890779916414643,-0.06165258069223769,-0.03600361228684565,-0.09096448067336217
0.003755326466752618,-0.05408451485811707,-0.008588779791248165,-0.0680954068545953,0.05273749609760677,0.025860849315111505,-0.04628757241916429,0.04626924773755287,0.18402808672204493,0.04128357260778211,-0.039131929026517104,0.057573999159980765,-0.2273737461979707,0.06491037258317617,0.09273671268006342,-0.08558098127189809,-0.01944812656944472,-0.014652632842494288,-0.09809414996464663,0.21339700227508224,-0.06871923083519069,0.03503625134391421,0.07486152031339115,-0.10186890901934771,-0.09052601048101754
-0.13493890254959187,-0.06502472897514537,-0.033776902515902624,-0.05206137044660419,0.027370006971491355,0.14219365930566383,-0.07271845478010859,0.016379025314591848,0.005252815642061941,-0.04511117203115027,0.02249078602291583,-0.005218453545550235,-0.02216834098289046,0.09586212293878295,0.15429252003972246,0.08341114576424553,-0.12433740677259524,0.09968070815908817,0.041437802793435764,-0.08851268939788336,0.024456483406274567,-0.06210089993739373,0.10395754093764495,-0.07954025416657994,0.025399440579952248
-0.07468109250838878,0.0895278421352322,-0.004453253484508233,-0.1404136448791777,0.051609533372356804,0.022531377560186472,-0.10943483408729802,-0.19328346451491082,0.04641250949481516,0.1264053813701047,0.23759057828748167,-0.018339804282368945,-0.02877490523787633,-0.03500941877643981,0.05982127159764903,0.06499510145216314,-0.11012183259129954,0.18625760544071798,-0.012496524816235624,0.10219616941987679,-0.18858463557533897,-0.07623100339022139,-0.08701886033894443,-0.013101249302828372,0.21804597917231394
0.04150217982977649,-0.02713097010846473,-0.12137206148955952,-0.09832551254278636,-0.20369511577105778,-0.18738514018516544,0.0022575544729225307,0.05985928247436364,0.04123289826538418,-0.012040285208428212,-0.02562493073644757,-0.01081975902502497,0.03280942278662349,-0.15656418533839442,0.04214102742841717,-0.013113926468056317,-0.03976502648371501,0.0978620853054972,-0.0614097269389407,-0.024767573403457626,-0.14685801694322906,-0.2749240848202114,0.04486350183065265,0.17198884533018288,0.009449652891698112
0.023796259921453143,-0.05245827896043644,-0.12232700768477364,0.07122643404619508,-0.1959554060592034,0.06505396500087048,-0.008314794495489681,-0.013042291404922841,0.02576885535368299,0.08256974199324373,0.1197541041288823,0.05009663434596064,0.1118361571789361,0.035973183730942215,0.06936195648049094,-0.17921258324739114,0.06776697635526434,0.03530997907168447,-0.06724942994067232,0.014553893177888137,-0.09387266676458962,-0.13375836409626288,-0.09694562093980277,0.002834041750244171,0.01214405192568903
-0.03730434079380226,-0.13404311928961318,-0.2141583211533492,-0.08716343698418771,-0.10187600005116097,0.04212423612986559,0.13707325896666936,-0.1702179623050653,0.030790264315373742,-0.10249893939930725,0.04152584856341867,0.15295966216123152,-0.01941595178362303,-0.01904734218518359,-0.015374674390554705,-0.07734134684551022,-0.09976758792716037,-0.16049524327009027,-7.723068670665396E-5,-0.08013903982789633,0.11945167627997354,0.10369711183770379,0.012968625203443135,-0.06718658412438983,0.027274056563394433
0.09519896085311925,-0.01671047526037101,0.22893781391497575,-0.08043553996295548,-0.14548061551038366,0.09510076437763561,0.05372827759475711,-0.14360316950135632,0.14939073004025985,-0.008571391026809283,0.0680762859257536,-0.04351919999944886,0.010997359570017583,-0.15145654566803335,-0.03295040814474791,-0.09393298994703365,0.10058155931647793,0.04533939138675448,-0.04319248762664641,0.05461841238687412,-0.030440558938061787,-0.01585414929469274,0.11444299793972411,0.22062881891969244,0.03448605080382069
-0.18908204081401397,0.008183073061240774,0.17234673060254402,-0.03689300631210319,-0.0789143391047885,-0.010048154515893689,0.08789325552138849,0.1323448780545489,0.1329792797018845,-0.1170786559856107,0.05401841401618161,-0.05185911810504634,-0.06662239068162178,-0.2049450992824328,0.14853283463322156,0.009521557222642873,-0.0903656196881515,-0.032433370471238315,0.051826092405780705,0.07195610336061146,0.005638233960076721,-0.0995022454135294,-0.01528177829252,0.08200751802577162,0.013784237966636376
0.06269106938987597,-0.13040802723531789,-0.010316738497177486,-0.018590643158295058,-0.012620469131402091,0.10304233407961792,-0.038876959540444664,0.06083030061780377,-0.05784979652887152,-0.003142786535363892,-0.011310304165258658,0.03259530418277569,-0.0019845700499930598,0.1019761148356922,0.07324252306066688,-0.03166082403263884,0.0178176254945162,-0.06776711789110383,0.04722082698452302,-0.06263418568498265,0.1670819167840899,0.07911246220622035,0.093515028486829,0.129052013318415,0.2045619930401921
0.1855010099232375,0.11636371062458173,0.10794867347274295,0.028300176549004453,-0.00813168618524758,0.049337784305815174,7.319525935281016E-4,0.12754649518240999,0.03217304387675204,-0.08224668235822932,0.07950897487694149,0.03384764817908045,-0.05162403668563995,-0.08195931362310228,-0.007939501643755894,0.00406299679516551,0.19949354215658724,-0.11061664835970998,0.1478822000438119,-0.02388333027916918,-0.0259979268983906,0.0023439057692605032,0.04759901123630714,0.016076373987593953,0.011121942990831798
-0.14484835300010132,0.0265453919481639,0.07380171425851897,-0.04007815810188433,0.10953668626228907,0.031406635706962664,0.0041263148759545076,0.08998899759601268,0.2155071681862913,-0.21239167683869675,-0.1600567214856969,0.13268938254566748,0.03407890625368226,0.2693688570456936,-0.10888981347876371,0.05095789626271557,0.11463524691513088,-0.24543523576991919,-0.05403346963950802,-0.05083196811751264,-0.0890098540543441,-0.11086878521020503,-3.200575547649666E-5,-0.16355506669833567,-0.046343810269194666
0.102096907943853,-0.2763848148343189,0.03878186074374263,0.14142477197055017,0.014353500488100161,0.01754728527843068,0.19676937202540504,0.08879137869211275,0.08710787848853078,-0.06023560301361905,0.035786719809678263,-0.1098219571438546,0.22409953054322707,-0.011452169421805037,-0.05374985447658015,-0.04412582476944925,8.514692890608499E-4,-0.06656050688541877,0.031133864653932072,-0.08323844433346089,0.035714776468808114,0.14374014246685224,-0.11204587317548087,-0.050641439064645376,0.00992918849537014
0.09951367807077606,-0.03830669283241979,0.14065311985450488,0.09680800409223879,-0.008468789313448919,-0.03369020936466065,0.008868345887349846,0.06303377673450208,0.14991957175037407,-0.028080452610056074,0.19711609746485187,0.19785686105647998,0.019626110310782718,0.09645236671304337,0.060853007542074934,-0.027452591298844076,-0.024658700752973696,0.20822242467385196,-0.05246688304458529,0.0011579121762064902,-0.005454287286606085,0.07680078296406667,-0.0537142629006054,0.03122274278148206,-0.030892256261771552
0.06230245102538257,-0.10963665123960173,0.15760362180387744,0.06047299200143129,0.13363826207056453,0.07621102920421155,0.03578803248007403,0.038519765771439125,-0.062204613079005204,0.04455340597877318,0.06550503283634158,0.22942903226432948,0.08052727399363367,-0.06619869755272643,0.0555786063030177,-0.027354466111168204,-0.030895750141158355,-0.02568027768808614,-0.06553285160367833,-0.03076819957818537,0.31907911652437104,0.13302626046482607,0.019484798516822888,0.04804945790720341,0.02421100416870277
0.16418425278961943,0.026026496237886883,-0.015364114926141093,0.16432203637411782,-0.00832396101434824,0.0924867304260527,-0.0835285601786411,-0.004428643512442898,-0.08939982268705865,0.15639812025438668,0.10725284501483669,0.17303746044704063,-0.005352529827360943,-0.03591392052121662,0.007449998245900197,-0.08801664021511395,0.03519710916320411,0.10897354763475096,-0.03666729077862168,0.04057487219210676,0.1288744287653179,-0.05910273638953598,0.08137130123477146,-0.09406367596755376,0.08082583117911335
0.07176500489283173,-0.00233474380251628,0.011366090979759259,-0.09431405017509273,-0.03964656840274059,-0.13731525281526402,-0.18821455283529998,0.051152399372054,-0.11475338256654392,0.22773493174580364,-0.017267078560535165,-0.030318797097458747,0.08155249345149158,0.13859222882107994,0.044492262779900905,-0.15317419495853807,0.19786529101915737,-0.13508376523524357,-0.025850759201031116,-0.05776292823589006,0.04700628127067225,-0.09828178914892732,0.2230709988974358,0.03571302650627603,-0.09616870323020582
-0.033313247507581634,0.053136499533180004,0.04211995197950401,0.22493196808718316,0.07299609164923083,-0.09531927839870628,-0.12984895643858127,0.07370003847397322,-0.06085749114355561,-0.02769873095830646,0.10023701219691354,-0.0179007184148702,0.11239863453724505,0.03421254501745565,-0.07501123110620637,0.04728915372960884,0.10569780847078511,0.03834650834869491,0.12483294082690478,-0.1089164338817532,-0.11081242869461387,0.053109038604153856,0.12456548159544288,0.1559006412846584,0.0367340632485509
0.13261815579871378,0.09508426185615945,0.11833816097097553,0.026668010070355047,0.06525134915756772,0.021258456024769817,0.1660731831575432,0.021929287162967406,-0.04489593961248252,0.05517779394139389,-0.024858251067868677,0.31919608072844063,0.1373361028492649,0.25093175444756216,-0.1859407467862593,0.020215353754635533,-0.08631427909513376,-0.057974873509154215,-0.12819713153953782,0.03192497763975029,0.06924659353837552,-0.03284715961246129,0.05313372440471863,0.15094522504293537,0.17676678638121537
0.032878536787754105,0.03448702577035309,0.19995312136658458,0.05498770104837896,-0.036712716401503566,-0.015041515655902856,0.08969443676903009,-0.02427506670016323,0.17892517945014758,-0.06151376530344689,0.022062127141340346,0.17478240937183875,0.08867749321124008,0.10676281921537487,0.22611915639936467,0.06574604077244661,-0.02484889387453755,0.08812685796011199,0.12511897358755036,0.011986870677289596,-0.014271082016152131,-0.1442927113267637,0.2054081012986716,-0.0830990784621859,0.046744032328352364
0.13472504600437765,0.05371279345695976,-0.03066599319867408,-0.1927848067002658,4.446443382752662E-4,0.12355374167442625,0.05448782401638935,-0.11497050211182826,-0.10531492380450151,-0.07601985927266397,0.1046711106751088,0.18553278372364276,0.10780431154517943,0.07398528107685852,-0.08043590386165873,-0.10953211702032727,0.007103338425471829,0.07195664694425685,-0.013147755755838455,0.03718785768454189,0.18074816600619248,0.0039048401936428835,-0.07237673343563723,0.04201101510322277,0.07044919571529593
-0.17951908372995917,0.025698244853589763,0.015293731610240622,0.09671155900167212,-0.011923252822303866,0.1905089961474079,0.016880077895572262,-0.11081677155657449,-0.05131236911866744,0.024059532642079048,-0.007476690775059016,-0.05076972472305881,-0.025540125392306247,-0.0747094509290419,0.09100647967042129,-0.017585231858400264,0.024969954503731094,0.14650310969675767,0.17298998536238747,0.05366687784924296,-0.039301362910304526,-0.1742580431440359,-0.11755180656671574,0.1665847194447624,-0.10491710672354071
-0.011019863453120799,0.08428730917069338,0.018044979001005716,0.06484663183427425,0.037246517212611685,0.08006630274862843,-0.017937616021403074,0.10107885970462491,-0.09085617293882811,-0.08578943718666786,0.21603341743820295,0.03480581286002045,-0.06050371250934425,-0.07433019053442415,0.06043177278226406,0.0702513696424506,0.12050128407162687,0.011530500989012989,-0.20186537865390672,0.04931343974375148,-0.05742925771125955,-0.07726694303570658,-0.11334980432865481,-0.13298532981610478,0.24537131184563352
0.02798651853990294,-0.2747646889105086,0.13705787834626787,0.03382339078157327,0.02692725775195948,0.10441189323130229,0.05802438526660021,-0.03115492453394732,-0.13710902586819168,-0.032028103023892626,-0.1956862048384763,-0.04910068527543422,-0.16989398581147425,-0.023139638652581437,0.09096109831898809,-0.1317937992856332,0.14688600187552273,0.14049278214674443,0.08931842234191047,0.02336649984421483,0.2054605431185481,-0.018063502743623366,0.0731204630201346,-0.2495300206944602,0.02662095425870335
-0.13713344481882975,0.04292490023982437,0.2311382311430145,-0.05510125277049897,0.04097149862383008,0.038135364816925164,0.24553793100160898,0.08654147793827052,0.05953436286311919,0.023227055323085413,0.007786022786312545,-0.09649816983096753,-0.1692284612699292,-0.04235960900881214,0.003438482149726864,1.5395881437623083E-4,0.001642828021208151,-0.06461713701623856,-0.08216746931452344,-0.0334982140747606,-0.08000679162026496,0.1516753010069499,0.017795620780942368,0.09812216312387023,0.02292693838111143
0.06509521807432657,-0.1349972648655267,0.09672728455314149,0.10452000694658017,0.010141549529707292,-0.039146219961702276,-0.009741390506342162,0.0386987837987422,-0.14853289924692273,0.0507934563387727,0.09379089844005549,0.1056087341790141,-0.05564943397162322,0.1410112046279296,-0.020804479164160512,-0.06063280087680733,0.035768676281302904,-0.06234153251742007,0.20108332551354757,-0.012461475276698419,0.2066220698516349,-0.11494326615862882,0.04498399989898816,-0.052437522313279084,0.02104954143077043
0.06179253250451744,-0.015198708177763226,0.06039330631801294,0.09210878148065257,-0.02968623781369434,0.12286886938487626,-0.026001600899637354,-0.14927301932679726,0.060582834095420715,0.16645224383308768,-0.0395549526555974,0.043129321406693295,0.08789392542457021,-0.010731280581478717,-0.14554581162794525,0.04063494071437883,0.10311406018498921,0.16600285726579211,0.10244309801556714,0.09005622205422169,-0.059018975838639395,0.02538291134807766,-0.05028899008926308,0.16640625455594854,-0.1442215883071243
0.14862353851397506,-0.0755829756347231,0.08128741979454612,-0.030680579216859558,-0.03734377257589945,0.10559045959515383,0.16083183260321862,0.023573492224399775,0.08284766825709243,-0.05507255975749192,-0.09129746986959994,0.14637448298616887,0.14437348416517914,0.10674363223743016,-0.08111961031624354,0.06176387038578043,0.1315529005924279,-0.15721732654289,-0.01858199155108176,0.06967234410992923,0.15403211500738107,0.07663032377448768,0.03000815409343182,0.11318996689262086,-0.14183086554907526
0.05116937424390636,0.2826888915050289,0.04525024826665576,-0.01691563258283579,-0.03939994768259511,0.050349258350316964,-0.012386762884174736,0.08177693756020728,0.030248093404205537,0.08107016533431761,0.0019714084702369514,-0.06467414528572249,0.213528757150965,-0.13773746532177691,0.0416508921925286,-0.11908178318240542,-0.10169563721342009,0.10078078360107302,0.12404316556215671,0.1311911604591321,-0.049451834707663296,-0.04009617493721634,0.03262479944425329,-0.1137291282394329,0.03817332622066236
0.01755507230595915,-0.07488341473552529,-0.06760439418967319,-0.07716087011623006,-0.013808917994053283,0.012344001530133306,0.05166721352601792,0.05581846879419895,-0.13354850826564918,0.0037497190223099264,0.06318337776138726,0.04413385579095516,-0.017288084409349716,0.09447826988787289,0.028527811885391458,-0.08917821257748765,-0.07943369604098666,-0.07587676977586456,-0.09057965049747721,0.04180309945089556,-0.05153893153981632,0.02867457859686636,-0.13993600956245342,0.018741987206975213,-0.04831140383447315
-0.053186354404892174,0.23376806581885093,0.05292381238401742,0.016695736800241695,0.13054075332160295,-0.14845206475169478,0.19879300673373348,0.12014286278515615,0.06778189605777062,-0.21419981089067475,-0.014065403587213412,0.11137389368697494,0.025244780276865445,0.015844617256341627,0.0760177002034168,0.19170472230528537,-0.09252875041368391,0.005627775606408673,0.16404937273437997,-0.19686257327514348,0.03421613684012033,-0.07658336367691061,-0.10650026190917812,0.07427589983274076,0.15705481870609916
0.1341883678792144,-0.0375600056642214,0.1388140249376677,-0.04566175486566477,0.05763895824748067,0.004541101587003918,-0.04959466552546855,-0.09861463660506548,0.04643787455891862,0.04939157494673863,0.05240137812359846,-0.08181792362439064,0.1546832245229673,0.07963922727750798,0.022470264062655163,-0.15742637457791958,0.1180041111532093,-0.14050275820167737,-0.1143727246167622,0.025501281245753724,-0.0012849542572778868,-0.08260709705152414,-0.06222312107176964,-0.1680070078515545,-0.051132805730904105
0.0606596992307533,-0.08941044662780466,-0.08191321030444448,0.03005652650057773,0.06716797817016947,-0.13368888562329537,-0.22302048515817072,-0.026973975130259047,0.10422610535431447,0.038912897613430794,-0.06263394141558139,-0.048553668016659134,0.03545431606023776,0.026939294579329764,-0.08174314526839259,-0.05112315869155117,0.13644157956011987,0.10926280498658882,0.050913906323519005,0.12563395225126112,0.010526395886265553,-0.005194630271731377,-0.03067035320732193,-0.01565590661471622,0.0559648205080779
0.0168018287336405,0.043777514056911215,0.06515221774693002,0.037602015307794945,0.0356834027582243,0.15729018714322152,-0.018973286686562812,-0.003914013177568669,-0.028886673522777268,-0.30081130183510946,-0.0566355845709584,0.153720642070516,0.1122206772075208,0.12230321684814073,0.19476827239048775,0.010810228830451475,0.07269310952719245,0.04354958652790097,-0.041993060491233795,-0.07560488330253791,0.22378425782199524,0.10909035390416214,-0.12663473098873307,-0.16575893567915176,0.04714960678211285
-0.09022816807721269,0.09684979856840355,0.05983599627338417,-0.09434561767053196,-0.15680486857141918,0.15390938760786815,-0.07917402453018027,0.09322293081676337,-0.11384468121095569,0.09890152389106521,0.2610441866071214,-0.03243117593131989,-0.035151936167068486,-0.05194504858328311,0.09674254907706496,-0.034629499268192844,0.09145348684579312,0.046314008279107866,-0.06315485349332665,0.005169466224995244,0.17876011291129937,0.06635353656754292,-0.1875215447376802,0.1657284598028465,0.06692278148169427
0.08744008981105933,0.14984263457531988,-0.0012239034051948522,0.05982452848143707,0.09762407608096489,-0.060377436957445914,-0.036913842537034475,0.057616081906750535,-0.07731561574992694,0.20306564637209593,0.13688005852733784,0.03799678657888579,0.007855074759171802,0.06631564816203558,-0.013846828326680853,-0.10906897001565159,0.1394626363592983,-0.058034306216347996,0.09423784880110225,-0.046338951411292136,0.21406557222378733,0.0203259564828294,-0.016953715554530468,0.14783391551753397,-0.051712000097827455
0.055261392907510254,-0.03233846182455822,0.11911687026219349,-0.0505709746510409,0.14254835125087928,-0.04860661279333124,-0.07336446030217526,0.009469624727132073,-0.1861927991838788,0.22471530362079287,-0.08901326089157507,-0.10779799011716452,0.12923646242925135,0.007775254349193676,0.018355239335651596,-0.13834426906243752,0.1538096590234797,4.388792318896844E-4,0.011307589707371331,0.05299526813693216,0.08532562176605404,0.2118959950102986,-0.22649935868271476,-0.14173858907070908,0.11539419212771172
0.017805306755660114,0.15614510706521698,0.20174635392084747,0.160546849281802,0.022673190387464612,-0.1347538569952989,0.14391547712779773,0.08377162711690266,0.06490032295470514,0.19149938701527713,0.02022461618841765,0.08284705749520703,-0.19640060927920297,0.12402880219348321,-0.016535151645578748,-0.06671911401490047,-0.0035057800034817527,-0.05396717115078532,0.17339086358454625,0.07183883511016483,0.04221928273678169,-0.08441762878180739,0.001011419217765686,-0.08530663013930041,-0.1478670656545749
0.052607359419711175,-0.06671831259353939,-0.04015820619850407,0.07973622587618963,-0.051008277278885905,0.2796377368023793,0.05495885796670483,0.057392910066815,0.19697568676832294,-0.052793330791775596,0.07869919142448342,0.03186182511133107,0.0819129019746494,-0.019531086802807875,0.05779705889849878,-0.004431890167899528,0.050200381524526216,-0.09039399226058928,-0.1527587090675996,-0.07469531683889748,0.1319362382303739,-0.06389455708871464,0.02094438055710848,0.083052570923865,0.11908132851854665
0.1042638026164991,0.044257108531906675,-0.044390007623497055,-0.1360435199961408,-0.07955300031652658,0.13682941302697657,-0.0025807809188036065,0.14440268743121823,0.19510030034702647,0.0558356821414208,-0.0343189288577151,-0.0561390401736738,-0.044335978456417055,-0.01403276092650903,-0.02433454013938202,-0.0988587658194433,-0.11620174933389839,0.08932688951758619,-0.0033342649866656025,-0.09398862611748923,0.047763672330401394,-0.15830235999134515,0.04143089422073845,0.14315664220142144,0.008865374910080312
-0.007471841835103909,0.057845837989193905,0.0018354101098382884,0.009196166430661202,-0.0765201165297382,-0.03360210497522194,0.16130533339992936,0.15716843484645146,0.13421519985465882,0.11611529178688423,-0.0762698671295848,-6.629284328815239E-4,-0.005500949768040899,-0.11322845023528605,-0.22082060492457226,0.017634478939024603,0.0075827427270679666,0.17855385504824553,-0.1625451672571295,-0.07987552664174398,0.11436287516218746,-0.1489767877837993,-0.03349787809294129,-0.003060380967842813,0.10842383701833433
0.08514309345623346,0.14386242949936578,0.11726794931546188,-0.046643155932028384,0.0937922450589437,0.03006697054242226,-0.1881998971326996,0.1787923559151586,0.11355042144160835,-0.09105839365240223,-0.010054490496528599,-0.0566853343643963,0.019732722889983564,0.11170546690010547,-0.09164052088390641,0.10288108377337604,0.06924504682180366,0.2499481524916746,0.017278127303715474,0.016743732240698993,0.03607237807032026,-0.05600600224564454,0.13965389305861223,0.039329236098123305,0.1444000846280112
-0.14102287934517957,-0.061623517016735706,0.17267215707095926,0.166864679177609,-0.07227517254045882,0.07412800666348979,-0.0443816180160799,-0.09809190212904119,-0.0434078716988029,-0.261261525804633,0.02325449867784565,0.01893035509290184,-0.034677666421871374,0.15798677945467265,0.051798834622410195,-0.14032513614359782,-0.050450045746264625,-0.1340056923693658,-0.15911777429035076,-0.044113396331728824,0.04973968787556769,-0.03590569444045676,-0.14226204649732496,-0.2271384944130256,0.08365208874195555
0.030932959422682583,0.0678446373588487,0.13869596306917611,-0.16361979068750576,0.05890174580094124,-0.19270325332342117,-0.08423078259220806,0.07897453361040783,-0.0919759309183314,-0.05006687689735119,-0.12185033998253583,-0.10790128975074316,-0.06856919401716363,-0.07123914203722836,-0.07012689321212467,0.0631161551911932,0.003321366420595191,-0.22807746577277138,-0.09081017404616232,0.05827506268484028,0.1101821186345723,0.10559876538010805,-0.17116123984227213,0.10233715391617075,0.11141976846325435
0.0433914754186555,0.041970303703814396,0.03263895899144283,-0.10139613127976935,-0.02609541996291742,-0.05705727173883396,-0.018039660735287597,0.09292378054319614,0.1350473212867902,-0.11595280241281276,-0.06768265977065675,-0.10217471092410756,-0.06777903952753464,0.017071125408741575,0.11705099608398803,-0.010859681394723144,0.07136084853416008,0.060089081424806526,-0.11510376182300477,0.1499248463187663,-0.05549240086738565,0.060334440845395444,-0.1800761768778218,0.03743200378267332,0.002996092446589874
0.04303283481527685,-0.07087715128141166,0.004950618306864771,0.03583116513113205,-0.06051208943378206,-0.16530353220368751,-0.05282499357604727,-0.11447315164372031,-0.15233470777627905,0.15867625103493926,0.12490475979403529,0.05352341234632435,0.012786136198142953,0.040832653318551605,0.09029518199249538,0.10786924189178912,0.05154265571593539,0.06358924874357413,0.0911983693502862,-0.018360549146820813,0.1927528647904257,0.01439836722268474,0.022093253558723536,-0.021443604025938402,-0.09238803749637284
0.06572489995317106,0.0889600303139955,0.03680664458739771,0.2527788011971067,-0.03154798124834451,-0.011805344234943636,-0.03633951910384365,-0.07859712699453583,0.13737417094472515,0.03866689448589785,0.04609350340169452,0.19505326726310554,-0.030752449782895742,0.06125132043178712,-0.12430813438729978,-0.08363021407310307,-0.2246328639228927,-0.07276597113367426,0.16603044634617384,0.0555511243071272,-0.041070428178078384,0.1634475496341035,0.002542482384436199,-0.08183254920302566,-0.02165557808537811
0.08014677675422567,-0.018224355438707915,0.1390476694149519,0.045406802577545174,0.06500686021118737,-0.15890975447562944,0.11933967915857933,-0.08624282099880021,0.026140388945757383,-0.09331903722470417,-0.193301999964127,0.00863155585538651,0.12676759181407074,-0.06607650099400696,-0.2160554812819156,-0.1465350239888442,-0.14778737484882434,0.07216171964606036,0.07788012572714888,0.10711367829904082,-0.08402353949358993,0.12263380063773906,0.1432453645360061,-0.008667213064249816,-0.16796802505891095
-0.14071612505058848,0.030690102677769164,0.09921644734918474,-0.05419264186223865,0.10833460455082222,-0.10976985580471016,0.0872907922379062,0.045439896807571795,-0.03468986909607106,-0.0878681197261161,-0.16630485226175884,-0.06744140324830052,0.03215584006508417,-0.13756920845050113,0.055592984668933226,-0.08086921457378797,0.022172205992868285,-0.011111317336394543,-0.18807883579915644,-0.03846926054290761,0.05109035517036863,0.027421386765819636,-0.13743681538026897,0.1823578183130404,0.049780479417079415
0.003537649897414236,0.053713168020120834,2.1310463742109614E-4,-0.059488126394054076,0.08073232816300434,0.09545160579128409,0.06766070490057688,0.04780729104196975,-0.06463525835109762,-0.051266331352891166,0.16716012674599917,-0.05091754221757179,0.07394018910309501,-0.21973934028168673,0.01091684863026989,-0.12739114173157767,0.17390670312833362,0.031035730402257402,-0.12420089754824279,-0.11654858144516282,-0.07649803016188128,0.13052037794349122,-0.04314652680466958,-0.011096370061478525,0.0991580948101212
-0.0035824785256500383,-0.02422100973385845,-0.012851803996975886,0.09818844014776103,0.18297221780233955,0.05498404845076443,0.09481978447847546,0.011998744013361123,0.30835688870785594,0.0030387027186886805,-0.2432736836123436,0.010176133797311268,0.07038751386123308,-0.06037946302812139,0.1576191598177777,-0.03771751434836694,0.15175186949100383,-0.08171643228426233,-0.001490123157147773,0.10408658717396327,-0.027849853248031183,-0.1378581165181549,-0.04104324549916229,-0.039417608544717396,-0.06567915499537862
0.08237348985314993,-0.07027837605622157,-0.02541584422723512,0.23424012809269754,0.10216406140046289,0.14966061830883556,0.18388712740167623,-0.03487020683407678,0.03900330352400257,0.037303834868794655,-0.008003325290748075,-0.0829980158747288,-0.033405298380014985,0.05413721211169914,0.06239359923223802,0.007143432095598993,0.1266494872874949,-0.0593863278658697,0.06478102959909825,-0.004974317376730587,-0.06296582436870266,0.05022659459649863,0.007828449078555863,0.11052517458692408,0.04451973321966789
-0.09242084340802975,-0.021237661652013604,0.02656513300073164,-0.08960909316341295,0.13317970346539884,-0.13105523592936175,0.027753442387476495,-0.011730014578112251,0.09070594801368904,0.24323068723002278,0.19163720303928475,0.03138046250848066,0.23372769349135034,0.19622273089283482,0.006494050497699329,0.16653385613840135,-0.08635145508825368,-0.17771838940235993,-0.06761785752048957,-0.08423391600117851,0.09757675818086914,0.15020339977175542,0.06451448165782508,0.13492348656433795,0.0819551831927297
0.21560324330899155,0.09905207521786501,-0.10309387112880423,0.048844304477014364,0.14663338777305696,-1.284259228450321E-4,0.17516970006709742,-0.02356771196050683,0.16875168463177906,-0.05886032581052217,-0.04757595377403329,0.04802387550621424,-0.026227857804962982,-0.12003548913183847,0.026951785857641592,0.03999385583526711,-0.064060343114176,0.00893254160295523,-0.059474203763924635,0.057565003831857094,0.040352413727287546,0.056619065589451956,-0.07727443547147979,-0.11978434093032314,0.09729406709384276
0.03132995974879379,-0.004959649938060103,-0.019175820893935196,0.07514630566657536,-0.19494840754729245,-0.15492390557865207,-0.10061834788199164,-0.049853503804082974,-0.03464461981614456,0.09094439159562816,0.18778246980497185,0.035142635137281726,0.0333129159248905,-0.06893367610757845,0.053754506266813384,-0.11308148931950361,-0.07065258468114237,0.022239436860339988,0.13039486704814307,0.16857266813467478,-0.03252268727924542,0.11361818845692263,0.20443232349931964,-0.0208496171525772,0.1043515222708632
-0.09978597543122704,0.15789615103393534,-0.010038959234081418,-0.03960626017306226,0.026189320434056657,0.1509810811590615,0.04177378571234203,0.10788179867065711,-3.930990634363822E-4,0.026524510232806525,0.1291192589662775,-0.020918031438837553,0.15613718642950905,0.13790377159715975,-0.09577601735671318,0.0552592219527217,0.24115676534502514,-0.08961448223590807,0.007940284164821775,-0.03371584327028361,0.06469928167900567,0.16881369764074589,-0.10062279015519046,-0.1738072851681529,0.09139212759969681
-0.2178715152205228,0.02775979940518174,-0.12896623450035102,0.10060494282223552,0.12716472336218163,0.07698181354745823,-0.0587885688928205,-0.1394160756366668,-0.047913300000493916,-0.0012877690590092571,-0.20241890925877062,0.05242732364304689,-2.91181696919184E-4,0.16803803062361167,0.05669640823803666,-0.21527250823910646,-0.08572854122475596,0.020704999352840658,-0.01735508426937936,-0.029183979287447682,0.03942175552010406,0.07529087943218303,0.06533458804712236,-0.041956752168328955,0.1799942792226379
0.05806064780209243,0.0054539830579382375,0.05091827160319748,0.11968925057887804,-0.0840838483630314,0.06388555314411125,0.21885046595082025,0.009603653546464232,0.15910087188883257,0.09909723836722048,0.09112417433723614,-0.04504019328076147,0.027452832041120884,0.009062407582583358,-0.10952936632680918,0.06830410536295546,-0.03490839816002453,-0.030563515699010668,0.20431143312371491,0.02292175596938482,0.10207773794077762,0.02024479541932763,-0.09562538144001557,0.16655230702303614,-0.14977635586579666
0.01824413061311978,0.06644389958864093,-0.025562134497068,0.05644198128206427,0.21042195576601228,0.09214263596008022,0.06655868918300734,0.15845994955289813,-0.0608723714968602,0.16241480577324804,0.24164161268639167,0.05300205425624455,0.045764158933611104,0.07788612336403765,-0.09312540646707783,-0.11273009574036032,0.04680411010822643,-0.013107426062086935,0.06789111454466475,-0.09084581563214143,-0.014432772063903204,-0.00357648667607117,0.1681914735548665,0.13776943697046604,0.06335154177750804
0.10564614163604383,0.12979604252984298,-0.08564570306072583,-0.2462823575122395,0.08251376580861183,0.001645032499775114,0.1763787827012901,0.2505703443506643,0.14183306443342172,0.04310202930457132,0.07765482735569636,0.09292861365279953,0.03411578644940173,-0.07487898827594408,0.06895097025453956,0.09774561149787635,0.026001701638712713,-0.027866581053867866,0.006669604390091103,-0.07309031189995421,-0.006566135309061678,-0.01952850350785134,0.10168933105757877,-0.030744685468020446,0.19974841597946214
-0.010071742003238258,0.13138913375697972,-0.0037665515873144947,-0.19447889407696983,-0.010068153080880871,-0.04810245847220526,-0.07420385360793375,0.0905268202513192,0.18658216054010707,-0.016374310438559667,-0.04150804994998243,-0.09712132327319908,-0.10983535861843191,0.17809404674019194,-0.1673467385179807,-0.025482975688832208,-0.15981898022376692,-0.1598611835904455,-0.08754072078955821,0.0822154119994183,-0.07973254447764339,-0.08004839313451555,0.01952310561494803,0.07684950527166395,0.21079117895681232
0.07879960379064063,-0.06304935937725296,-0.09198492045436434,0.06610703134100376,0.0588128990491231,0.12714896824385616,0.02354270535893322,0.09032334685011174,0.050647036499515935,-0.07825025156213823,0.12098066887638252,0.17964945789121226,-0.14221036734154044,0.08593134544589277,0.11837393700002664,0.02525518754988164,-0.056364922239169925,-0.07377630655127451,-0.10630456866885671,0.018569049611678736,0.15953556896433033,-0.17545412361299448,0.13028292779501655,0.1136687831479946,-0.11582441295331779
-0.029041747549721948,-0.16646281418753234,0.11207276052233735,-0.037745075243719596,-0.14729121076167045,-0.09039727739983851,-0.0813105752577031,-4.569985926303218E-4,-0.03556288238995893,0.11713305709311711,-0.027813993048883566,0.09970245930020076,0.06829093257587121,0.2364805600118283,0.12502466001559556,-0.09834450564968618,0.09195629572533742,-0.0021964736709713445,0.06829672451651227,-0.13907631553110075,0.032780780406879956,-0.10340645942726005,-0.07536399278029907,-0.004360843796900943,0.11930527338347421
-0.10007890495206502,-0.12649300668763588,-0.0783931400534152,-0.002879580111210137,-0.07252383461753306,0.01508177045887401,-0.07904100439386802,-0.15490731122678372,-0.17053879413070488,-0.10225907648183281,0.09333833604406618,-0.2144763522457547,-0.058599353731231874,0.20237705487795102,0.19723989956722685,0.06108712560279245,0.0013856620680574047,0.2117080068067126,-0.16416505164878767,0.05409954651963063,-0.0819615429286119,-0.12481270206729898,-0.05110273807849569,0.07874968675706845,-0.1283492024981309
-0.039715907966630326,0.025242162081865447,-0.03320688553923778,0.07394208507331639,0.01226647362612613,0.05534596053578281,-0.03715430861241533,0.010578695657689131,-0.017896611693998525,0.0024634954498279006,-0.0641500513478864,-0.13794641574248936,-0.09708322442305364,0.15705454663006382,0.023739074689504706,-0.0036499870345509697,-0.134517933472483,0.03690036711075975,0.031383552287901025,-0.03650296450724359,-0.03458633103865438,0.004506317867888507,-0.10150075428814274,-0.022239230254401963,0.032272958542680204
-0.054053656206381945,0.01744892322418575,0.09783812468323734,0.045781329558449796,-0.04483871548638598,0.03969694241440691,-0.1423826016911818,-0.07645572618013044,0.17447418245649376,-0.06405703972958099,-0.0364242204074759,-0.022205604270174872,-0.10964902267752236,0.03411427231208871,-0.08628790753792484,-0.04605923580229301,-0.27985579793038634,0.06216110274741563,0.0724543945761926,0.16335079725606855,0.11412388686925042,0.1187672887181768,0.17015234626317643,0.03585416493432164,-0.026573325142829698
0.01744974067971567,-0.0784322269538833,7.223609315701555E-4,0.228674088379552,-0.04650918637143718,0.02456814942032198,-0.20173377188549757,-0.2140156221805195,0.05242390769715891,0.12624717694269097,0.21783894312422594,0.06393269990262686,0.13366775722187663,-0.02910028862792772,0.09021055857077456,-0.0526260453061001,-0.03300797629294924,-0.29398917800515306,-0.013992412472724019,-0.053681108264091865,0.027347933513405507,0.07631669914497421,-0.008753415971826911,-0.05779556839632082,0.09041872379929343
-0.004404353664516346,-0.0670581116375676,0.08317119831477524,0.053076304213805034,0.3415518845832736,0.1253545262648489,0.04462918433497743,0.039377033659399825,0.006567454210772273,0.05506861225884294,-0.10153051339296294,0.08660636560277823,-0.0045515693602297316,-0.13575690517698027,-0.07375385364742643,-0.05879583158020469,-0.08845187059931545,0.05550242272788525,0.1362923128980021,-0.04639031028047221,0.07108709060224781,-0.004650593898760516,-0.010149418667911173,-0.019534527825964654,0.02955643433419676
-0.0017889480480652443,0.11330176190684191,-0.11689423959643669,0.050142123836945336,0.13277548695925198,0.1761751326404273,0.014909583356669988,0.10528843771312524,-0.01690796882366145,-0.011103799902010606,-0.01727787521535974,-0.019172776824655006,-0.03489134285425717,-0.2118159751396164,0.06349912934020126,0.07421435430377253,-0.11976606996826225,-0.06266202228534201,0.0555798141620112,0.15992972626016771,-0.03934163777974591,-0.06605189475002009,0.0779881682012875,0.16971673624290207,0.12848544123626776
0.12035493161110794,-0.05455399610234777,-0.09065262081611501,0.0020976680479162287,0.03598722429349711,0.040182381026019905,0.0829868962836411,-0.08354970643524585,0.0014225845076535383,0.034294653045071274,-0.08474144638168367,-0.045603321908507924,0.047509550963322024,0.08855534130827672,0.09634522208256852,-0.04020808346350953,-0.11448805559065846,-0.10656240319622867,-0.08635199582208836,0.2346228763601516,-0.15791290170223263,0.08322233040141244,0.26250841052328877,0.03993203949206574,0.19128558158144487
-0.03874200704172728,-0.006918956799677433,-0.10497002929261304,-0.016079537164935657,-0.046418817537761906,-0.003817308096322674,-0.0560011691394523,0.15801315778876396,-0.11566605381481797,0.012486249063865366,-0.051314745894646616,-0.1072177452265882,-0.027038291711438053,-0.06418243596346693,0.16985024179466285,0.032957137209006095,-0.012980775188665986,-0.1614587323647103,0.07047788879240931,0.12085843535704528,-0.12603047332491818,-0.20822276293037503,0.01814220608945873,0.09601032913626469,0.13116126450788748
-0.10751139093304904,-0.06903275762447532,-0.05263976222799567,0.0013299869100395856,-0.15646505779385486,0.08692346947759351,0.02555586673790003,-0.08313244759028354,0.1152833807961839,0.07114667132581004,0.11668255311926924,0.04756080455465672,-0.016349796938675918,-0.07842706001679574,0.09238815338210853,-0.010657896728775523,0.2345588607596372,0.07370091139516245,0.14009573313205587,0.05914320081192904,-0.017462527234356272,0.011413482094209573,-0.029551988690713387,0.002841220229589937,-0.08113581711795664
-0.08812650341976584,0.024482738769016382,-0.14668228762616903,-0.06420924199375161,0.04620520246095885,-0.07580890216337374,-0.07413981084542766,-0.005721448796257012,-0.008547257334040012,0.16265347837056748,0.1596551209431479,0.08103516390628406,0.11908471526922426,0.06655335256339218,-0.04336160983335346,-0.06654992077085502,0.028233959197208083,0.08859460206240102,-0.05559121817858156,-0.08405584359215998,-0.13267639527224592,0.06210858121293416,-0.05565361969741543,0.045223562479125845,-0.01461667736660417
0.11883041578217267,0.01311292205338766,0.013407877887296929,0.006637753210398269,-0.0707073501060766,-0.05528364598520759,-0.09150932075652027,-0.15039077702970916,-0.042777613582220646,0.21448892134485248,0.18583590788197887,0.030058694488072038,0.05715723595208515,0.0595355352597954,0.14141367839574134,-0.07924293379297907,0.05152842254731827,0.14551575182211823,0.011379282797426763,0.07492271462666021,0.09029412220524,-0.022910497690598396,0.04124531748482331,0.06556613488488987,0.10896085512854708
-0.013609080406962626,-0.09106737143409542,-0.15614158757463253,0.022525725125356447,-0.0968488000315794,0.1868444797717097,-0.1386378120714754,-0.20803349430842505,-0.06962709260903584,0.1019018702734584,0.15504124515378162,0.06989299228983929,-0.035235330581542684,0.06710853377274376,-6.181530813666155E-4,0.02411482617506948,-0.00895478354873959,-0.06927330361346815,0.06941227339160215,0.017427009405166196,0.07582951071552937,0.09289064110976128,-0.1235254838602683,0.20682101239720227,0.09818199885809321
-0.006353224968879632,-0.06342352335318437,-0.27621575079144234,0.04541301650911897,0.13118093902298358,0.0829232288832457,-0.05623936409947705,0.03786954657443261,-0.018441861916162375,0.0647963238057425,0.023349015154743094,0.07667037169523153,-0.09899214787048276,0.1776804278517677,0.1367049547594553,5.666627488175391E-4,-0.0901452610520853,0.14344818296261927,0.10728254570192344,-0.0017278931805144067,0.1283302766060581,0.12120621884320124,-0.07155146089571937,0.06071948730762826,0.07462326424349074
0.21142644030810342,-0.10734865688613508,-0.033308333724576485,-0.012637013573634887,0.11286020705564531,-0.008439333955165875,0.13988226558150207,-0.12697922044698093,-0.0073674102187385095,0.19348289862721835,0.08684322784296743,-0.1901368803374495,0.0051427579216162325,-0.03135051635458461,-0.05977553142730272,-0.06505097637769806,-0.002507894843286633,0.08635027337017082,0.1337903138524246,0.09660923983890338,0.031946976690158425,0.09384044751281428,0.1452057180727214,0.10005356664303743,0.2248676230565782
0.2144496826893392,0.05915699069791802,0.013787980238283763,0.20086080027802428,0.08227612801620275,0.11570654625020486,-0.11172031259190408,0.14259119397448083,-0.02278535263001514,0.040527382431927085,0.15441172633335595,0.07042062659470522,0.14128843584097955,-0.014893751207273383,0.05409506234700281,-0.042308339837068436,0.03014001638110566,0.14217254625434492,0.21154013328652266,0.08360300514234145,0.03056316480460852,-0.05248623956274608,0.12229798166769631,0.21488665610681928,-0.06897092524455575
0.17504280243870846,0.13019844807608733,-0.016437596850503958,0.17692108929027411,0.06072704939064013,-0.01907801512024037,0.04722661894008411,-0.03753714694296204,0.21890177253036647,0.0426112937482967,0.007612914678463489,-0.1785373480303163,0.10938602644099453,0.10348915547463862,-0.07779818203460229,-0.1410257168515961,-0.07183229216165489,0.0035396608662667866,0.1525795987139632,0.08195163978957501,0.012129469210207034,0.1063577334141871,0.12147471745357628,-0.006953605963075615,0.14659761602533564
0.09850626900883504,0.0677326104079801,0.06479771480139522,0.29449742031978765,0.042237021887939555,-0.02865521513122733,0.2270498001218513,0.1209034789320489,0.018056297955104716,0.08158712452885716,0.17375167085902768,-0.10616413642488283,-0.11424384383387066,0.26840037599766897,0.03818616723261627,0.10019713469349942,-0.11220226219052494,0.10651308758903784,-0.0041216043560869595,-0.09271556798442189,-0.09090631412506069,0.1948016870953912,-0.088579337655412,0.01788423454523062,0.019019175627634992
0.17154189419881488,0.02912500309338277,-0.23558616364425913,-0.036830813396574444,0.25184577557297355,-0.01683286786227507,-0.03241990699414226,0.0354165755731731,-0.04517674421646674,-0.01182874213123933,-0.08829549293093238,0.011325111769234763,-0.005636294009371325,0.13904443194394367,0.05658697172940317,-0.04497218205710781,0.12743064019215802,-0.02237249661567907,-0.13843045406493185,0.09964477589111405,0.03398074272926886,-0.04460030857873552,0.16512086511959032,0.1406450260541813,0.03389248109536808
-0.16390969419946894,-0.15819842618988753,0.041590817994060794,-0.16607842917825608,-0.20573630238387858,0.1433387874340929,0.011656150393711165,0.02693129378920149,0.04104503721016458,0.11474536489145656,0.07231553829919918,-0.018148856961291385,0.16219204997652187,0.09537402265644002,0.05256508039023842,-0.0057300896383884825,0.13460362576372462,0.22340424219553195,0.012563237168405223,0.007371888890415931,0.15869980250904545,0.007435227285445128,-0.12076107611512214,0.05937167267122659,0.15495475766227032
0.19375090907156003,0.00645289218895591,0.12450087225379909,-0.2000939315457334,0.04700223606218613,0.04701680651608756,-6.541901323264544E-4,0.13635178341568335,0.14676578369523488,0.03309250023246495,0.07810016223590327,0.10200056455208382,-0.09605075298329627,0.2482914135800674,0.1810297486621367,-0.08257182650053152,0.026084740375667066,-0.002646547538821265,-0.1440320922073572,0.15942121835777956,-0.07152801982120045,-0.16324039487575706,-0.18231177406802276,0.013633608317628242,0.1227803249032756
-0.1595767194818726,0.005011736679290446,-0.05163032024569017,-0.07399101586393887,-0.17299165260252863,0.1762055189260077,-0.06102847387344172,0.03489231115627596,-0.1747501900001031,0.021124699449559328,-0.11561986162720445,0.038565285904877136,-0.1373310734242315,0.1512627333112128,0.33301855863725405,-0.13179691113550002,0.1896137520748005,0.16993251033489704,-0.11874408966995786,-0.042862625733713064,-0.0323094216287583,-0.11879547679337106,0.028728098105335623,-0.06725445772464135,-0.1565272652439952
-0.06434293495910938,0.21220010505738515,-0.027137472397486723,-0.14864573704304368,0.10286593488812412,-0.21049163599071954,0.21648939454714486,0.1465288413845839,-0.1104170969277861,0.013281874166637226,0.11101560453640406,-0.06849189108021737,0.07479406554569366,0.02433650855270079,-0.037404073133136866,0.05170932400587453,0.11103861050732865,-0.1438570665309598,-0.05221244200250236,0.04739014777057386,-0.011562343215489294,0.029180599910917863,0.047964638746521994,0.23276727042523895,-0.044050635684424376
0.0013375849112841772,-0.1556616329635095,-0.08631631885202388,-0.056103354204502257,0.04539573800889591,-0.03314098915127371,-0.061922868723649854,0.08219260389592875,-0.006601522388486117,0.06739591041051737,-0.07755681882163788,-0.09061772952730364,0.002406914517022682,0.09100661698780592,0.15398116565699185,0.036944417664801436,-0.01842417393572412,0.049375097309135016,0.18904651956011298,0.09394948628529325,0.13148076826641578,-0.13756401722537423,0.1030883464515386,-0.042532953813451395,-0.1014895377953452
-0.009296498441886007,-0.07093928172219523,0.0830295221912187,-0.12625969232928225,0.024234480216713712,-0.03852558160306097,-0.14059825976897913,-0.18599250117828955,-0.09505490166904858,0.2224914290670468,0.09005897443941341,0.013133767115677002,-0.06399669929539653,-0.01740856326026344,-0.04423109473316926,0.05045151058702631,-0.003568672575912515,0.026836123980392586,0.08504970907118307,0.0941554275309424,0.07476055463270155,0.11110754105755015,0.19673231536694358,0.08333946290985855,0.07061240593817766
0.2219064693946165,-0.11801573922767276,-0.07322950911973468,0.22135375806810867,0.14992534617909875,0.0789980342856552,0.1711979767512082,0.010939882093102952,0.020907273199642626,0.001419363663657797,0.011101428831516736,-0.02731960449661495,0.16393733746761163,-0.03797679907530819,-0.20516966928008065,-0.01746591958272567,0.21073710053981748,-0.006831134475458341,0.14105921455136644,0.0018099971211684319,0.09428420036065317,0.047861078504369964,0.14921531171903848,0.07046637951763603,-0.003973123987416228
0.1398606145319357,0.03533838930207028,0.055961735440773264,0.01575330955199657,0.13252670145738044,0.19095199292404927,-0.07422382777368797,0.10405591297384138,0.07355514968825166,-0.2974246602490533,-0.015512258264707642,-0.08301360462677429,-0.03915710251108054,-0.06122275335570737,-0.16191243339906786,-0.23925424325527145,0.05907129298188866,0.1379024970435984,0.16135158245902062,-0.0679661552032318,0.00663214825435511,-0.049344768005951355,0.13793642291157102,0.08923575165601494,0.05057938430771047
0.047553346927865815,-0.05091987778916049,-0.13429157680290169,-0.06840937216592911,0.0830907591559811,0.045427462720727854,0.01632581557986556,0.05633578067237939,0.08583314210153009,0.06531612832179645,-0.006829330024946719,0.15730692958366513,0.09168693578203722,-0.013840947266446389,0.07612995681743503,-0.00921699634963129,0.13278488583980222,0.12538726740375772,0.048850635188530646,-0.030150873564897106,0.09408993495247484,0.14052160236058323,0.03342280455213894,0.14999009167690747,-0.07208768293229409
0.05479204217612448,-0.06473077151464342,-0.06728099468269129,-0.05309779004314935,0.0328417781678274,0.17544054398509573,-0.09923595103213644,0.08594617752561307,0.19625529908818434,-0.08994193678318903,0.0448003397171478,-0.12492560999540626,-0.12124579495420278,0.060588154272061705,-0.01121889958897256,0.042824540917422896,-0.131611156014166,0.12910585892512083,0.05145486564247184,-0.09489407532504193,-0.22155512650222278,0.052729729478499694,0.021217318600748745,-0.025563702371856113,-0.02923942381335349
-0.014411032833894484,-0.06671273438621682,0.1500794640717336,0.05366888540076066,-0.07028476130511324,0.21055715801883176,-0.0018216818202649759,-0.029300904794349925,-0.03152313806704474,-0.06634556970233149,0.05266141225662579,0.11807928173037062,0.10781901385178468,0.002466229082583036,-0.2107207625237819,-0.05950270632708075,-0.017215220856873346,0.03892601811945484,-0.21578968588421182,0.05495124675474865,-0.07262100897667255,0.26265608532422235,-0.006514449155132638,-0.04344941855029511,0.11681787183295278
-0.0060514455876129036,0.09501725645855039,-0.20642235731873365,0.07928437292734287,-0.03390734795976181,0.05044973511253439,0.13490354526435777,0.07425244219040264,0.0375234637735604,-0.16778969859924747,0.12393751000808348,-0.09535191269836608,0.18193310471884758,-0.10713030323011408,0.0896512533130496,-0.07529521053613279,0.13032040437199158,0.0807209219010216,-0.03264950699234219,0.06399125365030693,-0.050364070523086356,-0.03305126117748295,0.07006354056233612,0.16917352519229736,0.021073419394521214
0.06033167297842881,-0.014299739273727713,-0.05429029417196536,-4.313056874734329E-4,-0.15391144343633628,0.15743526072365752,0.012947446344567579,-0.027074895786262782,-0.019628714156521947,0.01748713556591669,0.03562612739330772,0.0968282171097221,-0.10545733547727387,-0.052410429008005646,0.09923440822052097,-0.051161197075470975,0.0885817082019688,-0.09974251947506861,0.07608766256913042,-0.0501773498272691,-0.10318757988971783,0.06084650960426488,0.022894249937984352,0.051415949691774196,-0.0754366564951344
-0.083497883705258,-0.2514694872408427,0.07843038344529919,0.006026916707478668,0.07888269555861137,0.04981124650950178,0.2064920737367633,0.03730697015295347,0.006675264495874194,0.04930318107158159,-0.013969911571068146,-0.05504497109010854,0.17704601001147252,0.1473588850246749,0.15095298976913807,-0.05741197436168461,0.023173932053655217,-0.05640299591529365,0.17043338317962847,0.1135440548354369,0.036122038323905155,0.18841172550042504,0.0994037330195267,-0.22123335685675308,0.2664307076101297
-0.15018555199122374,-0.17025523426450262,-0.06751001803704465,-0.05601724483768391,0.06232782244951245,-0.019456770798137152,-0.07672658692957021,-0.062456804874714215,-0.004293752079750322,-0.040901958149538196,-0.0136687136095778,0.02457488332199515,-0.07075931578758218,0.15007083676800168,-0.019745706788540093,-0.01998264447554314,-0.12650014475976587,-0.031840418477500645,0.0821386768995774,-0.012280253284938763,-0.27010433162864234,-0.04170615762511205,0.10412015275836334,0.08131354302631134,0.09355485760345043
0.02855386611880363,-0.0921510957057986,0.23970734426770057,0.16646016895958604,-0.023282257813141034,0.08752500534896478,0.004350491204451885,-0.04090738775107035,0.03978697909173467,0.0058846431959457,-0.12534021147793334,-0.14515025418896974,-0.07190665296064958,0.12100013894495786,-0.15007578311269038,-0.06335707083654296,-0.11551825964095741,-0.12381406310418835,-0.0718194096446768,-0.2968445127055744,0.10210688906268585,0.05410080840138353,0.14979314869469693,-0.003260701581907819,-0.06993924628451699
0.012823326159408895,-0.18035722301188956,-0.03662356841816731,0.14943524502080544,0.07036867974497078,4.62255349214125E-5,-0.09329549974406445,0.06641538607066375,0.07263862777292794,-0.0429597840739517,-0.09470563452992932,0.09670852290731635,0.03217170113677584,-0.12355810901197124,-0.1653983693112213,0.10562103621511744,-0.045565658140725024,0.09371945596606487,0.039676949846474824,0.17673148530033944,0.003322868108544205,-1.6648810389797639E-4,0.04441284172784016,-0.042814906089347515,-0.04516223786157875
-0.06480187113150669,-0.06964267933904458,-0.007902953960319078,-0.05296338897858501,0.15566455363416254,-0.0913043424055542,0.011035993159683316,-0.04427953238231644,0.10883186335989999,-0.044226467657338654,-0.0747961731996086,-0.025114202986826366,0.0713077652983084,-0.04760574311956615,-0.007192001227624036,0.04469143842387764,-0.05603205313016807,0.031197464841840186,-0.09379708750568796,-0.10588929727033351,-0.09268938816951708,0.1145885875805702,-0.06569103226577391,-0.11013990279319817,0.043496789831022085
-0.033418616822165625,-0.13415776841143323,0.09981366471000314,0.24920479347297875,-0.06160740133759266,-0.03254865805104635,-0.006638435624610801,0.24601914517969317,0.09406787640470562,0.1010784565869614,0.008611313951859769,-0.14725154479548588,0.17354744726647547,-0.12149699251356123,-0.09462621813273953,-0.13424776389213214,0.009189836860751803,0.10870505105651652,-0.1339286348046617,-0.1092070428904422,-0.12125848361151405,-0.08761449498528026,0.24443802143987994,0.07634351776417203,0.12236601822397823
-0.05360587311436744,0.18184033743285008,0.027097808321593676,-0.08937486795338687,0.14723678330104698,-0.01403489960567419,-0.004221097158673896,0.18075652340127557,-0.09755123154188435,0.07004641882316766,0.028914233149224394,-0.025483561928278012,0.09781578527578819,0.09319783013654206,0.006606958115271954,-0.08401899492035217,-0.10796963838679716,-0.02569390673590913,-0.01384475006942972,0.07756047055209798,-0.07801159985197838,-0.2010054362444595,-0.09141316817599453,0.050808643730044914,-0.1482816491639295
-0.06537063989261818,-0.11426135832157026,-0.1349784472347396,-0.10667677936307322,-0.231241090317873,0.031565238783451965,0.05516707394464161,0.13824931422708256,0.005217887411375716,0.1086640058067919,-0.020513962425678316,0.09214375517937387,-0.11470993765328431,0.26224248006289563,-0.041779772841473016,-0.08476777947281716,0.09465787715455395,0.1628477459037545,0.06405407600591352,-0.04272292617726503,0.005065528531272433,0.07673421221865344,-0.0574024573605616,-0.0432508378035255,0.10773011705789748
0.01114501346888587,0.05264807896371333,0.1264686442963533,0.23817918891124937,-0.011283533890992757,-0.015955476556999294,0.20391618155486677,-0.07540126172069413,0.02114494659659209,0.13303455078853396,0.08355171184180506,0.03144858144510102,0.07046204280176957,0.04889931261306546,-0.014673112280543705,0.0026109525240466495,-0.06893499669668049,0.16214554648258625,-0.01709108562608584,-0.07041297693552431,0.05291844105035814,-0.08526544578126904,-0.0501129585396096,0.12478969952498037,0.04758400454815105
-0.07694643615972543,-0.010767017004513239,0.13542220339690508,-0.03332625021053597,-0.23431690033127756,0.025350347530586875,-0.0529599391750991,-0.033428037411199804,0.010635999537621421,0.11828599013509498,-0.13400729124124006,0.03679345031904329,-0.0032773066548987774,0.03353587225485463,0.05225989163846469,-0.08405598175445332,-0.18567552821145408,0.09175609049243379,-0.04324691548299738,0.12191844440314145,-0.01639835549965559,0.08055219918780276,-0.04725737594775026,0.15892844963960343,-0.03843505617823775
-0.07403088257411515,0.19227942600841277,-0.15989219257658788,0.07285936484473249,0.12437529246621917,0.006840326342568544,0.0569307408340179,0.10250127329379234,-0.023440046389260366,0.07226608376110936,0.010569203808671275,-0.14567180469567403,0.08060910383566948,-0.07008690056461638,0.09594193416235815,0.013202796465403056,-0.07614739288395579,-0.12018586454846729,0.10059177947992098,0.05283394855363974,-0.05827345587499935,0.00633878047233535,0.05154822885331788,-0.0036097973887478964,-0.08805179274274698
0.11566196183983221,0.036541520407555,-0.047258035977835074,0.2134843128945663,-0.011847958371079619,0.044388519408765544,0.008662425015015688,-0.05516888563385204,0.06518112317235042,0.04868382563827636,0.04462186111246158,0.1979707946489683,0.07027173997287735,-0.029244238520136266,-0.002677814300384819,0.0043160948066382765,-0.005541638116207363,-0.026934404601323878,0.07135534854140477,-0.20784553925545168,0.02727779101233468,0.06419646743178811,0.059714561468435304,-0.1262505729827334,-0.02592521014812148
-0.08959141499053697,0.14349788427280696,-0.10748755866832896,-0.03569311307065551,-0.06580869725334886,0.00916659456779198,0.032810464300887424,-0.05822477273071214,-0.023579358374860665,-0.05668656414809152,0.08514828228146591,0.020575759275296982,0.07689327025015812,0.22098506823499675,0.06539330524052829,-0.0012935167138647626,-0.018859617778002314,-0.042555161524219495,0.1666855075115849,-0.08619053970400152,0.08053182173177521,-0.0585782018643499,0.08702041814076374,0.024556329243577812,-0.136246740876089
0.02135926134450952,0.05405075235874922,-0.026613682874916122,0.1519345459352351,0.2437817270340598,-0.04577674571252208,0.15310143006728438,-0.003579200183117209,0.11821039486591217,0.0188265791478074,0.110746328571463,-0.030029870765629484,0.047882418941867684,0.038837434501850926,-0.15462172233134158,0.03563307351815204,0.042902945094974276,-0.05156302261878194,-0.09430908461511765,0.11577155636193126,-0.059434210033975435,-0.0383103539272559,0.01623466073307146,-0.12164267815515709,0.028635862588628998
0.07564519500474604,0.08164560547847478,0.09597412197358694,0.024747982221110524,0.10800072770070661,-0.05901982453400051,0.23543577493762305,0.20907097652080034,-0.10526570797974044,0.04672583175227809,0.14108696382768351,-0.2585843658446497,-0.0014975632000354172,-0.10912940955552457,-0.1610964667270834,-0.17295379630718552,-0.07967212931474597,-0.12057024451937791,0.01207351757554991,-0.049289479934898905,0.18971092734659303,-0.010228180531393887,0.045162249354027816,-0.13826959996344088,0.03074701825876995
-0.0555574813515035,0.0866268035455412,-0.05103552666910277,0.11194643928501344,-0.030803709669510213,0.07734166333119351,-0.08386217846673849,0.246286469793263,0.043629917617701575,0.07245881425412301,0.13463236333288742,-0.16406516352387868,0.01247280155572371,-0.022786350460305117,-0.10091584014965843,-0.009181431255307123,0.019778666945848702,3.321441774137095E-4,0.0587373287315304,-0.06199235497333942,0.0357658034252262,0.006229961048815477,0.05463878817832361,0.016265972352817234,0.22143344663067388
0.008832330232156974,0.10369284614391884,-0.030073113662600064,0.057299948377311886,-0.09863881535178894,0.04151692718473056,-0.0023669368956480805,-0.04528493644509744,0.10354938867438318,-0.10385462360294673,0.06969582539861233,-0.09378625922906354,-0.23764356567325642,0.16328715482466377,0.06758042310815236,0.03960108361176186,-0.050742336075751286,-0.06253604356663436,-0.08596970542910679,0.025963002995134793,0.07625001733588764,0.08820204449443537,-0.05024267676146173,0.04966750160999572,0.14146010326522573
0.10297736542264678,0.04249228050348302,-0.03391727022069717,-0.12712937393297294,-0.03002401460805785,0.27473170429774,0.012725335725206677,0.1058345606471592,-0.08206085356845304,-0.04714380545059161,-0.14807672395019528,0.04911773615252066,-0.04985857120974345,0.0015886486949487273,-0.12017666965579704,-0.024257222595136296,8.24470799602758E-4,0.0021462637536858735,-0.09907546497458243,-0.008282288846821832,0.047688469646375076,0.06061945868873769,0.06850125110688624,-0.007426165747567651,0.01889204101928329
-0.0395258910840884,0.02921968132107241,-0.010320427190047719,-0.027701394048501284,-0.0278523083621011,-0.04464433507743113,0.18612328185704585,-0.00942837964843379,0.07390566073850284,-0.14338313522697557,-0.12777331960578317,-0.13733004705044113,0.0318737344733941,0.2149305963949959,0.009122034298125588,-0.1057842397718896,0.051458251039192195,-0.07855070847928393,0.04045519245303277,-0.08810691066503137,-0.1667317721899154,0.2114071634742495,0.16940957981568283,0.20991551206876136,0.06078729045797946
0.11681037332852995,0.04144774136743209,-0.08978751657701953,-0.04017883513654706,-0.20239721741598354,0.019526939643633313,0.16960645667439717,0.10163423089845922,-0.022309134951860408,0.16249835265077398,-0.23703687509001184,-0.10231025024532933,0.24267841739645518,-0.18170377662213585,0.007559591279035371,-0.18075583703268222,-0.017108278606075805,-0.03188318554589753,-0.11405792455310032,0.08767489355912803,-0.0076090540440365345,-0.002211288377664806,-0.10874121828933847,-0.09693335246689552,0.16133555144181333
0.07580032955438094,0.034069911866842266,-0.04653740807492281,0.2020750274257468,-0.09868647322031418,0.22824143746731498,0.18520003156637982,-0.06203953535720645,0.06351747140215987,0.04341727362619998,-0.05545768530096214,0.0588819381293819,0.01588128809766579,-0.07852808652616383,-0.01374346805354875,-0.05304097244045131,-0.08135796400639367,-0.009873106058848951,0.054385843674850894,-0.15068528231017728,0.10891670555872664,0.11087612992597941,-0.03606465671265916,-0.007242688828194681,-0.0372745316802461
0.06544158205570126,0.06052013194675154,-0.008834695593413155,0.0363836801498258,0.013216477893396618,0.16956976296086226,0.17650250593579123,-0.09214401246250618,0.2434841651639448,-0.04717988358423449,0.07289424356637622,0.10131179747566296,0.007114186021294733,-0.12680460236710198,-0.10615843377144937,0.08018648298556477,-0.08056857735889791,-0.11368799663712797,0.2050325828653644,-0.17345186876577603,0.16919143220510177,-0.05036563541570216,0.015714029707554904,-0.13782922423569993,0.020407553799460812
0.00809721865886981,-0.0697943630807019,-0.12758658636222509,0.08372218889854538,-0.08909746262212458,0.1804674921612485,0.09744453113086318,-0.015065232912131318,0.05629365375269308,0.02214665346244973,-0.1305822890473783,0.07978955210160608,0.10899883804888755,-0.11759437678706434,-0.16427273844008128,0.01913744873715395,-0.03629128888271707,-0.03213693678785377,-0.10161979686311293,-0.017102160478666768,0.010167816989640867,0.13454340977717558,0.03730583896574981,-0.0016850107640794944,-0.008487673255716938
-0.09692815143982626,-0.08134313167966084,-0.0038465535281915785,-0.0753864804452367,-2.3236062612775991E-4,-0.020824543950034,-0.013819835662142739,-0.12989957845476072,0.017874279774565138,-0.06103236908221581,0.025453932365328023,-0.06688803916321993,0.024201520837033533,-0.09174289089306126,0.13885248519680668,0.058844671195571144,-0.06046276726928666,0.054847192445551314,-0.05922517727625983,0.0406124716178198,0.10111569840293011,0.23303256084907298,0.22420586184783156,0.276514652113052,6.717024729764945E-4
0.009943519746126906,-0.14830509985246607,0.1278063608393145,-0.0378250982708236,-0.10367667908400016,0.006129276547165212,0.10238369585028667,0.06288499186714774,-0.06504684420870446,0.23728458623549054,-0.05809567314025718,-0.04141919962720741,0.002761469903083201,-0.05892347190651513,-0.1103434005480549,0.06870507392427981,-0.2503330765974432,-0.032475403954356434,-0.1425724162851084,-0.07547897948935324,-0.09542874174498457,0.03757697870144255,-0.019388099857382504,0.07504895830610174,-0.049785696019971244
0.02567044054109951,0.0791401859468578,0.18775567467945758,0.09347166436866867,0.12248911001140188,-0.08771768786877522,-0.07097644289944177,0.032136303062386386,0.06901360085471596,0.10554318972093778,0.18664706151235996,0.020981385885132757,-0.15631944288580168,-0.04531828575396873,0.04840907438678485,0.0769749557425985,0.14959940561969431,-0.1519196785482722,0.144359477631065,0.004551319389263638,-0.033431078846800015,-0.040906562572071925,-0.02249891569929954,-0.024477773736466313,0.1172271770385663
0.10930800752031244,-0.016713907143397027,0.15613148822976428,-0.033423357765395706,-0.006733691757735737,-0.100918280123205,0.07098541756190416,0.17602337525382666,-0.10645921176402466,0.09425693338264263,0.1684754430008348,-0.09294893731527094,0.17135404127566842,-0.14144528237466433,0.02710019668653009,0.024147588478181523,-0.05645525374047576,-0.0638248860520032,0.053191265150270915,0.1148723205220379,-0.0330867176563947,0.04587620893004888,-0.12952125062371028,-0.06949395046090981,0.08206206911615578
-0.13197215985103855,0.005515092507845421,-0.09454689752030164,0.007855782376279997,-0.0354702809843564,0.012552911916064325,-0.08357552331368706,0.06354753206347535,0.1666462325877654,0.1412048594925458,-0.05415190808643688,-0.05007026031938111,0.07159776355654283,-0.037025679299082355,0.06194472199409447,-0.11989465673643297,0.17130061814061412,0.13855569011929583,0.06180701250415564,-0.020624523000203242,0.08266910429753159,0.14646525753385692,-0.03818470800055792,-0.01402727994849943,3.1699189522358035E-4
-0.0880377972692013,-0.08176774220899695,-0.08116331190950277,-0.12338111059166412,-0.1900329532015393,-0.03896878635045545,0.13596118973558516,0.18490542213925043,-0.03240246882120098,0.02693765439063789,-0.04402028811226521,0.05788777797517194,-0.020726708874284655,-0.08132838351657568,0.1354235193046032,0.04521152823331703,0.08216163081804877,0.29650549501854623,-0.08672206697488531,-0.20417814636684833,-0.15401889908478644,0.01767472136116314,-0.10676681601564868,0.06553067813078099,-0.02377201965536881
-0.24023812355960258,-0.10841393015968102,0.018117235101626085,-0.028295336512695907,0.053348217139503246,0.03259661754142144,-0.10766392422809459,-0.0675526041466125,0.21005887227903974,-0.0017433886988589818,0.07677573190529709,-0.18901679219862833,0.04394475485801069,0.019597472828366023,0.06060523937941124,-0.09298755176043985,-0.0987536604473967,0.06486602790773269,-0.05896892327789718,0.12976673307126188,-0.1062246414070788,0.0654156277030313,-0.14200341628846183,-0.09191952465304076,-0.05049208100452606
0.018666752635306757,-0.19848952369218278,0.10930880443135124,0.024753488921230846,-0.03162063909022733,0.09486119422972492,-0.12272193627154612,0.11772971566659807,0.06208032756076605,-0.08752291181722961,-0.1639947743198157,0.05863789421637403,-0.012729635949529455,0.11580872585411822,0.09780862397021034,-0.1097078468431392,0.06159528668888281,-0.10543454637872096,0.05873887796433721,-0.054744995764646066,-0.10653740710523556,-0.19876961104187132,-0.12269668300443916,-0.03923091894159728,-0.021012208841960044
0.0696175854544087,0.10001123722741262,0.023389674921689883,0.1803026218927293,0.027794036378742382,0.03466039879990968,0.010286482857921402,-0.10153216303027657,0.09701100103534455,-0.11475468481103339,0.027829273597403437,0.05277712204067995,0.062263397089222246,0.11965747596013361,-0.11301480948477384,0.12014306268451182,-0.0810612987032155,0.03922390879669291,0.10807809780784841,0.06543374787459286,-0.09027612574490605,0.06821343877700416,-0.13553221690260275,-0.1238134997875741,0.04699559740511799
0.1166255915565512,0.13363364721697776,-0.06472059403384811,-0.024950329726221403,-0.08427385234898158,0.07981196027742474,-0.11742036550468762,-0.010686346198188304,-0.08057201672483737,-0.02683831763149071,0.07860699986629484,-0.1341484046479263,0.1757262324066665,-0.05622494105226757,-0.007399013930439217,0.08782768202635106,0.03784705184383023,-0.043935561927557515,5.22151931506611E-4,-0.06621293738443215,0.08610091693476989,-0.10715573650018902,0.05391307319172906,-0.2481450528840418,0.13596775832699862
0.0032027807812914097,0.14196084216211366,-0.19064266075685368,-0.01567815279126069,-0.04828996424873833,0.01610280037910047,0.13051027981093716,-0.03565363369398064,0.013872198869159122,-0.049889501216340774,-0.17422799541199516,0.14542672567658385,0.09840297061233277,0.18769246835388184,-0.15129869678874183,-0.036364756199060114,-0.03230336366115464,-0.0036896162505235,0.12235259596772773,-0.09475428532932301,0.06686849043491355,-0.10547618535966523,0.1045839533762543,-6.448453445777895E-4,0.015312315372786439
-0.01543787476136323,0.2514293171165853,-0.011597506417948157,-0.10524528848789286,0.03329113847374303,0.107350937666101,0.029367467890690793,0.10789970692206687,0.02985804221112125,0.08027312081434518,-0.06961325357735415,-0.2528113553061432,-0.028513868700088214,0.0014347146441369037,-0.06070419687357501,9.438646292372777E-4,0.0922698798156929,-0.06828388081978279,-0.024551267266889443,-0.25632838751107295,0.12998759687920086,0.022887637674890333,0.023567914641650263,0.05263103611600184,0.08428712972448107
-0.1126491678746679,-0.03328759833717631,0.11620723048435593,-0.07239754049557302,0.15927487118099756,-0.016370108146959376,-0.0179536868877769,0.04221001481885084,-0.035692334776319654,0.06150896890347378,-0.10878541434681796,0.022519617749769415,-0.009138555564226169,-0.17475186196135672,-0.13892748185177403,0.07955143465833127,-0.10515118622941406,0.10450982884380529,0.012260928037418083,0.053182850396586524,0.14177208452772164,0.007779588050654766,0.07303255392389696,-0.18020504494425538,0.0854518472709618
0.11226631551001254,-0.05281255722495192,-0.07527435497511863,-0.010383755803550377,3.363601287464577E-5,0.27181728341389544,-0.05182176009318336,0.012675875971201777,0.10610135570264846,-0.2184388346138842,0.0032854318237929723,-0.0029484472389697024,-0.026057127217052296,0.16263570069958133,-0.16857149065621602,0.003083472017262372,0.08312254297077004,0.10606484903049669,0.08427416540862345,0.06031841857300359,-0.08363309162002217,-0.012468797461588934,0.056848252195058964,0.1464283182391829,0.09306739683365085
0.054760636282765195,0.17358829747415533,0.1660272092348241,0.08890413505388257,0.03982547032171299,0.09637706327153471,-0.1368599834290849,0.074595936151489,0.12444376918644424,-0.1271359242021956,-0.19758286388298324,-0.13982846468040877,0.024238863344609177,0.06281596042722398,-0.25150085596210847,-0.1318812582808174,0.16377925322681378,0.0987558564185709,0.055871356257067614,0.2349239029536736,0.0731391117133673,0.22961954312825542,-0.05929464017969139,-0.1233725350926289,-0.011314239467270186
-0.1691705275145904,0.19503681126094488,0.0012795882216470524,-0.06215182885403355,-0.061531050477556616,0.18761481851631537,-0.00999546685817127,0.1273034193120276,0.36289794443883255,-0.044874585652515134,0.05792417322559781,0.020162857369739433,-0.11410300960071036,-0.043961615617209814,0.013843002262932858,0.03414013180092502,-0.15088401128277446,-0.2372834833149547,-0.08955309695045754,-0.06739484756350246,-0.1859338507989788,-0.09981915662650394,4.915487894686797E-4,0.11636952068333506,0.14665130674491644
0.010254645602778643,0.020753108736585115,0.24638507495486076,-0.13715485454245296,-0.06265802891270567,0.22068046687618248,0.1350645662949823,-0.07768401097844596,0.10760936723247488,-0.031909405669809744,-0.06788152151613874,-0.1905033050759123,-0.06474525638439448,0.021243371124444778,-0.03469714410071892,-0.19057247533678365,-0.05461674709326775,-0.1281601522043102,0.11182150715888695,0.19737099073279926,0.07411736252709292,-0.006416588303021857,0.1359833792472779,0.07836342516984492,-0.1299225809104284
-0.1079162267759983,-0.010930342111679477,0.050309744170966494,0.016872264166306345,0.0018713587516871156,0.05370704819401344,0.15941299603249093,-0.03206539933154246,0.08999878888768378,-0.059887675344080196,-0.2165181622128623,-0.1465671598034643,-0.012284218330479976,0.12765909246827223,0.08340889575451915,0.1403803791761475,0.07424612526729847,-0.06102633265736599,-0.13659046648512607,-0.04283242647120114,0.05916799072029958,-0.05303759587683686,-0.06023720884655763,-0.06672587734206482,-0.04268509713995003
0.056568159725253746,-0.002022638626059867,0.13975696177817826,-0.07315460152364153,0.06157174030964892,0.0644369729067207,0.19451280053299258,0.12319686863142934,0.14490230790654252,-0.12557915963741975,-0.096514474336313,-0.1281475417728469,-0.05655043220337036,0.04656312353472731,0.15276079186873612,0.05321944735678598,-0.24354785860933223,0.047230331272154535,0.13876096367717827,-0.11446750954998992,0.11294278040277536,0.18885874880758963,3.861976801270209E-4,0.039020120088829685,0.15037751764463808
0.09415435940194146,-0.18666702523201456,0.034412115170638774,0.013751578451684364,0.03941386705179734,0.006036777382628158,-0.024750189593791,-0.11428935321868242,-0.024312461868518816,0.13941471291594248,-0.12349299556470204,0.004071047678081365,0.25209724679181433,0.007362315630915434,-0.017261778576113954,-0.12778222070170348,0.0442777144951621,0.033390096460427024,-0.04857297185852684,-0.14571275059561836,0.00933034536434863,0.05089486929852347,0.030664500959330297,-0.009448495847766608,-0.019692168447136418
0.10712047998990233,-0.0026694768154575084,0.04331676417193444,0.14299138040822004,0.3151271188878195,0.06338084687711376,0.025071506730032972,0.10940914058918198,-0.10124200247805899,0.08535867854529582,-0.005833962867553765,-0.1404960051253332,0.08245433692102869,-0.08602524254014825,-0.1099413774408103,0.038129290967107786,0.03285152164155385,-0.24373782683926476,0.025367447913277608,0.025744396873640028,-0.07117998453744694,0.12329563813167209,0.11624050385167509,-0.002685130143421101,0.050337511968367964
-0.008993894908567028,0.15114395279654044,-0.0011654870786081408,0.022316197956622808,0.027576397183222464,0.09259274191367639,0.102149744730357,-0.1493782586012965,0.09838580410109836,0.08453586476368206,-0.02573027369002212,-0.03882608557274247,0.3152726830616941,-0.011317294707211349,0.02317451689418771,0.03481153210416396,-0.11752708076805332,0.1031978069062032,-0.06649278865131406,0.23891394686408304,0.023480477576977982,0.1781284631361179,0.015291693273194257,0.16529670517649617,0.10218740218324936
0.07428106670253327,0.05935658722441453,0.027485018691835193,0.08908390523702295,-0.058027919595009206,-0.052391160545492636,-0.03318544735651875,-0.009478243828684573,-0.15821092636495068,0.00775405286834272,-0.0736352528390095,-0.12760927301668082,-0.10162338635797205,-0.04122847802963514,0.11626132340411181,-0.0458468902297966,-0.08677638166512536,-0.00822793397327171,-0.02440364473437903,-0.09074500660677269,-0.08820242468139027,0.05955883593834883,-0.050336184901918844,0.05034935057590485,-0.03862140902607266
0.1959782262593986,-0.07525599454119633,-0.0600818379322619,0.05514172145295453,0.04957866144869048,-0.06325603593120892,0.1710357798386282,0.09745147204606434,-0.030811895336650845,0.29706876468841387,0.14845271551471179,-0.0406748285043489,0.0768749106354517,-0.027571596081181645,0.09769664501728158,0.1765217875016608,0.10799475364112868,-0.08998216682694674,-0.1106215068495424,-0.07038458860394128,-0.01123494562092856,-0.03557447919183619,-0.015466809067116607,0.0689776538402808,-0.01930797838032593
0.16920702376454685,-0.08214515394755958,0.04358533057229455,0.11043592975882408,-0.06689130776104957,-6.517690863738392E-4,-0.0612946092206775,-0.30758423669889906,0.1152040539816457,-0.010577247807168412,0.07674517585339018,0.11459619151803474,0.0399202205600704,0.06612739096787912,0.15162876803144515,0.014950053603874958,-0.023489817596316194,0.10119774106444622,-0.21690618750056853,0.15959344670437212,-0.14134581851791714,0.19715701034086833,-0.07740292655167622,-0.12514110484737304,0.11445010279139559
0.052494159233272206,0.08314451998577017,-0.04693024886557409,-0.009731050409148616,-0.009730337225441029,-0.009312965665179591,-0.03419823330190857,0.12447638880176361,0.11527026214318581,0.08779898379354376,0.211317946606905,-0.08929820223468025,0.02187263333088108,0.05107471664529787,-0.011934188921206679,0.24904432679413452,0.14632737837828627,0.222966017341859,0.19018681157359474,-0.05026407202563171,-0.19971636622432432,-0.13907519120416598,-0.11938181650990771,-0.10177013838243447,0.04162386676188928
-0.05622283544768086,0.06296106050068477,-0.22728608837771921,-0.08577535642914118,0.06742165432070492,0.023099211033679044,-0.08526935654090324,-0.07549822199674125,0.04748516358207116,-0.05688902689367644,0.01567906919039541,-0.042874733785945654,0.003671189266379833,0.12036723915488218,-0.003527014485344982,0.144733956513969,0.25932708319431247,0.08797266519227039,0.021132569925375204,0.04082088275882646,-0.17622006856655661,0.00596824970214477,-0.02310491468574046,-0.11697495189391492,0.07815614939688251
0.08385859502355628,0.013413637066983734,0.002827422219859405,0.03099690890082916,-0.04416297409022926,0.13242125738448693,-0.04160687707724265,0.088688176798943,0.009267883228528671,-0.013174189831256289,0.01216050427662458,-0.31422688145763006,0.014192986783508145,0.215749311747108,-0.17565175654755175,0.0801349667331433,0.17167092457624444,-0.05578813865233292,0.16712368172734451,-0.03854029052294053,-0.1316643390563187,0.10074331706938044,0.057609588839287,-0.10897608530097774,-0.00509263120521995
-0.06346952656994059,0.06818203679157939,-0.08863162332625767,0.09385165294819027,0.2878888451083612,0.00659038906813356,-0.09042517991503056,-0.12915005659418535,0.022330700591711578,-0.003056905505809974,-0.0713052355184838,0.07138846845329531,0.15242609594886997,0.12312799263427893,0.008820008955496205,0.11137490550149583,-0.14627675248017885,-0.02838208101123338,0.12521755329816056,0.0603681656822707,0.08379907194389424,0.01281752883622107,0.0028854386521666667,-0.13622395877500887,0.06818235704918821
0.1591441808297642,-0.027161648057808137,0.1948398963786838,-0.043269821594688514,0.0419496811031245,0.023950460549094315,0.025244783042503403,-0.05504778228662938,0.01370174569064461,-0.2014983995412795,-0.2360726259424242,-0.005573470057524503,-0.06019965994208242,0.10743840059754478,0.38046649844594627,0.009307651299880162,-0.08708681756329835,3.8529697848416677E-4,0.0858395374279058,0.0731197658453116,0.049739215355916,0.047235886920110715,0.041861455138420954,0.0017216711532948153,0.04698248025816983
-0.1491846317702199,-0.07802374837223369,-0.22864137472904134,0.03016449571813082,0.040258873247279406,0.021382868869931862,0.05291684183675321,0.16302375895720506,0.05995741193003969,0.01958258370515674,-0.18836724476640446,0.004406056931087854,-0.10532510646377682,-0.02614571091625506,0.03141151035418768,0.03396594625130858,-0.08171365452442951,-0.03947142216948412,0.020642287234347263,-0.12967697409854706,-0.0062560075340075474,-0.057558308135529805,-1.2011771930305938E-4,-0.05658192372002595,-0.036193959257870376
-0.005077783877346208,0.07755597055457618,0.07194553762484056,-0.043857067691283544,0.008791064784810633,0.09697330939832,-0.17191741832177393,0.11625149517921632,0.014382556723380274,-0.020230121768645894,-0.027173100663147515,-0.04850374212792735,-0.04729223520357583,-0.20206301197490065,0.015424781497277988,0.02640621423582699,0.02003807432932051,-0.22755956202298155,0.02770118710115419,-0.17925959453623375,-0.016015745267581212,-0.017883429431780697,-0.017554273003956497,-0.05462413707219227,-0.07464204850999992
-0.004979014119042795,0.033183689690481924,-0.26206810035982975,-0.055270502427583836,0.011163648880614342,0.16764766383138763,0.11406969830825354,-0.05698269552711326,-0.18189388991765543,-0.06792010595399225,-0.15767423271388997,-0.04625407614810085,-0.05295997960080184,-0.048470653265307063,0.001134042641016517,-0.024662741844843884,-0.016401005072268632,0.05735404129529474,0.08728254783365652,-0.07249929807466989,0.05549880128916187,0.005564196475806158,-0.09802854465166612,0.08972183250316866,0.23396596697271388
0.007080991923316985,0.11327881448642399,-0.008776212440938647,0.1404204081326023,-0.11444605997539187,0.06661098742843867,-0.1998290949324583,-0.013107910854234659,-0.038440304074988,0.08317318830829272,-0.05837435662905282,-0.055044894354677056,-0.2368759317214563,-0.014385034297062392,-0.1380515812664035,0.1260443633449581,-0.21301536027623064,0.06903617094946408,-0.22778197857978916,0.11606733580185351,0.025780948025048878,-0.10210335321319623,0.05143639027461775,0.09067395433320682,-0.1680055442404686
-0.08732722203107966,-0.12619017797727522,-0.05956364590825751,-0.04223738566398936,-0.06421700977756105,0.02619840926790605,0.045682122290317005,0.04918548486353658,-0.02545540079083014,-0.029126043376716457,0.1481270383859127,-0.12407372347793048,0.1408511889038881,-7.854235001903296E-4,3.000308316862411E-4,-0.03644416925261303,0.12301400203000641,0.0049287389835007914,-0.03790794875878248,-0.26110891020361726,-0.025296970549769836,-0.06633172171488436,0.015388760218333448,-0.2349213201404428,0.1924315401280399
0.1515860353769275,0.15416810252969224,0.008422547295213096,-0.10476764973152632,-0.2047197186450767,0.07956796746024127,-0.02784302023714036,0.048620064922345094,-0.06504058425801225,0.037561151927135335,0.17195843086492904,0.175634744975925,-0.043254622406216366,-0.009294101016436313,-0.1782864579738975,-0.018558437823021162,0.060336477911249624,-0.08952638014621991,-0.0015807046458152507,-0.11451363132637897,-0.040307490082476465,0.1296922446297267,0.08198138679667824,-0.07912625355435646,0.005643575994985484
-0.081570522528933,-0.03631067173222008,-0.10557901027730558,-0.08995754548872788,-0.0385536648394067,0.09904991289874038,-0.10070187420642443,-0.034750690241348185,0.1015454846346567,0.06551474481433468,0.17563665515469473,0.18514744328013227,0.1074320931056237,-0.07940767377753191,0.04548529153412141,0.03843257372053436,0.005016066647324631,-0.04582445428150072,-0.10151981876523548,-0.0925471442192834,-0.03498194355972687,-0.0035833198811619535,-0.052848850123711044,0.08510079164980426,0.06089395807247298
0.19869565265784367,-0.037903651856074215,6.690456221397506E-4,-0.005767921244750427,-0.05960656364858376,-0.06794544241706849,-0.03573272209953954,-0.07239684516743639,0.16571032584172934,0.08312200378204405,-0.0056775131987205725,-0.0598026901732142,0.15265808680209503,-0.2793058722661404,0.12090595220754974,0.12113004191249109,0.13045194594993692,-0.10736490208151116,-0.08336883926129769,-0.16138581560566628,0.15678131926053168,0.15704974794483145,-0.026147143736027133,-0.035850707580653216,0.017621500983237337
-0.15429669990880046,0.034710451333479345,0.050029239530725994,0.15729180255098765,-0.15341904051215466,0.08409088317946267,-0.07134324508230153,-0.14311372915616655,-0.1444829704028781,0.09594244108896363,-0.004432918983066451,0.10639299248763773,-0.033750293055279344,-0.11545660633299214,-0.11747974600206024,-0.0721535241361667,-0.12203508695256364,-0.1602066087350279,-0.014597988774508103,-0.08123729962694722,-0.04654852422197027,0.006669369978360857,-0.016946589601636253,-0.037036202248399375,-0.0096549795514052
-0.12381083297129288,0.0963599351559196,0.04288419537049442,0.06837280699963545,0.15734753694686812,0.0064088441308282635,0.0036822227323648734,-0.13097789420849107,0.020595144015252344,-0.10248291475308653,0.15648843385340494,-0.16147931576236468,0.011457298736174758,-0.045796971509024655,-0.09416277494481827,-0.22819006255441984,-0.17187383077235732,-7.68844242624193E-4,-0.07398915599250043,0.0788273693968963,0.01722916590446017,0.20114859158007908,0.038555108716116074,0.12025408000743605,0.03653782701686146
-0.0628699635069763,0.025346357452102328,-0.14505054984109936,0.03621371747350198,0.020283223236319883,-0.013139387853989864,0.030561790406760343,0.08166186141049764,0.06290412915861884,0.03731979890345519,0.0031860118696958985,-0.15739603093859073,0.2473670402229417,-0.10056319448880163,-0.15299965966942455,-0.1009513017627521,-0.07306830892786388,0.06202706321270458,-0.0762489945211852,0.03582160605866905,-0.11032222906085161,0.06978425657485271,0.2746169093060252,0.04231087946365539,-0.050382911100424796
0.1039698924770749,-0.02656648905270879,0.07077949633919504,0.04570194747147661,0.11638404697837783,-0.05095758883075147,0.06730428322518452,-0.017805458791897075,0.01737702831521857,-0.015646094794001572,0.13174252224292543,-0.16056629056499788,-0.03891033158289743,0.10121359261320416,0.04141990662501338,0.0081647709933755,-0.06711349125648383,0.01274351896475703,0.16462666697137154,-0.07674834657554086,-0.028263786382987995,0.07745141002087547,-0.022653002746086212,-0.04416774588982137,-0.07029529313712803
0.16523931240348963,-0.052922247530696014,0.01715878803096803,-0.008073656251270522,0.13710664727222244,0.16252611222901422,-0.08976602904514691,0.08158521029905674,0.059917451897228774,-0.003930893746809232,-0.07384022778895902,-0.051481755979357356,-0.05125127110075744,-0.06707577521071552,-0.1619967307282498,-0.24764437309503964,0.057125217349561434,-0.08177888255801444,0.16574454722879328,0.05209840475137019,-0.12756895311010658,0.09436077775379878,0.08055322543693526,-0.014376813348643592,0.06242130823377141
0.15958359374669853,0.1506019430245491,-0.11744500668058018,-0.0013144842243237118,0.07414349562673819,-0.05226785522503625,-0.09714221779556241,0.051136517711523236,-0.16123645722526028,0.03807480410533402,-0.09308994799724413,-0.2790684317520326,-0.21918632491018433,0.14042591234338855,0.017314575563872486,-0.10089361766684848,0.024585701789018973,-0.10312825744344298,-0.07137382823567533,-0.08768593978874467,-0.12480781078181379,0.07011456920076943,0.004653421918887783,0.2773684284557979,-0.1390263312324637
-0.077916173938498,0.10002857311615967,-0.1858574486995412,0.019699572211562384,-0.08636954888820737,0.004331801420625588,-0.07701177501071833,-0.0014824400752999664,0.07618254704543845,0.12249831220891354,0.03510776203951352,-0.05499086452230425,-0.03062925181294049,0.06807706091811508,0.02888488989174545,0.08707733552107401,-0.07323524865786213,-0.05732961360295825,0.01181126365296351,-0.0638388613186097,0.04681384262323347,0.00111246335456324,0.0851068307537499,-0.07606109410670882,-0.1070915657154206
-0.04792858883440114,0.06658301512234864,0.030313246286151795,0.06998257788419338,-0.01346704652309349,0.12522424135516272,0.15080412238612942,0.07102002486496306,0.12190076294885104,-0.09630130846649912,-0.12153133179513799,-0.016463901469587844,0.021080246007578365,-0.07991099298390163,0.10700667241767745,0.07121271790150473,-0.015726147818875744,0.24988112331861437,-0.07159568279974328,-0.07723369533060166,-0.05544336357617699,-0.10400913350991245,-7.101409807650689E-4,0.08394945446089407,-0.014716596370944423
0.017991836182954517,0.1575012327489048,0.1816094157474102,0.12948427134813095,0.14757672766907548,-0.04995802328994973,0.00526434901434805,0.02107771705858482,-0.19966151727522413,-0.06540987270583323,-0.18974880047082887,-0.06970316514759932,0.052883831074361703,-0.10926575502723254,-0.18233643338732955,-0.06763945365308516,-0.06094473123181193,-0.05836073966826945,0.12721476913375362,-0.01880356231571645,0.04412634283753994,0.17351342127514155,0.013773389137702468,0.009175365168740221,-0.1308425386818563
-0.032266874987773614,-0.04891117384185088,-0.09399181709232172,0.07054369903600234,-0.016033555415053236,-0.05939866373655065,-0.0020985313285743837,-0.190056093009899,-0.05431866354961254,-0.15441659878309666,-0.13877951477267994,-0.18408423916430391,0.021958311802831747,0.04407746466114058,-0.013447187538066601,0.06611593692135855,0.05104757866901014,-0.0622836483867204,-0.01706058152012486,-0.24208025379314582,0.06334781927146244,0.16042436718955477,-0.075534408837976,0.045085102158176696,0.21316667697209277
0.1267364710781854,-0.12284292693559928,-0.0742249356154663,-0.05844420929187597,-0.09741099981333659,0.029077052505795245,-0.1284331330683286,0.1813551115706353,-0.07161702223658582,0.021941692419684754,0.05376469306696337,0.08445003434604584,0.029934078611144676,-0.05799608748866682,-0.1276402206133806,-0.0071206795443557016,-0.08270236709146221,-0.18172842056785618,-0.020130179780094164,0.016788706738245188,-0.06928932157810376,-0.08799559979279982,0.09531590260849133,-0.07617675817452889,0.06650360728567967
0.042308670448304414,-0.020947349200809023,0.0629710778726932,-0.003112517754046233,-0.11197780321641572,0.022227147484526304,0.17452050914359016,-0.01903370712169193,0.13387912552023198,-0.18647921436270395,-0.15379781173494056,0.11347219355075853,0.1664394775672952,-0.018277906170762186,0.06266595611401259,0.07587579015490303,-0.017108505984577565,-0.003176073433443493,-0.1087704250701413,-0.06276661622291517,0.0867143517472483,0.09760925007058348,0.0626158954562272,-0.2861489561993725,0.03127248802418841
-0.12141740350484584,0.09093731434212107,-0.3564367363589108,-0.0056632337082616925,0.023082441702601864,-0.037708553294375655,-0.04352535299896085,0.03195269477529305,0.12200794547372112,-0.05520047218520188,-0.03015449862715569,-0.13137926707017133,0.018973251226409478,-0.0931625716228619,0.009719686783618772,0.03261461367027602,-0.016069985016720984,0.10153053349173204,0.04878766616017186,0.015452642541531593,-0.012890802066753351,0.0870440152444926,-0.06038622706719913,-0.06156336809640815,0.005353777526616263
-0.2534155175938392,0.14186227142453062,0.1695738706048798,0.03927095293736346,-0.17348546211766266,0.0438872210859072,-0.2416124457689131,0.1411188973235534,-0.010450969616025384,-0.03234257106171485,0.3119478685831343,0.02841410951021514,-0.19018373011708953,-0.11269088160104022,-0.11580303902404501,0.05549515946132135,-0.008020908069229464,0.05685891866835924,-0.04275296169901914,-0.14111915922530438,0.1464886339665244,0.024524701403251744,-0.00555440676272134,0.008398194590983071,0.11205108703435504
-0.014634017466065151,-0.016431001098138307,-0.11010779606525589,-0.08500018365503333,0.050548353127333856,0.07256220523578859,0.13711135520501963,0.008620093020028566,-0.16017314029616608,0.017166561981377754,0.07399017862696383,0.004780505182264924,0.1496746725428254,0.18678440276728597,-0.046326723857018755,-0.18390789202078828,0.05831631903817555,0.19853341596953888,0.019074354902672952,-0.0013064952800790723,0.2241548109026375,-0.17805503198183598,0.10075571875754873,0.08700131037558671,0.19219780207091752
-0.14864759444549241,-0.05435382024601349,0.0605459275524345,-0.01060145736099087,0.07883056204228596,-0.09499836860352509,-0.1247182011220703,0.12290297322013803,0.0480881329163709,-0.13792170854819086,-0.06760948258674308,0.09104332341326228,-0.07258139418355396,-0.15059172817213162,-0.07494013036477666,0.09074179639030458,0.23886682110950702,-0.08593969846606411,0.12808936251269046,0.04082774997689325,0.10213494901358489,-0.08961618851572643,0.12551735155956587,0.00772913618458142,0.1741497712160568
0.0466150505446682,0.010719219066154475,0.10478064003475818,-0.08444889832964524,0.0193168227279313,0.07220028146165852,0.004874983593196654,-0.13162022270618426,-0.01055462727403085,0.12638847388128815,-0.12711459307486667,-0.09175439696997399,-0.16233768843186197,-0.09197470818353938,-0.007526971802078671,-0.04960584392062648,-0.1511296948211782,0.05630406929260554,0.0703043558637189,0.05692211024855557,0.09934767130835351,0.03630545486723506,0.2009478347088684,0.14503553014164153,-0.013327281117758515
0.1111467520332562,-0.10811198767615264,0.05655465619861127,0.05921491339386566,-0.11525598410579617,-0.009242147031186426,0.04795804747060814,-0.117994232104858,0.046218550993340685,-0.05898893285033874,-0.02396172022222325,-0.06073572394636755,0.041289879224630115,-0.16723190471563992,-0.04116029441621663,0.07355602828316471,0.2554465881075279,0.03312283932782506,0.14419389682172398,0.14075175591808958,-0.08081520028137995,0.10145882477402017,-0.05363847381275713,0.14719493165624054,-0.07939550895312819
0.07264262320551453,0.09971741252546905,0.20041608478672363,0.1642504373879725,0.0848469434696263,0.042579715221215515,-0.09023133725511899,-0.021777806390210718,-0.0030914874145995964,0.04833301767374456,-0.02533930382368921,-0.0750443513342804,0.2038163877779191,0.10379560100690488,0.11777846474315973,0.14941326826998044,-0.05177145210317482,0.019297432556573988,0.0016014831942252838,-0.08104989035752373,-0.0630693400506685,0.01628189145834403,-0.07001234173279643,0.13524758176111892,0.02441174443267858
0.020516900698485555,-0.06337191868524225,0.024687140971625828,0.19196625791725028,0.15734114082962258,0.017993331954938116,6.834123815093783E-4,-0.06692978915971266,-0.20928692050779069,0.05790965917592982,-0.12842289233473717,0.07536011615247266,0.0851789563961163,-0.040006707666702356,-0.03644843190208974,0.24197211005129254,-0.23217762719616294,0.13119363075390786,0.01842991360199442,0.07585398297172992,0.12943537738132038,-0.16037079882956592,-0.04920284932129952,-0.04816255268679824,0.06537461391987749
-0.01593096208167772,0.01719265487227644,0.18454766901543024,0.003951620663703865,0.08953144099821136,-0.2018323165108919,-0.013593630609580796,-0.0445588557310516,0.028506875270968516,-0.054140436048947915,0.08582802452550019,-0.02846512641784085,0.02407931039562023,0.02393740943239263,-0.05126393945513934,-0.018457699502869275,-0.011462913915772333,0.00235964590007884,0.055061685169032835,0.09490726864581049,-0.1370431387077877,-0.03938856108146322,-0.05199714327756493,-0.003207668882971901,0.1733666654861036
0.07618636964498604,-0.03069191195234227,0.1817757289638036,0.020327298679269547,0.06382009838904322,-0.03230379658631544,0.0731632592484527,-0.1620433663142408,0.017983041113427866,2.39652084947344E-4,-0.16080632082345775,0.0523465483951449,0.2586591471700155,-0.19331075868065067,-0.02392448279362897,-0.0175630669754754,0.008635157835097204,0.06941966482211863,0.17721852568219057,-0.08289894194964635,0.12457438608901913,0.10045670460433775,0.01565528376138273,-0.15426307783087817,0.07185100794444343
0.0014166656063905958,0.033460871926143956,0.07181331669914831,0.042282779167865686,0.15818425785614793,-0.09535095540044944,0.020734404019005625,0.09197113437386267,-0.0192450437374304,-0.02575127161296108,0.0722644431228554,-0.00801969765799717,0.0333162356129173,-0.15484501752376567,-0.043403718119674424,0.1712391514215453,0.16925548230423168,-0.028430779361060123,-0.0639342621261425,-0.05569005715347168,-0.018665771170983635,0.10527164246453129,0.22968482545358063,0.02362026954371276,-0.2105761361717736
-0.08682563941693724,-0.03567403351089311,0.3066969409913344,0.01630032570843914,0.0287741663859705,-0.03410476600898324,0.06891280641692564,-0.17976878775849453,-0.12692263368813453,0.050536964823960626,0.07613523670267333,-0.00393345436444753,-0.09684588027257997,-0.1707114341042589,-0.04502415640863551,0.0521093834528302,0.03868526484453076,-0.13768682577915842,0.007422213302778864,-0.12458804801008279,-0.024978608557503577,0.050756931027813784,-0.0782653140324134,0.05120621907690958,-0.08764643048209818
-0.11410905115331745,0.03128340350775727,-0.022185891737629068,0.01146364963251499,0.08565699763285795,-0.24057205266069376,-0.16208678436743393,0.05668166592448806,0.0012229284561696004,-0.13541652931500436,-0.14614633054928577,-0.03445428525766815,-0.04522481274613753,-0.004777347417730827,-0.08352124524775813,-0.00558982169015264,-0.0384748005969494,-0.021344934092337793,-0.02740652866229112,-0.10750621367029863,-0.1393525303220864,-0.11103011656415283,0.16058614648485076,0.034367934763622064,0.11234563835682959
0.18826960588631797,0.09666371539282322,0.1934291876314399,0.08329049167383143,0.10741968998660491,0.025871012802184245,0.0905860490111006,-0.034793722921808344,-0.05921362113418689,0.04507582440812705,-0.06676635389620371,-0.2683136338176263,0.07471719170510108,-0.30939324020830455,0.08079859714597863,-0.045871077140222934,-0.011498559719594556,-0.04127551274874932,0.09726345314460896,0.034856852280265464,-0.05999883448917186,0.018056859840735472,0.0985793803618602,-0.08944338975567707,0.0647574519967998
0.09444736073470512,-0.060587452279922634,0.04946589064129002,0.05251533434122157,-0.006616050331768165,0.03444718447007366,0.011892884022966432,-0.01778278845076724,-0.1631425482678443,-5.703465454062143E-6,-0.06505268437499807,0.07111253395299803,0.016731975854780416,-0.12530301774993022,-0.10633142241370644,-0.023798964305131735,0.15565952186208365,-0.0921179719916712,0.21662903826216573,-0.020768301643804925,0.04108170424888139,-0.08528789548114706,-0.00313999617430786,0.05053403416706112,-0.0939987609539737
0.011664929827171145,0.0297495214636583,0.1595831683562419,-0.06349612475534551,-0.0174818972933777,-0.059667340193825344,0.1144548968884237,0.003259440265739069,0.22128583165820026,0.053880628862824284,-0.08657118711964952,-0.04975491611663962,-0.06364937492536077,-0.0890148796271794,0.12721762915510754,0.0015746171289855125,-0.05602392420999399,-0.04960273667480174,-0.01742726497459081,-0.1718932852495584,0.07898331485122766,0.08266078187169769,0.061251416791329207,-0.02175556137208498,0.02016140692578498
-0.041758880396117685,-0.06908978039221948,-0.0012919692109974476,0.1431643294209383,0.01861564245541978,0.06882314151878816,0.12149338541947358,-0.12923842248760928,0.02800453733379764,0.13739759053189657,0.0035048839338953594,0.04988640375818517,0.13624886630498526,0.02088289744893826,-0.06421208479061226,0.07698813331369365,-0.09650661793455205,-0.00945355257224465,0.005896650991584609,-0.003720824730731935,0.0605682529359828,0.016131823210232592,0.03990826484523071,0.09206342174689788,0.08516395629239558
0.13672678791959678,-0.02725619949493654,0.1547817574956495,-0.18747621083808902,-0.0708701568625697,0.05142985239888858,-0.04758634535466259,0.01617144846453829,0.0798139446197211,0.05731845180650406,0.010727702296763812,-0.09563619854215955,0.02639432284213547,-0.08599861650628161,-0.011244377650632216,0.060795159253820376,-0.057736186442997384,0.17805761059708416,-0.013510663107198288,0.023600440434101123,-0.06144055154962063,0.018139650625105804,-0.02379484856833923,0.08757280141615244,-0.009726870677851199
-0.112543521195401,-0.03355323673420302,0.062341657691410625,0.041352154867076725,-0.026506036410716548,-0.01669201902700974,0.10676361944882101,0.1432558278128964,-0.0693825152217962,0.2916237461467142,0.02388241056091557,0.004900959307954959,-0.06594410585768586,-0.0702821249543322,0.1574158244476768,-0.27210327544754537,-0.040944128172548354,0.048175030569603323,0.1013437579468404,0.07307447554201453,-0.06941337290666945,0.03149053856254988,-0.11172923379032783,-0.040143026611505046,-0.03334414968750625
0.06903148413984614,-0.2202166243865981,0.02210209207858267,-0.062124624426097175,-0.13517526940646576,-0.13213539359894,0.0518921798457802,-0.07810582149233287,0.04997512221219431,-0.04372502105780931,0.20606640999181192,-0.07016122593537848,0.030725499113314077,0.054100608843391226,-0.0029235906222851446,0.10884377392957062,-0.09875505877059199,4.7294645151231074E-4,0.09679126957276867,0.09599049267162268,-0.12419827445718587,0.009929325851260268,-0.04775808093703356,0.015545330650405146,0.01237520546896994
-0.009801854500346489,0.10898135273372354,-0.004303014305683556,2.5231905160765606E-4,0.013841248393777353,0.08435963674012804,-0.030695368987039222,-0.12640973358261834,-0.02944529138991329,-0.17876614097039653,0.07296377796063482,-0.24479938996168993,-0.04742904965506843,-0.09976703202590527,-0.0033843486765660884,0.1204829959748432,-0.14945676296947122,-0.1824444080622748,-0.15297663425480182,4.317858655882793E-5,0.07301390763588833,0.06787671953441574,0.20824043504212558,-0.14260982127345515,0.055509640511130186
0.2591707804467057,0.02719321807771321,0.10399074917601663,0.17946909785607784,0.10286071587365847,-0.024829320458164463,0.1460444263996066,-0.04255033200555399,-0.20218244789612,-0.10137343213097964,-0.14835832215752462,-0.08900368920644802,0.013214981119944248,0.04284745633305556,-0.0851483840275077,-0.05192600922998907,0.10317530125694097,0.16460663497666925,0.03545299992207425,0.027375308728485186,0.09086131688506666,0.04166782864093905,0.14827129185523433,-0.1153211400665781,0.010895481136770543
0.03340884191665637,0.0537625714594279,-0.003680558994645566,-0.09651208306681157,-0.033446780682322416,0.05162291638739342,0.0306674015574309,0.019633080011987394,-0.1769879484447325,-0.09626424502418182,-0.11100324030228469,-0.12420097067244532,-0.02099976446962233,-0.08820742717866877,0.02676425276794653,-0.05497724716114616,0.02069341218541772,0.07994378969510814,-0.10659871276828627,0.020182778352919806,0.23239498088699448,-0.2536731934569825,0.13800124298196173,0.02623735645900029,-0.036426434439074146
0.11337859478409036,0.16678134546433362,0.06476322562027322,-0.0748632209747231,-0.008926264887465733,0.16178903430495883,0.034148344012410396,-0.06625407995985627,-0.17787557447384744,0.02750678652020596,-0.11443342177280003,-0.21419908643705884,0.03962915232363722,0.020692309006476894,-0.1991317724503796,-0.15533404607927426,-0.13465569519057544,0.04371503932255004,-0.014916013298361957,0.0012898672103368453,0.05962713452808193,-0.11029945044382737,-0.08823095234373826,0.00779391356954979,0.03008852199048877
-0.05711719438768852,-0.04929554159156742,-0.05039184385155239,-0.0660241520717839,-0.044874878687525016,-0.12567701586198224,-0.007311133888940085,-0.1054713488471462,0.050323810544586796,0.06774765109007339,-0.13028716832871842,-0.09327803499519441,-0.011088602719525043,0.02451648381345832,0.0209678357262147,0.10538679093282703,0.03409981459085384,-0.14779088940159174,0.006673034675066808,-0.20035280559952393,-0.08037219242938384,-0.0356277881554388,-0.039666066342457645,-0.07354646063138714,-0.0537674102085775
0.17712049606125255,0.035449415506434594,-0.08051933251838096,0.15344182967771736,-0.022601004435341184,0.038300159860938,-0.07810017099590734,0.20775814851269284,-0.03831261930869625,-0.16121128503175733,-0.0019234130940836021,-0.13905638482943705,0.005752894066547484,-0.06157381339768243,-0.05770629566379221,-0.049379025556449685,-0.07580086221691376,-0.10289927808764868,0.14666766348797985,6.950962798348895E-4,-0.12160175517120994,0.0302342852727211,0.20718819547001766,0.15019412615944577,0.1053221877492829
-0.0727734064418451,-0.04209936965090571,-0.035104940816352605,0.020344910393338852,-0.07790741237404102,0.03459890379161293,0.011064109213331886,0.1655638027882366,-0.05253844838159002,-0.00748808910661585,0.05084792163386165,-0.05495963958757146,-0.12542237061932138,-0.1385383209332415,-0.0289726293435478,-0.06706278097725854,-0.19704796446835995,-0.10847042046694907,-0.02150259279883501,-0.2048585292143456,-0.13586978491765564,-0.04380731671692193,-0.08142564335911065,0.12058549332998493,-0.022549212180335683
-0.12411495935307416,-0.14828933530382118,0.0709435105428523,-0.1344098215658438,-0.058477419011380906,-0.14836746490100777,-0.06410995958403595,0.02864190732317616,0.04355462990350407,0.16014058393426925,-0.08449230648091088,0.02362430912387779,0.050915608555765914,0.11844344489338725,0.07932194916386483,0.030263465596925082,0.1036853881669189,-0.023284025449416202,-0.09267122653703407,0.07269023301089794,0.09699562317848255,0.02123802465200875,-0.04542199903858263,-0.05056773525911764,-0.06860894265313505
-0.007631255749108315,-0.09959932624339053,0.14362707135115524,0.022738413690936682,-0.1558100042274968,-0.11241594631610245,0.06677312760408505,-0.055187430775539094,0.022292450552788577,-0.10220321494261314,0.19684857501530545,-0.1426134782390531,0.006920974966461992,-0.17424123962059,0.16127597006290653,0.029054532980304054,-0.05016032364153529,-0.006906952369638279,-0.15217522037168596,0.004263854682273109,0.019924835822141287,-0.12137187652625578,0.1669257619309953,-0.12707717527574644,0.3182807026214408
0.10980574208871084,-0.15204805782235067,0.06944245753165207,0.011186038987876123,-0.06264138883936661,-0.02363818901144629,-0.12942066302843536,0.04420980760263423,0.23863184712647623,0.19620396288456016,0.03105490851329944,-0.1046296439985361,0.1003651077561779,-0.0033898757464758634,-0.0699251513341362,-0.14030310004563562,0.11034757638689223,-0.1088825720791316,-0.011788282087895882,-0.004950678869034607,-0.0012397162556410592,0.003782247750078886,-0.1238527419231845,0.02000960521607756,-0.03140920178405525
-0.026476758516526037,0.04872510460692672,-8.370401312407751E-4,0.04687205971134155,0.02662007949926913,-0.2272799439714672,-0.03809174384230321,0.005907951837466712,-0.0021239996678348236,-0.08814045466644527,-0.1180072905138334,0.1028458017931056,-0.08425089653249913,-0.044961354111459684,-0.017861054282956354,0.13036111396864908,0.18932227625844233,0.041609440237938326,0.1509175378527096,-0.126797405868939,0.014407347642274892,-0.17084569388215853,-0.11983392440871933,-0.06013382272711907,-0.09890556335321933
-0.20735630540131847,0.03164805835508554,0.09867190860677402,-0.06678598483948334,0.08528779600835464,-0.06786024212383522,0.10441639904862621,0.1584318279712869,-0.030588401870409888,-0.05764732445946811,-0.05118091542273368,0.10650210061934386,-0.06647706274553006,0.029052797139876466,-0.004143944829813298,-0.1691584622883902,0.014282601753362979,-0.18242117009588554,-0.0682223311413213,-0.08437028884831127,-0.015023971945303524,0.06834643755710497,0.11767982985882577,-0.10117175036956946,0.07852101912108843
0.12722754877336037,-0.04484898891098418,0.1018942427990102,-0.05763024214869156,-0.20045699574080444,0.004216734557622306,0.0913267666036891,0.09418178992117435,-0.01931629568216725,0.003425043025956212,-0.080329286028788,-0.10584103397757925,0.0042878988149018145,0.0528675322192922,0.0289593171909211,-0.1796513348014865,0.08339468916285528,-0.11607428986637634,0.02802813602290335,0.01746903938959509,0.1512912619998933,-0.08928330221343966,0.33240773504751725,-0.07565942910990817,-0.027749080762525174
-0.14538649107478385,0.2136564203559738,0.0817241626453188,0.016197688330353174,0.04312046317076462,-0.08775209506472814,-0.012519152659350634,0.28452748886835805,-0.16647870523374886,-0.0291053617046864,-0.1332162793382497,0.08540978826428369,0.05424023484473226,0.08418265457869452,-0.1546557076172968,0.04434588018158654,-0.021443822401149178,-0.15135473477779424,0.1697741534943407,0.05814930061041927,-0.10440362800281734,-0.08903032009821774,-0.08044730891458139,0.16651920541452173,-0.039126581273217435
-0.015244208322139541,-0.052763501748748665,-0.183672058616216,-0.09950820084101217,0.032059192774546066,-0.010222172000465445,0.0016059709421145274,-0.15682144361100367,0.04280097503186602,-0.1103660064235806,-0.08405016548851468,-0.09190845910940232,0.11320586147096214,-0.1203079217056959,-0.12745559883575092,-0.028996713551605182,-0.013073352578362427,0.10874285340699585,-0.005777438220426385,-0.020086766545281198,-0.17126642919783788,0.022451181312471622,-0.03104154894378251,-0.016437827594383878,-0.05758478379443595
0.02726616399693146,-0.04663564948561345,-0.03697049313578355,-0.034604871572459346,-0.061185982100456435,-0.00119045877441247,0.03339850020138999,-0.21031538412183234,-0.10203902507741489,-0.05939257861157865,0.07931112287164883,-0.03708603098626288,-0.12668742155566667,0.15343308364765623,-0.052277542788111024,0.008268985055204204,0.10077932328778745,-0.10592392312928266,-0.18158835985290517,-0.06933833607368163,-0.04186235555434505,0.2034555973600618,-0.060248485865691766,0.03138350757116106,0.08823342023418843
-0.12563979141588638,0.10011465726769196,-0.004809864315709171,0.10514010572795618,0.01006558613943578,-0.25138499121689883,0.10417045629794304,-0.05385139859480129,-0.15983628764053381,0.1257654684782286,0.16317595508560634,0.020924833113917084,-0.0975106927158016,-0.0035165546349153047,0.05427312876973836,-0.04891035819581198,0.05340944646439925,-0.09399071827304485,0.03818776408429613,0.07856254380028041,-0.1045166548705776,-0.15415220854004424,0.0639216876018387,-0.10479263909449109,0.14001924022862183
