-0.028221066495378526,-0.03913040823276971,-0.029504331815068938,-0.029584007387905693,0.0,-0.002979794896642297,0.029650014930991016,-0.030525188511074917,0.0,0.0294055684284447,-0.03578625273037028,0.028470197390327148,0.032126272323941316,0.0350887397893904,0.019497181359247315,-0.022330733017009035,-0.022046632434412735,-0.025885723781967428,0.03912952872161194,0.025555153277749248,0.0,0.03490143147757042,-0.0378891412835593,-0.029676141419970107,0.011405191334464302,-0.026264419598029543,0.01590197575142515,0.04025145612156753,-0.031195228982435957,-0.028638362198114522,-0.03736818963868051,-0.0016710673076957697,0.029726067804266638,0.030970504961523555,0.013686560401722905,0.04087444809664237,0.013040869526945317,-0.030377211164526987,-0.00993115546048871,-0.02959005250368936,0.04015183636638398,0.01844404477910423,0.03336026392545285,-0.02930919518320837,0.03260020144397381,-0.029756717619701868,-0.031932280135826344,0.029897104796157287,0.0,-0.029550089584784348,-0.029572837694321553,-0.03841278825433095,-0.029698850225793376,0.004088336428879829,0.020094353238838382,-0.0014749618125060686,0.02761658727379188,0.0,-0.03106083973298754,0.01938916152561582,0.036984302504437724,-0.03210984482837764,0.022309132964204514,-0.027006418795832342,0.0,-0.031172699350184484,0.02454035368403829,0.02401092567579104,-0.015211155622522756,-0.02954014260156432,-0.026706076374203146,-0.028173787812029283,-0.029533128605710852,0.01189865186012089,0.0,0.014721512816273416,0.023390442347643144,-0.029699906734031,-0.0293219648403387,0.028510765311976168,-0.029618204942916386,-0.02847886835865109,-3.8070620675991234E-5,-0.0033753556895520266,0.0026503728363735687,-0.001987967011319923,-0.03237935958072219,-0.032525232822579776,-0.03438266026351825,0.030147686058860944,-0.03346135564073269,0.0,0.032533255743288775,0.03176576574053397,-0.03868641105092215,0.025574719482244875,-0.030657493261437237,0.0353825987821543,0.033381583223104326,-0.0014191289777029767,0.021687862145123943,0.0,0.010882301353993467,-0.029265365100443412,0.032474985447099536,-0.03843466549142202,9.681590417978679E-4,0.02015932376475839,0.023437033955797597,-0.032803016600538214,0.026767306175476353,-0.029570794989665295,-0.028121767597620657,0.02734949881780765,-0.035560600290170996,0.02505602765947005,0.0218514209019926,0.0,-0.029475882130169814,-0.029488860245633037,0.03165582340560187,0.024933824378945542,0.030656022131941737,0.013900635094089895,0.013991046293725192,-0.029727777713437317,-0.031493986162433235,-0.02961333627099385
-0.017468188140923976,-0.014282446452316038,0.013761001777453031,-0.13746874299203318,0.04213584503789172,-0.1446067836510593,0.1428641538264755,-0.04966114271875956,0.18451990583609107,0.08674969425726081,-0.18766211178624698,0.030138060699179344,-0.08337685715283231,-0.08914519042920227,-0.04637973491865706,-0.12961835940659766,-0.002537663802786733,-0.049857052377292724,0.06340024458415416,0.021603383140892756,-0.03461003274992027,-0.06624618493162862,-0.035631761657891774,-0.13808039428695595,0.0689556498551159,-0.04013388994597057,-0.023269627834152797,-0.008634722003418551,-0.052662452094932144,-0.008802488095983616,-0.010233996752533628,0.03840009364459613,0.1480875976583066,-0.13495685852714193,0.08695007045500187,-2.2856234208496612E-4,-0.17450094163285326,-0.12186890121518987,-0.027878896537659122,-0.07816913143820932,-0.001654432660004838,0.0866844855429852,0.014768609713609443,-0.06144908227103318,-0.09991831331751531,-0.011807063137515405,-0.004122005732213818,0.15279422284890787,-0.03465534870063383,-0.06151448176547925,0.03153700829844941,-0.07503144685090649,-0.1425817755933126,0.04671665331395037,0.02058716077280396,-0.02841103678474454,0.13699778443899785,0.040814644762740035,0.01251017386617274,0.05223227589074483,0.027589033856639307,-0.007649437830372363,-0.23083112517697188,-0.07489158071263836,0.007084992916993065,0.16646642996464123,0.05541851571232979,0.049010327279860794,-0.06741552730094019,-0.15896722500172894,-0.05728492273049525,-0.10296886920212234,-0.08251569168137105,-0.04413826063243681,0.05268752911959774,0.1080845099778359,-0.12591412811083788,-0.05121407564282317,0.01790542446425917,0.09382690447866192,0.04124123033946272,-0.010964514790173026,0.049925198022466546,0.020431502820176514,-0.13723984819856652,0.07247651942054523,-0.01370079460420406,0.025644515098553304,0.14263360087828436,0.11526108179987378,0.02570089944074432,0.034014723612600564,-0.033239222247314966,0.14820704860517964,-0.023443936614062758,-0.04878073461154872,-0.04374094875853763,0.07595457066436452,0.12038124008175702,0.03815943137781182,-0.0208834599433651,0.12018489995195607,0.01882620151686002,-0.040488838378659305,0.03642101730969107,-0.0679673391013596,0.04866164367195242,0.023860680977677445,0.07141694145610664,-0.20534426143591747,-0.01854062446707419,-0.04492897642620784,0.05502692991717538,0.03960871832366424,0.046562899392867826,0.029896477724848027,0.09550893269513831,0.040108513634873805,-0.05490948976559854,0.14617278459679175,0.09933061125100782,0.1530877787036862,-0.00945746797824735,0.08008247388098312,0.013656258576909212,0.15168884182534365,-0.11540924209310427,0.07476186304114549
-0.03441476007952232,0.07851416941294082,-0.014417084711038789,-0.01434210767283086,-0.18669334091875567,0.04700932047376834,-0.0022616930950356794,-0.16483475467060008,-0.05722448917613263,-0.017344931342110667,0.07777876042393947,0.18343696895908082,-0.04456288019064083,-0.04204891197603459,-0.02986703640035885,-0.04903100040684093,-0.060458729274760994,0.12134470174877811,0.04739441600430829,-0.016916720041978556,-0.061420333434553116,0.06080774327948906,0.027857167089108483,0.010895548177762839,-0.09984072650575859,0.03747178494920589,-0.008508321760456568,0.06928260172920402,0.07555383078757223,-0.0701978606777558,0.0372802221534874,-0.05985209371533971,0.10159496758154522,0.08631439230506815,-0.017451817669721207,0.12107701036789124,0.052765102532919245,-0.21461624977430147,-0.03750034482056605,-0.05401434616993873,-0.016331091687841116,0.011203529147501421,0.1003390667782945,0.053622289447157606,0.2676390574392206,0.02513846927846093,-0.04581300056208407,0.01867820309985268,-0.004114473760665372,-0.03784113049891772,0.00846906314362827,-0.07154760770929347,-0.029175766744236782,0.040749099238193545,0.06114983350344224,-0.04031759533559598,0.14237259497766125,0.1289604230809552,-0.02472996692041943,-0.11832064969774424,0.1113483738504679,-0.1581512636429212,0.10969704483692688,-0.0774770532446919,-0.09966328931681702,-0.019374008234306458,-0.04391301372875792,0.07701110410261754,-0.013954191108843026,0.02871118972306116,-0.04319740905761404,0.19752150821841838,-0.0017342305708956084,0.06375374946329684,-0.06418809937897471,0.12786524483543735,-0.0360528329842989,0.023279620804565554,-0.14135814416199108,-0.08141421238788582,-0.11155664336574582,0.03441809339857245,0.06369907859008614,-0.046896329369970416,0.10195046406133745,0.012033852930722662,-0.04759982994532101,-0.019583250719015628,-0.04224972527893589,0.12934971867586786,-0.1413664641861996,0.07480211772615146,-0.082719660659689,0.06927715287165034,-0.16675820090967894,-0.026457229880294284,0.04477847089748601,0.03883775645360491,0.04298920807172063,-0.01238271422411917,0.07568924859434654,0.03427827760257205,0.04599846667966066,0.035504472684013536,0.2789458995966057,0.08074129445876771,-0.11102163476639537,0.14809783826929818,-0.028474861738417998,0.039207957756471117,0.05104726220836102,-0.05412193139050811,0.0830116709822745,-0.02159476504967339,-0.007057156074811264,0.07683599220843497,-0.03701564242425061,0.038314331838548536,0.08962214378728044,-0.025663539583105827,-0.10041718594314068,-0.00493201064694891,-0.17719822815224048,0.03319745908531884,-0.13467451987704968,-0.025564482080573186,0.046353359376148935,-0.08630859263773792
-0.10925723739926885,0.0394899270601021,-0.1385323805454663,-0.0783714742980686,-0.1670864409296675,0.1939375865538422,0.06868050574089071,-0.03416530630934288,0.15476638395096792,0.0016199241303778873,0.01667688812040436,0.015220400487969488,0.04212694383753551,-0.03166994321332661,-0.14181213684303534,0.05745811959443229,-0.06804322716474004,-0.17717846753620645,0.14581495578551984,0.21071865948857754,0.11501213311410997,0.07393802831713751,0.12931138779501417,-0.011519105421548399,0.10011131965469487,-0.014193020275585038,-0.06216124918553841,0.02948034776437005,-0.13847597640405457,-0.10605844569004488,0.10789671756752713,-0.029382072635106574,0.04418083145721665,-0.015918503447858924,-0.05896249983283561,0.006628532084565891,-0.10641277051651082,-0.09341209887714848,-0.022645338408228178,-0.04885224150261355,0.10397924823403441,0.06175556155602801,0.015372684981446151,-0.00942117916221149,0.01553655488354247,0.025256320639757343,0.013840926002996322,0.13505120928813244,-0.05384778006054361,-0.09232367615104489,-0.010734291920707122,-0.1253179307193044,-0.04444085301166164,-0.051913610615884,0.0961994874200804,0.015814293716444418,0.06936610499688504,-0.01557686008350971,0.019314494735777007,0.12403954316910311,0.018981816248626663,-0.15410272067909353,-0.031565059970259005,0.06221792167741711,-0.06596833989980803,-0.09092768511872397,0.04836543799257148,0.01297391625663323,0.0042700435705429265,0.010794520955901363,-0.04376052294238026,-0.14816500159275184,-0.017571020199112698,-0.010059012374599142,0.037955358221836676,0.052659483696018375,0.06619584716837092,0.09491645976015822,0.09143907881951593,-0.0025074257517452665,-0.11687504795446495,0.010624103595035274,-0.06827222918093405,-0.09219962465105928,0.08995844678338215,-0.012712561325250815,-0.01999207711220175,0.10952903631653813,0.03160360724469337,0.04714705648113181,0.03830208736389394,0.08800033648224832,-0.05537472290569626,0.01610298906653275,-0.0479163672232051,0.0589452405809905,0.01059070184491538,-0.13309488603199005,-0.09887270073572517,-0.06465758576559932,0.09659057923065094,0.053572650342389005,0.01891896961092388,-0.2276927078676687,0.1194914460827042,-0.19577643641465525,0.06381949352008821,-0.041396578924297135,-0.1313556246914704,-0.0773082177797632,0.06617947084957619,0.05613135735191403,-0.10861041634587362,-0.15537359600809478,0.08655793502376302,-0.05555708193122259,0.0937396401313417,0.18464772208995883,-0.10038239419538032,0.023035560753093386,0.2242144202621451,0.07162997674736692,-0.02491597279157598,0.13609246754364257,-0.08094857696176802,0.04872060702526861,0.009373441076904108,-0.24630034302402673
0.02149569556764929,-0.11143895928972238,-0.06098962523354513,0.1355769339284131,-0.028341160857151763,0.07712181321414092,-0.028561884879930468,-0.04996882983101147,-0.29361574589765005,-0.1644260563805937,0.12477638068887575,0.11786239182282154,0.08270833168916261,-0.06561263484854639,0.016692175735702412,-0.10690499361002496,0.013198642587064173,0.024642765740748085,0.09702159604776887,0.05025532129054359,-0.17388116337083537,0.135397955789619,-0.023420949714548004,0.08643835566537261,0.07278701704754917,0.049250768731122246,0.10273263594217195,0.1441036510893971,-0.15687091583383492,0.060769385646986654,-8.283454627602263E-4,-0.026418390535524403,0.08452695505087866,-0.05266966903404412,-0.006562071999409888,0.04830473739489409,0.1339782920460005,0.012915288712614733,-0.026184077347414705,0.10861349564403153,0.05797652261756126,0.11335964118627376,0.05175941445279108,0.01782554306097943,-0.09170490298144064,-0.06099716270673668,0.05321727646983031,-0.055897308405158705,0.04937375715940658,-0.017246599292588143,-0.1279257655993322,-0.02172784058797632,-0.012036151244139879,-0.11941314322830007,0.05413465254460357,-0.2700348996110223,-0.03082860502346975,0.06824638737096923,-0.034521423041000254,0.008162036123868219,0.0018388661878127807,-0.0628469368326046,0.12298555681427767,0.19866836393535633,0.00502132022014976,0.06051534467559285,0.09744283788789385,0.07698473451990624,-0.06480235785956628,0.06400827177337233,0.0895165275872466,0.10950720559765156,0.01419100315252509,-0.20786296093452009,-0.03884984976668329,0.05867645693421253,0.09492086947291871,0.1523988419575679,-0.05569068853928243,-0.03513186787260314,0.038309940977452266,0.1183747079636949,0.013062267920609225,0.021314441288336525,0.0012306865222640588,-0.12618682861399563,0.13870983220462496,0.07547517242656661,-0.18205288506100503,0.02110022443741597,-0.004797456585368791,-0.08362540349417372,0.04202450871427776,-0.005056054269866994,0.1266109363283229,-0.051753314260460384,-0.056591276365749454,0.16620220085381207,-0.13004446264364874,-0.016463816634983593,0.04155094602761211,0.057946991931113266,0.06983265515272949,0.17218008120489398,-0.10728534529762591,8.32562734354449E-4,0.18241231914896758,0.07552804823878265,0.11961560647066652,-0.16725334976817563,-0.037377142297803485,-0.10752899693611313,-0.02874122416274701,-0.004915423029622418,0.029736259752082772,-0.007164297102921615,0.00843475837765316,0.048604819408986304,-0.08570000602891871,-0.07960456600810487,-0.05254926946206033,0.12168286000173764,0.06720479781203498,-0.03831978383344536,0.12200244410842535,-0.0528340198359364,-0.04763647374142995,-9.795543877095325E-4
0.017990456275448388,0.034208663299535085,-0.008927824212691641,0.057561257863961886,-0.07935537137683338,-0.11084689170342887,-0.19091883505372712,-0.008670087284188992,0.18047038332398901,0.08364362675010366,0.015182595515136408,0.1374319040068874,-0.23830532301243665,-0.01238193668231443,0.03443285623065589,-0.05344738331876928,-0.08058510301728164,0.14550971607171614,-0.009069190776951352,0.04112766856263076,-0.023312277507086004,0.09350076547526037,-0.09186322481898883,0.011541649371295457,-3.024971353121637E-4,0.002112285708996522,-0.024953051672713826,0.24775009570656378,0.058505240707816424,0.03224755359628609,-0.08969682407624545,0.042006062078620274,0.12148709391765372,-0.07959496143402578,0.10475356475983681,0.025308247894746894,-0.035891129787242945,0.06758173222793351,-0.21990406947418353,-0.1138272229589167,0.14469799637497413,0.0218140377028349,0.013979632008237562,-0.13301207389828118,0.05495815690712237,0.11998794332782796,-0.05919045713659457,0.10583295073128168,0.10201257378150154,0.050123606488744574,-0.07338443524515705,-0.030400681456754196,-0.046024169267999036,-0.01531049418791413,-0.08941898432539817,0.0064245301556320935,-0.01520315053884316,-0.07882670117509188,-0.24141571420464858,0.12322965818389661,0.13118116574390917,-0.10495050406315685,0.07321016341831674,0.013374643983218613,-0.029826725554041252,-0.036407798025081574,0.0125269758056635,0.03069575905418561,-0.07076936502666853,-0.002398937498903746,-0.039665720047270474,-0.06124141898329025,-0.02811537728340841,-0.10125980030203192,-0.07817179015017477,0.05942797229429636,-0.020139834393709623,-0.05990244819396653,-0.09328594877661457,-0.024658702050774313,0.13276975298945973,-0.1366990479046606,-0.09837277958418308,0.07785768423193741,-0.14050904364825897,-0.15902277054923888,-0.1254719426177554,-0.03902131303514864,-0.16625549371131584,0.10608367054174114,0.0077534013002156016,-0.12293532901858067,0.03451999447694085,-0.011626381714819896,-0.14393942680033447,0.09561946061169546,-0.17376814787701467,-0.023291902609082604,0.015922113661005557,-0.03834085502251413,-0.06417344922614399,-0.15586268131694614,-3.6538173419199E-4,-0.17928725903220244,-0.11489080514858058,-0.06435882123460608,-0.015737142720846784,0.05503592098935993,0.11165502329481813,-0.14762949779309575,0.14717875028549987,0.03975556317765087,-0.06875360044581617,0.01974946048972406,-0.19990110007736764,0.06210607922175174,0.03675429298650431,-0.03902468777164724,0.02408053083114969,0.014332974158648542,-0.018200764497001577,-0.0842111570913907,0.062267808278237746,0.028896176460555128,-0.06127925785907258,0.07977738272016006,-0.06942334189720424,0.013667638978519478
0.09619302582061802,-0.0071221653060075,0.03866839936316774,-0.05943315907606926,0.025986983838325536,-0.07894918928840694,0.004554414342442044,0.01249120114875914,0.06475829830230652,0.029649567681534976,0.04244125781950527,0.033931398773120264,-0.030623820856537115,-0.02447538213473567,0.2658692547172532,-0.11039982217174146,0.04068221440215581,0.03455216543161603,0.05298608672468407,0.18488175779652155,-0.1875010842993481,0.05324272276697617,0.0015861328323374569,-0.061389767693430033,0.13206789537379987,0.009362329283518144,-0.0671885520590561,0.18734311143963042,-0.007352219924984129,-0.07775971549987035,-0.10206190066087545,-0.09752527936834851,0.09537267680686995,0.14978787790370846,0.10990958377735226,0.07228959860714702,-0.05756751098814169,0.06453991197568094,-0.020746206444248724,-0.07996907562870355,0.03951997155069769,-0.004269204998379194,-0.014436180746007278,0.0363252996227723,0.0590416534614417,-0.09450175826721013,-0.020698523636107174,-0.185843298324648,0.057502974657667974,-0.1196942047068668,0.03392132984149204,-0.05746471704664596,-0.06843339022925334,0.12469809612294865,-0.10720392070276342,-0.011136993042368992,0.03384817901020428,-0.032098103772903445,0.09757638426020354,-0.04722098063534793,0.006525840472038555,0.05909984157893964,-0.027500006727217946,0.0969838790810353,0.11464700782576573,0.15371953494665927,0.15145805428504416,0.1915429347472388,-0.21859802331425143,0.06232591294329442,0.012844766831940305,0.04286360112158506,-0.044986479748860275,-0.023018754343613685,-0.05689187729441341,-0.05130689399772152,0.003420164700586848,-0.10712880951663857,-0.006973622509954236,0.15469577869250153,-0.1527255692875155,0.0495221933694417,-0.13939105028332488,-0.0721971546194807,0.07875240622065216,0.025779489816118457,0.1099599934621505,-0.0026126663008368993,0.056037279375092584,0.10298507167481798,-0.025854412397625055,-0.1409300772931285,0.1464503653152333,0.12379646070363944,-0.0013852344747251983,0.02190336282375003,0.03516787345500485,0.14154635577178273,0.1322977165574892,-0.10616084397033183,-0.11918064010713149,-0.11948008883629975,-0.03781356233913752,-0.11158495888286765,0.032391529093147964,-0.002329783744918025,-0.05178647834447729,0.128330187605862,-0.0499860978772393,0.02353315503418424,-0.10924089352177464,-0.045659625691645604,-0.0988777605328299,-0.09514331180286176,-0.09080697352475306,0.07441575643987897,0.1770245022193237,0.04319784505024571,0.11911881776230507,0.0012857346608978076,0.13105065657413964,-0.0010515489897738983,-0.12653169221780142,-0.030121307873196536,-0.08628747303820779,-0.018247075307038223,-0.13823229271738324,-0.2515666965080838
-0.10210046927974949,0.20678224163037717,-0.05735905944075414,-0.02538963566258714,-0.04137339566300293,0.006795542634872961,0.09345377987815941,-0.01869896521154919,0.008814486799338953,0.06560367999827453,0.06726877365293452,0.20805171848193596,-0.08812774936269067,0.003411207362152446,0.09132300408653277,0.09914194509059879,-0.05962153698933076,-0.08445541409606351,0.24385468051706036,0.05132940852223383,-0.13221266163300588,0.06691535432110825,0.0489580285323494,-0.06157226678717477,-0.04440892281172527,-0.002140949801961959,-0.0220335241256741,0.14557250254300072,0.045457646957367225,0.05606442761630337,-0.13798639652425,-0.03844373642567986,0.11765455469458172,0.08300699472044575,0.069065869740515,-0.09915623212550774,-0.05852027172802881,-0.12540413852381796,0.001517833246777648,-0.008008048959912736,-0.056103822291768204,0.029585763081306258,0.00727250459607836,0.1382230946301895,-0.11626906006276314,-0.023011453512487706,0.0769445408535561,-0.012139211981788096,-0.13956389507063294,0.022806956168107715,0.05506594072713226,-0.21501283295452495,-0.073322583231003,0.042895695319843025,0.019313330759921477,-0.06333901299371877,0.04376743760804552,0.07107468724944545,0.0013847195992927699,-0.1221077014742374,-0.013389185744879961,0.08627979789882632,-0.04425638313038422,-0.1621077458211753,-0.030825222560948516,-0.024357720950492698,0.042542414848395375,-0.06875334586363208,-0.023105849912181026,0.15590801616014174,-0.06678244484662273,0.07524074928501537,0.04376767025130783,0.11880437847348344,0.04930286207865021,-0.0067811959541037,-0.06456014919190756,-0.08890560607699625,0.09494255999907086,0.017624918138336016,-0.06242759753896417,0.11495887562417588,-0.21123796629678804,0.14278896587343068,0.10524950906519624,-0.08984779602535628,0.01860559882406301,-0.09244009841836064,0.022443839715192752,0.07076340680458588,-0.05988473527838015,-0.030975398849509905,0.07164925126120977,-0.09935554561024126,-0.11464746069480901,0.06986292857187346,0.04168366619954994,0.024755325794579067,-0.1232671180687479,-0.11379496486736296,0.0817598189941356,-0.0024950173697655346,-0.00915659933181407,-0.01934789544883905,0.03545673755445458,-0.11159535334672588,-0.008212107641071607,0.13548174069643992,0.006116681296683232,0.15507122824555122,0.02203174428652621,-0.0618555693990997,-0.08438991973463716,0.02375112204253068,0.03698928613342219,0.1735729116991163,0.08205088104253043,-0.09768082755056225,0.14572009695461507,0.019987609370254365,0.10539002891885679,-0.05589023418606794,0.0866808683711003,0.10699520978109775,-0.02772430936235437,0.14646682271138378,0.022731812867177282,0.08891715746395411
-0.03217736923173752,-0.05525232892547954,-0.024068050342570715,-0.05615216802449756,0.06926807738748049,-0.137806117257944,-0.011695280160330631,0.060952820671175995,0.010983367751109845,-0.09163214539895997,-0.2035170480030657,-0.06674262964918729,-0.05536171412570226,-0.08104685927523708,0.06029357172351465,0.029029843976260898,-0.1041812457969913,-0.08889025313200073,-0.12198341776896911,-0.042032039134149046,-0.04277722980618649,0.08869353437773993,0.04979707929542692,0.06321842716025948,-0.06604884923376822,-0.009138591997831931,0.054470815869400946,0.058492253230191506,0.06073807819969711,0.1123831477681632,-0.023995679176048192,0.019189765769293193,0.045670417295422545,0.13248338754423541,-0.06844901079836867,0.0021516126562892398,0.1506664156781828,-0.13843358966082076,0.10264270573011973,-0.113418474119735,-0.10768854265427072,-0.15011500267099537,-0.047780410839500895,0.009679279561122536,0.23544531261541016,-0.07839563481723104,-0.09759373937142513,-0.005916617033617873,-0.04838880648897707,-8.90509259013364E-4,-0.13346475355987283,-0.05651011921454828,0.032627717554319244,0.10420387611946494,0.09537978349909336,-0.048491517216183895,-0.1542281148585912,-0.2184027658637896,-0.04660143929284474,0.041312637468165735,-0.08037602581421951,-0.015290750743972382,-0.04478569661930839,-0.050492253188761986,-0.07187681954822976,0.024576181085169905,0.06900214261835075,0.028850190280754733,0.014197018453238603,-0.028325130493352686,0.025559405114293943,-0.1568917962267044,-0.0438890343745112,0.028423035093248172,0.0660902359553196,0.04780105180565095,-0.12431222612816993,-0.004095345043591976,0.05463778308247767,-0.06512523932971821,-0.13571614142812946,0.10387684156536069,-0.015290911692926646,-0.006882441413062023,0.10688637767263244,-0.029920028046152645,-0.08378253943205805,0.05383581695250458,-0.04609925521389832,-0.01941256960074903,-0.030145398378697594,-0.19183844910880607,0.010656966163989659,-0.14303520466434147,-0.08477752498695476,0.05434995882174713,-0.1316438436404981,-0.10817205346087139,0.06027540500214508,0.12110765057497701,0.19968058487543297,0.03590760558517919,-0.10837057667029798,0.07922120494023244,0.030332519120306968,0.07488947015134355,-0.02954098308400027,-0.0054590121371603335,0.16790632473386338,-0.055048406864539004,0.10326777556205771,-0.17157987257583396,0.14356774891133392,0.010277854284388245,0.06130413552764598,-0.00896163121369785,-0.06568070337127564,0.03061456835099696,0.03566725959236503,-0.12021000681677295,0.09681680170722268,0.13317859773653154,-0.0735605453355842,0.1073477608710452,-0.012722413615219377,-0.09466316469704264,0.03770870743778655,0.10381420913885302
-0.15834384746182933,-0.002542553315952295,-0.225758580556407,0.08677523024418143,-0.21689183054419514,-0.01602562630813241,-0.026119060056675917,-0.03812401499578289,-0.04996103893597313,0.06663070513412571,-0.01884224170790323,-0.05660390234596872,-0.021019647460069665,-0.050936980633338735,0.01765034732425976,-0.06883292206514749,-0.007705932443506588,-0.011835261371578972,-0.11043552217393988,-0.08875816188029459,0.11281890046008151,-0.011917322117106334,-0.18046891972135098,-0.045829397031085226,0.07126735653352106,-0.037721777570276935,-0.15976648429455378,0.12561507501485605,-0.21327715083071278,-0.06277000059038311,-0.04668886213775537,0.03566556764787612,0.04972514308660672,-0.03547450375277779,-0.034219498325276536,0.00994632121702686,0.18207325782473663,-0.06410325643797651,0.026212081460271704,-0.021075667986678467,-0.15494481294520987,-0.035612161982540115,-0.11959062897467537,0.061526169998317136,-0.014629720859687563,0.05739185190256975,-0.051734306557406476,0.09057485499790471,0.037399933353088624,-0.15071231310004848,-0.06468061647572947,0.12550563998706513,-0.026857775943075524,-0.04337463280755477,0.031149102176194234,0.09952895634062645,0.1031474283551482,0.08059581744128606,-0.07384393879240216,0.02772989929636146,-0.05230724847054816,-0.14363139049007717,0.1310197609456072,-0.09732058348939897,0.12060968256188079,-0.08562318825529856,-0.03840553091702126,0.23284378454828858,-0.006967372319100051,0.025074865128641852,0.08368303966172097,0.02206668427577272,0.02785001491181744,-0.06176046276250341,-0.10866623038719185,-0.08227430711168471,0.11997653409073174,-0.21440731780768177,0.010134718493967873,-0.059130754729586114,-0.010971885648726497,-0.12463194442756817,0.06373082757322678,0.10698241972729344,0.06735339722887516,0.021729728783545503,-0.015076210726655577,-0.011404382069100293,0.06514760303909406,0.04352942636436179,0.13557141281450227,0.035094735989264964,0.18295658141230794,-0.004837586623794076,0.021510044959355754,0.14970788450519537,0.09802825984141966,0.044202002965204115,-0.10504841403013057,-0.05173058241298856,-0.07405239437023761,0.010791992746358356,-0.056753417246473196,0.022583423873875706,0.0034449272896046276,-0.020010425236423792,-0.102750274581306,0.04517686078528896,0.1319227545527064,0.05343449968686788,0.16699325284079009,-0.03533741457172921,-0.09797075036716384,-0.057205334014646225,-0.05836740417181774,0.13173574434269417,0.03377726581495654,0.06964201594490359,0.1949826228382314,-0.08095119465001463,0.07905197565360002,0.08730771874091783,-0.04965236198513738,0.012686143005248795,-0.03118874764033632,-0.024520488285055687,-0.10297216406909335,0.0688770818606476
0.16581103636869066,-0.1569460907736538,-0.112730399879735,-0.11466390830895605,0.08754520878360261,0.004691603073334696,-0.1757975794121763,-0.07942564640479721,-0.07277115203466934,-0.045792754535925365,-0.013149102701138282,-0.15491893650109392,-0.07985532507197145,-0.07867435468626895,-0.10505892619158502,0.017054934248396995,-0.009721368311731872,0.20670809997831024,-0.021751708799386996,-0.07657460454969937,-0.12373639574127727,0.009982446539214377,0.21797500156835722,0.03805294256443327,0.07072440965358566,-0.06474300971357871,-0.2155000233501299,-0.14071943151896035,-0.06422845615548749,-0.07942063179495397,-0.029614097112894203,0.12401998626897488,-0.09549964315408539,-0.10010404868493648,-0.051046057820463224,-0.1969718398325338,0.061884824530170336,0.10389773845017464,0.060300319784324354,0.014528999621327816,0.15872254641911787,-0.030642165594152584,0.024196644984941063,-0.07584295535222513,-0.039963120151182675,-0.033533606761138667,-0.14796574251098885,0.14014784272004718,-0.12974449053321657,0.09390204892961485,0.011717231115313094,-0.14235248447622995,0.06714814765165457,-0.09515389640281574,-0.043406289671089685,0.024067566712124833,-0.17975467949288831,-0.01500077188956764,-0.012540342294132195,0.021517646734042422,-0.08150634378519311,-0.10956583492146824,0.013539837772520429,-0.06405261474978569,0.003047175547260037,0.030748433924302133,-0.008595131210310043,-0.018433341597436103,-0.06557850470209337,-0.04779085127917391,-0.13065128844003368,0.06167584046784642,-0.0159417446590477,0.06099353614717273,-0.16375579595066278,0.01862930173938643,0.1503414899053958,0.15614978880562702,0.01642837866132785,0.16095509842657896,0.03594834907062841,0.053289906804266776,0.10274782144053142,0.1156972389138804,-0.021522496730185255,-0.026942787809964633,0.14775107570088736,-0.06903657092362021,0.014019230066988752,0.14926279227646047,-0.0896404179511984,-0.03863017627108646,0.06674855699643574,0.019749146888702596,-0.1222022753448264,0.06519526271902372,-0.1432889384632438,0.033842317777922376,-0.05221719372019015,0.04468429462960245,0.008605787149101023,-0.0831823831460558,-0.03916838632477817,0.027902885254082924,0.08749999858176412,-0.036037309122136756,-0.036190279161009774,-0.0665056091047592,-0.06727522429873152,-0.16507242510914294,0.07268080658653352,-0.042511228113926325,-0.004247863679021828,-0.11432253538933031,-0.16989605436433347,0.032392332780970395,0.09092252459276669,0.05841400471962855,-0.0929227827575968,0.03879605987467481,0.08595444141172039,-0.012520941653404135,0.07878652223401614,-0.06687984786508364,0.04036824185324168,-0.07833722531898885,-0.22627347677703083,-0.038019759391095795
-0.0740153925927146,0.06775001163418712,0.06830187998629288,0.012121103455713739,-0.06341628481897942,0.0458476543024608,-0.06277816526704179,-0.056704168029920454,-0.07326008882617997,-0.03631654723661773,0.08226125380247469,-0.14817628844620429,-0.1550399811832079,0.03502165864314269,-0.09653827394719948,-0.06771392981230477,-0.06391701795786621,-0.0203387393855587,0.03700607351470746,0.004395079334952385,0.10352204868572892,0.03361346802823799,-0.011991207278228975,-0.031053699973819075,-0.05529410242216823,-0.015556457991618994,-0.08676520081023849,0.16697889783002606,-0.06617831568351566,-0.04801901262949779,0.08230840242124478,0.03727457395732492,0.13605552591864337,0.02230681057692774,-0.029027702025559522,-0.026074587317016035,-0.050613098567984634,0.16110188520428273,-0.05402914598306879,0.03907607481439898,-0.014433882435773232,0.05772537093757854,-0.009254543764591023,-0.016799628537717753,0.07129887941522922,-0.024726173349503836,-0.016340976982268843,-0.0623524075227957,-0.031136468332989782,-0.11915913347178568,0.07991101347739032,-0.11345167177111187,-0.04035140837842252,-0.0728028264606391,-0.011904523305868279,-0.09383045175490379,0.07976571995007523,0.04564562098279746,-0.0032349745895657034,-0.039088830952543306,0.03129586116259117,-0.013182670870678252,-0.01140803118137861,-0.10433680841161976,9.724949446832446E-4,-0.010473230671118073,-0.1499519668640499,0.031727585548560325,-0.054682256176800115,-0.05714502510595288,0.053061965400821275,-0.11931611915189248,0.05353642298079709,0.016437624762654594,-0.10039963904317609,-0.4019163683968038,-0.19410115553642718,-0.0894772317122758,-0.046292276664093336,0.0785512746943483,0.003093045329028761,0.0644235309225199,-0.07488482877857791,-0.06536406089415506,0.02562059303934088,0.011897816191421015,0.13315484975632005,0.11744707640044529,-0.03275147584547029,-0.09465024526482423,-0.0018133176342728131,0.08795078783163615,-0.1746320884948166,-0.06230256285760745,-0.1551538746363528,-0.042543731038488825,-0.07356230978433692,0.03923591989689973,0.07884524632692261,-0.10066854907711434,-8.335310915262486E-4,-0.062171390729680226,-0.05365765094074381,0.008633519935562559,-0.014436948339623671,0.08276639873208635,0.021621529484678874,-0.043587156409682234,0.034706922669582335,0.09246481026810593,-0.13012519255234203,-0.048881533847141743,0.02996449873995921,-0.09707024980078961,-0.11460596093302713,0.2757349891346609,-0.07046502591160515,-0.0021026237323228973,0.009743742473925326,0.05909434883759209,0.0431811831131218,-0.011263741989852052,0.14565930790399761,0.07457912972071647,0.10876577075875254,0.07560915110014894,-0.20335963371927904,-0.1999009142973361
-0.05169099917702249,0.10588068050215402,0.045547639476007845,-0.16293291137847116,0.06003811720187537,-0.12510229095840064,-0.15470843091506298,0.029322408659186852,-0.03514716085946483,0.08827959287231235,-0.08282179158226297,9.84569830844935E-4,-2.7889146844038487E-4,0.019279525397656493,0.08964562681341637,-0.021058731902422557,0.023466573555541805,-0.03130767214981888,0.003140333964434025,-0.013890727757121163,0.02052299772314952,-0.03634767297136944,0.15234971108819353,-0.06401416574643426,-0.003995034959440684,0.07592897646369504,0.11274420007533004,0.04442371683617386,-0.011921628213487953,-0.11560278706510557,-0.2006694201470388,0.06703766889604962,0.02438928880373554,0.13244855286587243,-0.10639372793296448,0.08686004873794069,0.15136985981331288,-0.001089028173649884,0.02864905864604929,0.06291841894453898,-0.12131467758300615,-0.03019228279642781,0.11446896551070004,-0.06828861191476501,0.12295600129142728,-0.1301407522923202,0.04608207498872584,-0.07815550348734365,0.07657607669477397,0.043760029998670416,0.005582480463277781,0.08704352168189859,0.17128830971540526,-0.10567449980559374,0.030006545818800388,0.17358890435060184,0.13753482409761947,0.07475100833333284,-0.1778810585352594,0.24720884416916705,-0.020036106049626374,-0.06844411966012266,0.07789007275242273,0.04450830890297706,0.1253703482900301,0.056131342186259384,-0.021133389616956693,-0.01731102075471217,0.041151291959815685,-0.023980213400061363,0.013575752273486204,0.05720399388731199,-0.031747954438977065,-0.0793836227371818,-0.18052278875134825,0.09621834702314164,-0.038418303356114764,0.09740417058903127,0.08024789972932696,0.22670593521258184,-0.060366576694361664,-0.013223566750481062,0.04958953663768789,-0.003290746742942355,-0.10185972614425011,-0.022683981427724327,-0.20260244806080863,-0.07889709521651744,0.022861309697877225,-0.01998121935732624,0.007902339973600622,0.004410583109783253,-0.079432791685943,0.03276343960657819,-0.050965897411213275,-0.023159417896526834,-0.12063409844892117,0.0920740849223779,-0.14430788796087585,-0.016192259960064955,0.011499995323891496,-0.047948037766250236,-0.2654310323243292,-0.05335585626880733,0.01755246818036704,-0.10710954225487539,0.04765251367515802,0.03617179254248999,-0.03720795214156763,0.0807079849880727,0.06905799786468833,-0.05592986169446774,0.018328459327032618,0.005768453024239727,-0.16908158147175878,0.11485455200797397,0.11736942885166246,-0.01725326467639861,-0.16855180462786945,-0.18864800284513886,0.07257845429802595,0.014337320865308935,0.04507345560580847,0.01286867590235055,-0.0790507346813478,-0.046451202565474574,0.03732915518832048,0.12934591950169563
-0.09919680401903301,-0.18336192438300272,0.12220348831807964,-0.18298709868365737,0.07591894137609156,0.02909888718094376,0.009006056168016393,-0.012046511835627242,-0.12889595438603227,0.015652334945847342,0.018564655887435708,0.007253617509077208,-0.0637868571341079,-0.08196110805318656,-0.05917286156241712,-0.01313979607952511,-0.050943939820711534,0.04981113501842408,-0.0025229379937398017,0.006455374910445363,-0.16033754128446445,0.14380165997896752,-0.016522110354596428,-0.11648717963888877,-0.013427718554349367,-0.026990201831284918,-0.06563927987753199,0.04948518842805384,0.02770681530008029,0.07028355456814496,-0.1773850633985343,-0.1149904021984423,0.1187243617389604,0.014207969558516297,-0.12044612672121476,-0.15481442550454494,-0.10346539667763432,-0.14477176683862839,2.309028598491583E-4,0.036681300498942096,-0.07576947304024738,0.17610200490190664,-0.13131579108671781,-0.005233668369581777,0.04473926280646566,0.06273315054686177,0.09671340066050649,0.06006449963806186,0.015137632395366496,-0.12551243194682565,-0.06102362877883381,-0.05219282417563564,0.00409493016537286,0.08650109506729381,0.14468839401751263,-0.03449054772786203,0.08098900412018151,0.08584169324238028,-0.17323471198388973,0.038827544264688194,0.05121439978749183,-0.11945355901440786,-0.00710319053307148,0.0011847237983849319,-0.0482780741911215,0.12064373905784416,-0.08450568129557519,0.02400384404360992,-0.090362109938028,-0.030669725229527642,0.06129017526918207,-0.07503065387401037,0.005205603315240341,0.17584729908512267,-0.024102707322011783,0.17122958779947944,0.004734078463218597,-0.13264155208440723,-0.015819268579638095,-0.036971933635101026,-0.15242672744545074,0.05320974737669453,0.06454614603059511,0.03863720885779178,-0.05410075036966461,0.04129447748618882,-0.055920293155965764,0.033277523872760915,0.1569190253512697,0.1817676542145098,-0.027080578662178327,-0.1026589860657839,-0.06312085294459706,0.08617135126365233,0.06299780693225664,-0.11689291778319424,-0.05446743296511733,0.1089725832362251,-0.004781114528304477,-0.034579216971890224,0.07124944158200251,0.1181966518738463,-0.082541250716839,0.04710323225840483,-0.008985502022535386,0.051739537360598685,-0.04501292785508004,0.07244507272941207,-0.03680274467122457,0.20669643283380482,-0.008096987934172609,0.028488513498780465,0.1669809760450565,-0.030891693553982056,0.06912241633063793,-0.1637358649377593,0.03995845193892768,-0.0696749102555153,-0.17044646548789594,-0.11164844867154988,0.09560261330993848,-0.1875981912296247,-0.03904702166136739,0.0648606061531812,0.062357963716017595,0.0449752822654493,-0.1011590243095829,-0.07726963112780758
0.04208179912311061,0.08099041644660264,0.05112597985303983,-0.09352224953036846,0.0494330868437243,-0.11042036870394492,0.020050304233947547,-0.19113028574147017,-0.060297316550482365,-0.07642805340495136,0.07644055841996308,-0.1611938997658946,0.03982752972221598,0.020101730272789838,0.20657021356743688,-0.06309492230018617,0.05697380357736354,-0.055336081884347944,-0.01951768660469403,0.07882584457428111,0.09920790369515166,0.07481431131107004,0.0857637500718056,-0.027751763013497677,0.02517497636446827,0.014834377223031794,-0.06750168687449756,-0.032313415437907195,-0.059874471804682715,-0.15878360282409262,-0.08889160941482914,0.06941532473571564,-0.04423090935372259,0.056692035665895264,-0.046227213503857834,-0.195474264407971,0.0220795942527161,-0.043378113915691185,-0.03520633009101769,-0.10803467696960609,0.09760678864610073,0.025816532807833054,-0.060817138616065275,0.0016306381086538743,-0.09675133510928963,0.012521673663017912,-0.1627673279701465,0.10360076348686253,-0.04398603827110602,-0.11068693067352463,0.1111730090067106,-0.045670673723479376,-0.1309133154137458,-0.09466976380850176,0.10093629259265052,-0.1211052475968714,-0.05592306601421135,0.05360671933601403,-0.22281670564847975,-0.011063632292062838,0.27956211466293607,-0.002649856592483864,-0.023275329837537682,0.051005889105074656,0.035425199878109964,-0.03740672398761792,-0.06789416283095698,0.26995759833585076,-0.11509335934337649,0.03988488884650842,-0.11546313414147905,0.05028214134227009,-0.14643134459778945,-0.05746134806088502,-0.06031116818286008,-0.1638262020754303,0.04371998911499867,-0.13535813192065702,0.02853635408942417,0.05018480814004001,-0.17247739174431118,0.09109702353322831,8.321663865172191E-4,-0.1380073030185773,-0.018888923810408367,-0.03144568828391649,0.05272830418762865,-0.09882008865115736,-0.04602858425013581,0.08991468901142717,-0.13497958710662464,0.029814246827283442,0.19990305242064071,0.02871337381954878,0.14141736401704771,-0.025646920766832084,-0.17223929401326413,-0.022806386330464008,-0.03866403842241114,-0.008572679763065777,0.04985085986289346,-0.03962548177701858,0.10098932613516824,-0.17797623269696222,0.19985649736170485,-0.05636064900243459,0.005302779639655714,0.05334977602771145,0.09605216212885585,0.06390086497822708,0.016839938210940084,-0.06182668558473192,-0.10150709618625135,-0.043831486355692305,-0.04460409802930824,0.026786361832126092,0.1419842677030634,0.19351498823855864,-0.0016299608110935835,0.0778175207119964,0.15628851670152416,-0.08743016322411236,-0.051475390144460564,-0.24977491694208542,-0.10356602886375493,-0.05641968124417057,-0.11469069399512437,-0.07077058736718213
-0.0022804372599540207,0.12325452470437968,0.008071622214104129,0.030174658253568045,-0.08806949892591824,0.05396968783978938,0.028930420776918427,-0.12946520479285628,0.10154891186331773,0.0347458324592893,-0.11538439247677348,0.009218000248173878,0.1780544212896388,-0.12000258057235615,-0.08907068654464043,-0.03970890179874691,0.127205514199236,0.05497497236847137,-0.019930875228642977,0.0468593146236911,-0.3211381395816436,0.09103321825542657,-0.008762024406351243,-0.021350090864276174,0.02529798219885706,-0.0827606064380881,0.13461800921494088,0.042633175686422324,-0.03261568138401985,-0.02330238513085236,-0.1206620029409543,-0.11390640738986947,-0.0064440368017715886,0.009202208385087405,-0.04876967228188975,-0.11084532036936513,-0.055066393578975505,0.0766038134735564,0.05849505304234402,0.0232006783921926,0.03886020379846519,-0.007099507291885846,-0.07768419667460129,0.01464267619881489,0.03866770549686192,-0.04547413720347393,0.0667448479407786,0.044681476846966,-0.07350821600539462,0.015309517240381742,0.12818394443196632,-0.09300549407342876,-0.04326400356033543,-0.01668676374859592,0.08801173754200106,-0.03589500024842407,0.17351372337493307,0.1902511254057574,0.0056444934738126866,0.1309439652772933,-0.02371545847684088,0.019048095301657682,0.0427913736092277,-0.0045095650705325105,0.06971594501933746,0.2250418842466215,0.02672597079611357,0.020353591391305183,0.07799666795120033,0.04863923572881275,-0.008582895109653703,0.05540273806567588,0.03303825448714976,0.14169556170277892,0.08963406690210383,-0.03802799768351012,-0.09651677885964566,-0.1953278615037342,-0.019001934068486482,0.06416600672447298,0.08551846227911349,-0.19165154285151978,0.06355343968753771,0.056101901236751184,0.03809270124479978,0.002709207537016985,-0.05107103697534177,-0.0661340754496988,0.028736621078956887,-0.0047969339428572955,0.007872402598424014,-0.04252573936088094,0.06670742482507173,0.050875673164532814,-0.04567903189040748,0.033624011076854046,-0.05040958056752693,0.011494397463297532,-0.06579977782720366,-0.08964668013616416,0.025248704286416956,0.19795861758908204,0.11708127381827242,0.04652095356578779,0.05130362206018532,0.06985017128038883,0.06743974124612698,0.08048335092863852,0.02987111795426975,-0.1278407130359599,0.003022151734234477,0.009283489988643711,0.18287517214891272,-0.06385148877589407,-0.046851348829630844,0.10922214878509891,0.02432563949473096,-0.07344376925474427,-2.820543828062176E-5,-0.027118314816011062,0.03658785360522463,-0.14855644281559868,-0.015251469752514579,-0.0023714772929577894,0.03927344765407474,-0.08976338854028795,-0.19333708172968436,-0.0809107685339484
-0.018834717194105594,-0.03764303227534536,-0.10894262347730553,0.10564878185900459,-0.04063319356797545,-0.04569679800981999,-0.004848850869647618,-0.06571693118876433,0.08267685614059159,0.14619190816998173,-0.09057833632030517,0.13573513772943155,0.15074573185995718,0.051222173522781134,0.056768858048942245,-0.08101282326773433,-0.05529142132360855,-0.042033097156516944,0.009555262866801934,0.08451673168859036,-0.04241727977179276,0.12571334995473438,-0.020543566631459707,-0.0310484792636223,0.08589625105571758,-0.10093521413799351,-0.23118393500863818,0.02401496985240166,0.027482054285977678,0.14801756873102676,-0.03962219768384776,0.03304070600326917,-0.04278975791878086,-0.09913932253528278,0.039899514674603696,-0.017349975825582318,-0.11689088941112485,0.18101113739152816,0.06158468289062787,-0.03773986801423907,-0.033035681474776694,0.15177112635771778,0.07046121770833787,0.07017772951397608,0.04416286926032604,0.0684057464025671,-0.09037533580318782,-0.11834078075783833,0.07370625547472714,-0.04172605798934503,0.04057318225372233,-0.01720798726160567,0.027890717064112124,-0.1028851088187103,0.06546250885034971,-0.005779723409148025,-0.01899964212215209,0.14130324424168147,0.03183235567207716,-0.08545416813136245,-0.15323006675880071,-0.08060255210963463,0.15146317203232182,0.0331731550980568,0.0031075069123931197,-0.10542292708481824,0.18931103179215272,-0.10065702062761583,0.10858065340953885,-0.0906946294222632,-0.01747037240265682,0.05110224119775911,0.046339970576185247,0.020470760478622046,-0.10676463262080223,0.019489670317935533,0.139055322327334,0.019320791067843037,-0.10246548674510958,0.06751034027839609,0.006961140904765848,0.07693857281870739,0.007488846859073585,-0.002707910287085107,-0.07944487040272175,0.04345383658872292,-0.2247762976981598,0.013951882234333,0.04812206055275325,-0.014193025589952305,0.05471784916026353,-0.09518210658911806,0.11096030829391915,-0.053098553618763825,-0.11299936102832961,-0.15953571823979354,-0.018826685427892377,-0.07534188181936932,0.08743014433176154,-0.05413021651023475,0.08507884602408462,-0.03260205846012663,0.007900425211555326,-0.06280557431938598,0.26668722774171466,-0.10637042523601739,-0.03948202083490134,-0.010762167265122824,0.10886968266275278,0.10331267635443281,0.10854022927126478,-0.08462968009837966,-0.0631269924890195,0.1544294325366509,-0.034441953097568236,-0.015363235127094244,-0.010790367162090385,0.10894452018180009,-0.1610598759038239,0.06500965037736416,0.049635722106781154,-0.0021668765055835853,0.04004827548428991,0.13816912565824535,0.034755806006457106,-0.16852578190560746,0.003552896991868351,-0.13076488074490253
0.0977993725003747,0.13456307728670722,-0.02226406105663738,-0.014037643963769197,-0.10417198114892849,-0.0491098781065567,0.06639652458015032,0.10921529172851979,-0.04872044781986154,0.16188079294952734,0.11565490177724136,0.23440334586145117,0.1437218373398161,-0.08964261495379179,-0.13873765872576985,-0.09071269396190876,-0.06737357491348359,0.09776776093640188,0.21409783317139008,-0.11687515751517383,0.23833312700036133,0.045617890002091814,-0.030596893426077347,0.023288392451543943,0.05256672009421318,0.15011473601884054,0.19912066639742054,0.07962017720094522,-0.16644902039042977,-0.09688737107538735,-0.12189135276883838,-0.09278354370153787,-2.444961632230981E-4,-0.10399101217894972,0.0953298714152206,-0.1476190250360167,-0.10203241679543362,-0.13846457693248196,-0.037637510240452615,-0.1263640930828932,0.05268060354081384,0.14839941612178348,0.024926998425496266,0.11050542254675078,0.05706955130298292,-0.0941667905399652,-0.09687382032227362,0.17124415979640112,-0.06787523225738684,0.08406303293910142,0.024479649717782007,-0.05251838147604623,-0.021723271904688483,0.03121063133148964,-0.02363893900298989,-0.04697160388518654,0.026009101599927986,-0.10899407767948373,0.00345609683452892,0.09160884277421574,-0.03750893898079181,0.08197472010307243,0.10039728466484295,0.06719444408260059,0.12589589317395408,-0.09953936664944281,-0.048882105957950006,-0.006276885969089531,-0.127290599803418,0.16208780260853073,-0.2656523438221083,0.06465976257198452,-0.16988972147478226,-0.018744736872264176,0.01661255977315571,0.15610140007941506,0.0076061783673065,-0.01048050226671732,-0.09300358514782528,0.07319804868091839,0.06924558324550038,0.07349424109032177,0.21932539104485446,-0.0057700729104171455,0.11160050386807056,0.015626711203359737,0.031162763797595614,-0.045071803335293946,-0.06946708765462825,-0.03744352423306694,-0.0739024778986842,-0.028358999528363498,0.09017973412945947,0.11709674682887652,-0.14554911775635096,-0.0609973998163699,-0.1529779302383934,0.0544693725854478,-0.035178817465240056,0.008822570405017304,0.027730191513398714,0.12253305377805143,0.1350818529778742,-0.05857146266937172,0.10015132200037868,0.08311427501449904,0.05657018728685941,-0.07309795661886523,0.14167290098210794,0.0865761195769249,0.07763679671868058,0.05492078590441575,-0.011002797247002772,-0.01619184446877201,0.07695403228428825,-0.015597508913545572,0.09738160749225062,0.011871095344998282,-0.08713702293855954,-0.10652362650342578,-0.04775302849489714,0.011094095484899672,0.018492147484290303,-0.10988172314464868,-0.006564480887105129,0.05816253860999087,0.023407038277122403,-0.06876484288479963
-0.131626904730901,-0.06171871468046388,-0.08268788367644134,-0.07504487775105415,-0.1599470596765643,0.12522572465028284,-0.059413480301595364,0.03990506549782736,0.10979058406356705,0.1131919980595089,0.15815191784212154,-0.08290177282236198,-0.01133035535100386,0.15558116909308584,0.03264493789736605,-0.1398844248671986,-0.12542275466062516,0.14210601316740396,-0.01213231618094637,-0.10940880467851427,-0.01571937731764126,0.20484546810721677,0.06031128189581438,-0.06121620908033939,-0.08637106753441925,-0.040366780462885284,-0.06352093829063207,0.13772207629068905,-0.16832892349513864,-0.06106299576548669,0.0074340255715948395,0.0592855851503464,-0.005943114157770684,0.10844551746671036,0.039801521994935946,0.03848345104348803,0.010655381117444563,-0.0054999492808037904,0.004279216705576229,-0.011756369705809415,0.07977811706783192,0.007317907778453944,0.037977798361625334,-0.1563272885539469,0.18398574647823232,0.1504897939401999,-0.1385029387036198,-0.004051130586090563,0.02191939880849351,0.08351246361937241,0.10659466367895083,-0.03018951988676364,-0.010270904228645874,0.053166671853313203,-0.1211506336207834,0.0300280028262817,0.15871211911223262,0.012941785311391988,0.08726907749937014,-0.09677253009944438,0.07408619218577549,0.0421476401397711,0.021062873360970097,-0.04535473163396113,0.046482301619495445,0.06256594476207483,0.07097699419225215,-0.009722059416650377,-0.07684015007755955,0.09785309166444812,0.04044400255321133,-0.09491589669224522,-0.03613545643898835,0.10962349943510254,-0.08161838051596243,0.09047149707198626,0.07839341499204344,-0.07058237664727127,-0.07002339157607596,0.0756420829934319,-0.03336619855376409,0.050225584884632704,-0.05210307315318652,0.04284939893801851,0.1341388587309449,0.1923650048889484,0.020054916887743444,0.009071380731336998,0.1803176350102654,-0.08924150302216652,-0.07990855144859958,-0.06714401687909628,0.04176053522579677,0.11626347160410669,0.03438683632954616,0.1349694526738018,-0.04541374283703762,0.048501052672689206,0.17749841424108043,0.10716272975806306,-0.06142569023764305,-0.11245952226062829,0.08423073227968957,0.02610286998901064,-0.014356448737829996,0.05827327412766671,-0.05886554633677954,0.02372409912685302,-0.09388865978463877,-0.00703728439935191,-0.12661369520494803,0.03552589303082303,0.09420827474418345,-0.06899252474338957,-0.08783782953321369,0.11703069826538064,0.10524956661071343,-0.0074317747700762046,-0.03910588250573837,0.08073804549106121,0.28633321396608924,-0.03190584294652527,-0.019809778182899224,-0.03016250515203444,5.122665268219653E-4,-0.036367882586815684,-0.014381083494917036,-0.09577091476190733
0.011153496964793789,0.05480866490581368,-0.0700142018199386,0.09501418574897284,-0.10072181005386913,0.08552106492233001,-0.2207273998124867,0.001275366308024878,0.013317757863507022,0.07116120377894326,0.027350627610072387,0.17852347755021872,0.20549831123567217,0.033564261386967026,-0.037293142629237365,0.17857771823734597,-0.021287857161453587,-0.020090266828054624,0.06161005145900914,0.006963157833528952,-0.10195026234826891,-0.02911193720173475,0.055851090212548804,0.0015465562484690077,-0.09825473510652794,-0.06911299216479228,0.20671647724789585,0.16433507201634923,0.001148760388761395,-0.004104699674659297,-0.07931324733535432,-0.06082827415045131,-0.03372997636236246,0.11643326344843576,-0.04174595927079548,-0.07271646919833241,0.002215202837185539,0.06308315946639782,-0.05289489667088643,-0.03143039057004995,-0.058801360405337275,-0.008347861164016125,0.0032407339424319085,0.05545463458061521,0.14669552607093228,0.047666802184825934,-0.11644244952902918,-0.1946265510266081,-0.08588827811170181,-0.06986859017534496,0.06014273205891998,-0.09804225733109323,-0.028409438156798455,0.2772434426037699,-0.031068351674780306,-0.06094448192275101,0.063386062548459,-0.080428781332275,-0.022925640655807624,0.07563796924693576,0.003818445683170301,-0.01847122132978209,-0.01641851755047237,-0.07439960325170338,-0.002658824596567241,-0.02467721228264206,-0.07554895629726065,0.057817029960774174,-0.042017788455090264,-0.07224382477881071,-0.11307693695150867,-0.053107891524874634,0.1336931727373843,-0.029904778240562382,-0.1985289080038591,-0.04311434519226497,-0.07616463948452293,0.030869196210471166,4.464256513522936E-4,-0.13091899595564865,-0.10114792048656726,0.03631763011589653,0.016436607396985166,0.1906430654780662,0.0726321297225967,0.08631047916937938,-0.12496351486833747,0.010193165706781818,0.07477834112556275,0.1302715895109042,0.12456348798588047,-0.11317913726060767,0.12309924903739426,-0.10630173895617598,0.06370516029811196,0.08772170730856145,-0.1113469309531669,-0.06276476831092824,0.07684352311817744,0.08001479816855257,0.10916274106521448,0.08996680350007562,-0.010316349989941976,-0.07245890175160327,-0.1589350053376121,0.11894289831073189,0.17988555556680244,0.1345559098549693,0.07700974355070912,-0.12451888196344812,-0.014604280153708397,-0.053565608010584846,0.0787815457684274,0.09506655076186722,0.00616063204467439,-0.08412598324466702,-0.01301253860301519,-0.007361620881353268,-0.14760377116842804,0.07459551676669025,0.0669566068238236,-0.10980292360348946,-0.04581516796533566,-0.043663660494196004,-0.30722133534831114,-0.016908426661692025,-0.1912964487666612,-0.1324411671407739
0.11214923345387945,-0.1664587474640146,0.033146074930805916,-0.17532085759796642,0.01506893155182364,4.378820165724089E-4,-0.017325794080484194,-0.08873708185258151,0.014003742607594565,0.22576636294727334,-0.06151440593551204,0.02908114811734375,-0.11109039737694913,0.011806634611827318,-0.09188659704597245,-0.012674177109663643,-0.09477068533035493,-0.009137720842847419,0.06918952098662264,-0.0028792227521305886,0.020552569552970395,0.011132928701452528,-0.017457934305427764,-0.08987064833147905,0.06161676485775236,-0.10066140305527156,-0.0373361729485491,0.11726490513638747,0.029283367520758576,0.013506380356045351,-0.03772250608257552,0.11185937986030786,-0.09961770304270522,-0.009657614847376587,-0.041668430648775366,0.07398047682103136,0.026013109297859417,-0.08223678611759226,-0.06376370640387162,-0.048316640284889446,-0.04102761193617552,-0.014410283261344121,-0.04563790396893749,-0.06983234700558104,-0.07575245578802525,-0.14848327851338944,0.03657757797063887,-0.1422233739123553,-0.0431752525954929,-0.07547855029498358,0.022525383425236297,0.02237395720461558,-0.08817868556637704,0.025416372848455382,-0.005904548781157008,-0.038305462184094544,0.04059185046365825,-0.06703941707876546,-0.030749697226002244,-0.008869264646915035,0.1192591541621493,-0.18960966574749508,0.11159451987056623,-0.14918308736202576,0.16480722875852089,-0.18470701157733493,0.09795941953326974,0.004638475117139816,0.09267759863360117,-0.09371126850969946,0.006004701605476178,-0.2276720624530629,0.012395527543465488,-0.21313349873737703,-0.0718848669756952,0.15943740620058136,-0.0337795054355327,-0.008402574428977294,0.02058144802273812,-0.00557825860962451,-0.019658656702140752,0.07766759536114619,0.09094440710697804,-0.06260351791439264,0.09632889898386256,-0.18890764354933484,-0.21927999847515345,0.1543488070122483,0.11919673061225576,-0.06301975476662185,0.08581975074861435,-0.0031999454974292684,-0.07974908609772514,-0.09503579288184598,-0.14088284053563935,-0.07134152063522978,-0.06057003330072941,0.0609428315303875,-0.16727751222905984,0.058093167232110325,0.026634552395166305,0.01901573413360545,-0.12017212678352013,0.023303561423506404,0.17439022154858588,0.03605602104241644,-0.07895804352365768,0.12780857707837767,-0.050643307441418574,-0.10291454912444647,-0.05499022529134803,-0.08070229704863213,0.06388536228887731,0.021829779518279087,0.0074087478279256875,0.013919174041294407,-0.14046445792002715,0.023257965613336627,0.08805599512902743,0.06309158836311125,0.06697078888204215,0.03921349120783686,-0.043003215001092644,0.060746343270569256,-0.08675331632448882,-0.0282865846137134,-0.12817335960414855,0.024553979163842783
0.06322073119141544,0.2824949318324871,0.030041519599307565,-0.11128082045149759,0.08441072928863708,-0.10968193914063017,-0.04411121148748014,0.09946191368952768,-0.05617816354215891,0.02141040458249146,-0.04338311501114003,-0.11675183742969951,0.17362137633671845,-0.022465695771819963,-0.03798058030160361,-0.13533830551399595,-0.06958981062105626,-0.0729451402054244,0.06150717120619053,-0.002032089276086965,0.008309801864702976,0.07199386718252987,0.0274695703208367,-0.15285528131598491,0.016271647525542464,0.09392204162641392,0.021825412461258034,0.011492842539969881,-0.1529569281583515,-0.16861437200343093,-0.0715835260708095,-0.10253807313723687,0.05461547547297189,-0.01646346547116237,-0.14064079936386212,0.06239110588711771,0.11971481354817433,0.0653043765667144,0.01003182408373841,-0.12136327402558085,0.22888036232510525,0.019444603953170415,0.20539673069550043,-0.08635244488646297,0.059257561561672376,-0.02224484559052795,0.081105019842206,-0.10488596316990034,-0.15030684400702002,-0.08904270254887148,-0.09208595855961944,-0.007233583982348364,0.06031922023253907,0.06420339862028049,0.02016466919575078,-0.017758116180425384,0.0012098370617532814,-0.0326216099440665,-0.07336410122703753,-0.01033153966725071,0.12839306051755592,-0.06502575768876095,0.016070394830652576,-0.0379779100880805,0.024254125272430812,0.026319817399118747,0.08456108668103911,0.0056381123153590755,0.08459902750847409,0.13398686677648353,0.04959659105942375,0.08002995907632193,-0.08636813195900915,0.014766008806490469,-0.11287239302656173,0.07559829846169049,0.05832106357590469,-0.09051700791444317,-0.1586968705953417,0.14243001414749995,-0.06926744000280234,0.08773706330246314,-0.013977203071106016,0.08962943192452756,-0.06633609572493367,-0.2607945403732402,-0.17658762222154042,0.003351877274850203,0.0831480297893987,-0.08512530347615528,0.035671837997481,0.018573094460723118,-0.036586829156920464,0.03318668182453368,-0.0794678379903766,0.03018789319347102,0.09849515066601164,0.12053707045235873,0.06701435736697474,-0.05036266117637429,-0.013538959322939439,0.029224385861545008,0.029529817252398328,-0.010232427055498879,-0.014302582759026133,0.001418116869652182,0.07350293435302215,0.008956655714877422,0.04019462614355216,-0.20303519524917119,0.040403295273665846,-0.07003965713379888,-0.027350653899522355,-0.014093849432120815,0.0030173075174943953,0.009981863628918362,0.10829647831463783,-0.08420098450746355,-0.0561351920203402,-0.1525868631517038,-0.07005162134913481,-0.0886899772041998,0.024242637119426147,-0.08858071448644277,-0.005220832239343743,0.11488545947422049,-0.21806596075176093,-0.056893142706367944
0.020658947578590835,0.012691736122391164,0.04659422559501276,-0.040226645344816084,-0.08420354099381111,-0.008613907903894059,0.13982800338409399,0.0026548379022368457,-0.13207300911996367,0.07700386799773064,-0.12932560324525896,0.02184698580319414,-0.03685626246305006,-0.09797762872482978,-0.007554790978863038,0.08514757976779065,-0.05821245639535269,0.05006649152963953,0.13860989065902182,-0.09395063627673572,0.07021946335188747,-0.04674037518915769,0.07982202923938495,0.1584095630033891,-0.03930136864729233,0.036484637114826135,-0.04209420695310604,0.05479851647908241,0.022981911711883355,0.05341174988012762,-0.019067165824725736,0.040676329950416805,0.1518088315028933,-0.10973154767190375,0.04077626818540101,0.20238617450613428,-0.06888886886904283,0.041551843528136644,-0.027907011212177424,-0.0671408722392848,-0.0771464985008573,-0.07834582371761649,0.12774143972206667,0.04396413213989201,-0.12674109369167202,0.020656566110110946,0.006438048238251082,0.03454155903409483,-0.033881390972468665,-0.2071021766733958,-0.05853229517167897,0.0394003423122025,0.0915605183781582,0.07053282424293837,-0.10162167564721322,-0.13574928431982491,0.0550302213089403,0.05236727324760031,-0.025743176681091485,0.14206083305915831,-0.026275740020882777,0.11198045194848327,0.028095811524260488,-0.14061238291159767,-0.05603507218187117,0.2441401913009347,-0.03749322304740705,0.05104437069062488,-0.037613345263823254,-0.09088655197716287,-0.05115067844109883,-0.0707993718005292,0.15259259453278257,0.150707229876326,0.023538037414276715,0.16442841412951503,-0.09209360399093841,-0.06736058746411908,-0.07972306166888901,-0.012766275483142856,0.03731875533454507,-0.0026217292519828198,-0.04529373689547645,0.07606296859438011,0.05571289876842851,-0.011388766933039373,-0.05060852625103189,-0.02218449874721524,0.08841230696078059,0.09674726176307018,-0.009396479151224492,-0.015933567907052575,0.07612954322631908,-0.03348525074075341,-0.021831873815411976,-0.06548704175071786,0.05779460824408257,0.12511931981441887,-0.10753841759415728,0.031085383619616044,-0.04227368653676811,0.07549359952353656,-0.009999497149532249,-0.009395486077360684,0.2089115544583261,0.13920743841657668,-0.03217059232576968,-0.036542331955781264,0.0896543527656514,-0.10541014217444869,0.02596371667618482,-0.010849798508869146,0.08888326447839294,-0.052619632008109304,-0.04930873389450927,0.01512778300540223,0.10909214488190791,-0.05816131751073648,-0.10535126321924299,0.12058187662843706,-0.07727152358102399,-0.09895823243215289,0.028172595635307964,-0.024817273475737103,0.016690974516695437,0.07068744040087736,-0.08470253148810854,0.10357563055476783
0.029280110742418517,-0.010598624594060215,-0.11848301429755599,-0.10152850177056362,0.033054341895391026,-0.16364059532174463,0.06079938837470659,0.1048130148492424,0.09321411713059169,-0.012389342312689334,0.02973622958139836,0.1376589690220373,-0.09656223415925781,0.037889369296129904,-0.05132484226420228,-0.032025777415723544,0.08117549032347507,0.09354041454717271,0.0988423197890539,-0.10436818655143984,0.06176782172502027,-0.10510862813576428,-0.12421851480060353,-0.2074979792374151,-0.06095908156351387,-0.15583423125357027,-0.08500045595912903,0.13204121817820647,-0.17029748682199922,-0.1264425231843439,-0.009297603486004915,0.15797548522459565,0.0368714320279081,-0.1061040864873021,-0.04958222149511293,0.08946202584324608,0.05417248367378392,0.026392370119511437,0.2629660118339642,-0.08761764685715005,-0.06212009025077556,-0.08949083702112315,-0.053154043945690135,0.014106983830898263,-0.058765379697790034,-0.12510178899077914,-0.04286644540066155,-0.013373110671583754,0.020213783368171572,-0.017122063555539767,-0.06596551762575682,0.0692798447607955,-0.12460786018302637,0.0941226342244091,0.09596950019677762,0.0022058509210787424,-0.005628488003202001,-0.059404412629498936,0.10681009744101769,-0.012315402706815831,0.22333779322552055,-0.02111011260810784,-0.010918919848535946,0.025799997446849736,0.03119066069536773,0.08162472169502213,0.12441775181274056,0.09281814291929637,-0.053328878148500014,-0.0065953431754394495,-0.0623060421203038,-0.054630159485452794,0.034947960987648755,0.06442338664418819,0.031630388603655066,-0.05433686498883776,0.06634364868125316,0.04515068800630435,-0.08000534660932952,0.15994281638012983,0.05125536486663969,-0.005963834462814581,0.06172876164809495,0.026465710273740978,0.036607926437949675,0.02632376147611588,0.05265151817297859,-0.019794261370358075,0.0020977570061858353,-0.1181870685386788,0.011645845871176693,-0.024873265462314352,0.07252809368248705,0.11744174279944221,-0.010204880355844706,-0.02434463347207438,0.03633103632056966,-0.06733345402415479,0.01859820472549664,0.010562693101755699,0.019719311422302255,0.11539663551048007,-0.15372513219979345,-0.047229330714394155,0.1133601113925409,-0.062033144239864946,-0.05632203551632494,0.1533104995911261,0.06302432020947153,-0.05361813302552802,-0.0973978703701337,3.266303915371591E-4,0.05740494340479432,0.012080594448208097,-0.007738261101775069,0.04124382831109296,0.16344822894777816,0.014977883762143996,0.13829690748760737,0.09228566598594516,0.25316878217378663,0.06863021013348838,0.012368953809857254,0.022304165178003987,-0.19435259085444395,-0.004581025259486472,0.11597016669793443,0.014495435074953949
0.0046924646502225845,-0.17433262661800386,-0.06377356391178392,-0.12302618472159953,0.01983012844548447,-0.007577283719195248,0.09708526606699762,-0.09376069406019086,-0.12419610646285895,0.006764193975881303,-0.04485415540972392,-0.10143446692950098,-0.12344859108507687,0.026228986260137116,0.12739839094067543,-0.005893087023134015,-0.04781556250721688,0.013663739290834654,-0.029966345201409818,0.03416491043400307,0.05508470620087737,-0.016526731763990114,0.03705219342795258,0.14535513105517664,0.14017357649352807,-0.10083923433293178,-0.005277894899453332,-0.0401634965379091,0.03325330243525977,0.09161304138386925,-0.10844570935505085,-0.001006326076591602,-0.04881590753256611,-0.11346216734417384,0.07372102328830771,0.021400422287766903,0.0194843782923365,-0.14569435486215246,-0.01957706288888716,-0.16657660399142524,-0.04534972161897645,0.013378214907222796,0.06747221521578523,-0.135620339728304,0.02657745175625635,0.021821126650672477,-0.15143753588609557,-0.0036463158808297345,-0.03895488106547171,0.0946916374558297,0.06525095065811529,0.024358405850878,0.12974068290815932,-0.036690080818424994,0.07624173130079925,-0.09128594710751115,-0.14087133551275063,-0.06979973464312321,-0.1262218940384107,0.09022395860831965,0.25093472272932194,0.06262044116162908,-0.012049285280777674,-0.11142654432533926,-0.046007280636580807,-0.03579566456147155,0.1526109392386279,0.05559250533344173,0.04148308604322434,0.09848258838109085,0.06012268692831756,0.019198112852444844,0.01964006185479222,0.11089472405228204,-0.03950456474179869,0.08896267881606278,0.04764351250552936,0.12187563713430744,0.001316008272862123,0.0585401451378489,0.034257389571850545,0.020790642397645626,-0.11647572824807141,0.1783469510702103,0.0388026666696281,-0.014938955055765911,-0.1461541714748573,-0.028885121354299177,-0.10045964503428866,0.06327088055619708,-0.15377867938120288,-0.10327958535394019,-0.06272434711805931,0.17353597693105788,0.08820033409497632,0.08388700057155729,-0.20432207504683514,0.04486338603774503,-0.0243199088883635,0.10227025833310953,-0.046015598058807,-0.09201823083781416,-0.10150140219476993,-0.05268487220073859,0.039125834669904776,0.05284232871479154,0.043528891542241904,-0.030794641522437376,0.04603227503526592,-0.01766387868802943,-0.05807155346223203,-0.15946691188464118,0.16367329509733258,-0.019858534462964688,0.050739285160977775,-0.06857603798167261,0.09082213318060284,-0.042395200651721754,0.04461010944491129,-0.09675840631185842,-0.008266464585558795,-0.05521009676981914,-0.19782862307242174,-0.020583528314578825,0.09615829135828916,0.04329804251674529,0.023754984331534813,0.17791578001026223
-0.17524456310402992,0.0020872548471472935,0.008990965075980763,-0.34610655505033605,0.009929487141786493,0.012963012499841466,0.2111865188235921,0.07777865982814053,-0.10618487673778043,0.010843775313838976,-0.034681963946570034,0.17688791479330418,-0.03338093419128308,-0.07757526106005615,-0.0011070633633771512,-0.13342054236877632,-0.11487315921318604,-0.021228686460387367,0.03971624523782018,0.08521025686587598,0.05691689648548525,-0.15683778491716077,-0.1580664244502183,0.05369552154834943,0.07955724101858151,0.07578459764465134,-0.21158476857034586,-0.05072530028381377,-0.012194481866212619,0.037531447992052526,0.07867339153218462,-0.13180393587434777,0.03942314427079114,0.11238246143681044,0.09328425192597592,-0.03516061834782895,-0.064045351954668,-0.17158710566360874,-0.06055683243020279,-0.13485604267662202,-0.04169380723070608,0.0644619945219653,0.14603309262867462,0.07900259660766602,-0.1119115076991617,-0.01447454938953693,0.04444511708501815,0.07404410587781647,-0.041457950054123484,0.005804126304751038,0.04089849480877506,-0.04360830858076804,0.07329815204863165,0.12367430097409585,0.03190624638777714,-0.06615155274143954,-0.15314434878922953,-0.031979698033884056,-0.10710430126255169,0.13696670847383588,0.13484923556428513,-0.052116808637463055,-0.11092438905929058,0.06833945461458729,-0.09413640223825871,-0.046561937499736396,-0.11270293505955661,-0.01315353460762949,-0.06246110613056146,-0.006053220577438395,0.013101946622596785,0.1364951793513537,-0.048654421150887535,0.01699134993821989,0.06833227519464631,0.11256976938806396,0.1494480685487959,0.08212263635010919,-0.005485797489875625,0.19210980620315515,-0.18121006907440265,0.13578647860109672,0.20060348032017217,0.03528256070487087,0.007825724177513175,0.021647667969104892,-0.13434233085676223,-0.10971228945497823,0.038130086367640946,0.11246788217298838,-0.09613003039443069,-0.06595993193342753,0.11541887441579113,-0.08320141999221294,0.2034239982910835,-4.7704973973289886E-4,-0.020333376234023082,0.10259845343493124,-0.19862925134224543,-0.10297919524020963,0.08131172181250002,0.06096422531109863,-0.1343739348106581,0.06099984711743123,0.04095777805501001,-0.02597235942942662,-0.166114754954675,0.038612598267761124,0.02462586163758647,-0.06362853035893223,0.031163072183958928,0.07114248440875291,0.018586823757913106,-0.0200647587592933,0.022347318919710403,-0.08904560381333071,0.12377425451200329,-0.21204170801817265,0.09591475221684309,0.0767202241565009,-0.012050594491314147,0.020309492534895016,-0.11477483942260312,0.18945213221020588,-0.028774928782618434,-0.05418644773016473,0.05313562646843224,-0.039680678918963964
-0.14643965424539626,0.16186476164741773,-0.043268304218979134,-0.08482306742390018,0.061683113595213515,-0.00956383657055193,0.016884711949687936,0.13259641564909147,-0.1403012630907174,-0.0878385275712786,0.1035825467892625,0.032163771594270404,-0.0251374931247388,-0.028733272568083713,-0.12037735159142775,0.10601793264923132,-0.09851654513231609,0.11690927214887344,-0.061300990991829556,-0.03378445836014932,0.02061408178867944,0.11781125705130151,-0.035577007389633215,-0.08335124184635405,-0.16977946787442016,0.16254476594066647,0.012119028135370188,0.023854744325889018,-0.11392033273987723,-0.08841098101111118,-0.0070410509935146985,-0.0497673575278002,0.019347203958321568,-0.023738679499932153,-0.12979802882163227,0.013116964293561021,-0.05173014881880879,-0.030477915955016147,0.03903412477689592,-0.15373376146884957,0.08502392975792847,-0.10246783887990321,-0.0749835387149211,-0.09691469227942373,-0.06738974510994365,-0.09660404667154941,-0.12264118362995174,-0.056599684980848435,-0.046263973461534706,-0.11208926491913866,0.016485619518961686,-0.05965772869494847,-0.1023529517168331,-0.07940328524261249,0.050716003441183315,-0.1469148787115133,0.2995724474586725,0.07367111359139943,-0.10414467059962494,-0.013009734904765757,0.05151134683653267,-0.05963288565082648,-0.02973781699300186,-0.19927964484280608,-0.026404342216498716,0.05146941841719117,-0.02217500966163822,0.11803882575331812,-0.0024921542501218875,0.19994801831656644,-0.12432673028658373,0.042990538473315715,-0.1849200181553314,-4.842290376056539E-4,0.0636203551244055,-0.12275420848763019,-0.07413299697636089,-0.059281741639057695,-0.08114503227774932,-0.05275072690921101,-0.04195129377507002,0.07983004049055739,-0.03304395157309583,-0.16327827813657497,-0.013489395761118721,-0.027400837673938406,-0.0918535986224418,-0.11231352951954016,-0.13052615244867297,0.05674635973085604,-0.12323159544770286,0.0323833287942807,0.05993771029461291,0.04266825971238637,-0.07854645941027799,0.11615530027748763,-0.16216421860907151,-0.007430711800218132,-0.09695438129768573,0.051990134324334504,0.00280851243543191,0.07560414249585996,0.10629851481860941,-0.1606251227970319,0.24571173397410373,-0.14757665767866981,0.022865449736096072,0.0884563359012953,-0.03830025782944652,-0.045571108034076005,0.07885350064089296,0.014701033959696349,0.11195483320821571,-0.040150508346139535,0.08205507877473024,0.07094839754343052,0.14202912815127686,0.06274097668815116,-0.08509628160395527,-0.14091283066697088,0.15996121308946104,0.012411478901786666,0.058352308648315344,-0.0023041055967524117,-0.11448505165005127,-0.0806215854506874,-0.018889746621512202,-0.03128683604911704
-0.14348345090700437,0.01879605912173799,-0.01431273652980702,-0.11018574780820373,-0.17976021210569768,-0.032074745536327796,0.25546327642847594,0.08926148642748767,-0.12207043247321026,0.054593009268175785,0.02466592968663687,0.09997250076582051,-0.011271397627244521,0.12274588781886685,0.11218460118977439,-0.016988122348199887,-0.003047755150433347,-0.17516858468528948,0.1773329314507549,-0.023635975024032075,0.14585797716235874,0.09890604688890853,0.02417508069754052,-0.12272066536745799,0.07088621443721255,0.0011684756490311322,0.1109929162190356,-0.06991621755607708,-0.08216545947197049,-0.05380598320059629,-0.24045974049686372,0.029703369295866044,-0.031177483722020675,0.04165783179363041,-0.024652006373715517,-0.04715403935419493,-0.10926980019067087,0.06410195336603541,0.08253200282477258,0.003613090277925857,0.19105063159018834,0.17608471210432491,0.11367745630738049,0.046756285115091854,-0.032818717092599384,-0.10674535737660634,-0.08193985975362812,-0.08742262369738248,-7.389261558607273E-4,-0.018266210098846054,-0.0068144764524774165,-0.030464992410690797,-0.026187832597637063,0.20701108704381457,0.10782386469847373,-0.019138372914947036,-0.03101797964901146,-0.10746209286720379,-0.049077276766517214,-0.07553148784955015,0.03849912137823079,-0.0382520679437273,-0.05869678769083971,-0.009696210693077027,-0.08675365176730349,0.09285852594898343,-0.08781462752067508,-0.033678545538716305,0.03997331148417354,0.07084125934530014,-0.04806898238402679,-0.07296569846329479,0.10811108680584482,0.04312465362083094,-0.12906849769548895,0.10632219668778002,0.15130821924794613,0.10852165694713532,0.06870515733491478,0.06307500316788862,-0.0690828443720885,-0.04579074777842305,0.13385048602507454,0.04573709785344099,-0.025074700420662878,-0.012329128780900398,-0.08765031153327096,-0.10644669747967155,-0.10285029780437116,0.03176672694761025,-0.016961966701751974,0.042540832484907816,-0.07240987668381192,0.0753143364070856,0.0287987813378544,-0.2183530173691346,-0.13969164934255446,0.07717693605159597,-0.03413025030350811,0.020044731705951245,-0.11691598064332684,-0.017900760104441183,-0.14293348323013785,-0.14666372217337428,0.05787565963642576,0.06972635784995476,0.05938684947575498,0.1360102405087306,0.06925311190182443,-0.0775994139805516,-0.004020207032870808,-0.08546501555197637,-0.25660723565259075,-0.03125385028762171,-0.0766702732477661,0.05708937976207088,0.17679430909324073,-0.13883191877635673,-0.018898195882046945,-0.02016589413371736,-0.06324990708427747,0.04950285048491336,0.027454079658683087,0.03338397542007946,0.02205930472401275,-0.11691262448257148,-0.14689532703965913,-0.05257353710448457
0.010416748717620775,-0.06119091901423679,0.10972734179272647,-0.0027489180429264345,0.10428178499200584,0.16773482199530373,0.018249361556152612,-0.12593306986640557,0.037359967946220984,0.05216892055407222,3.018718187924401E-4,0.1277457385777548,0.09483847932941472,0.12512531938151772,0.04966488160468947,0.0373135104651621,0.08902329773917507,-0.09451003169089847,-0.18099366615062334,0.04660435917410592,-0.05829054012921887,-0.09722904816202296,-0.16812310736579772,0.04964589071691133,0.0027547634912246806,0.04841857165937027,-0.06964295293110268,0.013060075361163055,-0.0040628077496752965,-0.09525478578403636,0.02709765491465825,0.14095699650418905,0.11332592187701912,0.09281448472386333,-0.18369687632928608,0.04053009027443154,0.09400045008486223,-0.12574247188988802,-0.17114146297321348,-0.2204895227883125,0.05391300689538286,-0.09449614262534818,7.150816262463527E-4,-0.19186577764398796,-0.0746917375572747,0.06835876161903796,0.04725099934422245,0.07259805789589896,-0.10286373563995325,-0.025622669770070643,0.07828873343600028,-0.05646317878977595,-0.08218947106230218,-0.10083082356279383,0.09978917328154968,0.02533485150177693,0.13590620793572106,0.14961153856758658,-0.054561464054249637,-0.06474531921859744,0.0036993433411171223,-0.10421016230022652,0.004515701417274703,-0.12237247548407629,0.13771885777868026,-0.023198326302700075,0.19751143475809907,-0.05889984906796161,-0.027902194016221786,0.0419274222247954,0.06673649200562644,0.02463450466805724,0.05329377497046787,0.17022561096691458,0.026941939976209302,-0.015337248062774327,0.004537812041829534,0.04099407899519425,-0.12221154785128427,0.08286819185098207,0.008080821897202377,0.1133201564123563,-0.12768135788255305,0.12366975068607652,0.1580171867556175,0.0167349952724875,-0.07521639459654095,-0.032283586139200744,0.06766041823341373,0.2575574364958576,0.044475919632911025,-0.03488656086344372,-0.0020383028836216026,0.1060376184437025,-0.19062086026591005,0.04982447976258985,0.10229771222453225,-0.008935945891892236,0.04860585699752218,0.061673922439920606,0.05506337548769469,-0.06357388537429977,-0.05872006325457676,-0.08823630246024267,0.03330665668788677,-0.01757275108987464,0.012605564889831417,0.08283355925409532,0.010535617491440523,0.15118175571313242,0.05773476278059464,-0.11457805574378123,0.10270373077641393,0.13280622265881933,-0.0948236730130747,-0.018796885634748482,-0.01884637887227074,-0.06784064630784997,0.05581518766646008,0.005521362372876575,0.06772905952079278,0.0016438741573366836,0.017407096787942344,0.1308227109655471,9.128347499733312E-4,0.08454295322131021,0.07546336282910684,0.02598475581893996
0.03321186971090599,-0.2662246365040721,-0.09321151406034962,0.1022246763443504,0.01537668548483665,-0.22993660734477805,0.02705040936463687,-0.08301062466533016,-0.1237189556341969,-0.23501452790577196,0.057831962734603726,0.10070465329891817,0.04614082816652899,0.10420180540384676,-0.13642565997346473,-0.09973039035573679,-0.07148540539626597,0.04250487981958649,-0.019711260589191988,0.001371826723696541,0.009679611514584536,0.04612133698740415,0.16216429702135837,-0.07243633819879491,0.12863704093661227,-0.027925743500307975,0.07476268485617124,0.07558837452907774,-0.13539912020951247,-0.012437209613216616,0.0021391245596274954,-0.2197035205255903,-0.08941821482024175,0.08031521316080828,0.08051116757035932,0.15616017722481101,-0.04361755496912216,0.09429071600402308,-0.03944131052435219,-0.022990243357982363,0.014982190998582076,-0.005130563539348893,0.02922961126660798,-0.09010160601650385,-0.02294344797317266,-0.030060340347546767,0.11956936432232709,0.1792374720980496,-0.04673618006488364,-0.1727982146306634,0.013321588719754519,0.06302124239842954,-0.02943142900343602,0.26426498077142857,0.08437117748348973,-0.16283945793704477,-0.11958452370473079,0.09372371895233302,0.06221649623761862,-0.015867108614654263,-0.011508021399933113,-0.009218273444265512,0.17308906250702452,0.07728750700012188,-0.03742468694084995,0.03207893221987464,-0.27979237259611195,0.12263205661514359,0.05394211503867406,0.05913247218082989,0.09837244210527274,0.12433930323334064,0.2029657030481307,-0.08387136362218489,-0.0462527431129706,0.21375223032957183,0.008338421195618902,-0.02398382047270694,0.11886382740481943,0.016585713968168034,-0.13670526035006908,0.0980611220124374,0.03446091997686186,-0.04906695605001127,-0.09420901192454635,0.12428524455584462,-0.007612201284011657,0.06945292839860227,-0.05459976057519278,0.06809339435211746,0.102799514086627,-0.04670763006175632,0.014052176383019692,0.07093473045451755,0.0638524229119845,-0.0634264795121162,-0.0938789463831789,0.2548359870605197,0.12960376278492086,0.08602021367744943,-0.04638302186354212,-0.0407476826995312,-0.09796832269136303,-0.03416647614984025,0.052779189131660166,-0.28017749231362643,0.1014570007088292,-0.09818236066293769,0.11719727383675292,0.14095041720522639,-0.06354863574478745,0.05019579147778904,-0.0728182184120105,0.12220700592449579,-0.012103887700580275,0.012199695829187156,0.07848210840406648,0.01598998430979331,0.044106570481797454,-0.14229060445042382,-0.02658124138217257,0.10947118925248983,0.0399964809402736,-0.2624838041022684,-0.07894536504024133,0.04642458588912168,-0.136523802378665,0.06932742167447091
-0.06797140790730587,-0.021505631434589962,-0.011401763502667762,0.12276738244756212,-0.028692557151243026,-0.06368226545040671,0.05541556182001849,-0.23095962848765478,-0.023710322884561822,-0.0714051200217525,0.06861775782569884,0.14386439866384462,-0.09445596233598276,-0.08636658463914101,0.13622011321976168,-0.11885259454621777,0.0021789368009004694,0.01172799658813867,0.12944050758155104,-0.19371198761556976,-0.010651091152341892,-0.051104302803899014,-0.17074834657994506,-0.032994301088359726,0.05435895362509631,-0.025178202878746794,0.12976047996693704,0.2024067667609442,0.08130054341395442,-0.04619413001716345,-0.08132268712703561,-0.14140081269221622,0.1759874380112917,0.11352204332610977,-0.017845345572770656,0.025500320667347653,-0.12882993130267456,-0.24602850873771803,-0.0038851413100542934,-0.02975491072756553,0.07064238943533065,0.06257859400964876,0.024244961100173212,-0.12031252049383735,-0.08597199168022623,0.012247056660368053,0.12762166427454527,0.07970643829482887,-0.008392677990912808,-0.1260892525926665,-0.04293988677574379,0.10663475480445163,-0.004747892936414382,0.06376241619159723,0.1969020516365254,-0.020970794710075402,0.13693954961727878,-0.060241634913019315,-0.08565605151201024,0.03872417199312839,-0.008172262922768765,-0.05230294331748483,0.061369250984336925,-0.05388376840248373,0.11065781318430609,-0.015330618766194352,0.02317832664074417,0.07708161461809725,0.05219571717590874,-0.024307690849356068,0.026967107737030795,-0.13068310700543834,0.0473090247291096,0.13741405450078395,-0.03484820338813418,0.034536351755582964,0.05321864937617637,-0.0645691337066957,-0.09029466003662169,0.09387009503556866,0.004874768509514767,-0.09933684248798424,-0.01660871448600603,-0.04544791028336106,-0.0645305681462014,-0.006227150574747684,-0.1626806074306268,0.18371359629610742,-0.050408863549288814,-0.023337073838738183,0.15273336272074287,0.040257345212085495,0.1815296210670614,-0.05830753049000779,-0.16201272112416698,0.1904591345806858,-0.02000137703759519,-0.08737444039483393,0.04642389774457664,-0.001716474268306522,-0.01396297744264205,0.07264354300493521,0.04463574439190261,-0.22709461476819792,-0.06811432316308874,-0.053460677115579565,0.03534765785433687,0.0014882378623716245,-0.05712869318212288,0.003355633550420665,0.04955077102836455,0.018924819512033446,-0.05128774468329408,0.008014448730102762,0.0029714658079416758,0.05392006265724419,-0.05518544670893785,0.11025851118331988,0.0031607932666401304,-0.0926839251298005,0.05729097752884007,0.09213809226933148,0.02487729446647723,-0.05721416322970744,-0.09033618007909132,0.06434883200367392,-0.004731637478091226,-0.1654817706106869
0.07668520813101568,0.041911338244717274,-0.010548319419252107,-0.09257225335153671,-3.875146838668833E-4,0.07245417662227453,0.12611509154427458,-0.09683352622293225,0.23086615447475134,-0.30036525159364785,-0.14184674722360918,0.06623836782715542,0.026600907416176187,0.13531021880777233,-0.052673426010271224,-0.12787673738448774,-0.1198240616269317,-0.07542347000710144,0.17679956498911992,0.057419841130123446,-0.09211271359349957,0.09539549477415023,-0.019760671948232975,0.05246804838130134,0.17481432190086107,-0.029029752571605484,-0.0556250142354058,0.14803711061416852,-0.11472708272230496,-0.01654378879319984,0.004475597617816656,-0.116088298495809,0.15645837682103075,-0.04978098295799786,-0.14132062282627364,-0.12350348510403525,-0.03381082045277426,0.031200432036187775,-0.006627094150575749,-0.030922050763720406,-0.13292567545496856,0.19825390347398456,0.21002480561782896,-0.2022764223989194,0.05290271067912885,0.01131800849671979,-0.08200710268801599,0.018393560439462324,-0.045428515235208466,-0.019809698806139822,-0.08300181626210983,0.056651868540664216,0.06834923504534153,0.11812104008839318,0.1124824352935144,0.10695696612760838,0.1361726889411262,0.03308014848184674,0.06155125190768245,-0.0362676763908935,0.09133835262241913,0.11667721279074653,-0.04841736017639808,-0.14620509790097427,0.12568541899497623,-0.10045176390574563,0.0035302833167280756,-0.19242319981688025,-0.05942026664734381,0.004952945355737677,0.17172018321631705,-0.034919616103376766,-0.021367221051527906,-0.12343499424652508,0.04312189442371275,-0.11686055564436974,-0.07810065835379189,-0.05879733478367197,0.027224669334805666,0.06288526570742049,-0.14776836156988632,0.137055387235542,-0.108684175186794,0.011597676348021817,0.1118688867123725,0.0905516224267401,-0.041806708767132786,-0.15533847719671307,-0.028535794797714276,-0.03852284396864378,0.019838182657665293,0.1291567687639221,0.005099949771651889,-0.15152228161714093,0.0272229431825096,-0.024449653228409914,0.12239470998868213,0.10756153634407901,0.06871899849855728,-0.03947520178179292,-0.12142793399164167,-0.0066930928154736915,0.014948211182683474,-0.08185357880160825,0.04468179834531845,-0.06441896908080054,0.1638230553132471,0.17585732682997052,-0.03633838435162149,-0.07727614255623737,-0.026929950465797953,0.10504014104416,-0.015996737980434356,0.22309263494470374,-0.09723578686636745,0.27710981670794566,0.2373671357773139,-0.1062640627865011,0.07487164683751595,0.03639462250143571,0.022622053871768716,0.09485330895120599,0.013066525279695713,-0.10171350189740251,0.1081343017787042,-0.04313491965233446,-0.11234859431903883,-0.08663835198409602
0.10152340525276554,-0.008777225947470609,0.0806486981969529,-0.06060831575834531,0.028196155183823884,-0.02132957389852758,-0.09736102161913796,-0.003464431215311527,-0.0628156596778112,0.01602905159070083,0.2028767365194034,-0.04730116446024496,0.19334249002510803,0.12932461801030193,0.11770343316145755,-0.055138773152173005,0.06403814225176911,-0.09059387617286017,-0.0853124852940615,-0.004118162260727101,-0.03596187554831407,0.06132716173693779,0.03704913621731655,0.015546200929261293,0.09048237127255682,-0.0375683994980721,-0.0868677692100892,0.103460734995323,-0.2378606271558891,-0.09446299447450478,-0.06909319909592004,-0.07400308887228461,0.011286075314599067,0.008175033147210548,0.0202528278089943,0.06961480395230783,-0.17350276088133249,-0.06600940448004593,-0.009396242928190149,-0.039611345928815586,0.11593808914469866,-0.038202790890494984,0.11607563755993865,-0.04414272273212101,0.04148611873565514,0.07684974411033592,-0.16962039024351827,0.1431081820486121,-0.05288448901459489,-0.023906227004682156,-0.19195849497174078,-0.21560774015165607,-0.10294075048767086,0.02001832683371326,-0.08860427157764646,-0.03895207915050406,-0.08962922576938177,-0.08201867896355766,-0.06528818408364916,-0.12154502101911835,0.059674033199912345,0.06639849240993095,0.1317624369291811,-0.09375847957784206,0.012507550121731768,0.17090329701236032,0.012370758258179702,-0.07326023862130104,-0.04449492212231632,-0.08192508230485296,-0.18314912481907206,0.1304172347084433,-0.03382218330610756,0.09644621402359248,0.05688729509319637,0.15019781194030726,0.036652854366349984,-0.03781866513516423,-0.045751812821087055,0.06837963449655907,-0.06828757634172676,-0.05702462123318938,-0.024032600667374213,-0.21926886036220208,0.015930996924818232,-0.10798031242342054,0.01804919425902618,0.008324749537480464,-0.005493023367310215,-0.10341782723718732,-0.05029511368100296,-0.0315874711969695,-0.13338920125065418,0.01900058840043973,0.026265031526257546,-0.018385333361206246,0.02394089816614815,0.11171366275646114,0.0414408963087282,-0.017634707533971238,0.05205579136589323,-0.047254143232348944,-0.11019857527585761,-0.0015090620607267967,0.048789529042987015,-0.022534170149177968,-0.2299457397976234,0.0627673501128404,-0.0017916766429568278,-0.0018764032122777908,0.10799674820978589,-0.0030006496962849995,-0.045002507795681206,-0.09700900064656018,-0.08864570550435144,0.13682834864081114,0.2076168867284027,0.19512331128230484,-0.04292870873233594,-0.08931686077561744,0.0346886089264382,-0.053915120910331744,-0.02148384135612377,0.07507591636991338,-0.15892901573992155,-0.10379599620081727,-0.07201512663924174,0.06126732672528653
-0.10769046312551458,0.027385744806406525,0.07141690452621749,-0.06101251995306241,-0.11838940746583035,0.10456200762176109,-0.17745444512945183,-0.07544763797426325,0.017713686753041302,0.078664216681139,0.057654005064597,-0.018768865930104885,0.03742407779242267,0.10675897988902922,-0.004679877672739611,0.07774198316274508,-0.10666376375219605,0.12376203126885689,0.06262757792189873,0.039349714466753255,-0.0890053681573734,0.09367615145336455,-0.111121836398082,0.10754641138548125,-0.10364904616441384,-0.035950979994056574,-0.056287857396782805,0.044809598645603216,1.2464106648340991E-5,0.01756147167114929,-0.07669108383041165,0.018146576899410394,0.06086669370132197,0.03810530766340676,0.06734939227590811,0.15069067605879816,-0.0877494260029375,-0.05074925352971637,0.01968158959979063,-0.04904158672546615,-0.055010438958137335,-0.028151920658476198,-0.038637822586726156,-0.14431197359468528,8.553500264035425E-4,-0.10132777519284321,-0.11927185300835823,-0.012097267075710245,-0.04056173776104944,-0.11574761098291136,-0.09742041267608557,0.0632218648517654,0.12376370438041064,0.04147698526896338,-0.01763803746212606,-0.07379856600843264,0.1954514394835992,-0.030512753866477584,0.09392685351005226,0.08032236484630914,-0.19879948581063503,-0.06539123388665777,-0.037032501590187235,-0.09378828141059461,-0.12242481329725897,0.06734078683735616,-0.027803813072439548,0.015033187800448414,0.10238830994460477,-0.12501785091317139,-0.16058558008277563,-0.10656554048608621,0.10802943738509942,0.09621523594972058,-0.11866781721856191,-0.019141256908997206,0.06147559785332196,-0.042339079570453415,0.012553843465556649,3.2299186673161694E-5,-0.10495833617897124,-0.07763136497936603,0.0729014066736986,-0.15753901571249626,0.08151955966470806,0.05473085323183216,-0.07669486119699366,-0.058131574850358234,0.10164337690067661,-0.12034675416542669,0.022503230112636066,0.14274332282640897,0.15260655829536127,0.019075116222123486,0.03466004158823106,0.020540622447625508,0.00666214489098038,-3.684467475816382E-4,0.049379819845100204,-0.06123471571723859,-0.019214371794186544,0.04603894217325225,-0.01797566328646423,0.05020516007692551,-0.043332705379707105,0.02128553992609286,-0.16830590148453214,-0.06906077166387921,0.017582998431177513,0.01567701410884803,0.07585670973686234,0.10889073294545176,0.07526369398169126,-0.17530114488644902,-0.07064814971683145,0.06013750378504629,0.17153170745115465,-0.06547652318717463,0.00923265193240985,-0.18597568194061617,-0.05651774622477875,-0.04349892361197655,-0.013750977780427677,0.040778860805706446,-0.051962864822232814,-9.496011710303197E-4,-0.1210740114236803,-0.01403633696020278
-0.025570800226326264,0.04999173467326073,-0.044464279213988475,0.020125412613233803,0.028398231457627314,-0.0559728352877686,-0.012614260595383831,0.04107624701075618,-0.11236291739068191,0.05113575655306557,-0.13432930201043006,0.061175343478901474,-0.0786461919692559,-0.00336760096205795,-0.026607668998192103,0.2004431997478223,0.03188034436751094,-0.1277814666002202,0.10143683748062603,-0.026576386633954136,-0.10413624255382321,-0.23111250681329976,-0.07183254849895013,0.07755908342959694,-0.11137159330038805,-0.07199081900175139,-0.008652540589284826,0.062112084963627696,-0.09360188879644749,0.013516779340817763,-0.1021422369610945,0.09636711768618172,0.11143763035433375,0.07800598870185217,0.0607729465361364,0.14584601181086154,0.07789500290230261,-0.08699819378861849,0.028431092418645828,-0.11301738899779613,0.010221370503277658,0.024737576745738135,0.134898235208984,-0.13148153166337906,0.04587524065844956,-0.09921609790534991,-0.019891412847461203,0.022464255299058055,0.018711870902734875,0.0941747781153817,-0.18605648984672019,0.052205691361200325,-0.10606866827348384,0.04058632280421835,0.05533599746914484,0.0906457868708788,-0.08944469521850283,-0.08798474242296364,-0.04937923980477009,-0.06554981268703317,0.1040286617180762,0.08051093091218871,-0.19026622727032858,0.02315885269932337,-0.05513543132959326,0.06357867836342006,-0.11960680710241253,0.050213136993142525,-0.08220633232547525,0.10057822575414249,-0.17727172359845983,-0.09738955436490257,-0.08949612752426114,0.006746894854350147,0.041466464592658236,-0.10540683523091575,0.044260497111234906,-0.06939555054518068,-0.14098761202557564,0.02208800910945393,0.04355017227309082,0.02707045014582445,0.09093277336972168,-0.1507204332105294,-0.10756710987105658,0.0029351300947911174,-0.020823624480201423,-0.03560024671720554,0.14031269416911532,0.004274614733105971,-0.12526215996938217,-0.04263312744050259,-0.09592802006923928,0.01942388497679473,0.05201017490272489,0.10938030012427026,0.007588382270388686,-0.1242201796003537,0.171808944639023,0.06618672999482005,-0.011607346008648892,0.11979825548909566,0.051672094127688147,-0.18761508813940597,0.02670175474876809,-5.790029814997811E-4,0.023561965860437725,0.05992011367968136,-5.059482378981178E-4,-0.1049788412389463,0.09013437225484179,-0.055262313829927356,0.17113101617390328,0.05838912535204013,0.06044036806685673,0.10028620551066741,0.06949402670274751,-0.09018688787961347,-0.01466454967257122,0.0027414019357053657,-0.03986746273126293,0.12675327096760097,-0.12674155525173342,-0.027816270262183956,0.09617742489762225,-0.15410803269214718,0.06500513364677575,-0.006722117284042196
-0.1891212949828909,0.2062633390960456,-0.12156021371287855,-0.1453489764504828,0.0018826372568531246,-0.0034666786659311617,-0.039084144042470376,0.031235686301407987,-0.029996965685449305,0.007581183748275175,0.051330009556325565,-0.04836063076729379,-0.015168841053663243,-0.02912679354952924,0.11563768211466283,-0.06527200873509177,-0.09291582934559299,-0.009178358788664095,-0.10786389190754768,0.09832705159738382,-0.06917503633433868,0.042798915188822485,-0.23680303257535523,-0.04519476541533774,-0.030762390649431707,-0.07026946049041352,0.09437452753706622,0.19752561213279193,-0.05794562358265845,-0.04989199810526571,-0.0818659803647521,-0.07656623982856363,0.01594675030653096,0.23067433295110196,0.04740972430550146,0.07130963453793195,-0.02148978750147033,-0.10512371713475975,-0.0157230265372666,0.09405534740226003,0.0885274388256998,-0.08995238667368116,-0.010808705556072103,-0.03482668024843545,0.022430403726263842,0.04161763237714041,-0.007203885961011321,-0.0882454739880864,-0.2522409960038869,-0.05091001681127946,-0.036324582019073744,0.08553703834651573,-0.08898688577335326,0.11955951712465394,-0.052109316202939154,-0.06602881953725609,0.039926525665855556,0.20362427071190772,-0.21308241631151778,-0.06848439183606914,0.05830261048126109,0.018044683302447496,0.051776272585362854,-0.14867926920276658,0.18874655156109232,-0.15415013688830947,-0.15242051566680362,0.05892245786370095,-0.008222655376080358,0.05588741657890013,0.03487533965825728,-0.11518385100622654,-0.05481853428791262,-0.08959989817652514,0.16321393947802504,0.08180016258190977,-0.10456499038810158,-0.09500201488880856,-0.07011304472815788,0.0385773160951548,-0.04474033541766274,0.03647003471674423,0.20804064172130407,-0.1977263502849345,-0.020574333352804897,0.03272012797170434,0.0069113440233814945,0.03500049639200137,0.0215280264127689,0.10247086338028659,0.017343294178845545,-0.15300442462412156,0.03759447105252349,0.07557404702630474,-0.001966646711150549,-0.05808638074591679,-0.03622127614380603,0.030657130635126904,0.030266578397558457,0.10179378201300926,7.281077828479713E-4,-0.061884270432700804,-0.007206293310746735,0.07174136393923686,-0.14026089482340404,-0.01442140253279208,-0.04179706106474453,0.010840629526993465,-0.05053066001409132,0.03225227306907971,-0.06749965450052361,0.09122837490186171,-0.09267184179733479,-0.014801966603390684,0.09878433345735767,0.03669505107180141,-0.09810662249587279,0.11676655647518835,-0.0766835919093124,-0.10696258363638633,0.0741117953356153,0.002154002472945565,-0.031171606121308097,-0.026903961100855155,-0.03978998161172056,-0.19986733908397664,-0.0469345030799163,-0.03930624903026272
0.05516377024174985,0.08536257287085759,0.0340339097584438,-0.04365491456945008,0.022333793022186244,0.09506726446776018,-0.16563294838243683,0.027735407643599764,-0.04918731443535843,0.04430379171957366,0.03553231301588427,0.1557107082664215,-0.054880826680799064,-0.038723534394214526,0.14001271912554641,-0.11752388263819032,0.04896850952594154,-0.10659259860618897,-0.012409825340108023,0.1285494713193671,-0.045637883837019756,-0.12139396155084192,0.21397161405788664,-0.07576769487950265,-0.036489813220464934,-0.1610644944832655,-0.035914005549469406,0.14492062355192803,0.11742959516741984,-0.04577944417852814,0.04287784876867654,0.018954382574879785,0.05973227807460463,0.07108594526168584,0.09484169663742548,0.16610248803252564,-0.03411722993295458,0.07603741637267317,0.11482372000543471,0.057612849142449844,-0.0018351897329067892,0.0546617603412317,0.16654377704155213,-0.051747402051846074,0.30750529015932426,-0.1537457106985585,-0.02670496012994842,0.13792316912294844,-0.04099517829259433,-0.01752171863637517,0.07096095837828613,0.034741505678450364,-0.1415381958288854,-0.12273712859586339,-0.09110256406187651,0.04233928214809355,0.0334623984080683,-0.10516828404373017,-0.0676277179618943,-0.05505962044795397,-0.005352075786576238,-3.6169111555894114E-4,0.16987498275533788,-0.10711345832965376,-0.18170896639812337,0.04095311297482165,-0.028807108460275472,0.08855254071571303,0.02972849227288146,-0.019934453867989435,0.011492886529651889,0.07667566790323649,0.002045799251793294,0.18496727069582947,-0.20982177742034855,0.03394363668285851,0.08462385315847726,-0.11966965326916307,0.073882058706219,0.03909935724827101,-0.16952052805283288,0.06994173394100169,0.23498040723262562,-0.10495848580054987,0.1480099969684834,-0.07831598143784858,-0.09810913199131786,0.06540458209275098,0.10899288612831508,-0.02126019659141656,-0.06795847012686247,0.0038841525620406086,-0.1638652018741126,-0.06685737795292535,-0.05972698894115908,0.1463223013957755,0.11436338942713871,0.07833380347961834,-0.009291964247167658,0.04839164970308422,0.02360619087371122,0.047497848801936506,-0.10329663348725987,-0.009047574372497466,0.030450938527703166,0.18754526447431683,0.056864766404200205,-0.03009827466741726,0.13462019938128755,0.13973751710506604,-0.017023316464811013,0.040820939319756104,0.06917932941928095,-0.05426772875853308,0.14180146540570424,0.13160834430942378,0.0357256561929384,-8.274442319267793E-4,-0.18223663590286562,0.09674705153809242,0.09728500045903894,-0.07803643119818114,-0.10206037501729796,-0.008330977095229924,-0.020283997192950154,-0.08460614100784393,-0.02647690556035187,0.09152749942177509
-0.08660972238778253,-0.11122416378146618,0.015340661912141444,0.023097712932776723,0.05686687708783332,0.09637078606122013,-0.10840309280737956,-0.04082306011957526,-0.08119389154333659,0.05766757112825847,0.07299025310161161,0.19439403160950017,-0.015523806453626113,5.630489659562204E-4,0.06531553528139926,0.10916597412246011,0.006945648898411137,0.07812273914585507,-0.10551621723342161,0.020514804528923715,0.010328377481697926,0.1363092762997245,0.01875857077112665,-0.021083278669346266,-0.04268705726673879,0.01612790092461371,-0.10225028748890712,0.08245420181598526,-0.04628272346111233,-0.08501498633870126,-0.07509308892978665,-0.04925644036132193,-0.11018030351611877,0.006553882694843764,0.15000739321298004,0.0209946195648712,-0.025832472570550217,0.08081950159302648,-0.028343290767684208,0.025615369147608487,0.10622865039886716,-0.036954498086705145,0.13290204205409908,-0.010781486403951714,0.04522160208288422,-0.028912737233128212,-0.1098587049415013,0.07755129653943882,-0.11361602016339445,-0.012382009284172397,-0.017576698180358927,-0.04296878353557167,-0.020260632029542085,0.16777224708563263,0.10081890561994664,-0.22469356264500925,0.05529475936322096,0.07132707506713892,-0.14439206683241662,-0.13949789600059528,0.15720908974472236,0.08561373507322681,-0.11278162806556706,0.017047146310865218,0.18713355588745817,0.019011125989570457,0.11726161396785902,0.2107899572435546,-0.01446195907931559,-0.1067501685984312,-0.020014077033414863,-0.01848432145127318,-0.22016705108888807,0.0133574778465421,8.406702118385678E-4,0.039529662123077035,-0.15297593931880327,0.0806250053889562,0.1720311381651194,-0.06889250155257512,0.028061112802963754,0.11546343527048067,-0.07917710229262646,-0.04839028288609178,0.19867614402171824,0.01062054452497099,-0.15336886781904924,-0.02886437774563891,-0.06672747307855198,0.01914803675296095,2.014613946039216E-4,-0.0935012907030171,-0.01414173293451038,0.14743555602345698,-0.10770552547915227,-0.03523406641123057,-0.014501163125831038,0.0014558522358350202,-0.0841129864435452,-0.06282814293108355,-0.0914184178509294,0.06852990212827739,0.054773369552552506,0.004486458705148641,0.02406015697123478,0.05767446883325754,0.16944617039748547,-0.09517906200890484,0.051061097122867494,-0.08994657368734044,-0.0032828553390972905,0.014567393567639995,0.05996564122976464,0.03590947441116456,-0.07078092923530555,0.10803380357358826,0.12115024558118231,-0.045236950246601765,0.10978995502200796,0.017398423014465023,-0.0286619670131136,0.207191848107634,-0.02587011865993498,-0.08513487111538304,0.0149727532206294,-0.1220441707898226,0.030060501790960703,0.12539706503010167
0.07044319464799564,-0.09269529391817842,-0.12546460366874554,-0.049561829546437584,-0.03694828542187583,-0.0716032430121755,-0.09362142432318125,-0.14892403011806016,-0.042202159856791106,0.058833997357246454,-0.03747466334362956,0.05578963875185638,0.17596952470062105,0.05605269078133823,0.06146994656928206,-0.033810391797943096,0.018123474669407832,-0.007314586321392211,0.008721451448034748,0.10914689658462594,-0.13292054422320887,-0.0891033176897491,0.006984628145075153,0.012764776712303291,0.09966645402694874,-0.035638282729689795,0.11723473166847145,0.017946132084502592,0.043554582952636374,-0.2591450464076665,0.16853529307877896,0.022866860051051378,0.024529265517206418,-0.038082848845170304,-0.032647792050944445,-0.027074230450132894,0.10888966597964961,-0.021068868478608605,0.11635055052362782,-0.06138565289207184,-0.011745147927887315,0.014418851987373532,0.07072644802322278,-0.05320027791271513,-0.03143553494865338,-0.033041127135766096,0.025338326858202205,0.11327882707189585,-0.03905200618366462,-0.15166383276203171,0.05811026746828058,0.035365007544790855,-0.16030221379355084,-0.059469180480567325,-0.06384613986556766,0.11133548363005517,0.1294568422232264,-0.12348580876096647,0.04071579001240767,0.11386422949828774,-0.018977348132387988,0.0652962670873388,0.12420149319534335,-0.023945693127593336,0.027370111895673416,-0.0032373892981521586,0.13503482873026967,-0.1706106361841493,-0.07998236811568055,-0.01601410575687071,-0.04377697675910153,-0.10819596824267438,-0.016344051499276938,-0.14010533929683966,-0.029973515310417777,0.008269476200337144,-0.041074516608627994,-0.11319314974574485,0.006120995938962617,-0.00170733721355628,-0.05458503462829938,0.054704033444842134,-0.04135746101229481,0.17000572849651685,-0.07933717643140341,0.15042187533667759,0.05535471660423578,0.05311144955011787,-0.03644582478192483,0.10302800379608962,0.16032337074129982,0.012213522771183243,0.1556940547446517,-0.15463765702250667,0.16909361264986064,0.04377231946267008,0.05981988062066746,0.04397355979146744,0.23737097972125493,-0.03785483759951569,-0.034584462129958755,-0.09896220986912375,-0.04970979343261796,0.12671616005973635,0.06681358894135574,0.02562540336189284,-0.1454107390715045,0.05992620447021187,0.020659710143442662,0.06345215595472453,0.12264261573193704,0.07143513652564666,-0.06033755558947391,0.04466408100807298,0.0023306238023846036,-0.010567429169753227,-0.01904831264178078,0.14686252072438458,0.0021206748589532908,0.09549328069493801,0.0013964349940956257,0.028377324815613877,0.029956441895149948,-0.005168825228403301,-0.013762489751970117,-0.06982444417676437,-0.059090381505216394,0.06868252901586334
0.061751004857790046,0.08002423999945306,0.011401184951401216,-0.09233753588692142,0.05131859296608312,0.03124115569687569,0.01015212492076448,0.0515776918530702,-0.028540261433892856,0.05228867896245461,0.037245732347879174,0.009646777359715588,-0.08841772020220465,-0.03255211199999805,-0.1467149060452061,0.02225243016886168,0.07630136006705877,-0.010502453615153718,0.198630010037767,0.06159886717339311,0.02773068589813831,-3.642391348016227E-4,0.057398633242039816,0.04970583322233904,-0.039795542862886134,0.0793380806478,0.08103128297633343,0.14871939503597797,0.05308523027917153,0.013512475535827437,-0.061957260648351636,0.03416612841639907,0.09242365264622222,-0.0015830100239358053,-0.0012389070627987903,-0.12419805620701255,-0.0680026606550288,0.026168077610236307,-0.2188761066335551,0.07556745367177127,0.060518767064991104,0.12809600240871838,0.07849281679005192,-0.07964167193677332,0.07271707714717002,-0.07508715728753645,-0.0864424414506304,-0.05010028935583598,0.12137311603504305,-0.00605587875684529,-0.09484430648681708,0.022690384408172348,-0.06132115252378482,0.10992694613408505,-0.06326511461140541,-0.08040168302495614,0.13009000232080567,-0.11288897336165596,0.004605279545179853,0.04636252936929685,0.10148415388206761,-0.07383828285715012,-0.06607436565412972,-0.03264200301005729,-0.07547606970000843,-0.03377538978275295,0.05377349075654059,0.038038391227688165,0.008799602153161666,-0.1329325868008048,-0.1566467976947148,-0.06034361772898851,0.0646922345292303,-0.024270457743842812,0.06378759905646424,0.12372177358081711,-0.1035146022726679,0.10471581256419159,-0.11754123841635512,-0.004601026388975756,-0.04812834771775748,-0.0224325590427492,-0.12775096926993443,0.008372494862913627,-0.07331587593282615,0.03439834455188988,-0.04653543657368428,-0.14208855692002512,0.09604489471708334,-0.2002812985445889,-0.09781348668433701,-0.15553346374972205,0.18128635594235662,-0.05369240724148671,0.19793350227098616,0.026897009271987793,-0.06515254193487864,0.068277656617866,0.1509202767720274,0.0679737631016125,0.12183321859693991,0.08062514386785063,0.06826247950803971,0.015099049241361445,0.14803562147677843,-0.1742680517206289,0.016174742833182078,0.028652153226794104,0.006960306025399597,-0.1687602259111835,-0.15573623029053818,0.2264582875079938,0.1533173252461257,0.037043962445123695,-0.06778107020333131,-0.054455109363275286,-0.11911318277055732,0.017268043772440643,0.0650731913587915,0.02587491278122145,-0.0058448291075152824,-0.16842491410111737,0.017001767267969203,0.07007563518279147,-0.044905641911836935,-0.04795518043312831,0.09901295501275006,-0.012634364628984145
-0.0315656641600627,0.07824395551229427,-0.15747340641458912,-0.09175146212240352,-0.0647376001650147,-0.07831125341330844,0.17916442978548863,-0.16312917267116303,0.03834801300907385,-0.027626735778585636,0.19854734707318633,-0.10995499248004525,-0.02531808913660754,-0.10278604090250285,0.032197396270632464,-0.06014301686634115,0.015937830847301056,-0.08818857479338918,-0.17485400543497226,-0.06370563813243083,-0.08754675061440885,0.2462537143221093,-0.016049087048755163,0.11855525686756378,0.09793924790892658,0.020062617044135787,-0.01894697280517571,0.10760142774882736,-0.05185227779104141,0.01544530464986936,-0.12316568904351036,-0.0507947158037683,-0.02415258014112237,-0.051947806144423694,-0.08860402060139762,-0.038474932008988216,-0.05659304073208506,-0.02427643350866223,-0.0025218696608985047,-0.057158791629673196,0.13840688111365623,0.12185353270338523,0.02568193224762956,-0.0749822510520499,-0.024686585987055025,0.013363741051755508,0.021155325566503482,-0.1383870858707718,-0.09926341521360926,0.02606656610250743,0.06969137492383164,0.1381403293721635,-0.001567124916716984,0.018162038149947008,0.03152290974638286,-0.08020127942557147,0.07429828556712899,-0.028532641071954096,-0.011311714687427409,0.08427774863171976,-0.05389675293992886,-0.12406663528235722,-0.04132679532286327,0.06794358820732511,0.10629274259586803,0.0728123456908767,0.09936224460537722,-0.13468376544313185,-0.1229737128545591,-0.020212075235448938,-0.06574195912681843,-0.041816498364746976,-0.08089479040150646,0.004644975343480324,-0.01753864184830375,0.1431937159516986,0.09471055869788259,-0.11602139346212959,-0.030412083364461353,0.11783139627958622,-0.11300287224646402,-0.11482285880935328,0.04340740674863372,0.08193506863830746,0.13152625083588868,0.02859537313018871,0.08413350049501031,0.06318021889691054,-0.032587092419422224,-0.04061832778405687,-0.12474226719787591,-0.10506315450960972,-0.02607465502040258,0.1624483535750926,0.08511039464366303,0.07248360068023492,0.09593456348286221,-0.06266111773131765,0.023617333787461173,0.053753323241887564,-0.011175736075629475,-0.025420564447537913,0.13432499568932063,0.08562192888621865,-0.11108311394803315,-0.0761376184316999,0.10300933905696741,0.08781808382317868,0.09763200985700816,-0.019057699656658825,0.10307059657461487,-0.03640715429640176,0.05157582536384144,-0.03260218352424233,-0.0296284418667013,0.052273931658727305,0.11586785629471909,0.12916555498063753,0.0693251159351147,0.04140345817417966,0.14141295072452087,-0.0435829148830395,-0.07078580994664138,7.675172571804355E-4,0.015395618627525082,-0.01890313238379282,-0.053231776839586645,-0.028727211577318064
0.07898194345224639,0.03576970996306589,-0.016623566300447073,0.17726871933829957,-0.018017025993145017,-0.03421288569297959,0.10195901321748255,0.04945649100819668,0.05620452471590903,0.179416506202219,0.04585443314063876,-0.04042500391304596,0.06880725347424174,0.038886215703484994,0.08459823247371281,-0.16514724259582914,0.08104111809794079,-0.05612870252583334,-0.13254823192838205,0.06045654422159065,-0.09095408518676,0.00771985383765362,0.10969233471987692,-0.18670007536790806,-0.1226849476113605,0.03519135343675143,-0.2060223071447372,0.15391892377497512,-0.033628055161848705,-0.013691423086391378,-0.11111836256990161,0.011347923953829964,0.0695600606121548,0.03186170323868798,-0.03946707688143249,0.029705372365951235,0.0565099235028651,0.1662583898011718,-0.2039039901550435,-0.07956440446978937,0.040773171283215025,0.1812967485222691,3.93213380344243E-4,-0.18386833216875725,-0.009445905126948873,-0.07593888952102462,0.0472999710608585,0.12567943609818558,0.05264464468594976,-0.07149767143256472,-0.017153286613434304,-0.0679483476776083,0.011850805892893973,-0.1320364495399795,-0.049011879136425275,-0.07567938600251291,0.08764100313959926,0.03424795372591124,-0.1527108616935432,0.10025769149220418,0.11654659296601158,-0.07071028004184132,0.1377228129796315,-0.12823356611599973,-0.08384869434235057,0.06319651094527318,3.151148364161707E-4,0.047176679586009615,-0.09743974015074529,-0.08692491546723702,0.12450944469223886,-0.09612222244392872,0.06589941708115081,0.12755850963503246,0.047858461673944266,-0.07233434067799516,0.12079489351162825,-0.029672369391014704,-0.1494640741725507,-0.17522193727498847,0.2093042083445028,0.08197628352842244,-0.030201853925495226,-0.12175376224217398,-0.10695001979994576,0.1647866754789975,-0.008802428434125658,0.048761325188491925,0.025268102522165072,0.009500602774549297,0.062130972386272715,0.107381600168495,0.17012863873847264,0.10142551764312162,-0.012787681300432802,0.024236664891501815,-0.12644021248550377,0.1630401032291966,0.0789062618955195,-0.0366728652232624,0.14698013301185353,-0.14248514826757974,0.08241942162342701,-0.16774605017140987,0.12817727390371939,-0.09066380537681763,-0.05235658832468279,0.04586401584099591,-0.01318351682158415,-0.08129259704895574,0.10371406874861944,-0.06577861186629304,-0.015354745458086246,0.04876442556056854,-0.17042592189857808,0.06768837466464382,0.025402223686388142,0.14684933789246418,-4.205762213542177E-4,-0.09409623810261362,0.11957144443858658,-0.035321905799956504,0.168640819585377,0.07486247785480282,-0.05146545982244159,-0.02515144901111871,-0.04201780600669654,-0.005698773218378195
0.011996914185270352,-0.12507576882784244,-0.09454348762566728,-0.08398960792879612,-0.14104347141219026,-0.02216189387388769,-0.029461702606942797,0.010434191534690822,-0.05986626898192832,0.001472218395717634,-0.13167714264189118,-0.061832731933950474,-0.051699267740377426,0.012357835444482759,0.1641520274958356,-0.11947877738059177,0.09340029393064396,-0.07276290613596648,-0.09068379026929305,0.1273998273068087,-0.19189964565086587,0.16864862219951135,0.07869522391964327,-0.01498258737775833,-0.01625332728718295,-0.03639342158348013,0.13076942678748127,0.027182250341463206,0.03161466642054093,-0.21453426318982494,0.04913830168410802,0.10490539867560639,0.09822526188931424,-0.10483844734652888,-0.03272548546194275,0.10728034504776941,0.1197692348000896,-0.1191244259501319,-0.06541847004067558,0.08978586563449603,0.19702641565114237,0.027518747953560473,-0.02492202043992601,0.050161111615936366,-0.004781381604531177,0.020085449846556823,-0.06200250801914825,-0.03358974901260234,0.08034739244705055,0.07312368987305574,-0.08348228845905728,-0.005202719887072733,-0.05485325789264409,-0.09075916654783088,0.07331761763880108,0.03268507842582727,0.039884438733956556,-0.14130639828896233,0.04014309310318801,0.1332350351330587,-0.06065295316037056,-0.08873327064111425,-0.01796989112064884,-0.003474891989390939,0.018030431784366606,-0.06765789603953741,0.09783138903034669,0.18907670684993916,0.06049559512905542,-0.0549170242342732,-0.18049195593428538,-0.004917280849162313,-0.047424166658586606,0.1258489628627409,0.0225861119050283,-0.018807077815143573,-0.02746823146183615,0.011391757412656418,-0.14374589831529885,-0.05548010677536985,0.204834730175573,0.040345778419092045,0.10945605971918311,-0.01711398535157017,-0.0910498332844654,-0.039268585454518785,0.038748218235414016,-0.04321591641038822,-0.07901683065143641,0.0831094801763809,-0.23604991488639593,-0.036469914717472525,0.10952824250688292,-0.034188227797586915,0.013420168496434197,-0.025974345617665127,0.032858628660403115,0.0036012106461180684,-0.20791960023900471,-0.014459019699581343,0.11618419627001206,0.14822522000304067,-0.024352186916516878,-0.091483454737644,0.08687990890603842,-0.11207939759238572,0.0184854465875963,-0.030644195791652746,-0.1171534756604294,-0.047053242099996215,-0.05604587021005239,0.050627146602905765,-0.027820797435763888,0.17724165889472074,0.011643340674503837,0.07263359412554653,0.026332345474142302,-0.1547695662105857,0.035079177913754415,0.047369882323793355,0.23117552155005577,0.03989243928930236,0.011064746906335413,0.06692673622578328,-0.09248577960708097,0.10405763898620778,0.13536446523323586,-0.11266151922353974
-0.052902690407061984,0.059365646662178854,0.07673743191279257,0.04838543359515608,0.08668992842538846,0.05999457678757766,0.04127623321953107,-0.13743182913431004,-0.10677320096653828,0.08667885055984524,0.05245608687961988,-0.05890855905595836,0.0711021294495434,0.023420761565830624,0.06960894512895681,-0.04219539689743384,-0.12274978044317297,0.04119299120891492,0.045255101112181985,-0.054224277030079815,0.16642290242921273,0.019011122393344165,-0.04584819471945106,-0.10149827975677038,0.07113317012105987,0.020020468592120245,0.05844853580736842,0.14181572385861962,0.09871877583578179,0.02945453652099734,-0.03333779924874486,-0.015617950347463105,0.0034514432597274472,0.13492533176229035,0.043338835299681605,0.055632930724570505,0.12822334361106527,-0.1263385688208234,0.0013420875559508755,-0.13475328781352497,-0.007795768218322828,0.1362143057796242,0.2198040608983708,0.0887792027273184,0.09725455445619548,0.009127266226860522,-0.13481427682914637,0.04225100594851109,-0.08771823460065177,-0.0588119317372239,-0.021046652195700174,-0.026073802936226433,-0.018186434024760844,0.11456766275206814,-0.019149722224672976,-0.1521037547846449,0.14936062548144188,0.18740303251577226,-0.04438465785504359,0.12240700161201154,0.05883494303011018,-0.16249547723843624,0.1217125410422466,0.022621629003089644,-0.1147837593832506,-0.0806582539679682,-0.04538774319011971,0.0047597482254640765,0.034676991503690635,0.10345447269600581,-0.032697470176187036,-0.05089722128936659,0.015529726279964687,0.17031661968944736,0.08722579333688511,0.018200418672713325,0.08864189419757205,-0.011627701938036266,-0.020749750728804518,0.09021363108359896,-0.2382205045808759,0.04278040974134153,-0.041392616683915306,0.1416363629383256,0.10061853899242633,-0.042705276289760355,-0.08482378433884917,-0.216950994866165,-0.13082838568119393,-0.07520721736797427,0.1123993004632559,-0.0640213714422452,-0.030849505432406533,0.018978280960974706,-0.10988046317555653,0.04598794653697294,-0.05787568848074967,0.0764931565398432,-0.01745692988928131,0.0902743962244127,0.08660728964970107,-0.13516688686011757,-0.07521977116493679,0.008170233265243722,-0.09126441936239613,-0.04686472082339744,-0.052573116635074496,-0.002750074828433912,0.04507833457173208,-0.07305094549495847,0.050815875076190724,-0.15992404197258558,0.051716611386511395,0.09932489447159629,-0.07063492314973396,-0.07378408264360789,0.0705096406785226,-0.044739349605403406,0.135759787248021,0.114331547807171,0.16976083891364524,0.12190910931725264,-0.14300333796102918,0.02547943325471732,0.07000774201783332,0.04742764819045806,-0.04057508625055691,0.030069475451213884
0.12885546746857188,0.13226641267868272,-0.05994854122696377,-0.10851394840304542,0.026237593753799075,0.016108290410703746,-0.02615630002871042,-0.019911766932841704,-0.024678353362816544,-0.01486002432335848,-0.053305983699124294,0.07165553978512491,0.0829254567935257,0.24759544794073077,0.12205219866286743,0.0588447861131437,0.06931524455279463,0.034609178200706275,-0.0036747474003021923,0.03359655733282391,-0.020602860408856137,-0.051758112267348055,-0.08300538396498305,-0.013475379886689327,-0.03447516867236457,-0.02201044216261161,-0.0627275714857943,0.002726479760796398,-0.13396764518268792,-0.08830140445607333,0.12389168538366595,-0.0726037065665245,0.013544932991288845,-0.02175050963090044,-0.048011753678571814,0.009562714550596776,-0.023308907067598816,-0.08013316505607912,-0.010790864895509787,-0.1030371307814547,-0.0045541371278600366,-0.2092802174721123,-0.07044732080302771,0.07868147066807063,0.08212657511313998,-0.04994019797588585,-0.01810299217364315,0.059917127209998366,0.022305634381677045,-0.07014164625708706,0.08015649313507314,0.04745006752264352,-0.016761771700480568,0.009220499084480858,0.01450955066559448,-0.22003407140350603,-0.005997256407509377,-0.12266137145832139,0.04636452730405349,0.0012344318231594495,-0.0030385053476997582,-0.0643382279006948,-0.042275595223654316,-0.026388027857463317,0.0722547845045504,0.016607135590211798,-0.09572158854241407,-0.11548400528500767,-0.004698479420137321,0.033440417161985335,0.08529943815418298,0.008709160140689523,0.08440975104482046,-0.12882566465420128,0.10668512931781009,-0.0417145335235542,-0.26646720427956627,-0.03468472007043006,0.010736714988489977,-0.06814697714396414,-0.005370313434010461,0.04354202718095559,0.010761469809206415,-0.23492459146028694,-0.13100836906930635,-0.007818632486924952,-0.01880240650352704,-0.06817021174703979,0.12727056965251562,-0.15516002154607225,0.0014010488387307082,7.024118037514425E-4,-0.1065314260888976,0.056445476074524915,0.254038404415512,0.022278992471896585,0.04059926779313783,-0.019302994623480237,0.019591960515722116,0.016763462351705418,-0.1421825522344946,0.08350206856631526,0.09572961574273438,-0.038137346716234574,0.132371077339461,-0.0214302673109604,-0.08766532988155637,-0.10180929340323834,0.02539349915025083,-0.149241908942245,0.06033638419941622,-0.046836874135572366,0.0070946938045165905,0.09463357672744148,0.0060639779483156854,-0.08180855055085773,-0.055148350975361436,-0.11314430226097023,0.11925353714852205,0.0806569959529358,0.08675055476517458,-0.13570049423164848,0.08526614042612275,0.014317064142558374,0.06003815008311458,-0.06314372603373601,-0.08200071205581014,-0.07621603229380328
-0.1339342845234353,-0.14293501713299825,0.02692515602800278,-0.141338924570748,-0.17216283354596218,-0.03155668960141268,-0.049353116535653455,-0.11307183486814561,-0.0026728654969197362,0.11721768959691782,-0.0870898362192836,-0.019710215387308265,0.09487889559897038,0.11924652303757986,0.010539109192601728,-0.02972284297108582,-0.06673846190453334,-0.04263796607982843,0.04924182974700348,-0.025989650633709612,-0.1620464882473526,0.07487360578467107,0.08296368683708016,-0.05611974087516271,-0.04487889531373424,0.13149283892442112,0.15441050715794732,0.022288617567935005,-0.0038232289026752914,0.019036359334130077,-0.12648202634537006,0.06189914817066841,0.04043157232356951,0.0038676375095972734,-0.183436585230169,0.25188683933896416,-0.15724763907880784,0.11710817862024127,0.03595014994029117,0.0019434247060071503,0.13867509515442794,0.058565087323936275,0.20917511713688114,0.11970493167327162,0.0865265431722034,-0.14498077501737786,-0.08327820746398375,0.1750186246421608,-0.019685127382568446,0.03499752518279222,-0.008471319323902476,-0.05652496604619958,-0.09467267449895912,0.11753012338117348,0.007935304933684802,0.036573580225382867,0.047397626209241324,-0.010684718659128893,0.1198612673938508,0.03255157260561649,0.20237161317051383,0.06850202123689934,0.0323450829205291,0.0895444303927059,0.08044493046682076,-0.14427427101333526,0.07947826464179361,0.046753862466781114,0.06309463415253874,-0.1747654014855511,0.0696182448396271,-0.07415135551960825,0.03673415437394492,-0.07346270593402762,-0.08691534066807499,-0.09839740030426933,0.001415174062891848,0.011097173047222329,0.10075419827483344,0.11077140104372174,-0.13248568007763573,0.0861738605940273,-0.045991299435875634,0.130519781888284,-0.16944174534457188,-0.0486728230679024,0.18293464106031063,0.11494177580527547,-0.04487010643477047,0.064449714434169,0.011506987579882121,-0.14328129353545538,-0.019843433988325738,-0.13491090324010294,0.05535952468029497,0.012927901598811065,-0.1682439095866999,-0.043552811624725414,-0.009519952459372254,0.1423827974151224,-0.06493627024449591,-0.07159758113089373,0.0617156612026002,-0.057651637981082034,-0.12409766645127387,-0.03473860090678608,0.03440202837327291,-0.026873044282519964,-0.04091076832514056,-0.029050206962168458,-0.00776205929836444,0.1197878452453005,-0.013620849096646006,0.028769898091449007,-0.0628347599272216,0.10079149296245642,-0.008787795025218618,0.053548624987204384,-0.06026137542881832,-0.09634340023659745,0.027281632797822492,-0.1579247391490226,0.021654148087034936,-0.014633855266179599,-0.11824019103359,-0.02110630117629659,-0.02366435627523096,0.1335271596564251
-0.13241602241467051,-0.14894564443748945,0.12871748160404,-0.08992934245557989,0.1430911128093248,-0.05185297616887915,0.20025355645510734,-2.757272384078212E-4,-0.15162756689081652,0.0879838410407105,-0.011365474336092663,-0.009407872739730958,0.05831341709287129,0.06532852923059128,-0.09519300145295385,0.106480450107824,-0.10271302892404002,0.05457355737424209,-0.028134302397219948,0.028211232768775164,-0.07469710086213731,-0.0969103676772294,0.036195502967011045,-0.07161090233686869,-0.03643180847446642,0.04132619784349863,0.16153729816110926,-0.052651734791151164,-0.07522125807243815,-0.00855771595881965,-0.131575113000395,-0.14481845258008422,0.08834839346716057,0.057635507664777576,0.09201479332389662,-0.012876319439786139,0.024770597046512532,-0.07127418961839936,-0.04897905589826842,-0.09604797943059436,-0.0604914624609515,-0.11826527670818378,-0.02766256122314763,-0.04294021694555994,0.020089632564758073,-0.10980132288445979,0.051382624613503305,0.02419299182633955,-0.029152407192249635,-0.11073713045471291,0.02481129809252117,-0.01827844068634735,0.14933772300258208,-0.03346213676060536,-0.013360982676795523,0.05875119194911064,-0.0692278815792192,0.054243302252371,-0.08818665802387783,0.027723079151839324,-0.045909625049608965,-0.0954861823335548,0.1331664229681264,0.09494621855736264,-0.0616454131790218,-0.14689719604913246,0.1421079058843486,0.03817851235305003,-0.12230448878861179,0.06797953078301407,0.05606643528039837,0.11763361396314899,-0.13067113786361126,0.0518626076720584,-0.03877279965131162,0.06516941976701013,0.03621099056189009,-0.007338325506488766,-0.0795483161793322,0.14913526479474518,-0.0643486103412401,-0.06297840299242806,0.08466281115901668,0.03286523655129696,0.03461165948762174,-0.03654446688929327,0.033023955447977434,0.12053502177145659,-0.16529006242041105,-0.022162172059765433,-0.05423716081600763,0.023163554995606378,0.03829031942975257,0.041212545212964774,-0.024343766481922775,-0.015439286342558275,0.05829094271140204,0.07441179090898749,0.06800293495830588,0.0833979087921699,-0.02980757443232518,0.15050660629751123,0.0269166319664433,-0.08569888730399133,0.047876660675823544,0.04839625757946325,-0.006922200704202122,0.15354381704029713,-0.001320739003705352,-0.02227273787020084,-0.09819809496369658,-0.09825564458556135,-0.15894101475400313,0.02846548072954621,-0.048682004810303894,-0.04767126733791353,-0.014861297572819492,-0.07476166006251005,-0.14971621924351464,-0.10400210179410542,0.03201494090573359,0.07334061086243547,0.016184272107182714,-0.01659065814936542,0.04986375960945412,-0.1350271611066152,-0.04137925804130041,-0.0900290823866703
-0.12592335987534178,0.029360575326712286,0.046792134302872324,-0.1011764878702296,-0.0667066621818365,0.06700590783723306,-0.025807367429642705,0.03432919724248336,-0.04721389820010038,-0.15905324513683117,-0.20658618549544797,0.019488634544131436,-0.0775000257198248,-0.08839607848382379,0.12309309802904106,0.07762836213611068,0.1270063457966881,0.26435040047850766,-0.001784459876889707,0.058958271367872156,-0.07230054544792344,0.05876035003524971,-0.012644637840356888,-0.08082897126548212,-0.025640351785557614,-0.005031351684208426,0.022799342443798477,0.06301057273021307,-0.09440617235663125,-0.04131374247748832,0.05330231060623713,-0.13409482060419115,0.06194091833909981,0.002304581566439713,-0.10049828673061714,0.20501470042580616,0.07574673513394864,0.04235861059083061,-0.07935175554851369,0.10212573305553233,0.11843192670213475,-0.05594061598178638,0.09160079988930182,-0.2059646097792073,0.12279247467886341,0.053206304574426405,-0.017010695156603525,-0.12105741316079872,-0.14278813997054332,0.08834441382108524,-0.20737892778574624,-0.00813984047403382,-0.013993580471934218,0.11556316566669833,0.10856985579886737,0.0892380570945317,0.14563202820238882,-0.1095887206890427,-0.02890356155479682,0.008828911720621242,0.0611858023730062,0.06932042900668844,0.052507139337152973,0.1581498457141904,0.04416473237924955,-0.2174823661872354,-0.09063776099934122,0.08710883707728809,0.08191759319405549,0.03261980146842897,-0.09736868749168053,0.07881208373570739,-0.02124115719680371,-0.07486743423047751,0.023494386849951535,0.012180210302277138,0.09536714774558491,-0.1453466501383253,0.02981083663601866,-0.023299146214167656,0.06559171015797516,-0.18600305934448516,0.10341338090630003,-0.057117605077820086,0.1735567310440022,0.1066814759270469,0.04972990733706556,-0.022019258768311654,0.13292718391943184,0.05628524036365976,-0.0398084259911826,0.011032597242301522,-0.0014559039469105844,0.12752869361424793,0.006600401379506619,-0.1260209838644715,-0.0337339979711446,0.029808344818984516,0.07078333063360973,0.07991938209342245,-0.055582441181483644,0.0437590898406634,0.03037518223001971,-9.067653893770878E-4,0.07537831889987945,-0.05352553735576724,0.04916901658914157,0.06223856952336636,0.016130497788776663,0.02584829222474338,-0.0493579363384543,-0.05984583801772831,0.06344085796716267,-0.06689943153208189,0.11280133006212832,0.17779044747705858,0.06039616219692401,0.0803480728810447,-0.06665654404057023,-0.08605404747090194,0.015336229722293324,0.06759413745866096,0.09483925127531463,-0.011920568736484694,0.0308666022311104,0.012523837846088744,-0.039324821430781975,-0.016947863997189738
-0.29627812826006006,0.020480719688423812,0.013238691435290738,-0.14636165411470387,-0.05299470667012396,-0.09645030090660772,0.012927803142719557,-0.13585477744955016,-0.24285018717015217,0.027229371071900647,0.0384284428807257,-0.025753135324391375,0.11431346462132624,0.0886573742361565,-0.03077594908072218,-0.11919459015573829,0.007122039492539444,-0.11604820060246389,-0.03128421836441373,0.029026528615348095,-0.029040871049396944,-0.01936633989357643,-0.06851600278216265,-0.03489708901388646,0.10286841323289501,-8.426896397204322E-4,-0.18565055338873004,0.020241020586454436,0.014029456524154497,-0.03066005564770045,-0.04758851243768237,0.037851387121261786,0.058821951649493595,-0.04453591274824156,0.033499655654501935,0.006673229507274013,-1.8635314701013518E-4,0.02412892024879546,0.007707678656894457,0.11416334662918193,0.06850256019189405,0.030071684814991874,0.042741105658508326,0.01349767989896683,-0.07361224030433207,-0.0767399833275431,-0.0053101766694975865,-0.10474149025598091,0.02424558198890291,-0.06406759927017477,-0.13065527382473974,-0.045263925908221994,0.08764032194158675,-0.14598123657404058,0.08111265331022512,0.1634051147776102,-0.04514677407280991,7.861787689987822E-4,0.01814318444192942,-0.01235800726499035,-0.07534993110999504,0.06497212836222353,0.05323732709507718,-0.10925854304591229,0.08531001040025477,-0.016572585557592154,0.10472069144963116,-0.021626781224233182,-0.18637651938001598,-0.12557307074128166,-0.20368941599654056,0.015592991353510596,0.009348311568294652,0.04895545059693077,-0.12140890201204374,0.03827627709243966,0.06650782659104898,-0.04040946257496644,0.013254789495832496,-0.15519858077337978,0.035980620835660906,-0.09485055654187294,-0.05265843452486197,0.14320501464571755,-0.0868383944143504,0.10144439434885763,-0.22804798322358108,-0.11858275990124845,-0.19409698231561878,0.13248201312750452,-0.052785973352434415,-0.0715642529270526,0.20783892449844604,0.060848461099131675,0.0820275513188253,-0.05396573865987673,-0.07375388313698437,0.020483987039574332,0.09294281488034385,-0.110500750057771,0.05533161156509839,-0.00512734248476026,-0.0629535242263098,-0.021165080082678513,0.1285140990245025,-0.14840858909390073,0.034619141627885985,0.12050433392115989,-0.12585134024940234,-0.14163082250899267,0.08538532702427376,0.06587970098862928,-0.08685912424617341,0.06843697383435123,-0.012356912732654131,-0.04406199772322779,0.002161632614205598,0.06801339597080647,0.07508429030367345,-0.012510251544774854,-0.030797505523490445,-0.002461851107341063,-0.026921682824583765,0.06917244951979827,0.14995741574415203,0.07924634908384028,0.15426617882271115,0.10850993067368292
0.08428611323341653,0.09860993561383556,0.018168393283936886,-0.01720122997938024,-0.045005218081623576,-0.06627213950564409,0.02029862028427185,0.009771629950440753,-0.1636554960549113,0.03341379088394392,0.10123999941950054,0.24748293828547235,0.11161583598651453,0.01688798309428635,-0.15968905069393033,0.08793910019187813,-0.05822710044439545,-0.01008614585241037,0.02163483254531832,0.1378894750443146,-0.06671675220893451,0.06587680434007542,0.006214291795256749,-0.02951966548069669,0.033276412056973965,0.04406269121252856,0.10869297065882676,-0.04817156230648759,-0.07584894824855946,0.04783398743548438,-0.0054507798069889125,0.020448103925345514,-0.00779093656229391,-0.022944343853182475,0.02016603131125094,-0.07842659506456973,-0.014326638156828279,0.08050527639927359,0.12561127682003478,-0.03210175036799499,-0.20148056810601217,0.19039789441274707,0.020278414295643546,-0.13780621610720953,0.1230909504916331,-0.10683462243118348,0.08363485825803157,0.014016781811931396,0.06251030903014552,-0.05411785143833119,0.11310144126403887,-0.07463076167403761,0.0013839060458925982,-0.07776293967171498,-0.025669511252913876,0.1079619729464743,0.0324217894291046,0.08563287718333633,-0.09020876333657153,0.08975140869402806,0.01662277361125538,0.07870327291136522,-0.0526202478551992,0.17028109564200997,0.08368947866608381,0.1644018474289313,0.022944021555428285,0.04271424179375683,0.02787547819283384,9.233772708847317E-4,0.08471735652494909,0.020169167288358693,0.011871035697051406,0.14116200483644584,-0.08882665797429319,0.11484981274382815,0.09627488084858102,-0.08286498246859246,-0.01970453331587693,0.014088945051820252,0.18358314091275935,0.025417130552569892,-0.1408100612259365,-0.08077283660064737,0.022395469265762268,-0.10227427777987635,0.10685388752671515,-0.06375135797482066,0.06801947477922615,0.05280668848875137,-0.06426362809751847,0.03513829112433764,-0.08076100113309419,-0.10307011176030173,0.009881596957729891,0.11046797245044415,-0.09249664802101706,0.05341613332978359,0.030657408289563932,-0.061446388321437936,0.17038347662442782,0.0253362580000168,-0.014378186024436827,-0.04831654962476687,0.11810070455007408,-0.22841475913963158,0.11696235421900163,-0.10143936678520679,0.08421897597158201,0.051680411033138016,0.047425682633251,-0.01815403356708745,0.1570334190958526,-0.043373540840512495,-0.050502873551164784,0.08416091102626169,-0.020756013466479088,0.06406912823257445,0.166922679262182,-0.024002544493059066,0.00840372091897543,-0.09931427078496077,0.07138664349036732,0.06469663907233368,0.16952058373332984,0.048397170252374236,0.18285283812669992,0.05107659548738033
0.027787823730830385,0.07816446613789688,-0.02302634676369657,-0.16976814485948938,-0.009281287388387335,-0.06205662769737424,-0.12860293726623764,0.11866518288199694,-0.04784479440914381,0.10854978374636663,0.04643830321915123,0.03558606993384616,-0.13716940758393975,0.06063314225973183,0.1506951184840125,-0.05956711736756584,-0.18997462328310805,0.08577450144090062,0.1126172288810115,-0.06704468087524589,-0.029725845349674557,0.0898783867631189,-0.02407639417122659,0.09051638913112911,0.025000882550598284,-0.033748630229225626,-0.037696782386369615,-0.005441311665015775,0.045797978338538575,0.04384503155878024,-0.043135420947063095,-0.04983052421966495,0.06497586558295934,-0.03038348008736578,-0.00885886546184254,0.0858889229233035,-0.16217225131957472,0.10254764518835338,0.03369829902710987,-0.12192044501106962,0.16825724846536075,-0.019793502220331754,-0.041729234741132715,-0.04443495348559604,-0.0010001192585283385,-0.03513909647088904,-0.05659980722202232,-0.13245320878536423,-0.1403341774814933,0.06783881304046409,-0.12922035431419346,-0.06968263596865434,-0.08933928337811947,-0.05666683054969479,-0.012397936401587406,-0.03143836537934137,-0.00843524482565668,0.05260759262212959,0.04374773663998333,0.18836948427770434,0.037412810583144815,0.04753379706655178,0.03913677737032308,0.11426185506283278,-0.07816098003707764,-0.08934642970797232,-0.0722255471685484,-0.015198220896732678,-0.139476555021365,-0.0516282848834919,-0.14105052711871635,-0.1939611921693128,-0.04566586372544326,-0.07627333281618155,-0.03767958840944713,0.23036168278843527,0.14546345807091854,-0.04399703089354123,-0.11747172123287093,0.07414156100051071,-0.192357298004583,0.054812992095495255,-0.028777121688052267,0.09895480335374061,0.03808448694175137,-0.05248784620313997,0.06302895892258896,0.07400147712524839,-0.12726491956597644,-0.09711156932874562,-0.08970451575455222,3.170236705198921E-4,0.18604334626574756,-0.03184561961206399,0.03786073731902443,0.16744541596915782,-0.09958577631631833,-0.06830250233626332,0.011223999171291054,0.022533101117912995,0.03943919827711807,-0.0757108075206316,0.014792943800302587,0.08277409731050786,-0.07449453033020947,-0.09929799887161173,-0.12402400021193272,-0.07773911692623725,0.09280007544448299,-0.1056376635463786,-0.030033405182076613,-0.02388135012911301,0.09921497233320824,-0.041386742252521334,0.0641179026692566,-0.024617160287570022,0.004933915570599218,0.14643588969940846,0.004064428754890553,-0.08676227432606863,0.0268684150925505,0.13937615097353703,-0.10259050921993093,0.02556348310562888,0.2970749690536762,0.0787422353890144,-0.09158031668694415,0.09493890106855425
-0.05205136740315194,0.08300024820283197,0.006987627405723469,0.043301413835544283,-0.031317028299238776,0.1942744589372599,0.19497346009637292,0.07715220699751207,-0.07037506406966669,0.1791233102977872,0.0023652077092353387,0.10325616979385027,-0.13165631183009954,0.027508814282751887,-0.18711154816798214,-0.11262979408224852,-0.004434272418082746,0.046701005284406696,-0.08039401169007102,0.09182605845532103,-0.037549703923481136,0.041278591017498124,-0.0024282286138079695,-0.10848404821593995,0.13960170088675208,-0.11033596629216284,-0.014850991287472085,-0.12931847828804438,0.08385915535599757,0.17148036818105836,-0.10197791634511676,-0.07555504070119812,-0.0732592975897637,0.1503539467699198,-0.06292569207812979,-0.0841848278530069,0.11615827459778615,-0.058377032964165534,0.038972428165579893,0.09701165240072736,-0.015182419979866654,0.06857472993725713,0.048414834490893524,0.06853542669307237,0.13434481270238469,0.09747712551179845,0.02471511111200704,-0.03778973739870788,0.03321892874597366,-0.08623544075365021,-0.004819055650073935,-0.03907290083847868,0.004859494122136554,0.0954002104635325,0.07293147145525375,-0.00115564829757454,0.08558287657229506,0.06753256957102999,0.015178729037963981,0.036968656428504186,-0.16241606241245185,0.04930160504603622,0.07742884127594091,-0.07015719529628892,-0.19484879930237262,4.889909113371354E-4,-0.1501152764417846,0.008478729461973264,0.038702215127313706,-0.1107510335537021,0.03721061229146454,-0.14453282962703576,0.031979296011117875,0.19508658773724513,0.13163410517183366,-0.0730213748252048,0.05709964447432787,-0.031197604061247792,-0.06623508498360316,-0.07319517643233978,-0.037405791552055756,0.05904708524515469,-0.1658248507496906,-0.032840711596138064,0.09894830643106454,0.13817176565455064,0.019153571406324947,-0.04970429811237936,0.18837604108480613,0.07503525444858723,-0.03213459909671011,-0.10887863403764347,0.04197817621790022,-0.09460254390566689,-0.1758714233546785,-0.03832178907888348,-0.003311586192181486,0.059790874053770794,0.0197392412644275,-0.11425738135508696,-0.008408406410779003,-0.11241193397406139,-0.015615873783587999,0.01838372027678116,0.06556211177396722,0.08193925214137854,0.072065823566899,0.09092623216817376,0.12832241578903814,-0.177107060216572,0.021942279015859212,0.0599942460390091,0.16893802236568858,0.0587510801890309,0.07374942986937986,0.09524554061130985,0.012318182116856074,-0.14054794657190295,-0.009491834020290198,-0.05744074542527962,-0.05330736159149589,0.015341647876885744,-0.006923793830615796,-0.06221044750323195,0.023901580972121476,-0.18463926907971015,-0.015159367498501955,-0.031748140315199534
-0.10138272756368882,0.014749381877240524,0.007851471298491945,0.10638907459410644,-0.02062805871565336,-0.06801986584051083,8.117315512595116E-4,-0.04593370609443499,-0.13057706529365679,0.039230065976737505,-0.12018022206023399,-0.08527755462691088,-0.014726864991014207,0.019848510529090993,0.040470065723504686,-0.19196219126768918,0.0374411322030064,-0.07135705045629345,-0.029922166099697153,0.052473119555090875,0.15093093724276693,-0.062375138828745534,-0.1257085814834072,0.045197854951411084,0.05109843352207327,0.06432889450053686,0.14953279392376817,-0.022531595191350024,0.08048774507981173,-0.0415652479772317,0.09284234079483733,-0.206293348626094,0.14878050583847058,-0.08463080579488644,-0.098290304541579,0.024879269405211988,-0.025576156498414514,-0.21094765018640227,-0.02136605660067041,-0.03722416875539052,-0.04908277313440128,0.029149651251889147,0.021563792142064303,0.07186276407002185,-0.05590543721770957,0.004678468298641145,0.16833082704138744,0.1698752430173827,0.03533950981726324,-0.12568731276163167,-0.08480768610497429,-0.10466999222827567,0.03872920279965545,-0.0499597795686393,-0.08375017347994358,-0.0022847774727397605,-0.022832797586396426,-0.022292212975448453,-0.12132591105101635,0.09210276534812374,0.09114330388235183,-0.038452556079281004,0.013961973131714472,0.02651667475262525,0.0383711069317215,0.09197347723592163,-0.11586414110030559,0.07523594726779141,0.010610043284213977,-0.0028117360784757858,-0.21731433246745904,0.024193295865104502,-0.023374254436647812,0.004499795669194184,0.05172706052456761,-0.16485868526140535,0.06480428729367461,0.05308078655317284,0.04320225506780753,0.07572361056403971,-0.11138817223195313,-0.11798738227645639,-0.053481162771658805,0.13059084906487917,-0.18605347722782561,-0.07830558304166566,-0.0036436533383996323,-0.05050381293771548,-0.03450851436620238,0.12655183787555876,0.01860584389384198,-0.10290585446192917,-0.02894360250449826,0.01743646793541236,0.05239890565732021,0.18206108998191203,-0.07317265216872813,0.04798041964547585,-0.11020497764591848,0.01815498109378329,-0.06972904525018653,0.028723489255283317,0.10347956714886149,-0.014327957688262156,0.012502454805149858,0.07480728156442826,-0.15932301453663714,0.08164986216143114,0.08929419781616595,-0.061591043357259456,-0.02713837820822806,-0.16659966362539436,0.0879222020164671,0.1304136638259229,-0.025246983345092854,0.11108408943919414,-0.017106067755398895,0.044048034717616064,0.10868001331718173,0.05160733342982765,0.0026007823693138376,0.03604739008208886,-0.03516986846111598,-0.005417211151753681,0.10111978296043998,0.08478467865522896,-0.09119907503539482,0.046646164018338834
0.13328895942875807,0.025511133860416542,-0.1354436245631132,-0.007801491521872738,-0.057884975235567245,-0.08060536201066586,0.0911403841934663,-0.10819096384078986,-0.02160264667569181,0.0879136969977208,-0.06380297540258899,0.0057261449792483056,0.1743814828315587,-0.04946266013081931,0.1938163502314312,0.08866907935670336,-0.07434428429305645,-0.08342983234019122,0.16146068279814701,0.056936761084547344,-0.12309384598895629,0.0010951229417027189,0.04871528708876433,0.06774105838012578,0.03113634813909297,-0.030448488672723248,-0.03827958519088272,0.08228253469968809,0.012918373020060056,-0.1385676740707133,0.07237199789131667,0.09027166175559499,0.10412324551343427,-0.01367651089882295,0.0058530533667510275,-0.10443252498189697,0.06327728174829991,0.05376712067833091,0.008608379895949269,-0.14064881038375912,0.06761612394526274,-0.04988711715836093,-0.0025034805933731212,0.06474125144198191,0.061534492098743454,-0.21080302665858186,-0.0413507284610288,-0.0068541055053902315,0.20384863098217568,-0.005695769075264775,0.0077482189438938375,0.1318034343769556,-0.06168315280754385,-0.21721617673377488,0.13222560066629238,-0.08884787698125618,-0.06213856049872343,-0.0549065753809439,-0.037141970754361875,0.020943419842368992,0.055413204282372536,-0.023193372283196262,0.01849299013585329,-0.09151379861442778,0.0049931341690660335,-0.10138822689698822,0.06402192369606458,0.08064695279989366,-0.05963886262117767,-0.031204383255926206,0.0734506726798117,0.009553390163498253,-0.08592304343209943,0.016547982621341314,0.025873457046152525,-0.0027230159286461015,0.08400449191344006,0.0769961367333576,-0.12839654646378063,0.1176131516764932,0.00415447808454056,0.06393169680081948,0.1106253502577797,0.01689976994529007,0.08609037220607427,0.07128114103220594,-0.10943871259111092,-0.05428463845699348,0.032814958130997766,-0.05928194763672332,0.05047197427000606,-0.05868915224874178,0.033625514508141816,0.05966675849581198,-0.0708376684729625,-0.0019868624642858075,-0.21191092809022818,0.1938367339647261,0.08941385187211191,0.0654009844599741,0.04290317196186545,-0.1696551869320469,0.02051738090918628,-0.16597857278523862,0.10536537883788309,0.2391415674765988,-0.05215018139408217,0.05345642377018323,0.10774514408706756,-0.16945526801509422,0.13790974614173634,-0.09167929076922526,-0.10754046680329835,0.06601287025109501,-0.07562873475324965,0.0853007990043906,0.03806595752757464,-0.028150469822106075,-0.036084290501937615,0.05496924902484243,0.08487408389738717,0.09087322948905649,-0.08432223878441777,0.11647445202744293,-0.007290402764908917,0.1226865073199247,-0.14128369555436873,-0.07754232452889903
0.3037584447092588,-0.033223669127222966,0.04281552601428497,-0.10278950234810925,-0.17684768106970328,0.011428965193620568,0.10850297351508151,-0.08459444560993674,0.10729124900289488,-0.01354263574739924,-0.06669716189361334,0.0854569851339053,-0.044640502886999944,-0.2028132873131876,0.015658612575246145,0.032808955289443636,-0.03244512694440349,-0.04080300201019464,0.040356778289558054,-0.016329705785251076,-0.0210701798693322,-0.04583955647159198,-0.077075658046915,-0.15889524771970998,0.08423948213335115,-0.005470361810941001,-0.11016810809041172,-0.024105541030943207,-0.027484145852795117,0.06694788306412403,0.0514434615767119,-0.017680654627890275,0.020961336415875914,-0.03761763139390456,0.09802999446005005,0.09103115791795809,0.008582030570477555,0.0990313821307805,0.06165635789413208,0.04740674514742649,-0.007602394654036577,-0.21680676965730353,0.08255229262988135,0.027444532001086618,0.07582327317031104,-0.04554180852993345,-0.21701929036519332,0.03784431944224536,0.1524004480165372,0.049053496521619576,-0.12189170736535744,-0.06269493262386865,0.10489647947971717,-0.00130052750667114,-0.16780377093343235,-0.036649100663494354,0.043094490213277756,0.02466407606619574,0.04315754118816069,0.02419146033957472,0.13029223099839063,-0.062044860068450856,-0.06636460237469453,-0.1315954865260566,0.08383105170765254,-0.010056593527261772,-0.09127093500566136,0.09439716479942722,-0.11531850748903909,0.0644951696814004,0.11859260194336128,0.00894473671537896,-0.07141008090258476,-0.06217275294160718,0.08904028109665404,0.0880853163933047,-0.03616489692082456,-0.04427483710260097,0.08777970704207035,0.21365327529303613,0.031655759996617634,-0.008644902997969769,0.2663234266753365,-0.01668712862868186,-0.0010922232869464976,0.09141832774971499,0.16624511602585515,-0.05962573948901395,-2.469979522269671E-5,0.03841789512606264,0.06232149041063839,-0.07546250444822711,0.09167449220862402,-0.1255881312064469,0.046875232267506714,0.10563425324643168,0.03255304894635819,0.06933311288671756,0.13520640579969467,0.07881613120101418,-0.07656319815430573,-0.046706770372706354,-0.029643000786934992,-0.01227167049831399,0.04536574394574232,-0.10087045968172806,0.03390292963197256,0.0889334024032283,0.10350167013441994,0.0930669941461154,0.006003548882109672,0.014603421777782682,-0.026993022705832013,0.22290290264034862,0.03259375326769199,0.0740404291537432,-0.021981359510352443,0.10102039059756969,0.002122832425504615,-0.06176230773278869,0.12018300089707157,0.030055540652952583,-0.00922163676819103,0.08102051997878033,0.05090290859653026,0.09811188651869146,0.10439203449032507,-0.031116907207784594
-0.15561321551699792,-0.1351036131397092,-0.033412616992499776,-0.07776654248520588,-0.006070012634700562,-0.0031760129498982544,-0.11781415653639236,-0.07715659495544563,-0.02820634405264361,0.13259396069966356,0.0017186171139221785,0.11808741401879722,0.012476325036435185,0.06358615957050043,0.0217275107639735,-0.2327112780244847,0.03288080011214915,0.047102428524968,0.13594694444724012,-0.03001480446194225,0.01456669683479728,0.027405612285105168,0.04382759035799333,-0.018125618408881546,-0.11625819687468644,0.013114409558207264,0.021480762731549804,0.19980763540897914,0.04132911047145207,0.005076747125885378,-0.19044738095589067,-0.3155200502050235,0.09727495472970007,0.059928269622496665,0.039023811334944376,-0.09823009171268013,-0.024640412993121082,-0.14031280528796025,0.09220622411464122,0.029242063640210245,-0.009633282386414584,-0.090752451983108,0.04980772796787114,0.022523696976955672,0.011838314085756786,-0.14158904775819553,0.037553974650336296,-0.02803992808493344,0.04716948812243375,-0.16414011774723047,-0.08705665731767397,0.07878299644340986,-0.045327841972160665,0.07898340457741973,-0.11827558877502975,-0.06431160152728337,0.042616029179005234,0.0944491067608173,0.09428423665405182,-0.02056850357006658,0.017157051717078604,-0.11219748084371471,0.054095602782608866,-0.08073304277403902,-0.038799069273510386,-0.003245576653289172,0.014950113048133106,0.0924072959679845,0.0021976840045152104,0.01654216753834821,-0.10132457542421038,-0.13125904118805523,-0.04410966134580198,-0.006925694903769762,0.029409024688325958,0.1316041110033019,-0.10232219639867479,-0.18058542529648122,0.0813659680378442,-0.024464561642920952,-0.02736278686608003,0.04479856916847651,-0.08015136089162771,-0.018515284715695846,0.044065545525582304,-0.0036438166667673634,0.006168724464444753,-0.028673786320529082,0.043671179489205,0.07887293468524272,-0.18285060450589954,0.004764179526589212,-0.01808901182078062,0.14020573367406486,-0.0209657156375295,0.06572712358181183,-0.10735081705910214,0.07973047106124936,-0.1050535411578435,-0.03136546010742753,0.1251059149498287,-0.20932875028680706,-0.15691470116433304,-0.15822091230948362,0.04488273751388913,-0.10207740655127406,0.041144806503950734,0.034713193434051395,0.012471479260167414,0.030366000409537505,0.01907181991415432,0.09731994431984342,-0.014654377850226032,0.16449672446732325,0.08103969195055714,0.15485128154106098,0.13212133914776827,-0.13738485020690608,0.16146671860203624,0.08568038854931366,0.01902619998538598,0.029428337981205116,-0.08455395371953117,0.016355436993608297,-0.008376233331997877,0.003090789260264099,-0.008451214345917694,-0.16901678989008928
-0.15421038916270166,0.040660785840157636,0.014613567137766043,0.23766004502996796,-0.21354087005392247,-0.10421393506418682,0.012491202683048201,-0.09440242281072143,0.010089914039728682,0.012779371513235889,-0.17430083237915092,-0.04701977982475923,-0.0057796514799848455,-0.09025024265257504,-0.07054883909444615,-0.02383033783412537,0.173060244639115,-0.05586153126739038,0.012959411116781352,0.22986775198169615,-0.14485416871614154,0.039730089949024154,-0.08342949932234382,0.053218461491875195,-0.12163688070834676,0.024890593772844288,-0.034953904235577794,0.054262100465689904,-0.04746483012300192,-0.01059389770173825,0.004321791243079583,-0.019102306195560543,0.0016454088549089038,-0.11650232114703844,-0.07692525052105088,-0.031106627047960675,0.029344044243846613,0.02709136763205237,0.039844426376353145,-0.02139728668876298,0.17661359412873184,-0.11573169732219471,0.0040049802157441335,-0.006988023341641883,-0.03248737167857242,-0.08443148776807857,-0.1532832833344131,0.11346395920197085,-0.067713395033225,-0.025204924402160205,-0.14238551552180853,-0.04690145030208123,-0.10427000432053724,0.0651710982709113,-0.08973489585875538,-0.015399082651610638,0.006120475911737777,-0.01129530738168251,-0.024758688802375927,0.1044417828259009,0.1784084612338563,-0.008315098798634917,-0.02941847548788055,-0.11356780298083767,-0.0952105520959702,-0.04051072134951386,0.02948431851822405,0.12121812564269528,0.10211625526900052,-0.10997218277301116,0.11235557013896462,-0.016746982799199974,-0.12610034507159862,-0.07968897784778513,0.0014559272533949327,0.12673727248525013,0.07685398655338192,-0.051905455098647,0.034101710472714306,-0.015595079123557346,0.1364830824686928,0.08344699382346009,-0.18119650140599267,-0.08907023656899034,0.10168170781660658,0.0016459057233547177,-0.07023447193233058,0.021373238894740024,0.06185997556346357,0.00941195797774489,0.025285002429333066,0.015040787241070904,0.046095835238404465,0.01499002412177311,-0.03628839306279645,0.06819728565067756,-0.1586707055476923,-0.048880726526689074,-0.13664586804406798,-0.05678833221035181,-0.15014113913803118,-0.12407657899948214,0.24179781265013725,-0.11916441758034148,0.021067640826267362,-8.035488422963658E-4,0.2058189822904965,-0.05197764712250405,0.092146089367901,0.007164358186995108,0.08693053706308443,-0.09200399171513364,-0.010431525825529232,-0.055797350097102405,-0.0848168240060148,0.06799981164841123,0.0624195980552659,-0.16445061567916547,-0.15381782655791373,0.12717982557672616,-0.08869143940340198,0.14185908319311855,0.21007011143623208,-0.10886809647389029,0.26165386243615985,-0.1695111030846781,-0.03490327520022765,-0.13973908446609357
0.11637605907715805,-0.024566348717955183,-0.03687599411399171,0.018016337078807274,-0.005025042806966328,-0.05427447814243664,0.16147973109461095,0.035529718421000375,-0.005909721807605009,0.12283126910495784,-0.023229811265625292,0.011777947304621821,0.17988131746494151,0.06650748858925871,-0.002357401009625875,0.00395713893981864,-0.10506751749792648,-0.12818479900150814,-0.0021692572987811413,0.10863594595225791,-0.08769795991650185,-0.1407779178231861,0.08063944054119782,-0.026150962371038637,-0.02200204039240565,-0.04978220162056635,0.047848388832521745,0.09779552594974941,0.016569691112791603,-0.017156183216435368,-0.045837043436569344,0.11694579107744468,-0.07310862624175604,-0.019499396632154546,0.0639986111756053,-0.02387873451816643,-0.05279900389772847,-0.07328288467902436,0.012375610589437314,-0.052732195944991754,-0.03918102196435458,0.08651398939510203,0.07387216193656723,-0.09911806498526626,0.19077419381395339,-0.13959260126705197,-0.13996989194414158,-0.08048634705185514,0.030436225484622707,-0.1282635996050585,-0.014223702256890482,-0.09217099848256803,0.03546113588231961,0.06351691252047198,0.09850465170498159,0.03331169155444416,-0.01940061981836118,0.0859289145212318,-0.04749926277704763,0.1884103066802839,-0.03167073253262273,0.029355357670282377,0.021197083174542174,-0.0698040180144575,-0.0093106035268077,-0.0970856047237498,0.029308082410252644,-0.11055963725594113,-0.09313983300550095,-0.07710558256266488,-0.1068952249998023,0.17314877814324175,-0.05562868015262288,-0.13036241251899564,0.10932143172084913,-0.04704405441927109,0.0086874159781696,-0.18373472993234072,0.03427827342249947,0.03777036926941023,-0.31328087037083424,0.11564283919809064,-0.05630806681872537,0.0409252148348681,0.035886693193798426,0.10090750581740097,-0.052600373669671185,-0.05412098343419401,0.05266598552356938,-0.15337592615580167,-0.018870793448512866,-0.022901591345599617,-0.029951633335595088,0.006830654449513335,-0.06313242608127975,0.03558363439910406,0.005505888957456693,0.06252429856856016,0.15080836925825167,-0.004266217820848156,0.0171008219684565,-0.0059311877311606954,0.0765479847612535,-0.17108806780609526,-0.007678137950672083,0.2682960011528223,0.0806478259813978,0.026087214118031245,0.0882423784181581,-0.09101637909757092,0.03520622303541488,-0.045363998278421316,0.08668709584750187,-0.1090521831182946,-0.009621645776008455,5.938823001263699E-4,0.17213144652712611,-0.05525821637675918,-0.054149859282918614,-0.10957192524629236,-0.07865487957873236,0.13141436188857353,-0.065592127244414,0.16493530819377616,0.029045717712950895,-0.03334789644028736,-0.031751227935720175,-0.10114611919465565
-0.18534262168205073,-0.06151352522277397,-0.02285136520189215,0.09354348895313125,-0.08304820719192295,-0.20868545959393786,-0.04005484185015426,-0.11627455236437188,-0.09831350045561087,0.17122054477905974,-0.006621409251522138,0.06124838719237614,0.08552225495419358,0.07642331080839944,0.16787583852849985,-0.15504381576001416,-0.01661726885631438,-0.013100191364366059,0.015432912366069484,0.11346397674375334,-0.006255714893192374,0.05145268688449588,-0.014984827825099752,-0.10502150377184383,0.03223684743601858,-0.008653662753729294,-0.04827197046274658,-0.048417362465021097,-0.14233317128243705,0.0714988371761164,0.13365116422253626,0.09960222765044072,-0.03863745254271924,-0.014399191153935703,0.13591941647959524,0.10376939842126569,-0.08614945702799923,-0.03606232788492982,-0.11762873005049487,-0.01065691336622394,-0.012110934590278004,0.0283148706930753,0.034723388695722626,-5.056000509439862E-4,-0.11890405250476273,-0.18464075998046417,0.04564617974979176,0.060432321071126234,0.10243532434010037,0.09011153617614681,-0.0014087270466109226,-0.027900911930851778,0.03089562574405691,0.05785417332978393,-0.011110563736582063,0.0022557050379290763,-0.06478274316684474,-0.07263829748113154,-0.08680993849475845,0.0728299960855671,0.08201090155238953,-0.020185290279664977,0.0010732963791663186,-0.05639281325668944,-0.05896892756631471,-0.1770367311708222,0.032519050555850436,0.10182531982130504,0.1191015196749383,-0.1285717066634097,-0.10248937028927778,0.07142857358308052,-0.11143174736071657,-0.00312232162735695,-0.05233421478073009,-0.0147932936967821,0.1931056203612374,-0.03275991828592475,0.036849339178989575,0.11549814013003575,-0.07368253331354385,0.10381824126360222,-0.036735102547353425,-0.05020301630765035,-0.08138778295652123,0.13560489273870568,-0.05250358427937661,-0.0059818722310460435,-0.05435337819663156,-0.06601535206568049,-0.052543741714853376,5.014112935583136E-4,-0.0602637668549485,0.07699036260464227,-0.09446517829008388,0.04231248312849863,0.0776158640382416,-0.015094551281054044,0.022029730634986134,0.008462445251074178,-0.01606579481852539,0.030023232339075834,0.0018899788456885258,0.09919010368864722,0.1684478876623356,0.05338334052008252,0.09182731570184872,0.05740710217227609,0.006214154940199901,-0.0798800234573973,-0.14490639343863035,-0.06514553838253125,0.06345530410461434,0.05797438162615268,0.14020941369390327,-0.059022256802668725,0.06456208715214456,0.021983025867060833,-0.08898849122644512,-0.21614390539669048,-0.08457793952319616,-0.034830051284619815,0.04399449468739315,-0.020964152555650966,0.09755936843936594,-0.056127271416712254,-0.023869042823131355,-0.011300564144854891
-0.04007470495690873,-0.04005683519147406,-0.2251905087257906,-0.12202019196974831,-0.10401663376330478,-0.021738555706332437,0.03861644137124182,-0.24321014722035467,-0.07327613326985535,0.04118411123563956,-0.05352878644241405,0.037543722141016554,0.009209543204076881,0.058985586386901843,-0.04196659737190618,-0.058946122333744175,-0.038536463016331526,-0.038009504673965536,-0.02143346693589808,-0.08401988866997055,0.039138184154434486,0.10189328772422701,-0.047120799622115406,0.0944435981956557,0.07684638867433803,-0.06557654420514426,0.014891431083165065,0.00682307548570837,0.005793253428732539,-0.1544744673696396,-0.03697363173016216,-0.08007569917756238,-0.028102372799965837,0.09130948238834423,0.07442162780497556,0.04919069231962121,-0.02504992927337317,-0.06662853204520998,-0.05725594225490573,-0.09662274850782465,-0.03814761480358605,-0.04580111645447132,-0.014650030737312775,0.006340148586803858,0.05202023806245528,-0.12166578971210727,-0.10690949009194385,0.10669208347777534,-0.1207955699477427,0.1405379643984735,-0.054770028070997505,-0.04790304842661028,-0.04965059359560083,0.001511860435189305,-0.08731787054021745,-0.04838600532617389,0.09827312553857855,0.11437616251240963,0.05839928409564413,0.13148147106344912,-0.07308084024557464,0.1465046437618311,-0.04171086231582573,-0.04311349068737409,-0.06130547165773873,0.07137885856664485,0.022777500907625273,-0.003199973250091091,-0.030664597331856152,-0.06691531993126759,-0.03423860946316352,0.07952872017496239,-0.054606162513312365,0.12967882087619628,-0.16663928157207591,0.12128186414506328,0.07688246904360257,-0.17113966107788464,-0.08794800932179261,-0.02716083053411045,0.01355423046820015,-0.022629921595951268,-0.08337621324224108,0.11632467193864612,0.1200149862720262,-0.09935491518743424,-0.023200896758215864,0.029325772907905927,0.016906508890698398,0.0248799803560013,-0.016780369508522817,-0.020522945751080664,0.012238550945692466,-0.17824449658221772,-0.10593434672763816,0.013527501004410773,0.08644618904436402,-0.015171943693698644,-0.10932203818329037,0.10140784733992929,0.018535365365027087,0.09723757271129006,-0.011367311526755382,-0.053898433590687585,0.05896386088159838,0.1603200320438281,-0.07363118961158098,-0.02791127139927403,0.040931356134563536,-0.1316058455991299,0.11713731347629372,0.12721347737821792,-0.046579460008322124,0.04307103385386557,-0.10303414322316112,-0.07604898125929356,0.034800883189338605,-0.08580279430907299,-0.09580309805314746,0.04585253685627627,-0.012143864635679895,-0.010151273862259409,0.09014449125871117,-0.03879106519695633,-0.08640333471915913,-0.18904423595958147,0.025256867608482038,0.006458964753037719
0.1623832534413928,0.06448288043684497,-0.13104339628151687,0.015969609666773195,0.03633770546870384,0.0699239346678436,0.01467844913592548,-0.11022200205685419,-0.024233583266228195,0.07852432753484533,-0.08892195504270271,0.04458342950670929,0.09827778674511718,-0.017831400897318953,0.2055912872604465,-0.10170966477225303,-0.0046659345585291015,-0.25840289735624844,-0.11439356944227816,-0.14674289881288932,0.039024212646815146,0.10457474905255104,0.06711154771906727,-0.10481896978673895,-0.018487666400307103,-0.03780246528931419,0.03578171299153873,-0.055990341055928816,-0.0504458871129343,-0.07351176368712442,-0.07722981004182033,0.1448745113913882,-0.030828883321401282,0.11798444208674289,0.008439635284071573,-0.11663640444027126,0.012156921045308076,0.15936362505017063,-0.06495582132819575,-0.0650935371504377,0.0218235478018291,0.051101633697226034,-0.1710732563780652,-0.10165397909056047,-0.02143238859880684,0.14364153749727798,0.07011532295670062,-0.0048067264097402035,0.07160188111923527,-0.014456445772532783,0.07411317452701349,0.07656355449794242,-0.16416407158789195,0.15334072833589904,0.1576584828231087,0.04369451095688926,0.013034423502845043,-0.14226549856669046,-0.019073136460343615,0.018347386972690782,-0.06281054158700193,0.013081342741413546,0.0903604678733007,-0.05748398268296848,-0.06031925022817509,-0.006256997881828283,-0.08859235634443775,0.0021860376733087526,-0.08592776465813523,-0.014425884043785525,-0.007115331075528152,0.080018591152503,0.07211268785578898,0.012222565774642927,-0.16155013702866705,0.22085856120760022,0.029812517166624246,0.08537077397820858,0.08660826092183604,-0.09127046188997992,-0.018557791581997125,-0.0011586503221675973,-0.10866992892772594,0.19843347850738444,-0.18402902062096924,-0.07485145289723431,-0.013236194914606607,-0.049097811725216475,-0.0798619694726631,0.030198070613462913,-0.07977599079766386,0.015875293550339915,-0.08860260464052128,-0.00952998005828305,0.004974212231633231,-0.003378703876081925,-0.09876176020969968,-0.10245224594838877,0.11079342447323758,-0.10276712559640554,-0.010105242746847631,0.17516330762250418,0.02349009970818607,0.08526639393412434,0.03949444896442536,0.02272213130722499,0.2095126107614248,0.11027462425333398,-0.04540264090855373,0.07166205784110716,-0.05043088545630102,-0.03188101306448176,-0.04369127635339258,0.07974880908264088,-0.09755420251936701,-0.02175433130239851,-0.013869622126689522,0.051827216890537944,-0.0931458835742694,-0.11479060525996504,0.051084680912196145,-0.03040804229878442,-0.17389114294857516,-0.05432092395949371,-0.011990579508715701,0.06292353898584432,-0.05176649867141161,0.0356393870824253
0.04309720848439146,0.034925958451408265,-0.15346898226829042,0.025596003197091297,0.05473628625454621,0.14547900924521098,0.16795111083159545,-0.07638109659238151,-0.05933247133907103,-0.058703334469063374,-0.08408869866524768,0.19981670572557464,0.028427361108616236,0.04080188653940377,0.12310392805343803,-0.09253758240842543,-0.14811466927569727,0.05080242405213959,0.032321242269938294,-0.014669212817686749,-0.03625552990345144,-0.009417060602258581,-0.0029152021266461462,-0.011164107906444369,0.1291425651120821,-0.010385677091124087,0.21383434657086894,-0.053782186423409525,-0.10642349804874746,0.003650868043015797,0.06626327880384503,0.09542038926755088,-0.016850070479091712,-0.012589988881154472,0.003575686185004274,-0.04589065438283641,0.16520379776737235,0.03397133351793065,-0.046162795728101405,0.09389275774324561,0.16264064277044002,0.14598995815385926,0.015364728488037148,0.07581723914394804,0.10728475104381942,0.11812909723535572,-0.10731014648669493,0.03880962312681615,-0.10663147827977922,-0.11840373585234222,0.010637312796280949,-0.1058091894390714,-0.019220074974310716,-0.04828974728079931,-0.0888568507857144,0.01195801708707341,0.005914971205442415,-0.062349076862017266,-0.11702164894716427,-0.07205905409795048,-0.03241014273284831,-0.018310154723716644,-0.030595220909596973,0.044705307800775744,0.12328250786921405,-0.028221105720419103,-0.0635579991754276,0.03448406193474354,0.06776060849769683,-0.23708710287789014,-0.041603054531666434,-0.1502717922330732,-0.018126651832487073,-0.09258843060766882,0.12324135198811444,-0.1187644927019758,0.03687552761330756,-0.0357987018107056,-0.06179207295810365,-0.1246880924524993,0.006970181376676476,-0.07300294868677087,0.027879580846127957,-0.08800768199000539,0.004618841314832396,-0.2118709173121514,0.06174648618903493,-0.18654207539778989,0.024624843569293533,0.09925385574943776,0.04557216561831938,-0.0677876828497688,0.06824365330888102,0.059163807053013745,-0.06181527472679724,0.036816599257353734,0.03404548630759656,0.04672067304869239,-0.021659557825288802,-0.03669490673362064,0.10558479286646777,-0.126948908197219,0.08200436195345782,0.10427885247158553,-0.03234767813124845,-0.046532352897548715,0.024259270862672756,0.0356091033157344,-0.114654062002734,-0.2127015225835919,0.044970598447946,0.1174587752120884,-0.013554166545811614,0.06986187265788375,-0.012405237516679223,-0.09169162335364392,-0.034114224810099,0.07720143137851622,-0.13273447550724318,-0.06314343766318042,0.09633229021370263,-0.04925698921824703,0.08045871129559518,0.0508355267993824,-0.017275053442223555,-0.1782520474149621,0.09627751328280047,-0.11288916541998205
-0.029580667703067172,0.15664603451176123,0.04476688242535121,0.010198873794876653,0.020003194820352815,0.0643553557521204,0.20527603140233497,0.010138496254348853,0.1940368967062696,0.01480384844860268,-0.07545171212043603,-0.058194193079299926,0.1846190095050743,-0.030475612761482168,5.411514277855311E-4,-0.010344762677748642,0.11202899409940834,0.06370124969240099,-0.02833787263462986,-0.013138334169593147,0.2219167147724404,-0.14918771680135906,0.21260167625163934,0.04004123053804599,-0.0580831401283744,0.034525385834013315,0.029858488673756525,0.0025712275820121908,-0.15397560671262633,-0.17193663852690727,0.06165995427299292,-0.035893427344500226,0.025530392328129654,0.02587221104556492,0.15929908017335098,0.1630151315597181,0.0013614863631069465,-0.040053912443845395,0.031353160654625685,0.002355209278308691,0.1673635805871759,0.12576179603653023,0.024716564361339465,0.020764114417936318,0.17920863852571986,0.020583629841406992,-0.10966769222578202,0.08645330112541841,0.1389722962751542,0.08771620232316171,-0.23743603164157365,0.02941298213531081,-0.05783564958320194,0.1669401947274125,0.17475645806923293,-0.008689469773642919,0.09737611604646819,-0.0259700876220282,-0.0872904020147612,0.18231078988055918,0.05733483546586141,-0.07420073798447994,0.14014894095061703,-0.03318931145745824,-0.15670942091206064,-0.14070885823083643,0.044456412003756156,-0.03170094041271448,-0.09405002320289212,-0.1042272886420963,-0.016172572489980643,0.10014941641546528,0.002502451345415283,-0.032523234355019,0.012672128124371154,-0.0555495008300006,-0.004305068578368317,0.1372040127233375,0.08756341000266528,-0.05323627239726444,-0.0637857797356405,0.17707735485314974,-0.0846357812616046,0.11076604037292781,0.1327918356995015,-0.16315227531452683,-0.10287062717518705,0.04791491197692275,-0.1406604705219091,0.07441499925381151,-0.014854456376331234,-0.09343643960108497,0.09555636572166352,0.03996718454553482,0.034176361871456847,-0.02696773348990605,-0.1043090410846978,0.12198995285325866,0.054461905167011895,-0.043970222903642914,-0.04010459843186988,-0.03758797712988131,-0.05863387399605319,0.03669512993061939,-0.031228538474700338,-0.027140102304827465,-0.09884327568027299,-0.04251371433658139,0.04613074559706924,0.08769182170576585,0.007052547537642687,0.02314909061138472,0.15032711655368877,0.20208169038699078,0.11104978124979739,0.09675669674611208,-0.08010373925139068,-0.03584798503511003,0.008942714947807491,0.024619223856093685,0.1886646371772787,0.11704467680513063,0.0820204651111224,0.060797037386626965,-0.15433019720409613,0.04549524204713406,0.12936868497073323,0.03405037573024468
0.04126118973404376,-0.09306606590835195,0.05316396662016114,-0.14174574133974482,0.11417991904778112,0.10020970428591296,-0.009149671631256675,0.01482337478700035,0.02796750923766213,0.009823804590023643,-0.05631266032318279,-0.14714769849419262,0.06062263572240343,0.05580641380118714,-0.027384171565368966,-0.13133517076113277,-0.043787164145877897,0.015021538013565133,0.03531058724477485,0.1108606254391032,-0.057000742707121174,0.2665099878296927,-0.0286258263052138,-0.15818327761337544,-0.03171616953439032,-0.035099501022766585,0.022660249021804985,0.08550205324633332,-0.12341913096242939,0.15882534247756505,-0.0564797849410023,0.018034908085112336,0.12402949185317136,0.1546649866423947,0.08896568388450461,0.055249804000396176,0.1416894164005454,-0.032252788059076554,0.04291527211375305,0.03394269204268751,0.06215261832124504,0.05281381442732895,-0.02012476223161641,0.04070653583332329,0.010300486210552675,0.08635729526800939,-0.033044459772563095,0.09564850531132582,-0.06956979632368947,-0.06286600720100483,0.007857019346672685,0.11163688485268562,0.015767360208358176,0.09014158649603077,0.1073022373704733,0.02661301603544496,0.029799367763150703,-0.08641307747342478,0.08268267319140529,-0.19955684335683013,0.10367283906392008,0.16744580672568182,0.016242065287386805,-0.1204752151720132,0.0017333825471010972,-0.0756595114743836,0.13316340266343513,-0.074498824387042,0.0726215374576586,0.02818882239803343,0.035786926257600236,-0.0545636346195559,0.01568135775189106,-0.006376066905364769,0.02724797589892322,0.02687429384230562,0.12712083257026902,-0.08227469159869882,-0.019883747994465004,-0.05875999668764162,0.02319726631860778,-0.1397898256872886,0.09128802598149305,-0.02986193026935908,0.11237846231380703,0.1879502370090906,-0.008941743634858544,0.030336132868430423,0.019702722054004355,-0.05932804105771641,-0.0057452401595454155,-0.0640820302158317,0.09313141558748834,0.13679428601448115,-0.03941778671532625,-0.18518502319905591,0.12082676256753383,0.043473939300102966,-0.05493132945863017,-0.10023486200274229,0.037196012148391785,0.03030022047647536,0.09899346991265957,-0.01167516934710908,0.09449177829980426,-0.17938542276630726,0.11579736612563032,-0.0073371076941337555,0.09221987728288951,0.07832839300331948,0.006928256408288932,-0.09039777835317556,-0.07021773066432457,-0.0393970749884356,-0.058510541108346005,-0.03388080364842456,-0.047053753587139,-0.11862473559216402,0.05063818075294137,-0.24205575505349144,0.00943236916560336,0.11559588489580651,0.18654925448212495,-0.10044502280058396,-0.014903603510190298,-0.008227846713517211,-0.09766030527688796,-0.05652017378659256
0.0685604920863985,0.14233171543241357,0.0965997917057321,-0.016541963058064733,-0.09390340507937572,0.06652611116269319,0.18167151864582656,0.025479657511788396,0.02437981926566352,0.1411771261764153,-0.048066612583913634,0.09249858880298718,-0.01607220400205263,0.06575871999352143,0.06304038302707049,-0.1169369870374473,-0.08097912105003383,-0.0023975403143953826,0.1431449563397324,0.16204585584797737,0.12081261328378534,-0.17287357718313176,0.060415406040156175,-0.04170696031069024,-0.026795107365304292,0.13269253159042319,0.0034941492127941003,-0.0832492228151155,-0.04881603160680548,-0.023277719038414815,-0.1282155309466106,-0.08101751403209273,0.20523871180038586,0.08990117344355056,-0.050035756702784304,-0.11291361751556302,-0.11760814818840933,0.028565213755353324,0.1773842718527741,-0.16473687453514801,-0.0296714704673624,0.015165377007061394,0.01623953230030712,0.07376920361782494,0.029737518920035785,-0.13979285026286897,-0.014098956024463444,0.2573692106067443,-0.07667904583392904,0.05098692728569711,0.0863968293973669,-0.0870090799860869,-0.062408584352995226,-0.1726648402875179,0.05871097353589919,-0.0023485826046908825,0.005270522292737893,0.11819044250926954,-0.08211263735485881,0.03222925535734561,-0.031406467524731974,-0.0745442213608643,0.11401912157604895,0.04888313994470972,0.035187774753071346,-0.052427688838285226,0.14751077183618944,0.010928249308625775,-0.0335503998610607,0.01325479007766608,-0.08944146729439387,0.10476870179504345,0.0771621243087836,-0.054641549414190235,-0.062075270646988645,0.12388121375572039,0.07766184714742035,-0.23405570580506552,-0.008574302652915257,0.05115228301473733,0.021510992394514435,-0.14404814565690485,-0.008007128784024872,0.11991451253129595,0.10821453398116672,0.09883743042664454,-0.04865141762262928,0.050736776377965136,0.02205905340387773,-0.02855995990470035,-0.04211207170600278,0.01689982115090115,-0.052497128683790896,0.04058168412480248,-0.013828721945935563,0.01223044220577241,-0.04772031426382517,0.078251568495748,-0.048468959611592914,-0.04509806762835659,0.11156555572959044,-0.06484740669856309,0.00925485275291973,-0.055224319175443015,0.025174164827018185,0.07401653117095078,0.028107227476249493,0.08490918703683993,0.019590097022477437,0.020312352626448555,0.007481837908843833,0.006098249988145703,-0.11455533444892,0.12244320739533189,-0.12636879408393878,-0.003885438202038535,0.02983193976510973,-0.14521474002047208,-0.10511596568010123,-0.0872997646920472,0.004662456048104049,0.12691229283199576,0.29817245812990606,-0.05636144365054938,-0.16527466264719737,-0.08350167809925625,-0.09283204402214136,-0.14846084666131812
-0.06980087709614857,-0.009361915385965675,0.07277293956081173,-0.01756560362587297,0.03421092739646334,0.11998598434845996,-0.06558388226664867,-0.17333811663656234,0.019578847512399973,0.10402367809608676,0.009020008642492848,0.029762961799421738,0.08142693570754081,0.042042650801634954,0.032688662231957676,-0.2485066656452419,0.037298056094207346,0.05595890042504248,0.01191575378791446,0.023247529116280995,0.01694488011682521,-0.06830581771525636,-0.012097756218495927,-0.02008703509320993,0.03047555885957224,-0.054342323555305924,-0.008837621043201748,0.08417386326028699,-0.008495074986106684,-0.1721764450697789,0.1204670216701196,0.08706760622842777,0.09014363675086999,0.06896821572731139,2.6850958348400883E-4,-0.0185708776336165,-0.05263878550590184,0.0805340192096573,0.1187149572824831,-0.08210905638860264,-0.024322223919469813,0.04224348780011199,0.0202855976685749,-0.050436070889906655,0.010714700425650517,-0.0980991817017448,0.06820534506963889,-0.05041594714620412,0.0459611401845292,0.041691611950243096,-0.05294792642687189,0.03047339691482019,-0.035498505632779113,0.12055700782160857,0.18804198494840527,-0.027342578589987288,0.11750161581940831,-3.4657567219235745E-4,0.03358667745209689,0.10594934800051342,-0.07010936279572355,0.06102776987203382,-0.00847403005098761,-0.023078732131612132,-0.05045685152821368,-0.1135329774721293,0.0785998894472319,0.18521391061886447,-0.020741934523238952,0.11440646942071836,-0.08004869171246842,-0.14856904783696423,0.11666070898733308,-0.037333122093385074,-0.0905154777256736,0.054388619265287985,-0.018188161948415132,0.005551594752828154,-0.022339003709968126,-0.03627794810470974,-0.12019095166523969,0.0970526652470757,0.1003321442482373,0.0822671022709204,0.0013658362645946965,0.02465474598425779,0.017532110252035132,-0.0795580748521094,0.13878380405910581,0.10303136887297193,-0.006816801781031898,0.121782418134963,0.10263804859763584,0.23189614704579758,0.05534884893244248,-0.08914337429221043,-0.03541450588010392,0.08708638175694279,0.14803491509677563,0.12516601231658286,-0.037860767735094454,-0.0223951864578002,0.06438841798434304,-0.00600607455970298,0.04265389706801645,-0.09305592177463874,-0.012687691266695465,0.09744745158241888,0.17085795291720535,0.22163682745504928,0.022916662450650566,0.060891042480208185,-0.01939863708468435,0.12421033343127068,-0.062138790106618845,0.05612611476421003,-0.15359843188532868,0.08475472299822864,-0.04434857913537781,0.032254582598716344,0.030778091219282707,0.19555763136628784,0.16894088121200665,-0.16022599918661992,0.01716637366814426,0.07329361357510766,-0.08078928344049245,-0.11318171789455614
-0.10888950227843258,0.014103506548532083,-0.06917340428507701,-0.02111259543872275,0.037149097937777306,0.07173932746233432,0.07328099580803255,0.10849302112251345,0.08152879812707206,0.11074633899186827,-0.03828307210015059,0.10614464010259732,-0.016054041141295352,0.14259521751299364,-0.02374534390338567,0.01845087581633701,-0.04712707703503939,-0.12481142523951762,0.09554177171375677,0.10060148712398162,-0.04789524293684745,0.09999503690985605,0.029306258816393187,-0.07309416295937797,0.1331257495545827,0.07001605426210702,0.02940230675352939,0.20531354415397612,-0.06716558424138969,-0.00753968347857719,0.09714550642904722,-0.008465981151861337,0.08777318648472514,-0.062305395486961734,0.015710320872343066,0.21290080515683824,0.09844864197501461,-0.041691695566213216,0.05240238949423092,-0.223079111283595,0.023888969529759423,0.15156736225168477,0.15791018979617163,-0.01820068575102115,-0.07468726353511852,-0.06619170926707574,-0.08143349380703938,-0.021221903536550422,-0.09089406991175122,-8.95228711658572E-4,-0.13542453528582937,-0.06024121231400531,0.06102847846287251,0.026819064154152753,0.07986763482484971,-0.05506035731265872,0.13009500259966586,-0.0033336963474927153,0.04525583007126579,0.04221689143734635,-0.05459753941737259,-0.10747956674775679,0.032571255459668436,-0.09867882462573013,0.017304710568033645,-0.046307122787992386,0.14714267457793295,0.009294397335984497,0.05374416131104208,-0.0910659693398853,-0.04393648676514136,0.04883826549072862,0.04774681377391099,-0.06670870291571603,-0.08109927591429054,-0.01208263936445489,-0.019815504469287787,-0.14890098882117925,-0.23148335711248427,-0.013054162957208938,0.0746999264341963,0.041132816985704715,-0.06557878885404028,0.08046613360235594,0.13871174964896016,-0.10328264485535149,0.01631264838015963,-0.031166362098433688,-0.24315833203034012,0.15135994787493873,0.019440736496140046,-0.014700107327756062,0.07973287616934475,0.07581055665026236,-0.036147012675982526,-0.046762445129734535,0.05825736747792591,0.08144364146706093,0.11572859384882343,0.2813512646496675,0.052232387490588394,0.16919897771401368,-0.21248514577023964,-0.06480775116357823,-0.006108453072524797,-0.09993002186844878,-0.08521511337528849,-0.08738957895063426,0.1248002102957775,0.02965501017828253,0.07633769494955543,-0.11132923167016125,0.022719712311975563,0.11304384811955871,0.08937977242137313,-0.06163833055374539,-0.048906398860124434,0.010750209123414517,0.10090365372671671,-0.04317086913098492,0.09241746371845676,0.08227229738428143,0.01894165393658641,0.17960748794376427,-0.03266251268929114,0.05163899993784735,0.017872894198846235,-0.0886584475180443
-0.042539453835370354,-0.06618646970907434,-0.1467624988559175,0.10453041243763472,0.03849155616891845,0.026928570288218892,0.11443093018616536,-0.15475661296261747,-0.11253910348741575,0.09330083791179532,0.06518686823696798,0.029856921629335273,0.12276343790041802,0.18861047772487993,0.03936283001165663,0.05720119091629504,0.007618051828870944,0.09707530118503,0.025010210910401294,-0.030040813349528517,0.041463780174861645,-0.00421405774013556,-0.11739669741037824,-0.04470070729981098,0.04954548972631639,-0.15338572579251733,0.17892754169031663,-0.017127915542922555,0.058763251506051106,0.06128738071367654,-0.18880657888803282,0.1113068137835061,-0.04821476013026619,0.07979777933005511,-0.030423838516430903,-0.06921007098686294,0.00849057642301133,0.020923745055609042,0.10405023422225236,0.025766504810531977,-0.09669551707324259,0.03975442154563678,0.0019057952080483182,-0.040497037252987804,0.18035330559114085,-0.12466406701819496,-0.06440878556726017,-0.0037548305234433085,0.024092876031394355,-0.009921479890398582,0.16541268756109995,0.023600243142995744,-0.07719965074513212,-0.00549584441331065,0.1620188465717745,0.0398392630013024,0.030475662259042958,-0.23004697164238908,0.07086568790656864,0.14528628625415932,0.05473104772231961,-0.0015027675898135365,0.015990977582122107,0.07672164534424092,0.027817222386769532,0.018647066499082637,-0.09679800497459679,0.037618681736747164,-0.020904877315878544,0.15836116769541897,0.15836617576515163,0.001992709939972493,-0.028598404096797828,0.11186042061938369,-0.09591508873879391,-8.415442438078555E-4,0.0030025302343174246,-0.12603701643030996,0.06387113416899264,-0.02896324668353896,-0.020276850917275355,-0.10960468766371642,-0.06725001655310305,0.01010391837539283,0.04256971682127529,-0.010369180446708981,-0.06117695823117995,-0.12014609660273376,0.013045531217013575,-0.14003088294650284,0.047579615797869186,-0.16963112245294018,-0.05532328811173594,-0.030298733021143543,-0.05760657459267017,-0.09733743940035197,-0.07806839626602878,-0.09919181327985685,0.056143031351230534,0.0029609512304491063,0.10032712714242463,-0.062448048033835746,0.04876877561815258,-0.11465006311874888,0.11998787808515919,-0.099068262925031,0.1052735301188364,-0.023543661153769633,0.02478048956667615,-0.06479635116655451,0.09435288897473365,-0.15312009613734734,-0.0676289307210527,0.16278548960851308,-0.05403129879471945,-0.14216036866314966,0.020248624709781334,0.039809481415016446,-0.07931681419340536,-0.00693112591633978,-0.016118979700881556,0.020568999369069363,0.06823006102849992,-0.03884240718785473,0.04017160953590445,-0.0888113689806657,-0.1952127167878191,0.006231827804862627
-0.00867565332573982,-0.1036099077578104,0.0821725569298601,-0.07531518687498547,0.002478203904385214,-0.06410524628392827,-0.0038185247834070547,-0.06101659392912727,-0.05768079173447833,0.11731587131700413,0.19188050476125307,0.10938297441691815,-0.03187433409368952,-0.12371591224260844,-0.014657897557033485,-0.0025343387709049646,-0.09126268195312416,0.02816096685266216,0.06622854703269243,0.01429761890183514,-0.045726034596586404,-0.17182728036612246,0.006564749443595405,-0.0074303212492040005,-0.04148156185182631,-0.060591499531239976,0.05499147951270656,0.18646483913743106,-0.02488977071057711,0.14474891335697987,0.014389084852947974,-0.07754578586285722,0.07677876938379607,-0.060879232948544096,0.182506919577858,-0.1112988030816451,0.11446993770908787,-0.07316869044179022,-6.102725212838672E-4,-0.07370637806277912,-0.012472170526255181,0.006129860872038161,0.20545419830007652,0.12807993936163523,0.021077174993326755,-0.24703899893946762,0.0429073338656931,0.18730322261956645,-0.021094709968277496,-0.03804165876218978,0.01698885737775338,-0.10881630277509001,-0.04927494204798176,-0.01893633057709445,-0.03896505325931894,-0.10114711960210206,0.07350799894803495,0.035415530719106664,-0.054867535651718834,-0.0330402902615873,0.06868103126229998,-0.005608147772622769,0.007865627634298494,-0.006557233130796141,-0.026491716249782176,-0.10229295982167036,0.09107419589303825,-0.06891988254988604,0.10115167705331862,-0.0017440981301178925,-0.013122644285271644,0.028323658304097,0.04539925517581009,-0.05134787577132139,-0.05911355234854981,0.013654152130515936,-0.1358188988436213,0.0613682809765167,0.2002987561115303,0.09392468433144126,-0.06191402175844447,0.1943087228479869,-0.007159977362584647,0.13104697123447626,-0.09554550130728459,-0.0978241265929705,0.04655659113525511,0.004170966580125154,-0.17571892803662492,-0.024286796634064568,-0.04782366663481111,-0.012619589206081337,-0.009254440499806005,0.0035696103895377085,-0.033713724447409145,0.024483242162807502,0.030074176882973706,0.03258064361537923,0.0936906528647576,-0.0767572675607796,-0.09290824379326629,-0.08303366988907486,0.03306578716511132,-0.05485920033644564,-0.0661064889240585,-0.01682532211894981,-0.10287616464931564,-0.08945587498454044,-0.036611410877181214,-0.05182837229709646,-0.058060019935054406,-0.03760035448516484,0.022830547958778896,0.05757725671467106,0.07847030110040547,-0.08276339031890702,0.0338531616326945,0.03395522031481727,-0.06117543433629437,-0.04713640118207089,0.09002649884512946,-0.06232116164033465,-0.12353658106139521,0.09198637912687695,0.11966197450345906,0.0060020556730630194,-0.12850966761505644,-0.05999438182803859
-0.11691800925076162,0.1431511885278661,-0.10496743981962456,-0.13192828272130802,-0.07148105696900443,-0.05038645230791011,0.03443522553239152,0.019836878285134144,-0.10055739945889347,0.2011754072376723,-0.19564803937591896,0.004032007659697802,0.05004148354004518,0.09775011960873053,0.025913765945826076,-0.16373584872519045,-0.11699612186856569,-0.10857666738245883,0.0634901230959008,-0.13888846893271664,-0.2489875704045726,0.18125372505227547,-0.04378964116012198,-0.0321160591076275,-0.021706996676335612,-0.08777733758256633,0.03206037651775262,0.12162640597630126,-0.098167804898061,-0.010326412377519892,0.057174064519799325,0.09880040985654906,0.01976182459583148,-0.031252129657393456,0.007979837983470859,-0.004514336925180334,0.0019921405749688363,0.08630826771625376,-0.07371618134048132,-0.02768053611762962,-0.014046829041131376,0.1360244127562513,-0.026173240264208194,-0.13279712927641765,-0.059034527814425614,-0.09455415766901758,-0.11861152029697844,4.150211331741807E-5,-0.08378170437553112,-0.06807491449763607,0.06354513223206695,-0.0966771322612209,0.0323955500987552,-0.05305747271631271,-0.11294124617749421,-0.031183866274649363,0.01709254215991641,0.042153427232548245,-0.0965500559954256,-0.03513005365957787,-0.08407245045585678,-0.09017112244524544,0.12508791424370683,0.08078250343128467,-0.03484408304870311,0.07652369712982426,0.041388537717615324,0.17899789090105273,0.1411011571898099,-0.011834814580895503,0.05491368063606789,-0.2502785083857988,-0.04748637960171795,0.11251474873523545,0.09368225422245297,0.17136722421744643,0.13917183207505254,0.031219666934106487,-0.11446567346136484,0.03021075199200188,-0.07783295032920948,-0.15572900804416406,-0.04733356254866947,0.03132113803792607,-0.1421984542198808,0.04167993142328529,-0.07094778972175425,-0.030684431212212863,-0.12293064591825499,-0.09326399565376348,0.03647037173586503,0.05410567838783581,-0.10212687206319568,-0.08684838500746549,-0.009305975117256417,0.02096462922493433,0.16237378568778194,0.013060083298542673,0.10451097534739018,0.08177673069520469,0.026698902470066135,0.06724535143620407,0.18282172962899007,-0.0685322176661225,0.10493874437829634,-0.19593415673133713,0.03257144853321119,0.06695304027631482,-0.08933901869121262,0.014282578401568243,-0.04859003767451686,0.012164878447170532,-0.036929362274558404,-0.027791296763737337,0.0607061842481279,-0.08776904787300464,0.03416578122408197,0.049368289161809145,-0.12906456373376496,-0.07906420957138101,0.05205116956243247,0.04558796099657569,0.05851396329376887,-0.0945276855836914,-0.0411758405706097,-0.1286762554924875,0.10302941287982409,0.013921444718100712
-0.06103709609885664,0.04322172077880126,-0.22600101168587852,-0.1425698567993625,-0.03602669484520706,0.07861493748438694,-0.1335435854432146,0.018027505076077626,-0.018128828267419676,-0.04980254012234166,-0.1458793752334604,0.07131026915629202,-0.08692491479504037,0.009758435557366399,-0.09563191022855692,-0.04292045735590644,-0.019602251406537236,0.17003936353666257,-0.15187647720438424,-0.04921526808590371,-0.09394998076616198,0.06733850303815772,-0.05870544492093359,-0.20062075861255044,-0.0071534888721616445,-0.05586924375764262,-0.027941289189806744,0.02286189708587507,-0.1243293293775236,0.024748519339711603,-0.07716762195788324,0.04182404653603706,0.04083023903963441,0.04401372992854882,-0.1306400584636601,-0.03308268104043598,0.07814745629638208,0.0771242822525049,-0.009855828732287119,0.031290372739225567,-0.046835553942656594,-0.06619186035985386,0.009945996975894975,-0.009127754858905985,-0.02126572504336529,-0.07377905991698547,-0.02072067759081027,-0.023095209424380616,-0.0852217584634741,-0.016021604053221963,0.03065075240798286,-0.12910928997384843,0.08297947566969398,-0.02189713383263698,0.03540864992646711,0.057074107540619284,-0.10683754313767413,0.06499990921488626,-0.14668560500644845,0.05624361440185693,-0.031706251708430576,-0.16571772408452384,0.021829236241937045,-0.008646433963933038,-0.1550107342662647,0.005728950548776928,-0.09807032436304386,0.05489872382831672,-0.09658448366446772,-0.058456472787997725,0.0055713797975684475,-0.05210898949036364,0.03534820922146355,0.08771723465415641,0.14537490564982822,0.14852789527619592,-0.006526177544063391,-0.12421748057375967,-0.10768319724391219,0.1403498195270289,-0.033065122155277155,0.032022064002995204,0.003124849797041697,-0.10454024732055446,0.07714808377921925,0.022714039714304586,0.047946832564492135,0.01231179042495975,-0.12766761831818638,-2.5589666895291024E-4,-0.11662272168719155,-0.11527281299916554,0.1050904848767585,0.18524143198897194,-0.10041775456346154,-0.06551861569132125,0.002656590664874979,-0.10437846923307148,0.04956105980542299,0.08919494570876917,-0.10305258384052732,-0.10800337229931978,0.09090911973437847,-0.11647788623620102,0.09731296963753729,-0.047448317709229484,-0.06270474720796682,-0.0070093415859878525,0.025377670654365688,0.017551203324212266,0.13402104688090916,0.019931450695917487,-0.0389386461729012,-0.08220146652745369,-0.07381091305313611,0.05070773606904792,-0.052387065078113894,0.05518684539181699,0.09033037648585507,0.07750563008066166,-0.006238254961827703,0.07722174376265045,-0.0449589489851836,-0.014993819923756271,0.0371699800138279,-0.01722264777344071,0.026414454306590927,-0.07457428385715906
-0.04559908570870565,0.004304118223288307,0.08233988796201593,-0.08858052504284877,0.04915590637246341,-0.05397163426125203,0.11464150429383704,-0.1969451796697532,0.14242957265787148,0.05990952359267559,0.09516205238134327,-0.0700268863387616,-0.17099499273365285,0.0796966757715506,0.004734627519187867,0.01952285827221933,-0.0369153876003252,0.0048886686519776625,0.0112603779148371,-0.0383901351730784,0.0205025450311676,0.11596443046957089,-0.0067586016749382445,0.017849916478511054,-0.03285378119369125,-0.03380008333745989,0.006026526314021969,0.03993845291078386,0.11054687364252076,-0.01189645036986542,-0.1115387262772793,-0.058102125195534746,0.06725706761578637,-0.06554604518437639,0.00853464239281352,-0.06084287852895405,0.017328833737233457,-0.1589290362787264,-0.024789576410844796,-0.05672391409356794,0.004140639500294616,-0.11252383291318602,0.08413191489376719,-0.0252197378577455,0.05824756613475808,-0.10587182770600076,-0.011972779848865724,-0.020191389534537002,-0.0886771777024404,-0.12252976261023155,-0.1619247165353749,-0.0643139281136858,0.09339805745785852,0.09938116550418068,0.10827667352317023,0.13379882053433761,0.18973324300706176,-0.10492464722619564,-0.11787283327090668,0.013933204594144162,0.15841344886485081,-0.13185785230738786,-0.02061398033474034,0.006210327885927994,-0.026277358710286542,-0.0408119610029945,0.06835470862222748,0.04551891994859489,0.022514036233493774,0.007803678256529458,0.03280735556550611,0.026733032492669218,0.025264586956652693,0.1188605813636819,-0.08386472200261832,0.030260436037783688,0.05241794843260009,-0.03175991494035672,-0.07632962696826158,-0.007985190811048103,-0.01891736312668695,-0.09596489729188877,0.0202139225236849,0.013900061038450956,-0.051358750666795884,-0.05094239893846887,0.16354052304092923,0.12314858886927897,0.09862914509273117,-0.0033049170303907907,-0.14632612172172846,-0.16180069487626705,-0.14646871835107622,0.0713042170096852,-0.05786522682558773,-0.011855056759727542,0.006602346136930176,0.04010580696894119,-0.04902398828322503,0.09282875997576796,0.0715419221981429,-0.014123629832107914,-0.14611054142444246,0.08857069627803883,0.024815516961502117,-0.0584740704117256,-0.10269704047240441,-0.1960314282809816,-0.1441830084063014,0.18133198402618428,0.0494574937605745,0.0678343468523189,0.1220521173629799,-0.053756840179342416,0.021508173273702594,0.044942613575354375,-0.051732957369897616,0.03189276049254938,-0.10088107075641678,-0.09190339410725963,-0.1816405733669782,-0.060127593725418926,-0.07184044482293854,-0.1842138884226894,-0.0055516983514255925,-0.1243420826806557,0.032698026005583455,-0.054763377387602646
0.05350686180254748,-0.05140130113809609,0.022268668949531594,0.027510105012082366,0.08952279512101712,-0.1674046110075892,0.05416303559648157,-0.10525023557582634,-0.07494937865325119,-0.028200541378335654,-0.01574031451683911,-0.05374352772623169,0.08221073115486673,0.029401294358636657,0.09633195027119362,-0.021899469260054965,-0.13056604130090793,0.051190145369205645,0.0676888584607998,-0.07614037590354016,-0.02059387795312737,0.06780247963665921,-0.08230255039987804,0.08621098132448038,-0.21409312914369438,-0.1646371304844086,-0.024716459644431144,-0.16241462940700807,-0.12466821007995274,-0.21682602038445836,0.0963154355034277,0.04341136181902411,-0.05698937127582673,-0.11750610089087335,0.04383884619418085,-0.10598358114158685,0.0958065497942072,-0.01149808576690093,0.10790947326585476,0.13779099105021328,0.038039149062352506,-0.03639670862879074,0.05791913342745802,0.14193492039711414,-0.10205942210617966,-0.16853714353250174,-0.04941089152857937,0.1673332426032231,0.04946619360886338,0.04423827319301958,0.054375611164049265,-0.15722638506450562,-0.06448218347057583,0.0055402719793941815,-0.2772980253328745,0.11039159120879707,-0.018516825013272314,-0.16928450766268277,0.01986185037408829,0.014227299156305984,-0.16432903058842044,0.14710302462222666,0.21605488382044521,-0.03881138000536291,0.20059945534420903,0.051512061922017224,0.006297995537591495,0.10198083568007324,-0.03004549198103864,-0.15444372819991453,0.09857063147340489,-0.03054358462245759,-0.04516295790853906,-0.06984115385694452,-0.014412578488149733,0.056249134240410406,-0.052785833225077836,0.09392555738802823,0.1112182191490458,0.0629269215509541,-0.08422171542027686,0.03182123657990603,0.08869797121756173,0.019146476843436205,0.1398443011160507,-0.017851190468530734,0.06923532021619418,0.04082528000877379,-0.13638412634271144,0.07811705567156611,-2.4682063397959584E-4,0.040115264956439925,-0.026326903163694574,0.04220727515141874,-0.14374380152556182,0.08421614945817701,0.010722124757090173,0.16852014022159564,0.1939609132136806,0.061259870841023696,0.15291501073607902,-0.09924564465986624,0.06070158694670604,-0.1568325156073143,0.2348431516530825,-0.024351767610507044,0.16477883994288794,0.12222968640597487,-0.024909913330618656,-0.057995342476589065,-0.03205187742188585,-0.11638980969049537,-0.07222325746582627,-0.05706493624746424,-0.08419391199200826,0.08625304842964888,-0.15947005792157917,0.06120264724723511,-0.05429845022896538,0.0214870837229586,0.009709981389647607,0.006127490176847158,-0.1532332830957786,-0.02373277412082503,0.042200115477752584,-0.0016243378440623148,-0.16783468466658727,-0.07392512125766779
-0.08665227125848703,-0.07485934596459667,-0.14547936477915904,-0.10123650938542755,-0.014455905257613354,0.1674691023896656,0.14670409433022324,0.09016335467283268,-0.04268029888242641,-0.010337955105261991,-0.24029845545372935,0.1408919140984961,-0.03544061899531597,0.13695967575744042,-0.0276211334076026,-0.1973001921084839,-0.06900989225807999,0.0952342110505053,0.05859056911956439,0.010079471247095117,0.08467242938219582,0.05155627929336977,-0.07729144975237472,0.036075761125926614,-0.0726048676685398,-0.13067373284479294,-0.04550049440916668,0.038758239799685554,0.04709729810506798,-0.0782805970366758,0.0512325125320252,-0.03694872426809708,0.028666516061982523,0.1932132941168091,0.13839140682099832,0.08116971254202432,0.11603789382229172,0.0058132748170384215,0.022286953122232833,0.02059980815224133,-0.05283208108394602,-0.09041290577550304,-0.08627112809751752,0.03685634170055516,0.132927657625172,0.06186814743063549,0.043814173013749035,-0.020413168299604906,-0.16221758061903005,-0.014377330087638179,-0.001695378823821154,0.05694753948719766,-0.1093142233906175,-0.0677895603328598,0.2510351471570412,-4.2097515807492346E-4,-0.005982097999082374,0.06951903875199185,0.17034585773132757,-0.04026758137294806,0.047794793674591565,-0.07925103628031334,0.08345032501652176,0.003843741187589225,-0.02464789809365862,-0.03334656579465863,-0.2987541844134146,0.13995344978332147,0.09890083220376679,-0.03769582068509272,-0.029204658647614085,0.0844769359707905,0.08383561063116918,0.07024412818342347,0.1279724070626668,0.13868069373143377,0.13888266933440932,0.018863637448762738,-0.07805781032727438,0.0319734101004293,-0.03700092124286109,-0.10714578905373719,-0.01708857225800397,-0.04635343695848722,-0.08648156167341799,-0.07707629453015763,0.0021455028035212184,-0.07383824005126434,-0.0023973320235312215,-0.018416253385797932,-0.03650698744834456,-0.1278050488195086,0.09054725329415544,0.05195418431815088,-0.10467013049476748,-0.09629266425992154,-0.0626329429903797,-0.06848098197612196,-0.04671733728345758,-0.0852241904827421,-0.13307943777392928,-0.2268918730258995,0.10550564056397477,-0.10107517232083754,0.0025377098992878065,-0.16756891197594376,0.04491797859816512,0.047205738107842725,-0.02325822423769378,0.008020580164121183,0.057332837128909034,-0.11739070768546914,-0.0766503823507252,0.03493600565991088,-0.0708337176936267,0.013262945350101127,-0.01035347653890899,-0.10110772898511748,-0.09986502376375628,-0.22015195168161497,-0.06235163502506798,-0.010001567407063226,-0.07577154277953338,0.055397438801524215,0.07438932189792462,-0.045456421235383085,-0.1306858026295974,-0.1119417707783395
-0.12397995926678265,0.0029093069985606946,-0.04873847332473241,-0.02622881358156888,-0.01803496874243656,-0.15932321636741675,0.0781573298403102,-0.0542097100269394,-0.037423199981663956,-0.023338352302851466,0.06924065970211969,0.1346278823148588,0.037271592229112846,0.17237820278023852,0.12060472467415824,0.009515989841819797,-0.11433016397911082,-0.1675717754344165,-0.017412688816093112,0.10478927472373331,0.04792527934157839,0.1878614182718174,-0.0421767434182066,0.13844295036924084,-0.05864741899345352,-0.12987099244590639,-0.11737522695229911,-0.07697517271224431,-0.011533041707515401,-0.0785728100214173,0.014101547418175018,0.0997867066080238,0.24085536698424193,-0.06953228586613476,-0.043084349966141515,0.03050819053002206,0.11275954120322489,-0.16923243445414932,0.043016864323812236,-0.02347925007397826,0.1894304943631352,-0.03227182340524348,-0.0257954673083643,-0.014542710541499788,-0.11269643596871064,-0.03889168032486841,-0.010996449296094748,0.0314093569356889,0.050059671982856956,0.0315501647246792,0.14280955248117397,0.029675607525480964,0.05727986878277387,-0.039728940558155096,-0.025935732541423877,-0.009389861585862068,0.17665092074893016,0.14520412805033153,0.02774951945251497,0.0646125036149646,-0.0044757838720349205,-0.14074881468938485,0.1320963003391829,-0.13165161312108947,-0.10071347406972343,-0.2094189540291887,-0.05174890781807287,-0.03128279279453348,0.057866377874322875,-0.02470198656816204,-0.05724452358247771,0.037891087277327255,-0.07555201722086262,0.16793873508610727,0.06028939144455669,-0.035832316284845685,-0.007547059145199043,-0.11108260452361528,0.02575648131647897,0.10700480685894924,-0.032411080433275945,0.022199521015452448,-0.0764448754151485,0.009741250132773339,-0.010681074038874507,-0.068331876017131,-0.007347564366661845,-0.0780129389304286,0.08077956412134454,-0.004703695814968546,0.11219442520739424,-0.026222199678946834,-0.07640791381685806,-0.10588735145540076,0.0708352394203606,-0.1627717689129259,0.013119380829170555,0.09123271685228065,0.09308881156328631,-0.026557945314722955,-0.17127523744267878,0.2663799095439897,0.051791991843860304,-0.12463080633436364,0.23496131748964671,-0.06017723797197107,-0.10627831347488735,0.05089468595596658,-0.034276386802924136,0.11609303404161397,0.054867835552704976,-0.020732442141488165,-0.08946527946177296,-0.06652130268171552,-0.08452855403419723,0.024317546678819444,0.011435254504989537,-0.0022420362031740273,0.05172057275088909,0.03784654413926544,0.1632204061628691,-0.10407422064177461,-0.02994620296423063,0.15560666907338427,-0.13672823274430435,-0.13320131515302497,0.12426945945847905,-0.15404380611067767
0.06411219977789837,0.17136215165135738,-0.13148020451197123,-0.06038349525997358,0.043192120342163784,0.17838134770311836,0.04983550674215034,0.11221736257746862,-0.06313016054727356,0.027713538963342707,0.04094474674900586,-0.0893028672039147,-0.051584461884897945,0.0030036188435547916,0.052255340115590965,-0.014363911799070534,-0.02018618003292246,0.0014106286571310333,0.040718895122842255,0.006728825418963089,-0.019553472488585265,-0.001365177707845327,0.15935952881697887,0.07255772390183686,-0.08605025447031699,0.12830786236348773,0.0941128704499856,0.057780144504462186,-0.02137862497746135,-0.06185559993392864,-0.15198317929238228,-0.0015429340609341465,-0.03951761956870086,-0.06391248392357526,-0.054359245523126806,-0.07665259333017256,-0.08505325090826472,-0.01110004542209826,0.02789636218564868,-0.08850436629113541,0.1600737120464188,-0.11918126212381974,-0.033793400428706266,-0.13437620844002,0.08625714046618713,0.008459929607924667,-0.08271978121146534,0.05166234743939521,0.09155864046439192,-0.03159449712829207,0.002121347360389392,0.12230003750312934,0.06174172660588161,0.00726847049582003,-0.049066772412698044,-0.09819375253439892,0.015068039376417713,0.06168917157064791,-0.06264849605579853,-0.05932719934978066,-0.04820528053024857,0.053392988546723516,-0.027818579021120903,-0.09104765824605845,-0.05051384547371081,0.05152021067247792,0.06691968478912821,0.05944271731903187,-0.03734644421734011,0.10421108756643184,-0.044924462926341335,0.007107212670245306,-0.025437770379625795,0.1356832979705821,-0.012555916222679755,-0.02444946878083288,0.02698261077090156,0.049138191740171734,0.05487962676705488,-0.06841012026042459,0.02295381454091209,-0.11108719427199555,-0.06082965747577363,-0.03786510267870525,-0.08171130091998678,-0.06463248013547948,-0.03848258823487727,-0.10405976381031037,0.0015051070247715792,0.06496724269900801,-0.004287219020475845,0.014239413594313202,-0.16372767838245117,0.14535705165982596,-0.11660940171482695,-0.027598383317204347,0.012680306459723723,-0.010661114645551382,-0.04293704417314545,-0.07689971489706261,0.14883534371488916,0.04641388024892874,0.004937211123502264,0.014625935569960643,-0.13257436187522267,0.07670054089580462,-0.006334955895318741,0.13351919920153993,-0.024544777334268048,-0.10066933288432546,-0.02917002220730604,-0.07473459872205099,-0.006693620795315302,-0.010630443314644269,-0.18917086038256192,0.022852362884543065,0.1172314784408695,-0.018600526666517198,0.039598236178932614,-0.0062599807367867966,0.09468174122846265,0.0021600355766238618,0.046393036497665074,-0.028141675915104507,-0.07642146341731677,-0.12951256421326282,-0.02818532069161135,0.10318174015716684
0.19154352669797634,0.2064489556797039,-0.12978431550079836,0.039177155376715456,0.00788399811588064,0.012090827058678045,0.0327320991557559,-0.062291398318681294,-0.013436666478374722,-0.10148282232063276,-0.11363460643059692,-0.07458205920729738,0.0783316532188236,0.1264110166548674,0.01134528066761888,-0.09581359361541553,-0.10437412904213977,-0.04569793359526709,-0.0447560680912448,0.059399720338547096,-0.01693863850836307,0.09075909558274654,-0.14307682635569316,-0.07306708105901107,-0.10312484432404206,0.0043890048857958405,0.014096411183639204,-0.02985727276850933,0.05190405003333754,0.051210216437035896,0.025240380485619513,0.03697304338834542,0.015019325434316758,-0.012493476861400942,-0.11042844575525704,-0.011482228593744311,-0.0826172030019397,0.036735868623157725,-0.07060255167704205,0.007062799573073811,-0.07212249470122688,0.036183485547328934,0.0968312831451703,-0.1465278106260235,-0.013977916489853782,-0.014359299179405545,-0.03927431626841907,-0.07452485152478482,0.01375978841501661,-0.016152431066857563,-0.085227871008747,-0.005441142441792327,-0.09721103369360812,-0.09276081196657837,-0.02755147797239178,-0.0825699438073496,0.0766865629933468,-0.06999396380377693,-0.021506549738342724,-0.09454703620866098,-0.04948345902294815,0.009741023526190941,0.10857036074090744,-0.07425108138009166,0.10623145371027656,-0.03435738337757148,0.1540987741535366,0.05722355203240819,0.07338686383855896,-0.026738912140354346,0.041061933133528926,-0.08207784919884568,0.00891879869836406,-0.029833476550589183,-0.11853247691696056,0.03529941840100463,0.0574327764483055,0.02436291079706287,0.06515538610222804,0.12917680334418816,0.07288377194582724,0.045438845991974626,0.01056350263772066,0.0396008860583825,-0.026512571764419016,-0.053248228892392536,-0.06782980165895977,0.010331397885191227,-0.03588599651739989,0.004384824778359619,0.1232299632353024,0.025513428460341568,0.16195018197936026,0.07729858202645346,-0.06200616274681181,0.03762489076328407,-0.13140877284190425,-0.0707920130616017,0.17087626453837498,-0.0011664590158784207,0.03538902269195252,0.06199229928708426,-0.027209971659350067,-0.08362576492662196,0.09181561509186666,-0.038383158099784195,0.08162863243842401,0.08955579637066874,0.06613590512085378,0.020900566586797186,0.0481531597493228,-0.18384463673656148,-0.10254941467829194,0.0025178042458095266,-4.661963398797852E-4,-0.053137804387133454,0.2504465500321896,-0.1662672010482441,0.06463305821394902,-0.05507594970509843,-0.040994377020372244,-0.02878493253536574,0.0965103886010677,-0.01705498031684532,0.1461109539978603,-0.01015808749133056,0.09486438474233659,-0.1542915321668765
-0.05165986831158072,-0.028109298078015092,-0.09293922531832505,-0.0677990234294319,-0.012327764616029078,0.03857269135202699,2.8387085579191507E-4,-0.032909088079221764,0.14974393527677637,-0.122950283543904,-0.04488789903262904,-0.1010374678862958,0.19078478475797694,0.09922587271806953,-0.051021738126200665,0.07823436620402446,0.0312995801430904,0.03505640050400795,0.10231523661789993,0.02185462937405179,-0.056812202314797305,0.11047520056276407,0.029024455195858934,-0.09554517243226561,0.06953372445756155,-3.3518183495918376E-4,0.008252620417435266,0.15811134502506047,-0.04746147105193845,0.07374514548232151,0.02385531054378158,-0.016028681831380547,0.09371472500448076,-0.04614375264739965,0.015579528799927866,0.011773369826175151,0.00459339350497296,0.1948004871683242,-0.01221314252410027,-0.043228244399380715,0.05880229241075389,0.12336997827269795,-9.035214039982142E-4,-0.1477266675408116,0.14461029047109344,0.010177565640238029,-0.041285442778996845,0.027504722110112033,0.037764754249153785,-0.06024144808864062,-0.009557939641316626,-0.049163510259615226,0.06588344542358192,0.0036890035811373905,-0.11930291664098751,0.17814694973376693,-0.12442137427248243,0.009011874220941843,0.041587053438376084,-0.04991386103618003,-0.05197337108065594,-0.1535829007063164,-0.009849036763886754,-0.1791188385193715,0.1329339461417993,0.025115373965924056,0.3023125060576846,0.1762811257764539,0.13044747285554192,-0.06784826583082897,-0.014423872739182338,-0.17486784661384744,-0.09346335287175347,-0.018576538385599323,-0.0028784810549226706,-0.005138651093525128,-0.08633753811063354,-0.08570582986571841,0.17271296403004793,0.02619340770707017,-0.10499376403784823,0.017127793688510633,0.09463694655986615,0.04294401738037386,0.04643744487256326,-0.031142437382760336,-0.0650715611346788,-0.1126348966278789,-0.07703360983033154,0.07704708616065742,-0.06332940330432482,0.050427582960710496,0.06458501632704786,-0.046766784021556325,-0.043022881540584014,0.09227122222205987,-0.10084263387038553,-0.03782467076610189,0.1378446159243938,-0.04791130175713639,-0.025517483503294327,0.007028914706254758,-0.1820535514086455,-0.037207079189345904,-0.011471126025874835,-0.10865540874955645,-0.13239845837842734,-0.01017769549624309,0.05747350910472136,-0.11695843081277885,0.021317889099062303,-0.09891726441883554,-0.17752114845234668,0.11378259694168288,0.0887680339157073,-0.08772292227636379,-0.0026136402697270735,0.12520552656864212,0.03332901118553579,0.02307680898150006,0.005996390049456055,0.19411144154468654,-0.008201999597437103,0.05531249397444377,-0.13750122861449027,-0.10878593396307036,0.006200376897608612,-0.0860689170727418
-0.09736870467300623,-0.1356175708978309,-0.03357219479615621,0.014613126791122522,-0.10288562732826502,-0.11002571967183918,-0.14390054355273849,-0.05686244040579476,-0.06516113783853336,-0.16295024653330772,0.010460939914720102,0.04718168397138542,0.1699637513956932,0.06863288178362485,0.08418745309654788,-0.07959049502190535,-0.004256766707810656,0.08044882114735183,0.14853134502378032,-0.013187855898911327,-0.022926462989934976,-0.03274691855216963,-0.024455105080936138,-0.1774681392323096,0.018756411861390713,-0.006142414741934627,0.08444088397458502,0.13767262179731998,-0.13249003755028382,0.09048789675612168,-0.08793667225528193,-0.025394989875612756,-0.014611814341343215,0.0633426152943388,-0.004351565947324478,0.03650137018260111,0.10641139591557837,0.01048669674764894,-0.11285399589469898,-0.10766782867867468,-0.03412653588323389,0.0548220798394856,-0.035690513156012925,-0.03122097711480351,0.038501432612767506,-0.022726331516688705,-0.16548283226215948,0.04865203198175977,-0.08854685409737631,-0.12863235099861303,-0.0431605175761973,0.08930322656312104,-0.05343872697030274,-0.016295379107464134,-0.059125750052404856,-0.09263095422964125,-0.1759034980779154,-0.004762657563514458,-0.024719066005221006,0.1295179401524445,-0.07852057884393215,-0.01287936220906282,-0.019338784285255272,-0.05447941502994414,-0.10325063034038094,0.16060173578162829,0.06978541048423485,-0.05666237130456274,0.04081167141040716,-0.06647905051303207,-0.07870157490645953,-0.004706008630979796,0.03799052078799132,-0.10998981510047319,0.12812058460032555,0.06820690822406622,0.007010114301319702,0.05595949579220894,-0.12948273789854894,0.05313832640459376,0.039828523540389404,0.00432595367193682,0.14551399200666165,-0.03580066017380108,0.16828100175442168,-0.10384463525881829,0.07636609375254667,-0.12645549110437576,-0.04931250504900563,0.05415887141661546,0.04198422941016787,-0.0018438754513764599,0.16889213323378727,0.15776140146748563,0.10948349183016803,-0.03245397337760903,-0.1365931362612735,0.002462664009095488,0.12460429262080312,-0.09523844527256581,0.09328758512478456,0.0681076077460881,0.009911585978268907,-0.019989056987566353,0.09392925411467072,-0.02774441638405706,0.17257964575649193,0.0931266207237237,-0.043639954436081194,-0.06063126486655629,0.06339344793256822,0.08629430562288677,-0.04290614222738078,-0.03594634939995322,0.09032569198870581,-0.051501126063423226,0.07129885466224008,0.04487144788321452,-0.039679134828398785,-0.06796454225682871,0.10673060565871857,-0.006791483218037942,0.005031632768359579,-0.09911607225569904,0.045173234263819334,0.043763905471795594,-0.00449628108803361,0.1275315670405205
0.0515639568268263,-0.025285137136550655,0.006815767353192026,0.11669856809420596,-0.08121792895379994,-0.011135545185310382,0.06478023330464568,-0.01497442593136271,-0.009375969733024674,-0.1249015724096893,-0.1550130838298293,0.013311780390078916,0.04314740354251689,0.031547279152401464,0.007724426455885699,-0.24277397081584062,0.003580455400697237,-0.08049697554119763,-0.03645195532733093,0.18192134411268893,-0.07303594269431654,0.08853407386656666,-0.12998865788814973,-0.0730043734673395,0.058700498242845706,-0.04676659794841656,-0.047852613604862405,0.10117191031902067,0.012986023659610837,0.03546027975799809,-0.12451973045192873,-0.0028754215989507353,0.04034091536036761,-0.033654202371464104,-0.17212542676395787,0.06198064452310351,0.057611429539483595,0.002751923746971288,-0.14574659808623347,-0.0506133988204049,0.12178980984177622,-0.012438828608088471,-0.02780151869725244,0.1278623263102472,0.08467188100670019,-0.11228256107569741,-0.1673272677227967,-0.13283788169941818,0.0016773343271329524,-0.072553031474186,0.08307237392785902,-0.1205040507968308,-0.008576829491641394,-0.10385873919776531,-0.017694714769674772,0.04977075159144691,0.11248454237089214,-0.11112476723831947,0.18094337568808064,-0.05455831869797971,0.10510032213640395,-0.14696157030882698,-0.19826599362667358,-0.08204947083310123,0.06062025594922951,-0.027324619780381185,-0.08420874807161191,-0.049418642259629095,-0.025031565714114797,0.06735816434564731,-0.030104870263119102,-0.0036326982147376445,-0.1561735761746558,0.016737979728053826,0.06588149124823124,0.0803526966537458,-0.048064375834078944,-0.008363855199872835,-0.09971763405193058,0.061095340212204065,-0.06104902020602411,0.1469228621132534,0.017153306267499543,0.0916995892460327,0.06277902984455089,0.0943116515852699,0.15316169913227357,-0.0307249013379864,0.07224165935017213,0.09193999528969332,0.14786951235716192,0.038354909830479574,0.024880632395745395,0.052059879055974326,-0.04525846518399212,-0.06205804953127056,-0.06918143485046822,0.050973373456230944,0.07267999242071006,0.09912328075563621,-0.03870616836178005,-0.03243311202313882,0.03555818893360862,0.08332273721599605,0.131469828602116,0.03724689173571876,-0.02564759443339859,-0.022490035388549805,0.07890838601173471,0.015695003285550773,-0.015572170382408317,-0.06178476642784036,0.008500734190310184,0.07247690940290681,-0.09419210804249593,0.07152111782906047,0.03221887408677633,0.02461221078581495,-0.00636552020861012,0.0455192620750645,-0.0030516387087191925,0.13554353601119254,0.006633545281727088,-0.02842852243417749,0.08673140780097498,-3.185726821458407E-4,-0.0061744735535960325,-0.05427653281833119
-0.03865415297663322,-0.012094563061047298,0.18397618286629955,0.05532408598372008,-0.1474183625181679,-0.0815570471809979,-0.041962403752841715,0.22318855607615967,0.014428697109081684,-0.06767537972315221,-0.1999994626991626,-0.02619474977454749,0.0023694439900907877,0.020637393029521077,-0.05178678602517261,0.027600685416438935,-0.062194281744790525,-0.03413324412773333,0.00720082862639377,0.1830681176814477,0.004539736816475363,0.13343919367387622,-0.06570070796223047,-0.011346885348373905,-0.008483236290163803,-0.10746661301320652,-0.11823652969291326,-0.20675248343949,0.08129925531680511,0.051152800250288864,0.033791924019940224,0.07239541296653569,-0.029006337290896203,0.1010009790751163,-0.14072172431140312,0.04572320336769402,0.034449363003468854,-0.18004068077944055,0.13649028210818567,0.028854858270812057,0.005291046132519697,-0.07371654752962283,-0.08895745332246759,0.05940261861871848,0.055199401101816814,0.06762570588859293,0.02519478510146248,-0.014993623646816064,0.08527410335864496,0.1912144299030875,-0.0387587443921113,-0.09547563452888587,-0.1534129066152052,-0.010188399383929413,-0.042149021174147455,0.007925790683523637,-0.013877950243838982,-0.026971124082160902,0.012676945666126385,-0.034954681997506995,0.04567373127079109,-0.10780565116479575,0.07765883520686437,-0.015216189084009735,-0.045722417175956036,-0.13947268802329169,-0.07678345269450006,-0.11841638102882118,0.06639261920518796,0.0640424231693734,-0.18992405195311146,0.01472438162056223,-0.037975928436204384,0.09949837498327885,0.19033165194986557,-0.01844333424420458,0.013035696256670164,0.08037999729946325,-0.051175131515675695,0.0511797883818221,0.12138660806828631,0.03702941586006173,-0.08118317088417898,0.09967422849146097,-0.05743052538789128,0.0714770076230336,-0.05961550291864427,0.023085639911179467,0.04514975267759524,-0.004057355036343276,-0.15131213984922276,-0.06742604672589102,-0.009944529490941871,0.06977842091078985,0.05369235554234299,-0.01623902827866633,0.04586919487264241,-0.11846781553542245,0.14269791793419073,-0.07144221139265151,-0.029356284009879073,-0.06401260514779022,0.002979542158896887,0.06190426129963006,0.06820674690130829,0.14217804499700382,0.04566699981473746,-0.037491976826579024,0.10373628722474423,0.040571078141549095,-0.11509102939510613,-0.06857628042097953,-0.06857849473746676,-0.08365002008624062,-0.07637231246350965,0.12946355276668634,0.1468766111687562,0.05796414898998644,-0.017787140275183824,0.07063923982546638,0.04057557963609622,0.02286101591582848,0.019767354080048382,-0.001898597116812508,-0.11167623142297789,0.04802797241470265,-0.05674567972565315,-0.04486985768283279
0.0028736624323737123,-0.2105287348469632,-0.007514289146364681,-0.10041808215119546,-0.13397362751763936,0.2027239019991631,-0.011322390280032934,-0.07296257485873596,0.0036536362147290315,0.007607417941661121,0.09322620411903478,0.013482337872107595,0.10721397316375515,-0.07087519634339748,0.07725787601969525,-0.031220395910265042,0.021495377303329805,-0.07895442788535814,0.02323783240571813,0.009157246567491097,0.02380375259194462,0.11133775945598746,-0.09362697904860287,0.1302159345472354,-0.01879224280657146,-0.19269991333633305,-0.026604927479811368,0.11561727031170377,0.17202956744172546,0.047148771085756415,-0.03690227073459571,-0.029019689520620656,0.03917079347681853,0.07227719577280414,0.04209287464653476,-0.10204916962975061,0.022612525769678853,0.024681432592055727,0.18303648730582386,0.13061206522171329,0.09850483210959839,-0.10887736000988801,-0.02942796798210203,-0.0578068447313378,-0.08577026963402783,0.04109520356131308,0.09212078461486528,0.06022953391015914,0.0922221320311135,-0.11294356694252176,0.024480457930135133,0.16692220360201085,-0.043768898670552885,-0.08893467572881647,-0.0723865837955448,0.07588322417210383,-0.0709853242862901,-0.10650988496936602,-0.1047658858665765,-0.18939586731309135,-0.024355346637659595,-0.11996754862759516,0.08018090672269394,-0.15764774592414182,0.04635978493913452,-0.12342952491667573,0.0014948846685242838,-0.13569967765889804,0.0074854443528188696,-0.10224147467515013,-0.04691466087638141,-0.15225014047748056,-0.09896279311372054,-0.08561102750607462,-0.052696024903018224,-0.03351406555808269,0.06362533668703163,0.0196869232131052,-0.051856710983247345,-9.482895258314419E-4,-0.007179674909953708,-0.15166887594324024,-0.16802977338208197,0.11183181790498067,0.028543696773652767,0.015321874371254731,0.03207809117450848,-0.07141516576139004,0.2799810545702884,0.1141594187372264,-0.032471195506581195,0.003160805742263847,-0.10638771984999904,0.07792581199710163,-0.058665338371289365,0.12217808305424745,-0.006174345004599859,0.07774714974154455,-0.06228007710485797,-0.12225200705692504,0.04848841222077781,0.06358220942242795,0.1378412596242462,-0.03619949141345561,0.16306042622515463,0.06977713800646604,0.011660367733970277,0.13663197965641583,0.007705620373483304,0.04400815778937621,0.10888289706275013,0.13147415259226483,-0.10983890676033749,-0.14743634290833915,-0.12354931949643984,-0.05569556781052534,-0.05842858485276968,-0.08258955776928252,-0.11835746720835437,0.00999905615915862,0.11489469609805626,0.11121456594710985,0.1693517794628194,-0.18788480146555586,0.06486269566544872,-0.23869800817400907,0.008378412065101804,0.11973249595674769
-0.0861301067248668,-0.09681682001981504,0.14219094321509337,0.05042197216848367,-0.048952615139782746,-0.08066314483601587,0.05827030664384381,-0.06560067746899573,-0.1152796408338898,0.03745666686228261,0.06712165172076386,-0.0670039414624619,0.033550258130386326,-0.03247970671061364,-0.028856758097457205,-0.0640335325407732,-0.0658308237587297,-0.009602798440820489,0.04787847621754166,0.04940455380861959,-0.16612934153504547,-0.13213345582740738,-0.1650239936602256,-0.0849863625492359,-0.02596109140581023,-0.1153435361009783,0.06608453430018796,0.09240284975188238,0.05619385610593717,-0.11309121539285928,0.05485752560079554,-0.037458141527026326,0.17078306581174527,-0.04245625732319515,-0.07801550627775428,0.1504919469258372,-0.0380604246534135,0.04081750815145446,-0.022009402978087875,-0.010751550714330559,-0.16026236192393148,0.00835262620962508,0.05952703321766891,0.01506729037290578,0.09379073723562902,-0.1268604608159919,0.08569029262282926,0.05728922772683041,0.04184727391201984,-0.03945710783622117,0.028638414806540686,0.10192544050194371,0.00522048690861452,0.045476177825005175,-0.093037453964521,0.14401759049618806,0.013660724024343712,0.03776472407893089,-0.061027097931605705,0.12759168670217644,0.12511798363292465,-0.16913784064239568,0.13286638602984274,-0.094147730601557,0.08229835878285582,0.1133919147633438,-0.08442720082486614,0.05719573817121259,-0.033480491433879114,-0.022695236333461856,-0.09323401273920805,0.018111429158100725,-0.03430008389714344,-0.14066518224759894,0.09186737423523585,-0.14035594574263888,0.037062055682852285,-0.07182148623067447,0.017932423470686652,0.02511506837075726,0.024081688040842986,0.12535241605923492,-0.007557178674669625,0.17975425391589137,0.0849486191402645,-0.06324143194649003,-0.05365304090928269,0.002576366313164823,-0.20651170773169744,0.13894305290262615,-0.1431547912812642,0.14969242083124104,-0.0873013686834688,0.07972728262846998,0.05125407768498976,0.03957433401634377,0.010694630756386745,0.0038029373222251053,-0.20804458695055222,-0.0518125297894856,0.012798411062277373,0.10443449895619239,0.11821630062532767,0.1568852840090409,-0.01977382317584165,-0.03733079410080507,0.17540832482707716,0.04895354024014205,0.022623870966896588,0.04696750326746296,-0.005328708798641566,-0.13338328800697155,0.030642154731732294,0.01231181059315209,0.009056242887068477,0.22042060795608487,0.08195890502418877,0.11672520648749571,0.002863031127900406,-0.171644913333965,0.02051932349715512,0.0705876992351418,0.17770218802218188,0.03175715753601368,0.03317351810530781,-0.0670183051088301,-0.028230912066169407,0.03564101786619389
-0.08432488942249464,0.09344318362528706,0.029023810852566605,-0.011524888477399398,0.0024754414994264005,0.10001508352712225,-0.08284415386900924,-0.07459055432136873,-0.03174208401540929,0.17743641852323713,0.09649246196372119,-0.00399680555743237,0.0414365835241297,0.07148890164418634,-0.08096181933214515,-0.1594149156918005,-0.06466057462671727,0.02408196486097438,0.011837749517226114,0.06731349464700609,0.045288126926263876,0.23427878097938326,-0.054688155316262484,-0.062587848874546,-0.13444804830506435,0.07290773296802237,-0.03804489780881563,0.28453774272997523,0.11610843140546183,-0.12954313432052184,-0.021758212769890407,0.05051958235741097,0.0633708858250246,0.1419468031791037,0.008447887824911324,-0.09750697460584748,0.07505166411437532,-0.131128563453955,-0.02200857451297281,0.03908301087026279,0.040064735936297335,-0.07519537192336494,0.02139192824769014,0.01774156983443849,0.10343651953559578,0.019616972499168866,0.20617658127370364,0.015860280613204988,-0.0840605168363554,0.0012599205340541012,0.14471505832136045,-0.0741659292983522,0.06313659653898063,-0.012446732593365841,0.09184232668238099,-0.11215531922662976,-0.003002179479049432,-0.015950474142695056,-0.014740878927829137,0.05569041405178457,0.06288959837894859,0.10168975412339012,0.06385133748768955,0.11678177581046044,-0.03605526839522067,-0.013798204557421347,-0.03757058864973124,0.2745828176760948,0.0790432503969836,-0.05341640947886609,0.08608839489200257,-0.04907150729196215,-0.16657592350724995,-0.024861153045873465,-0.08482715038477236,0.014664128874232615,0.051109291319193374,-0.17071558224435948,0.0029543154236136284,-0.041941074529082176,-0.08963110812267383,-0.07331412867863057,0.03005262122298727,-0.08769814269701601,-0.3203397132174021,0.013460922052206234,-0.06008325934857365,0.1033700039441686,0.06541943697346983,0.005902026798701372,-0.01646477401624124,-0.018980852665670615,0.053153177273754244,0.12692314087216516,0.107306664888424,0.08762450471325436,-0.07368789407934864,0.0576707184639813,0.08406694486359985,-0.05249046477005829,0.13591484326091072,-0.08363152332632763,-0.22329049339213106,-0.015014226641408536,-0.04049092033826479,-0.011617308357056256,-0.03316692318017758,0.07648991395003527,-0.014655366102608104,-0.039097163826020874,-0.007727782045379959,0.08136780426426636,-0.02689244297777312,0.04087963143268363,0.002702246280584586,0.16699159778457387,0.02741201836260138,-0.0912761837499805,-0.060498728246549,-0.15032772116779392,-0.049542308443385454,0.08243856756708448,-0.06423390460348585,0.0386436513695943,-0.03017711797954185,-0.002763825510962229,-0.0038778897917220367,0.010872081514049725
-0.026628831139815692,-0.0864031169646016,0.004050573696024887,-0.027611274539024077,0.021436500953131907,-0.08293726640328504,-0.04671690266084548,0.06392534896236657,-0.07401392542510978,0.00857453028525606,-0.10642269714386175,0.149156138137704,0.08805178173782728,0.06323289201041776,-0.15524109537365932,-0.023300485899405796,-0.03687006840906605,-0.07480084814733744,0.05044489677927354,-0.06917739888310993,0.04444370061852735,0.07644364456620655,-0.04511846641672646,-0.034232260967849995,0.12513480162902366,-0.1772105581327391,0.006921851694133905,-0.045970091068597466,-0.07217156610465761,0.009737181131070811,0.015317135830467017,0.0929290143938539,-0.03644374813682283,0.038255921834804155,-0.0038006646868505743,6.010677953824962E-4,0.022691299129139753,0.028047551410684726,-0.03463116117822572,0.006001001547082979,0.03995659669872004,0.07790034689730359,0.0028815650266159187,-0.008260023036756029,-0.035025529570755116,0.09308912990243783,0.1084300390700803,0.028498466538352224,0.07909468420807163,-0.03273829867005497,-0.10375125157571605,-0.016798301230830082,-0.060927770913690615,0.012495530433085046,-0.0363597534588209,0.15356297519818468,-0.05566590098838445,-0.1528991541874815,-0.07790978373778602,0.0735812001255223,-0.05469719784784168,-0.0907826881723581,-0.05338416013383649,-0.07811750663147876,-0.060144817286146145,0.04387704385077633,0.15269302595306317,0.07781902965253731,-0.0035778250179932503,0.09400434813189201,-0.029778383544698223,0.06661708200636099,0.020023986115289927,-0.0031045629844836187,0.0783404139089532,0.005162246523498507,0.01078394456842684,0.06788987097575565,0.08465711143122866,-0.0976096230729153,-0.10732859689222377,0.11530228385053386,-0.10376657141090928,0.059840291605082994,0.0058672206205546045,0.0050568438832468985,0.021519109804054866,-0.03279786923895219,-0.09791251789099918,0.1720369023464227,-0.0968201515996888,-0.04867485905708009,-0.13327722102914508,-0.02235037117230744,-0.12507063187320025,0.02409491687188387,-0.03443689170370458,-0.021412453486660425,-0.1279525212049074,0.06807910039579476,-0.0671620211984663,0.13001833476990074,-0.0900410954162338,-0.01674938645451598,-0.08082762722590851,-0.05581450684864955,-0.05263835783589933,-0.00466279571021948,0.18012085828763727,0.06551951682409383,-0.026852575899072237,-0.07551718992988685,-0.01290898528210498,0.1130025065835212,9.376319207917544E-4,0.13735163561301705,-0.05163722314466465,0.08461269669400441,-0.18635633362508477,-0.0358216860106699,0.12363795758811748,-0.03298715372421985,0.1380523825332101,0.18660504230179562,-0.05304315719170095,-0.051551432201720475,-0.07222140169827274,-0.005312835301136968
-0.04329665359599321,-0.044716523775863534,-0.18412270520524981,0.04830200407281735,-0.10597923580190213,0.0027563252477120596,0.09576161245879555,0.054255641054456676,0.10090628343589868,0.01577501207076935,0.051403271958223064,0.0032375763987576695,-0.06888186184001793,0.005684427510292132,0.17145303668282577,0.024291417420892473,-0.051958971925576615,0.03988894093325921,-0.0029432940252924747,0.031634935043440685,-0.060327532347696174,-0.004766134361690924,0.009295110243147699,-0.2539166623865982,-0.11054881130870481,-0.04516124365210393,-0.07116943091099463,-0.06946454518792787,0.016920059260431858,0.03381667255029494,0.0070442624259215636,-0.05834876697763153,-0.1017048180391794,0.04438276752231022,-0.07751052437333229,0.016643697861368545,-0.046923866610117,-0.044329255860173666,-0.22837670622100056,-0.05584138116810309,-0.09351091383284388,-0.0055105511056067836,-0.03832740010728922,0.02059903125902282,0.14151219257830588,-0.028358884332192916,-0.09203239202561522,0.07054825631329595,0.09331169671808764,0.01975079283763894,-0.1252729967455302,-0.026995087239504428,-0.009558697211424503,0.17261668374547381,0.010236968160226532,-0.12410472246076416,-0.0858864976714286,-0.12536187784872557,-0.0783998890048435,0.015810510281769424,0.09578184769981186,0.07411580427294868,0.05312534687773375,-0.08481838667911257,-0.11873984716359273,-0.06205090799287213,0.08069185764744176,0.08733948451353159,-0.016844639988262362,-0.15758693811968727,-0.030923507055974485,-0.041803470790285194,-0.0355743038284195,0.15298310876565308,0.08018404053008217,-0.08164449235853453,-0.007702560405978941,-0.07816426390700121,-0.08539572507056092,-0.052351510030412,0.05276085901940873,-1.929229678700531E-5,0.050763882794674926,0.11778028525163203,-0.03171767584628319,-0.045636482320531774,-0.00817989211987609,0.010191629314220046,0.0174215750007619,-0.05218409646446658,-0.046528939246653994,-0.01546828156669814,-0.03902157580951708,0.037672062775086154,-0.1309796412786421,0.08207934972145148,-0.011960130114172837,0.0013415581511428921,6.100490935457121E-4,-0.107224845499364,0.04969513597919284,-0.10225682963603357,-0.10031605364678181,-0.05354134535043676,0.02997053910231928,-0.13073455895161704,0.13661925239563316,-0.06115142400913986,0.0038857906460898766,-0.10484134711126482,-0.026466738026046356,4.7205958599804906E-4,0.05071595741927802,-0.05121372705416663,-0.1763345514608969,-0.018069102446614707,0.020141714268113828,-0.02864587263068298,0.056269080878153147,-0.18258552824706634,-0.09048720932664123,-0.13136604222979117,-0.13388779677625093,0.014374144209401241,-0.135415548408773,-0.05991179944642282,-0.002049444114439164,-0.06226025797713461
-0.02363830036150572,0.012014419879467919,-0.08228765524291101,-0.060311041104024375,0.006726115092301932,-0.046219291080699776,-0.06864147318060357,0.021938502107628544,-0.04410479848238227,-0.019664945177372314,0.017458287983427384,-0.11285149670939387,-0.07372703805122927,-0.10300893302642997,-0.0761618997075927,-0.04096287186447285,-0.03060800046593588,0.11535680148824147,0.09723568414525087,0.07923472714614727,-0.0413729950235456,-0.04707041525128524,-0.15241514099911926,-0.04511956445371978,-0.020107637544765005,0.09214328606465538,0.042963697560451604,0.009155967386246588,0.1367766166040662,-0.03592676874452192,-0.018250910112164117,0.10512825676356632,0.0992302581594685,-0.11105235325927965,-0.13305969477867102,0.0239022321278319,0.147042726322756,0.02098073747069718,-0.1294347527279198,-0.12921212795492248,-0.023021066549111638,0.06870625518681801,-0.030558016336902256,-0.03534512938467989,-0.045639092696594975,0.059137028966601266,-0.08300091237056144,0.06634787216818948,-0.11941450172264675,-0.03801620059724567,-0.08810880501267561,0.1594484875986846,-0.02078219064548468,-0.0055985710963979045,0.062034551539088614,0.11513071220817797,0.06369356012062956,-0.07112588938702487,0.06724601249120876,0.030538673692262666,0.0205829189283919,-0.1221392770890225,0.0641475436582109,-0.007484432000186206,0.14721788480456197,0.10239863503053057,0.009728289448178995,0.057437596035364004,0.02739314665830115,-0.06245933224677922,0.040549943716515095,-0.1424827628038688,-0.16987178874006847,0.08042680905541401,-0.02621461998276282,0.04192223735581985,-0.04564038799067641,-0.061531095422903484,0.053391718410956364,-0.07128212199106967,0.03046253049446813,0.05430442425214127,0.0012191468295521355,0.10298369612323416,0.1160466156525677,-0.04039199441512834,0.07411923916642066,-0.04715095861142015,0.018211958178523478,-0.03000215865505495,-0.03120169409566063,0.12548260212347798,-0.05954674130626102,0.1145464936966479,-0.16101885070612432,-0.02108513726070769,-0.056057777716988985,0.007536313078821422,0.10650203112598897,-0.024404283114185413,0.02492151786395575,0.09726146137796672,0.0731613302785889,-0.00823359952334548,0.16360681741699004,-0.11367872889315275,0.0874896868784594,-0.04693774688144153,0.17949184579628352,-0.003981704441598199,0.0744709361865665,-0.08077351236237096,0.2688143085486931,0.10987028088154445,-0.02023585918293376,-0.21549746925587793,0.14134951473671,-0.027423227639381334,-0.012013264751213113,0.03982771350091664,0.05584068733041605,-0.08913273054024397,-0.05903190129524087,-0.043818095569926066,0.0048903063430061795,0.08645449326605047,-0.025674937358609,-0.10828067059251678
-0.14956804173130553,-0.1419504292478113,-0.037299303837359514,0.13597894229851515,-0.022200846774840334,-0.0471260287452962,0.1436178790315686,0.04256905962075838,-0.10363389003892952,0.04698504730617156,-0.0457919470681642,0.06017455269110966,0.13106870597593923,-0.0044150323871272506,-0.14388845653790844,0.009067266958118823,-0.1727819049692953,-0.012076560279302954,0.1376206056593467,-0.03392548746763306,-0.14602509858134852,0.019838963951341645,0.03858851406322454,0.015725640361985205,-0.006360422994233071,0.04415593549870594,-0.03700097488931993,-0.09578717780448612,-0.04690615540887176,-0.01614118264106134,-0.0780092324780859,-0.09657604608036412,-0.0645468130206124,-0.062454272147230816,0.024601667467940142,0.010523744490897838,0.10414544907081652,-0.012663890189265227,-0.048987610397294275,0.1165292752780412,0.08155916480834143,-0.05847222217524692,0.00137923965578995,-0.036452718126261274,0.00797557958925495,-0.10355426489717252,-0.0517235018149021,-0.019047226173435988,-0.06048571262543761,-0.05661266373802675,0.019256839566664227,0.0018490196595773553,-0.08124038919403781,0.06857695518078671,-0.16346580411227793,-0.15959218450837412,0.031138118649080972,-0.13999450958801707,0.025975108240560915,0.10033341061630947,0.05226523084387973,0.022902557122514582,0.09372793409823003,-0.0074071008064130195,0.04032122939199669,0.022138768460005787,0.07905182467190802,-0.036951757695142765,-0.07183226776658229,0.12618102670693931,-0.025536484053244313,-0.1350500775891107,-0.09838256367522032,0.06107664287056144,-0.07557265486013018,0.06324837298860776,-0.12018220881081584,-0.07452609210703574,-0.15825384660659234,-0.03359295139102067,-0.0751217333358921,0.08607909806745163,-0.030288965130415804,-0.005108731026539948,0.11375759634052995,0.12111898248123894,-0.02621158475893271,-0.021881303971679495,0.04235525887268848,-0.022037498740684808,0.013652784825975187,0.08166260141039641,0.07116193438063706,0.11780462591799723,-0.06695604874954844,-0.006190335291729535,-0.03159141074540328,-0.04410293317996417,0.06531018755201423,0.008168426277245733,0.08493051360072326,-6.799783912408753E-4,0.04537665713775004,0.020653998851401262,-0.07138019495014236,-0.13029808447328703,0.1322095464008834,0.06030418336349274,-0.10745282574695962,-0.037987581690488624,0.08607191903500282,-0.22641518856330156,0.013898451654668718,0.02647559045142622,0.02042468137262636,0.1179388078101471,0.005497924120208551,-0.0011037540829583854,-0.1709549097854363,-0.01659272798931561,0.10044164425317553,-0.01879992052648326,0.14111445267694434,-0.047658199645878335,-0.008172899317654818,-0.040560136934640105,-0.08919338695108373,-0.07356316780861305
-0.004443029524959728,-0.09082922114183918,0.08392296844126934,-0.0032167023755424826,0.12040856116967705,-0.07337913411015476,0.09542365268654152,2.805045818087433E-4,-0.12795275499305045,-0.08726248698713132,-0.12309185318100017,-0.1668259193523187,0.01737712337257806,0.13378400279778496,-0.04605486759268518,-0.0040555987578136474,0.05212141717408833,-0.09605303133694029,0.13311027810750253,0.13109318829802113,-0.1581870799134166,0.11035192290685505,-0.08013249001494537,-0.03263835070069177,0.2182340605478966,0.1372840985511537,-0.07802672392553897,0.05440966647626892,-0.16838548483770954,0.09299192351758995,-0.13808142558286007,0.0632921963411384,0.08510623001888623,0.07130845316804013,0.1309463681253247,0.13484820396039154,-0.05021989829437764,0.0344967770360197,-0.06578953405034223,0.027497315556816542,-0.0779131162100758,-0.048006204177075934,0.12860577141386448,0.1167007707602653,0.19798464454001719,0.05467696109096164,0.15228641874678225,0.18642218218604292,0.0019652011429703875,-0.060390995205953125,-0.11491273869500909,-0.06863722581670739,0.06369316310063841,-0.03346108235297814,0.0668667031384801,0.039490922139363775,-0.06556744431608912,-0.03794591428038584,0.07749275826968084,0.041494710712766524,0.06893944208352186,0.05900904912545438,0.12865976334660656,0.10856395132998226,0.08269716367613734,-0.047362274098160594,-0.05920786571048878,-0.029498279716327302,-0.08451020884722706,-0.039734495086955354,0.07795426805602743,-0.23043474960878393,-0.07006797565884441,2.624096882390236E-4,-0.13380307607378802,0.02538783482447561,-0.055286341151392984,-0.04196988874768966,0.059833232218047205,0.13528093784767548,-0.010106762541037071,0.12958098054536268,0.022238998748347966,-0.08624266959458246,-0.06974296005105252,0.021381995256191604,-0.012063693596453602,-0.04515003484214693,-0.07149903658764593,0.042211111345063695,-0.03901349844908544,-0.0385651475469812,0.12313756988591812,0.04462333634430758,-0.034485896785719714,-0.17842569658487967,-0.08712619273694663,0.10895548895087556,-0.19056833891032335,0.057574815937940026,-0.07476505959036145,-0.06528283856057734,-0.030620396373586267,-0.13737938543470563,0.07856230035473476,0.06166450663665173,0.045482486712334846,0.059255039339963206,0.036513795187195344,-0.06719564789185187,-0.00418785795849554,-0.13490296107832442,-0.12436418816529342,0.1541329188633046,-0.10387414893267069,-0.06509114866041564,0.048406612253728366,-0.0313934339527902,0.03609474116470213,-0.03371729350321383,0.0033677339831929094,0.05634341573012083,0.004110866961759405,-0.002739723517812688,-0.038331876817571886,-0.08496640308671333,0.13275806130506698,-0.03211994613302881
-0.12342058264305941,0.06181569143186983,-0.018890157647577625,0.05420172684283004,0.030545885374304926,-0.0745522134638146,-0.05147573755600655,-0.022326627097726738,0.11448636191867574,-0.04935901079378428,-0.08597894764218413,0.048559240348512035,0.061891277576553404,-0.10826942171945966,0.12750348603258713,-0.05448180901219276,0.052928264011883636,0.052648160989398986,0.14502826995390683,-0.06769560236120946,-0.03561632321078457,0.04104989886783373,-0.049819655853107866,-0.07436080649156578,0.05268830667455377,0.06307163866264962,-0.04185660012425203,-0.01909248110932873,-0.037671302064852974,-0.07449421180730315,0.0037742785123980453,0.019409987504746616,0.11410152226899617,0.11782600317120928,-0.02331330145182593,-0.034386574982580964,-0.22629984130942415,0.05127324773867564,0.021921798162566675,0.0013171302686777364,-0.14104716069526785,-0.03409662308840568,-0.10587636894603518,0.07183244469737454,-0.01695305079422934,0.08083159388830921,0.11165283210890935,-0.023962841999910767,-0.05756462113743717,0.05297728037219523,-0.07028162292042955,-0.028805936495107293,-0.07857317579404831,0.030227617002448293,0.04186778038335046,-0.0147978856605895,0.014064966046854683,-0.10409775970975979,0.05404199757362952,0.03748329914803231,-0.017241912828677354,-0.09264638395148427,0.11330725627321812,-0.16950014622886117,-0.04841441690836276,0.07916794002875795,-0.17641048008484098,0.04643611303767656,-0.14992381614449898,-0.056855126678104835,0.08535550163886867,0.025577799388996354,-0.048085340088587614,-0.07328864136170281,-0.010597982866732053,-0.005041770222148925,0.08469793709479256,-0.04218072658489154,0.037675650084325565,-0.08924953051715524,-0.029959781962853812,-0.053615085626549534,-0.06552860123229988,0.11422491776931189,-0.02055488544814124,-0.024099848219075643,0.012455351521048172,0.1043734853100314,-0.02085826210121576,-0.024961227663819613,-0.1208030130158502,-0.01566265461481539,-0.04918649345277092,-0.1042760107060901,0.06394979432711782,0.06987192232180418,-0.08331275604878825,0.014103239135488957,-0.0045279559511295165,-0.05071826847034296,0.03134314367957805,-0.016964671394027086,-0.01786205899494334,0.12365360106462944,0.24822787780695885,-0.00247146409751699,0.006349610678044926,0.03569289707675671,0.11049990004871554,0.01465789172928363,-0.04015207132673421,0.003751052220020461,0.06762285488588327,-0.01840816358410559,-0.12223670750314851,0.05045003466256047,0.008830605965476053,0.0196141181134811,-0.07257482228962357,-0.004447917713863572,0.0010336806404129843,0.23425334609624604,-0.16574287845317348,0.1358171605700975,-0.12183930340033303,-0.20319276170950162,0.1391698617648894,-0.043616604655920516
-0.23810103472708233,0.05841160098315591,0.007369577946071585,-0.0472300188630581,0.04046507284878886,-0.09527205145499071,0.024848618511012766,0.03932695337540009,-0.06812231517650212,0.17692948506827483,-0.036385565179699375,-0.08370219152208386,0.06816924575834385,0.011103562061364678,0.014536974954717893,0.12185228742238213,-0.17168925011992023,-0.10330807290828861,0.1092745656371689,0.00897449189060046,0.008034609211374524,0.09132313675146075,-0.157475486468818,-0.09409256264080255,0.032630276285648845,-0.20010409002861396,-0.02914273404724894,0.07460727887244008,-0.12946778637083792,0.1494800013198968,-0.09476164337652988,0.02971184241130402,-0.06708667929094995,-0.024850898011146146,-0.03803710612072866,0.1542713454966044,0.07992939625405636,-0.11834640315840361,-0.06068493451655283,-0.10350312113789596,0.025510971437152908,-0.10192515965257651,-0.07481251521908515,-0.1105743771117613,-0.05843330599345092,-0.08050885727069189,-0.16645107044481602,-0.16571398527012104,-0.05623988464114562,-0.11955020016279877,-0.1606990398974744,-0.09992935541610765,0.004662905148955544,0.016917498668806718,-0.06420751353912088,0.13500789890082984,0.011145705401985785,0.01539469616642975,0.04610929186585952,-0.0920591407377622,0.09009282507154127,-0.06253879818228412,-0.07041153794349136,0.1228971268318847,-0.006294142031150422,0.03937238649850739,0.04115589046932015,0.0677745303384606,0.11569962315192174,-0.04556604608540569,-0.0038074674125500104,0.10200173355822997,-0.15664193562551962,-0.12710425928020516,0.14828024172446233,0.07999967939214814,-0.14195050916606133,0.013996573177800207,0.12301592573683409,0.1862336229422577,-0.17817133485992234,0.06877594010540901,0.011781757425973526,-0.05266760159164534,0.16496512374031314,-0.049203728101517186,0.11502276202675549,0.0025711135902585017,0.1117088475976487,-0.08600240481150394,-0.041198570882610946,0.11784247595420817,0.10902300876453729,0.016604590641986182,0.07373592028476104,-0.07766534891776192,0.05541017978326489,0.04187487585225639,-0.08551549432864358,6.9126511676459E-4,0.011194947531585977,0.017967565018099676,0.02068279967774297,-0.11719634448951644,-0.008458228198832239,-0.07636549516758762,0.2559412559486361,0.04966742662428195,-0.07613464842190927,0.05527070663008404,-0.06272426212890113,-0.10679334471858233,0.055485089068694066,-0.011227950704994228,-0.026649586286567134,0.009161474302654987,-0.05590353268227326,-0.08270888067029884,-0.20996594414104344,0.018858546672839323,0.10831597405234689,5.724456446050546E-4,-0.15455747828632369,-0.0025778718977551534,-0.04687654014959126,-0.10417425601661918,-0.0846161746186583,0.037896201659945866
-0.0814670033703869,0.0012732377844605989,-0.039190606363430205,-0.033364812449424235,0.04099446061655528,-0.08544538238188203,0.14126077575277501,-0.06811204126384236,0.058298058301865824,0.034186529556513634,-0.10039736533714397,0.0375757516963307,-0.028200649025330392,-0.054954420372118826,0.12834584218969458,-0.13684367068432424,0.02045223443921595,-0.011805874283292517,0.0395838650085897,-0.04011351602129713,-0.056249613852320406,0.1782825283262646,0.03771205571958227,0.004061224713340807,0.19074254579149572,0.051190760957140216,0.16364727912526178,-0.07596223306940633,0.046614482424076696,-0.14172260190250768,0.04068708781184975,-0.011900252961497347,-0.0640733595183813,0.10315197435362448,0.13009073450047898,0.1286567646388156,0.07876505585239368,-0.09897154820111469,-0.056515256846074155,0.05576760099836607,-0.04636858833142829,-0.029699644090069713,0.10762369686832383,0.008846326317896865,0.02162231968852065,-0.020951835006976397,-0.05714164987678711,0.15131500950690885,0.09276647639986035,-0.04405915362260515,-0.1469342110994714,0.053251173194516215,0.023183192179506054,-0.021714562670093043,0.07564331714072882,0.02147420270410556,0.19754713353138706,-0.014702897561881168,-0.08512491618041139,0.04791931200217077,-0.247783937485121,0.027658081901183608,0.02174804697856661,0.01395591541444428,-0.022979830667728286,0.03258521169075834,0.05168546043546675,-0.0017831635842629917,0.07560970937429613,-0.06515116727958277,-0.01800462105636522,-0.01654545792742477,-0.08703698987604233,-0.023939331221222798,-0.028646073624860855,-0.043337811159512844,0.1411040037402458,-0.004130806487688297,-0.10656457559281703,0.05474251092005685,0.06394440457377659,-0.25284710920943554,-0.14914928583321976,-0.1534913349922733,-0.0020139287597549117,0.16348256490617746,0.016231493430980296,-0.02265871546246536,0.08686107512585545,0.0060864333180174306,0.07136617892639127,-0.21229131000133247,-0.0402294523782177,-0.01653552506393029,-0.016849471242905815,0.007088235849372213,-0.08149788710888935,-0.02710328094227084,0.09633137884762201,-0.10033508440941478,0.04866773296209877,-0.0013132152031434313,-0.0031842641911158866,0.06324447443826302,0.08320887132180411,-0.003521844872286525,-0.023726442353944978,0.049812130077496734,0.08355194795135984,0.1824879743920405,-0.12027545193562227,0.06322240597691695,-0.13974025795205725,-0.02991909025329249,0.02399322198512192,0.21782993067285855,0.1261093711254134,0.012484301160647499,-0.1647814817335904,0.1617202538087649,0.0697953979984925,0.16021118454952235,-0.012193445645599153,-0.024404364629655746,0.04479901641357336,0.16685324136627858,-0.11006761254297519,0.1300546121914941
-0.0013253911050049737,-0.0011460196277777086,-0.14043632275674095,0.13546594405455523,0.06875570564988205,0.015731901671950276,-0.09816880817412676,-0.2324918541340268,0.08593430635970346,-0.07074012370365733,0.0637053925201576,0.0511697849627719,0.025641449886964127,-0.009363134603295471,-0.09743413154256912,0.0013990076000421634,0.10392520519066833,-0.001521515523455961,0.14003389466919644,0.023572237326582833,-0.08429736339728783,-0.01994611416731113,-0.05556078536805832,-0.016506920019288465,0.20860005279016638,-0.15156232019086086,-0.10389124359227032,0.053055627459696206,0.2061455814405009,0.01937401970855226,0.04624486311307575,-0.10387156564891725,-0.031207035956212947,0.09521115830861479,0.11246320863619014,-0.12428951134608147,0.01691049864831271,-0.09744289999508325,-0.07014529509394003,-0.050939101021008466,0.13190821201047753,0.10314261131838327,-0.035221788408863974,0.037806611138871724,0.0908091901326239,0.06064774134595019,0.013346815982093575,-0.00649572818713048,0.10775710447482044,0.054603455468607766,0.010540818794902896,-0.051626327288374636,-0.19154497052679118,-0.12960015465691857,-0.21831012094052718,-0.02598282146938341,0.03749382861868199,-0.10683588202176236,0.019966853840419335,-0.03190224431034441,0.10959948591657878,-0.03187158724090166,0.06890061423990573,-0.060453449672268865,0.014347416182276942,0.01623698832336152,-0.14633474386088546,0.15550040016901256,-0.06619875660476472,0.05491883868867247,0.15632592505317028,-0.09938805881309919,-0.07197185011043021,0.19551147795425122,-0.04805330033213866,0.037292577205579255,-0.0194393333511274,-0.08156513965853279,-0.11861196200069381,0.17626466826376355,0.017183811809722567,-8.341028480019622E-4,-0.09870069710905496,-7.188093126881008E-4,0.07938799071368771,-0.09568457628197628,0.04910504754703014,0.05609084085115545,-0.09149332406371594,0.15113576735768244,-0.035016177440975044,-0.04377098770550832,-0.0018721465700535988,0.03895923669367607,0.06306686355636654,0.06842800696422802,0.08450365277478569,0.09974669944282202,0.04770555854440754,-0.046964144846645614,0.12589721217136352,-0.03346751090287232,0.008969574939706437,-0.051061769814271,0.014377104133750072,0.06997733882785538,0.03188727423251811,0.12738476516514285,-0.23615129031621124,-0.04019032616445477,0.024935914916827347,0.21971042338002403,0.02709331236252717,0.13838830193796062,-0.0193249603398795,0.0669160613647859,-0.001645032437114672,-0.01972187515564286,0.10371015373787307,0.0477195099554333,0.009398236119913049,0.05144443234876606,-0.06129466095251884,-0.014302202136746116,-0.10524363536544983,0.05632532380100668,-0.08393541382848221,0.01593398685779282
-0.1192724364942495,0.06354796957937978,-0.15321917629227755,-0.03080862863340055,-0.15886946885999037,-0.005098911779294912,-0.02496009467217774,9.642018468942306E-4,-0.05623205426007122,-0.05045113336492439,-0.22461863924996026,-0.05245525416400349,-0.009417563093553728,0.07363769283966465,-0.1839513687266964,-0.09893543346043503,0.052549031737441854,0.18123157712846594,0.15933643051505808,0.010544689848652323,0.04372676200210607,-2.734971790854194E-5,0.01839102808372728,-0.0420478705790579,0.011322068409452496,0.005223946284862993,0.044792975750772596,0.12402649401025832,-0.04484706753585253,-0.024937322067155644,0.03435806577958725,0.006419211366466612,0.053515269236081714,0.019114629869193562,-0.0823539974699187,0.024988119032891564,0.05735049962041835,-0.10152032269011606,-0.09689637397373012,-0.0029577814042453555,-0.05698711956978971,-0.027691745977251384,0.023956560746890163,-0.1998656967176099,0.01672851177443711,-0.013978332511854041,-0.05351965091145189,0.07161258177400319,0.011370837357300545,-0.05315213103669422,-0.06872850927704957,-0.0072760435173979685,-0.003196225279639284,-0.0035517910509522905,0.193499705230189,-0.034768784812315504,0.03642936352790431,-0.024355181017694436,0.014336929194559311,0.04868723040674518,-0.029375075599088307,-0.13944702996763944,0.07403689710484461,-0.11635537837429369,-0.07937274424298794,-0.01732762800970317,-0.0618169221921215,0.04139086405768026,0.01738621288645121,0.07355838082260964,5.366075051670351E-4,-0.07406470999721354,-0.08543766037741209,-0.10694502853630329,-0.16397082471760915,0.16154096684520852,-0.03605338300590534,0.0011409857095083516,0.02075771119568266,0.027351496078160474,0.033015447489991946,0.07309429701120455,0.18329713113446294,0.039170528427986975,0.11561153029139881,-0.09282033574813882,-0.06406647292018906,0.08960731471772714,-0.09472127231739277,-0.03981356101357637,-0.06541919998963183,0.008932607968175087,0.09684174781519331,-0.007819690896792778,0.031029974391355245,-0.0560614563834324,0.05457545547936111,0.01304967459368244,0.024230378869116595,0.06461330500754041,0.19724072911927285,0.04916219707535133,-0.07039544890557789,0.0017274411792321401,-0.005562858691158702,-0.055403277537545814,0.10968874741641677,0.055928872695462276,-0.16389749636235285,0.0537585965649058,0.14049671498115757,0.07987086679373478,-0.04977203256081528,0.004479126088419251,0.04794058400944609,-0.05228567410892008,0.02042780581949988,0.09627117819339892,0.023460734983277467,0.1691226726682822,-0.05857439518771928,0.06686232855160906,-0.033101519548021346,-0.1162309236097191,0.01773360678339982,-0.09114697784836866,-0.023070683506146616,-0.036196130006327425
-0.10556179986173575,0.11102914362011189,-0.05789091231567828,-0.029683551417687436,-0.01570643273189292,0.23237948505507477,0.08153895785472978,-0.05974522319529323,-0.033650005936521565,-0.03497077206420437,-0.014034099508303338,0.19316618152360424,0.0064316715758890065,-0.1714269250758083,-0.053923325096362995,-0.0961222702367186,-0.1096139545486196,-0.05538434560351328,-0.014867023711706926,-0.08193620224198203,0.011088964415759524,-0.05452324446656916,-0.08938949909954395,0.09231999701415536,0.024272167764109835,-0.026075600032975148,0.11414947598043647,-0.020693645303042563,0.10476933552376397,0.0688286027388492,-0.009977240931318116,0.05532148578587255,0.024754107392258844,-0.00738040460133031,0.07567040235891456,0.05049786953147708,0.14225730935234962,-0.1747668143769718,-0.05789957060130466,-0.10969231508674465,-0.032200584736643625,-0.13293864616269319,-0.10751928297570561,-0.06939634815302936,0.016067209756082862,0.022274097090544533,-0.1800472023565272,0.1281916380983806,-0.11866644056896354,0.08150412489944361,0.12068872411989931,-0.11093459006087386,0.09315313518473452,-0.05274813863026212,-0.018078381752069883,0.03936984010814975,6.911798602621064E-4,0.056771269172831075,-0.01612913228553775,0.05869298042544123,0.08670533761723771,-0.19499404458392638,-0.12733147242168724,-0.0883347584116001,0.05171984423696025,-0.042827456530681776,-0.15112705487031966,-0.0826932003535265,0.07020920246663011,0.14151198754491365,0.016571471709998502,0.06281519191508916,-0.07763769548383623,0.02384101501757441,-0.0667787059722389,0.07968010356150695,-0.00321034698279696,-0.04193557034526289,0.021112119873970745,0.08646112277557051,-0.007892785430117384,-0.06836023539862103,-0.061510825072722354,-0.04284581629065377,0.13543508706673157,0.06565819483306097,0.041873545489064766,0.011863570813314184,0.051244086019225775,0.03998166111517385,-0.1745472756338438,-0.07041757275208656,-0.020642356123980736,0.023224393104953014,-0.01776557018250865,-0.05887896219574791,-0.017508814959836406,0.06748634434025208,0.03230880009628422,0.2455805631831707,0.07990096243352313,-0.02318984917605517,-0.12041953171993436,-0.12388017278956481,-0.0068736525889321436,-0.012886123286401225,0.021407051488549465,-0.14333023342143353,-0.04668476464706679,0.011090594288919526,0.019145851334847416,0.008513547722696716,0.024371923739268924,-0.019152158944405806,-0.03906624234608536,-0.10713937009625539,-0.18147485686895548,-0.03784503676517721,0.11171754320723244,-0.08645201869657364,0.007678478550583821,-0.07444055361110292,-0.12077175349957159,0.13983885182896616,0.034340442068291815,-0.09435809268561171,0.08434977121697591,0.01655161253426809
0.09390702045543209,0.17603325093157998,-0.052251024549773616,-0.12507619392184816,-0.03020278740585128,-0.022374832023358635,0.053172378404739006,0.10297589338863833,0.028956007791809495,0.03373749041309396,-0.011702404072940799,-0.04300642417718015,0.009975751442212192,-0.1149394102798201,0.07043855759995486,-0.047770399232838295,0.0223926715703352,-0.18012117208817302,0.06875189100760355,0.014568819429784972,-0.08829577449849729,0.0854274151582978,-0.04878078656589154,-0.03448708453014044,0.048804930206658874,-0.006549451328174348,0.0385357880287059,-0.027412780132307347,0.004096981934179998,0.010786951237808238,0.030068390175876588,-0.051560164046806495,0.024360008408400854,-0.10448149884440745,0.07928632153977713,0.07904350541379042,0.07276682143450644,-0.10030833465558119,-0.003953894506703462,0.08367711440269002,-0.14496384185449956,-0.10407321551578955,0.11472242199292222,-0.032415767337732077,0.06006545124133546,-0.07273403033608496,-0.023411640308737956,-0.03889769949130326,-0.04205425225883547,0.015274030883072953,0.06776900780674931,-0.06752159618225997,-0.103876267981117,-0.09015758739975403,0.05102544141103039,-0.01181709197562348,0.09188358772852075,-0.039793484370559476,0.022687146221537214,0.006455991785374764,0.034733791367071214,-0.053836035236550936,0.01076233624926347,0.035640762085249585,-0.10178507446232365,0.006550103760079623,0.08526492214914598,0.22048630258782168,0.04025330860591692,-0.1140233082930709,-0.06762313087856786,-0.1075619864565454,-0.006379442838647929,-0.0029263315522699814,-0.04500995523882464,3.245631555670852E-5,0.0826336831349286,-0.07589904740849589,-0.06576796686479247,-0.03204073821391,-0.07359765312165291,-0.23164332412209768,-0.06003652224852135,-0.09221116297636679,-0.036248508419745744,-0.13224424236409688,0.10931912549895403,0.007205881586811317,-0.21278746154056113,0.18711345671994623,-0.02178422453822968,-0.04370252326509246,0.11198351627401755,0.017499718435595925,-0.12151408408157235,-0.007144994273216571,-0.13058620888266018,0.10638283414529583,0.03340766954598158,-0.05429177815036323,0.09245422891562172,-0.13208280851250942,-0.049101940633913176,-0.04829067041027468,-0.013730580737033597,-0.00866522960395755,6.675579792107035E-4,0.010416220396401495,0.035439117607767856,-0.02640401474739288,0.14746016930991157,-0.06579398434488874,0.03222492828437467,0.09674453071146003,0.14236608503482975,-0.016447824618204994,-0.07944104124885529,0.10333410786783638,0.03853473633357138,0.05403979122611623,-0.05630126130691772,0.12970831761719886,0.07369036464577343,-0.2731195059999042,-0.01598292246474278,0.03043364415347907,-0.08650665325560572,-0.04077716779087637
0.03811779657838035,-0.1523027459586441,0.10974813750139184,0.06334104602095068,-0.022747346725066602,-0.02121246867587967,-0.06845125925061814,0.11581146949208672,-0.03620601147085224,0.04453765783150745,0.05922201686830227,-0.11595039541070538,0.10743078782291665,0.1449424899798749,0.1245571435364302,-0.10088132931900881,-0.038059375788151294,0.21309912704339481,-0.047460951946292025,0.025326613294235648,0.08974942081402586,0.030245207834354033,-0.06356921370837534,-0.05850980450515513,0.009636227390974915,-0.14770376621123765,-0.08972924018950713,0.10400457063490362,-0.05931868733573264,0.13240500242364997,-0.0639777693252053,-0.06194676073691888,-0.03295940544572839,0.012369567759349148,0.17329967844446206,-0.11619496165863913,-0.09118176451417312,-4.2707264943787253E-4,-0.16449666478631766,0.02083782067212937,0.027157369906156845,-0.022305503520703762,-0.005223508940370594,-0.11706328479445541,0.1357979659150519,-0.0962010235730637,-0.049022393441513275,0.013052318911525135,0.011790697195745247,-0.016043526437357496,-0.01646921028702593,-0.07783697022117689,-0.050395749754225276,0.03748804138394701,0.0468710141654064,-0.07172007014438675,0.08793434063131794,0.15003759116676388,0.09950051224377532,-0.09030862065047943,-0.0260013250753125,0.01283504456291414,-0.011609188230282619,-0.09005671034205229,-0.020774912801113796,-0.020327894902757902,-0.1064405566891713,0.10144634545880944,0.07906126778065842,0.024501416618975896,-0.12111274301872865,0.043652347289523316,-0.18083171868214235,9.085303559459602E-4,0.064687645612607,-0.048703297893880775,0.1319562731157328,0.0716983011332709,-0.025159499302199368,0.10194620595171919,-0.09037702939811523,-0.11552175528172401,0.01592097290309532,0.058021674278360066,0.12090998808130052,-0.00726091336617259,0.07625315719900318,-0.03594992337575591,-0.0853768682406391,-0.07034948150109012,-0.007570202214299869,0.09067559721891501,-0.023883058303235574,-0.006116113892143063,0.045136689206406254,-0.008799873649559685,-0.031810559567331885,0.18069292983822668,-0.08987685160238285,0.08458617019446438,0.02831825186976395,0.015219328058323236,0.04528865239367706,0.04058132341717914,-0.11164097384732918,-0.10734367474414305,-0.14097662797705682,-0.03616780372872351,-0.012429258610520556,-0.0013397451240305756,-0.11726671756696867,-0.06158731982757777,0.03755684131840712,0.03096279279654755,0.14078098465195527,-0.02715437908248585,0.01859199155985276,-0.06840822336065563,0.019510410557737924,-0.03629023273970124,0.09257319290013481,0.054240557155108546,0.08983463069052525,-0.09844404487679308,0.0614100640181314,-0.16947630899336208,-0.08235822586397681,0.01224932952981788
0.16605862137024008,-0.06798672298598284,-0.004870866303473412,0.07540439508811622,-0.03954274996361214,0.13142777045836732,-0.007641872120417101,0.1015830087434947,-0.07878978752216723,-0.12160417274717143,-0.18903844045881296,0.019421979093292976,0.07585359044403904,0.012131928909968417,0.05226993868252767,-0.018665656731516194,-0.09981304540072083,0.004064880279273514,0.06470325340893104,0.0631573895142135,-0.09753053126753942,0.04417385051922342,-0.021225384217258253,-0.07565054024583107,0.07593042873908723,0.041407086628632184,-3.7503570491782476E-4,-0.07824611103439003,0.12071916163086395,-0.23104462587773095,0.07384946272612798,0.00319615693427337,-0.005782575386581692,0.03714965200048922,-0.11321118643457768,0.08266464565753234,-0.042086110814909046,-0.040972285980178894,-0.14762991123486527,-0.0073281356833000185,0.06938947576274598,-0.059709468459922345,-0.11281209778827408,-0.05754072257680205,-0.07384426946850307,-0.04523607695018635,-0.08912565357374479,-0.18913232673906497,-0.0627557741027895,-0.0803081985716494,0.13720056277013465,-0.11753473514156346,-0.2103394186494651,0.07076814510596277,0.13778585663445156,-0.06684149707822681,0.07450490520071956,0.07722684585385563,-0.053138788112662275,-0.0070121787000886355,0.0037453084315100405,-0.0348086570742932,0.031905065503490836,0.0021690763469953064,-0.1914578413346262,-0.08406377908503429,-0.024555018516671138,0.05405360475487424,7.076953007462505E-4,0.04874894555471932,-0.07059634769429113,0.03705750235841487,0.08048028460007069,0.016081284252355218,-0.079063170867528,0.028001626155231857,0.08261393210864329,0.03286019275523314,-0.051370448417770574,0.04795299072684858,-0.17466122897244424,0.2557685311452369,0.03745959127486667,0.01517708890599683,-0.11030205418159408,0.21917358772582943,-0.15246908665451095,-0.0901880029676386,0.09221040501059574,-0.011286985655351101,-0.11880945865520993,0.018656747607973763,0.11814068739842234,0.055730464018998116,-0.028615694760137485,-0.1156640908889163,-0.0019573349087550693,0.061016016886288646,-0.16947737292101037,0.11162640471271673,0.08006896703978561,0.01782978393057583,0.04796989707657096,-0.07514570365143033,0.11753963300641307,0.03942638129496269,0.08027058798340153,0.056628090459248694,-0.10768050612462192,-0.059413933876666714,0.03076156868718803,-0.14013740361486607,-0.06766853730608037,-0.1272763787421848,0.03548800480599884,-0.02101865268763145,-0.041753244979204525,0.03517293297874033,-0.06667548350580782,-0.15531496468354028,0.034527778684982864,0.04240908176959261,-0.014573719948714784,-0.11864473119946996,-0.02420136593671092,0.06143239939304624,-0.007585766526461738,0.06803191377248413
-0.07197040140373713,-0.039949931917774614,0.012656355670173418,-0.17038302601401364,-0.07116762462663924,0.02516003429268856,0.1033317566874598,-0.09133909570988005,-0.14788142433539125,-0.0998125361568648,-0.07355474272940454,0.1886085017281193,-0.02816017721719788,0.09826199074706703,0.08826984380873157,0.0839264789776851,0.10302706228742,-0.04040442416760864,0.1012648257072013,-0.039738756891474984,-0.12466555382052395,0.11322207687636306,0.0684759065436635,0.013542421577664348,0.034742031096838356,-0.10452332432286231,0.09633290259101822,0.004591233610747908,-0.04283875226784995,0.047298261172322796,-0.13670564337426658,0.04374571777960765,0.0016993617915426402,-0.03522019848725595,0.06634326190241176,-0.02110140293536235,-0.02048756009290414,-0.0935041436396582,0.048303735507705246,-0.06628436688883117,0.05565264720682498,0.022640363973606015,-0.03484017448467768,-0.0876327394246669,0.041111721997482115,-0.10100399803926088,-0.019290010683666606,-0.04986993156504609,-0.09371223955682703,-0.06402493132973909,-0.12289697133110675,-0.13974779026665837,0.09703888681097521,0.09375541757313743,0.0539636613519982,0.02251467552889794,-0.10483666227783563,0.038099205423208896,0.08971601959694712,0.03063227183537283,-0.11118450963377859,0.1930176183947368,0.05787442531052659,0.20598191054846413,0.04842647491613418,0.05812936522383291,-0.07735721885354266,0.0708312357999479,-0.012485925117088782,-0.0743055792868756,-0.1000647706188539,0.04399349268239994,0.064730400002777,-0.07171750171213595,0.045390392651012204,-0.04998167946690673,0.14363171077927375,0.0037673004240859087,-0.028573730610059887,-0.17972776191310266,-0.17726637921020097,0.06480206709661965,0.06066969127655104,0.049726358000069415,-0.015283443790421087,0.021565207406917426,0.10878550128528976,-0.1640130658386289,0.12182274674166296,0.03162292161282555,0.025213023186581914,-0.11842961637489798,-0.05226343178184761,-0.04236628972259459,0.10579918375673351,-0.11971450903265757,0.0432038075507013,-0.11260799322472434,0.11749545993331928,0.03290412401920677,-0.08981976195052155,-0.029506735934753395,-0.02264857089543642,0.034373107254680554,-0.03160892314594129,0.1719519369470236,0.04076020034939166,0.02435369509545869,0.10998633347567421,0.055915516778836515,-0.049891986730584745,-0.17784830671777552,0.17253360857622835,0.03729743054196627,0.0293056106806559,0.038230698454661524,-0.09077797915822021,0.09776144735129196,-0.11856226214790802,0.03278594914665389,0.13240969447651685,-0.16727307377763376,0.024611759891539065,-0.19825966632520095,-0.16305167266102003,-0.14629170375277775,0.09751394572378239,0.07469629203732633
-0.039881559104790784,-0.15362901964326278,0.06435656031514667,0.011079265126734177,-0.07471646904003944,-0.07567286455963099,-0.10748431981784386,-0.13053134657221382,0.05439409726888872,0.023667048028402245,-0.09377650314796007,0.0076545910564347315,0.051752465393883146,0.02968237807513789,0.019698041490669782,-0.0102378809557293,-0.05724045808868818,-0.10873303482113002,-0.07697431496826938,0.029979588365032513,0.05206287938917119,0.03902132800460935,0.036946085258834666,-0.051504891299993354,-0.22751785135846864,0.09676740209169557,0.1188178409758407,-0.08000824798809981,0.07908551475084574,0.14654696056133362,0.06388883229102692,0.055089172983329514,-0.08191263868336754,0.03525080232217918,-0.03240143875986258,0.1235534901837645,-0.044412155317163825,0.10591201500058806,-0.06893309699725637,0.03112746132151085,-7.432364895578125E-4,-0.041941597744179396,-0.03892957945076894,0.012698917506751726,0.12369230578028789,0.12724713110527852,-0.12253295156612283,0.017750964012149213,0.028568807197614024,-0.013737645503871758,-0.035553201997714445,0.03536208276044841,0.020227758375750946,-0.06480216013604718,-0.011287529561706418,0.013751261174206459,0.16577183830371206,-0.015712849651861198,-0.09770074001250276,0.049455770882931155,0.11749966228875285,-0.10765826930635643,0.04429333473555494,-0.08518041040612712,-0.016302226895276165,-0.030086205081233823,0.03096066976136084,0.18463633430647095,-0.002710697419265112,0.032208237150194524,-0.06132290654622851,-0.019142203121720422,0.011230074336469553,-0.058387784987215384,-0.056645545657029436,0.0049873148788097225,-0.05320338849015279,0.07682967737747398,-0.19465454290871645,-0.19208218407091998,0.13432062656406787,-0.026757006163538995,0.034828009872192506,-0.0881040369928283,-0.08982482370265622,0.10439089711120511,0.01120000145957509,0.005765007156747633,0.048980047034884,0.0425982548737958,0.07511675801249725,-0.12474958964201055,-0.09508523719482696,-0.040318961725443324,-0.12353100358392811,0.03848874825436791,0.06562703311286511,-0.0244031766933837,-0.1316417570134287,-0.11761527519128634,0.020368471347031077,0.17503057475004602,0.1312091396605459,0.04271994598760839,-0.10952503820523253,0.02811672695847893,-0.0041657424969804005,0.17366637348591285,0.14779775972351952,-0.040496937983383,0.19264347939457124,-0.17274315955303188,0.02671369679479641,0.13210742150308288,0.001339849444724997,0.019029139458864905,-0.08721547417432005,0.02110717137679292,0.07151353094774877,0.16888156836339932,0.1423721059879897,0.0736583162314518,-0.028607692911704705,0.010393013314095386,0.055632251945562775,-0.06312105736110378,-0.08353447789902997,0.019550658451862078
-0.10539195681438282,-6.493019429249297E-4,0.08408339569338619,0.0054541899421858015,-0.15856389097348297,-0.04228700381152044,-0.061863777662861,-0.07699744524215243,-0.007618401065181814,-0.05077502496935147,-0.03133359593304287,-0.08158001998759705,-0.12627503335305915,0.06445744679050837,-0.20310957370870295,-0.06004300056176423,-0.0745525680585883,-0.018755870415568292,-0.02416566035541722,0.0865213752428204,0.07126693426882792,-0.006842166707668841,-0.20665964914691143,0.0394044601404019,-0.11851524096720342,0.016995007787708714,-0.04156211169806056,-0.17800109096315755,-0.12200513859893727,-0.09134718816508906,-0.16035790648474404,0.005255067723740774,-0.13400148295451592,0.03011650584683403,0.0942743960193573,0.15490609934291094,0.04950004744372708,0.10958019488998297,0.10878540004985347,-0.03428622175392207,0.06078249734767635,0.17802201950975197,0.056768512465560125,0.021342460991435983,0.0019589691680299867,-0.005854739378589937,-0.23040832682137008,-0.13458265357805616,0.07076906173509816,0.028899292559180296,0.1372841396926188,-0.027968591921795533,0.01345690432301133,-0.0042256499800021295,0.05684224767967371,-0.019900433210731962,0.008879761303430253,0.12585287756086327,-0.08841692811146809,0.08986351866048226,0.0017341771921035771,0.11146722553849489,0.10169838843290722,0.0865151649536346,-0.033697774679125055,-0.11874111849238293,-0.11651977057103169,0.05326493493290733,-0.11006885845707241,0.042681154721246894,-0.22001702206585622,-0.12721745733081072,-0.1753132180659571,0.029213690944900023,0.2497111005367558,0.1991044338355459,0.04347744573742844,0.0289578843934278,0.15572042643695888,0.13344718651067453,-0.15175467043477972,0.07146484760096034,0.08919090038981416,-0.10526394932212671,0.12272346961743508,-0.14672439834117898,-0.04209022912396388,-0.059002955979674206,0.025525486261693233,0.20369573839363522,0.13285661797198894,0.04255083470128992,0.05029005640730583,-0.03442021620296721,0.11063976419764127,0.08504835997262755,0.07632176383096231,0.02245044926245625,0.1247510571115662,0.03000885781980039,0.019745648775608134,0.07733825395337263,-0.14703957169657803,-0.009933859506783759,0.10654186526501629,-0.08103875321236172,0.10132668946236935,0.21630664922373424,0.12885913092997406,0.097153708901527,0.1504873291598784,0.26102417222979185,0.022158936212457625,-0.08679857882405767,-0.04032119476692834,0.23031701768092422,0.09508635545499315,0.06190768780673059,-0.09576746889847662,-0.06066951992018135,-0.10427702131201239,0.05545489270436591,0.11582577076358429,0.06448601556088278,-0.11354155262958904,0.0180692964430375,0.026008553283563482,-0.11032088588187217
-0.07088906808234828,-0.15313240374075757,-0.047775513181127924,-0.12369943564146077,0.02721862999544816,-0.04175014876326228,0.022958399642013957,0.023393621710267796,0.036926908084934464,0.15671918856059958,-0.025195389104063673,0.08418502628331233,0.03700614373874612,0.07491089815905108,-0.028083773029818265,-0.03423438028949982,-0.022030777587849135,0.12495094220045347,-0.014605350627271639,0.16525980135639684,-0.16981993149364577,0.018265469425444717,-0.0890127227721909,-0.16657919283659695,-0.025701648669333395,-0.1045458494863612,-0.06101434278026421,0.07239823201808608,0.13314813678470017,-0.001700930342037236,-0.05946326239910862,0.09517632280316539,-0.17743278050570885,0.04848116751083118,0.11215893168463549,-0.03689515879089059,0.023072636131412114,-0.11378178719971326,0.06722259047771363,0.09030932257026433,0.03420815267422618,0.13434337255539447,-0.06359451411479927,-0.017047648505468378,0.2237138788225055,-0.026785804116778653,-0.06862378861609258,-0.04721287053138571,0.09604880474988813,-0.25394849632400124,0.11479978920312987,-0.02668162722920846,0.018668567562622765,0.04226247704323002,-0.10767732446659901,0.13735715427552422,0.01728552583671964,-0.07235831810197958,-0.08009378509512752,0.03341145972907207,0.15904732969899008,0.055885299461096265,-0.2517254499839184,0.04962325540870957,0.047497655131212964,0.06716071435539284,0.050015951689497386,0.02271618697382161,0.07429412444659637,-0.14908324095889783,0.05158373136411746,0.1257709943678885,0.09270673494853482,-0.00600344186459449,-0.044591238872942585,0.052498401210433344,0.0014251223529668485,-0.027759917216619696,-0.05962792738660555,0.17585357026313284,-0.15442457044906732,0.060702786246189355,-0.08495860034282347,0.007383082178760625,0.016534096510919593,0.028388579410313513,-0.023888927690229125,-0.12510225109566495,-0.03747352847860461,0.07533860708351957,0.05011574516096604,0.03426670972191691,-0.03083613082788851,-0.06618122800289908,0.026764742643566333,0.009776925018039152,0.003972910866881145,-0.08601163776878555,0.05366981843062272,0.03320456060129885,0.13657402200304525,-0.11264586353113844,-0.04007549506077775,-0.0914231071901848,0.10705785535484419,-0.0655062012240706,-0.10552667865959406,0.0514439634177614,-0.023429228536024985,0.07100588997131332,6.900175046663758E-4,-0.11078289103282067,0.15422341119363636,0.0454769990090457,0.1817818285928892,0.0039428154407693,-0.1529246350117851,-0.09641709437020086,-0.10276727548500579,-0.004494016253114826,-0.06597308907760825,0.04600601656969318,-0.028231905123649186,-0.10993349012547414,-0.007754862516912234,0.04972274578852785,0.050621881894002435,0.051330285715543
-0.018784836795897913,-0.025567687023508593,0.05402231513344213,-0.08348485205938694,-0.06500353890191471,-0.030642525976846118,-0.03519617359246061,7.658917772563646E-5,0.12940345600627629,0.1664506015068274,-0.00323334683629241,0.1817236890153572,-0.0808428606800933,-0.05983106733882014,-0.04166246715921169,-0.21947794269919868,-0.11409174795476837,-0.036273077101385845,0.10342142931719966,-0.0811942403572452,-0.08370005636432892,0.037909249442477956,-0.1527937806003731,0.06768062822576268,0.038391261317820814,0.032503500803641235,0.01885413323348652,-0.06688672630532146,-0.06420682712743778,0.0045259883078245695,-0.004744594483315341,0.010225421700773835,0.024324131342220553,-0.13939888622483507,-0.0149791734427297,-0.012158988517188163,0.02591755129437177,0.007194410049821942,-0.020903739567709766,0.01816570221733048,-0.044800525747023645,-0.11331741248168291,0.20774957790333198,-0.06765026056702123,-0.040242992694633536,-0.021923838698878474,-0.09403647455575335,0.14637951123828433,-0.1687193639456454,0.029788207530038403,0.12260939846745968,-0.01635076028924867,-0.009753882353667505,2.2060802328634568E-4,-0.034907447419502406,-0.09911895611778201,0.047366231331158186,-0.15679922743511632,-0.11805044070469672,0.2913808928437008,0.04882458735872149,0.038654974747329415,0.06212084939564478,0.0313710310203568,0.019139895990740893,-0.1433265776169192,-0.03742040167867237,0.02566703574741823,-0.15195061841777935,-0.08621855138345225,-0.07270184379867073,-0.040071254026916026,0.06714115161042263,0.005897132828805757,-0.03587255463157938,0.08578640523922576,0.06616272587818689,0.08388708127882719,-0.03627193247459692,0.08419304536297786,-0.22137976495243422,-0.0557826582452616,0.11912940994411875,0.07861789881361977,-0.028428693933174574,6.73930346860582E-4,-0.053869795933146065,-0.09504348559157405,-0.043797110898263214,0.051620805405564615,-0.1040911699204191,0.007532556084299395,0.006868383167379833,0.12693041550515877,0.1102722753197673,0.051093507724488146,0.0598640679228605,0.06097665341836098,0.265112647465717,0.024633198254101044,-0.16266142321925448,-0.05027103275403415,0.080782243562685,-0.12316067652449318,0.06820812657598825,-0.00360896641043185,0.2469634896976721,0.06128521766026016,0.168170189371637,0.06887036831562696,0.12108063112427088,0.19153698276629633,0.02458481345970178,-0.030190829287849393,0.1306377138982557,-0.08249547590935657,0.005564974917015651,-0.06931737567042301,-0.13323671096895773,-0.01176231337721957,0.19996246968452314,0.037323844521943525,-0.03475546822093974,-0.19453278525294712,0.009614958309880335,-0.05284765897445032,0.03429708531551406,-0.0440653702790893
0.16927770126564481,0.2539733547669042,-0.13747195527485423,-0.14804551182593206,0.1473845470930569,-0.1894072361054651,0.0524652737643366,0.10738097540573449,0.007718629682137667,0.08778072956719986,-0.05872129436170312,0.10131238601155304,0.19104950398928908,-0.04566815498652938,0.024384956813774682,-0.06269013315486342,-0.0157105895866923,0.11230812634672145,0.10133497543829936,0.12365447073462518,0.005612922402433292,-0.03363207744410697,-0.10726990009374678,-0.1465238092444166,0.03474723959883848,0.03939603136197636,-0.04098988053243276,0.03036038296448581,-0.1021926003687443,0.17971153023527475,0.07355147649578422,-0.12601005888139108,0.025710233200057542,-0.07214241953718478,0.01606274411819656,-0.06619881575889121,-0.11205704805137015,-0.01089366447239634,0.028819610958190477,-0.06925236401205499,-0.09316928069944229,0.0012884801855959473,0.05863556883068132,-0.04099379762841991,-6.865189596589809E-4,-0.1866518588167906,0.08148432816041237,-0.045681668921139514,-0.031257194840439276,-0.018041966907668815,0.026632922313916844,-0.07085839596508753,-0.07071751145705822,-0.02079040621723624,-0.1237898117076238,-0.08146399543209268,5.33163049155769E-4,0.020527187275803445,-0.0830550890296331,-0.06011349499000749,-0.04781584033542808,0.052242238986058724,-0.040856303940203016,-0.0923475258018914,0.0815622496058614,-0.06134168438334229,0.020751845745560667,-0.12233386451126628,0.07470916196541262,-0.11473969105591536,-0.055592751053032,-0.1129626620948492,0.05649071593628589,-0.03667605453658564,-0.086441234244856,-0.0013374686905070479,0.0063297489583742225,-0.02216950087209048,-0.10612011437610767,0.06265058652106988,-0.07426676024533407,0.027205957323346713,-0.024593834939556723,0.0038256372005600636,0.06177348569747426,0.10453176760096244,0.03192884189052969,0.020499499174965023,-0.010720998963797669,-0.03573185330851414,-0.1648616641619761,-0.14969427087106466,0.09589325749134942,-0.1344239913555986,-0.2043053128966968,-0.09359817793142375,-0.163852796196691,-0.17305985635087057,-0.04292894742576174,0.06389084782029737,0.164936279559237,0.0859004260621041,0.10724215696552154,0.03458524785703307,0.013601040307934454,0.07931927731291206,-0.011140494598718107,0.14606325280666999,0.12887937341016623,-0.13192355582613374,0.037500966389772517,-0.03473284160713725,-0.020171149385707413,-0.03646669728938406,0.07564908517927318,0.1300355719424693,-0.054029291322122114,-0.09784842880598524,-0.07796971085212032,0.1752329926480749,0.10229164519977421,0.04761248163693248,0.12851315859215218,0.014397692034735749,0.01677751145695068,-0.08041330160266144,-0.03854012158212324,0.03418197015182026
0.03505900201312761,0.05288483499961492,0.13057628803297677,-0.17188898089579407,-0.012529936364950735,0.1229567913079655,0.06387323030547161,-0.004021954398101858,0.11846292955867857,-0.1382213769429401,-0.10554262644255677,0.09467679877310466,-0.03165695840224613,-0.15322659363587296,-0.05953260087067079,0.08610034072184196,0.20171135491838016,0.16027632973102307,0.01812564338302269,-0.031976162592276106,0.07923083322160371,-0.15037382577287,0.029950840026092527,-0.07810843430608207,0.10195338690080002,0.10172451308038054,0.028638718140966194,0.10599524174564937,0.02894674282176269,0.029938557073400037,-0.04971278791571951,0.05231509206948833,0.07132517713612924,-0.07521718754913487,-0.0996994890930832,-0.0028543700438022363,-0.008476747083730508,-0.04633752219035307,-0.009716701893000487,-0.1852794134371955,0.1898686466815023,-0.18636556258508138,0.04964414703073697,9.494307787807524E-4,-0.07845882440435413,-0.16168899120365435,0.021495091781902464,0.11469338570304237,-0.0740277150995311,0.01537404922553824,0.1040432483009474,-0.008666936314412623,-0.13984618651142616,0.014422653096087062,-0.07193826925925742,-0.15972423060214647,-0.009776632809706238,0.01290366784209866,-0.007954259523576746,-0.0254999156294877,0.08408198924266244,0.04869378729727866,-0.15134258499107678,0.03776668597621088,0.013100050048165595,0.06374230377601203,0.009767964364786608,-0.03556125660191546,-0.03754970957016999,-0.06469774701960515,0.044106694927917446,-0.1170610288428983,0.143726978745526,0.15414709158334342,0.03940182213770737,0.13739416302538934,0.01170211120639927,0.0023249991944159967,-0.05005957143480624,0.15717488109908387,-0.02071363369725822,0.08626047355884858,0.006488721761330659,-0.08608904464268972,-0.020975462494143286,0.03604338671144579,0.016557500541022133,-0.14142377843173398,0.06629939276302801,-0.06577294408582826,-0.01861853284946491,0.13422230474901437,0.12440992678341506,0.14116903777364098,0.00696267468101639,-0.029020875046582153,0.04490801650102659,-0.023099346851276664,-0.08753067375626412,-0.024706841768196704,0.08115711893060161,-0.08025847667869195,-0.010537494148742785,-0.06790037982811642,-0.023355450551296335,-0.10433675515063431,0.03361984001559182,-0.01715247735448911,-0.1277528225060059,-0.01469751540877475,0.06462146978287363,-0.08140793857665725,-0.007863306964146333,2.3525159034366665E-4,0.05229061786441085,-0.007046058701356184,0.05901928039620884,-0.05501453369555004,-0.07918500868844999,-0.003141580046409293,0.04031842971462825,-0.04783004824900941,-0.07723341515150116,-0.0995008975084985,0.17546828312295193,0.08063723351528679,-0.057923705352289766,-0.08201008481345959
-0.13198072145821296,-0.013296142491671763,-0.18995456330389565,-0.06790844993134129,0.06548367108771617,-0.015324242008262504,0.12949902441830727,-0.06029142134619374,-0.1450965281239248,0.010159787281726883,0.0021236598771660333,-0.03464238968394789,0.046141484863166646,-0.025136094140860668,-0.017757653891683295,0.0432633679611097,-0.11756301066711061,-0.0026565150485910963,0.09531053372027479,0.08097111914976696,-0.05803063274961986,-0.03601502208071845,-0.1424686103910298,0.03788171880859098,-0.1287127316228092,-0.14607419825560133,0.18838069351542375,0.11912521616556629,0.08355413004453538,-0.10450525484877637,0.0067113779483414715,0.02063152131839749,-0.010560164230664838,-0.17036435045589765,-0.03487989699132349,0.022660962252931245,-0.05893091334735483,0.09638302180406487,-0.06734721549224848,-0.13761148113615215,0.07420918152347183,-0.02145628912121881,-0.009923131772495849,-0.0632175589632837,0.047543326655810465,-0.16122048538264816,0.08588750150039959,0.08905691175886121,-0.12259564003191474,0.06767086480604231,0.06968092485055478,-0.0038700493306695434,-0.13907175381787149,-0.09246261121136255,-0.05228500164472995,-0.11800384143176469,0.028527827728319098,-0.187328784909492,-0.027815830824254078,-0.010905833839326362,0.01042333027039677,-0.19814411184105926,0.03587027038786189,0.3715592989532276,0.05298117791705728,-0.08504326193171165,0.16760931054471637,-0.07276485332466602,-0.01872722960318002,0.08207623243501812,0.18160659407874014,-0.05966518656746764,-0.009874322216702078,0.01708197850653991,0.06390069974925085,-0.09510043079320028,0.201952958061744,0.09194534730204479,-0.022634641150040036,0.11570888854655792,0.029915790151928804,-0.07656926691508047,0.08387005487153505,-0.042698625455130375,0.12191703231946818,0.06553523049477047,0.09683525186623779,-0.022147652484426017,-0.017779883116207085,-0.04739394575262688,-0.10680819523216539,0.18640864400560433,0.11665793949535513,0.033139231054469614,0.034840629565439825,0.13732554458479074,0.0727594545122069,-0.0840185250401244,-0.056938591458594284,0.04624266685289424,0.07904269936519907,0.07401686761029423,-0.008016329118379644,-0.03228549517218925,0.10282025355506014,0.03923720456098563,-0.06342063477405306,0.02573814168593544,0.014682117113681318,0.007575702115681945,-0.03444636489238273,-0.04619054675667289,0.11951288150989657,0.002669336326152993,-0.056454937816945036,0.034492912362319286,0.0011912313529416395,0.12831591627098396,0.21091355384305463,0.012967498074708856,0.04397350649436572,0.16025830090094442,0.018673322282437795,0.0858908132741997,-0.005585991221788741,-0.06189986554754689,-0.013621412295550332,-0.024022910181092146
0.03478821793747592,-0.0015327285192682713,0.0012229753846171392,0.007239600254918174,-0.11740621647099733,0.05479903694982543,0.11276436712944538,-0.11430192709184739,-0.06475431795706904,0.04108214344307687,0.057134159008758,0.02505508219313868,-0.12937544777312315,0.07559327762329224,-0.08266155861132443,-0.17335354881707657,-0.012989731457502091,-0.2285230556555632,-0.011502941004557538,0.008836086251667305,0.013066866533832515,0.13720548347021164,0.020055410256703824,-0.10678401044943821,0.048755868736954144,-0.08488739182105143,0.059486573834579344,0.06678907485666233,0.13372486078807086,-0.05625422964751834,0.09834279452681775,0.1223534921983978,0.07418065691813841,-0.0023319755000231167,0.07844704167726507,0.04108156584235382,-0.16870498572455023,0.05637291565813656,0.04923189308928866,0.14568582966826987,-0.10577115546872257,-0.024606394184494014,-0.005971445281417886,-0.027171905601419254,0.07583884798543904,0.2111752480840124,0.0501178862880628,0.10746542223334572,-0.0034987432391570803,0.052318328247953926,0.002124891682083201,-0.049972188208665155,0.11370040445117813,-0.05889022359739306,0.03999398219403459,0.16548194156912965,-0.014998243212322186,-0.09397898794161902,-0.0220889094477007,0.04607557240248449,0.2148075193480369,-0.00931197658429677,0.04428557002796086,0.15764043520891233,0.08126375785111245,-0.027691314389370014,0.09794272057832075,0.04995589556029019,-0.006197833293234728,0.059185325809018946,-0.10490216478184239,-0.021381641769428594,-0.015527835955657016,-0.015752975674442102,0.1303591950005315,0.03855173429437851,0.1539878117541735,-0.06026559930909584,-0.12449498314294677,0.016451024781085746,0.11735266234645021,-0.15005180663419954,0.039985724980357795,0.07715513162147074,7.045705375091655E-4,-0.0043537028732112595,0.011944959462116832,0.14970761803952165,-0.024386097485365854,0.017977240990164466,0.10912915115134562,-0.0668540879905571,0.14800284235462602,0.0012823288893295181,0.0980971761039058,-0.12201332086643062,-0.16481554822489022,-0.03871471852540014,0.09593143272359603,0.03372942488898406,0.08263479589471566,-0.16467849450935282,0.1597509473696571,-0.10101123804498946,0.04469593212006779,-0.041374438952668936,-0.06139550306998399,0.04348258820106355,-0.013760354947410599,-0.17184419900937037,0.06044814926900097,-0.18397100837858957,-0.17473941861239556,0.06253604317732134,-0.20252316669294854,0.05666375375305583,-0.030774586392255162,0.035025311109381015,-0.08608832246766356,-0.004447004596410423,0.009226654789697614,-0.10680293881444938,-0.08636813723472356,-0.13193461135656415,0.08739946752099342,-0.09512415393933911,-0.0027760332795066633,0.07777079056587691
0.05671988715508189,-0.04678140075397005,-0.0932059840392457,0.08868088224853315,-0.1810170831375669,0.05270792609347982,-0.027357957933015167,0.03601707213830383,-0.0892153685725682,-0.06309576108488016,-0.199369982171329,-0.04449298846871876,-0.08833012559753271,0.08893718512948395,-0.03883186865593237,-0.04179460661054221,-0.024636466693800315,-0.06380985926010092,0.11297460713037037,0.10246494052598204,0.0015303203256830354,0.03677671793469529,-0.06149014344751298,-0.010236530621509237,-0.14147631217050663,0.010148935847696505,-0.10066482076891613,-0.025985116039905956,-0.049087839716721336,0.06728198414056569,-0.13134975092043796,0.0017621567496544925,-0.05712742582522831,0.08082997464893726,-0.053564844155648564,0.12250054318078026,0.14860258003417717,-0.05207353766375386,-0.04289610982268362,-0.04784585342983531,-0.03247246454541717,0.1734259310895009,0.013302543003690595,0.012480695533763918,0.12341395942560199,-0.0014902127091401076,-0.09529741726102912,0.08622747960632403,0.006223441076435416,0.027067310616238318,-0.01786782827580658,0.08267757830713354,-0.002115191864647396,0.05640867685810014,-0.06221056948398438,-0.0473842896991901,-0.0736860265116735,0.06737633549590569,-0.0218285357535817,-0.08533717679409016,0.015143744447233775,-0.1400028248635431,0.015038208840342635,-0.09430204382106756,0.028916012628716552,-0.004539752488711272,-0.19598836164796032,-0.1945318638035926,0.11145746556473017,-0.04526922695610537,-0.005600053233093229,-0.0856461265946525,-0.1107699582685407,-0.06299358577526205,0.06408685614518109,-0.11279956419969608,0.13379572127533784,-0.12208173244092098,-0.021779224134364117,0.011663559866862502,-0.0412432342307296,-0.12739989628218393,-0.1190123176732644,-0.17909657723483502,-0.1053893056152523,0.009987600967055445,0.02885173847436674,0.03434123783682993,0.04916293909397279,0.016563033387042382,-0.03410829019832586,-0.09442761869497875,0.1464584641582304,0.10453704525564854,-0.0678326182635182,-0.01498057952143623,0.08356596320297888,-0.11186553343628039,-0.03430878995656641,-0.1816883995159829,0.07450142195329061,-0.10282523873522188,-0.12538077879384704,0.03106834118619671,-0.024061454023051005,0.027369384567393244,-0.02897818157621366,-0.14132342259987335,0.0312968043343573,0.010595670114221589,-0.012155826075587423,-0.15543417938709403,0.05624263621538047,-0.10865922095193789,-0.09439677913488237,-0.0998449054194097,-0.04607167512975718,-0.05116902300999935,-0.047186478941690264,-0.02251511870245839,-0.04695815931300131,0.06594241105138399,-0.14707637217626895,-0.01479612234184002,0.11937037596775277,-0.0841368517737942,-0.10657359088098121,-0.05548274746904868
0.09931096925654737,0.03865812692299181,0.04420991111423245,0.07262278914279298,0.02017089785788419,0.2089751169484364,0.03384394847795047,0.0822951218133604,0.17013529395172092,-0.025095247015944927,-0.09809770033968253,-0.03803243559022513,0.05394802398477124,0.02697137128872104,0.03444691917393259,0.13322217414960302,0.06586188478678127,-0.14120539951951863,0.06210737715018816,0.02320899647773278,-0.08219631602558221,0.10494106903017088,0.10211129905535299,-0.03625876987675597,0.008859170651713504,-0.06718240970709963,-0.06745910230080143,-0.1378412518672051,-0.09288066830984439,0.1575567690483754,0.16385029152165798,-0.08244889517633565,0.19895438240585667,0.02159150878257919,-0.08000742245808376,0.031910147474531594,0.056586480736356685,0.04208460734837779,0.17579869139826446,-0.009594667580022332,0.09309058464029399,-0.04230405897243829,-0.033247255705609075,-0.08783630169017194,0.016273803345386636,0.09755221747168857,-0.08178611319254457,0.06889405722790028,-0.059026293183159044,-0.05885606846761091,0.05286849345305013,0.09070348857708739,0.09631159395091077,-0.05957027119272411,-0.02673833953332147,-0.044108254971205615,0.046092371702035055,0.10565353898666834,0.06791063970881998,0.11434740759254766,-0.08032203399212724,-0.09766549843118162,-0.007194239029872958,-0.0064577624960042495,0.05904606706033367,-0.04439782213592824,-0.11675670898831589,-0.002147935294579011,-0.14204923568790853,0.20075706449284356,-0.035305731419950935,-0.06846433580948795,0.09229583795206008,0.02337614396655063,-0.06598258311033936,0.06114471736524682,0.04631829976173385,0.17177850903925318,-0.038663984554867074,0.0639032671031463,0.07831089057492782,0.027387563463129514,-0.09977682697036286,-0.022155114589876384,0.08276264287647526,0.037745551670275414,0.06206551112367502,-0.0608142804709774,-0.19033623517858891,-0.0994532591147971,-0.044973921497724154,6.695772219276948E-4,-0.006591195213448618,0.02944292495326609,0.11684942875630788,-0.01835083016750438,0.11361488181730599,-0.04447955140297528,-0.07153671005332345,0.08196812952268737,0.03756622638067967,0.08658237875393011,0.13345109660489482,-0.032428904627116936,0.049428850918869734,-0.07317377137028092,0.02132427743519234,-0.041541448463912264,0.01632724281464391,-0.021640951233622568,-0.06508077756951797,-0.013307674244943078,0.040607634476732185,0.12899804084177832,0.11617954450076107,-0.116820437691345,-0.02073119260994269,0.17274431109778082,-0.09174206661494141,-0.05574346540918203,-0.030420238293244493,0.13367143667321293,0.004248226816864066,0.12029252221762989,0.051015269000989065,0.01236968377552632,0.06739260134643911,0.030005642955262497
-0.023917465292963833,-0.05777131690179761,-0.14885931254238427,-0.11617002941244145,0.14982078673880242,-0.029707145557610334,0.03744733303145611,0.03703938711665969,-0.12539817805965287,0.21261790039645687,-0.03698668002063912,0.016629352181814765,0.17460096880142154,0.09864193680677834,0.017001403112799816,-0.09269958384450215,-0.018187509787064463,-0.004686546921079257,0.03389742589600814,0.002172444699455378,0.026784015993492314,0.15211154560757553,0.062368744136919105,0.022062408601860088,0.20188071180714015,0.00626203336557953,0.14858714293343822,0.025139105355263057,-0.06523936349478143,-0.023114951630709767,0.03369503846462912,-0.11962589735477504,0.07145203861074646,-0.0103448029936151,0.11881121654819354,-0.09711623324534757,0.0019171177489745355,-0.06513350028260614,0.013249196490243188,-0.051486321542696556,0.03892106352897343,-0.08298676515539982,-0.05503896410673366,-0.13716680504388248,0.22179213678755316,0.04689100490451335,-0.05781605529170522,0.15068962599265015,-0.008056457827936464,0.008718290877426408,0.04132596886783459,0.07345391070555313,0.0035235984794292886,-0.04960911968160937,-0.05634063701989939,-0.03938627459572179,0.11389446250817897,-0.04442656545794303,-0.11282061623845101,0.158592717778161,0.025936050241796134,0.01776829793667496,0.11845894699066968,-0.14930972823133776,0.09762534460918768,0.09654945881772845,0.12502778347141658,0.10727730366270202,0.0572862074061513,0.061254018325352745,-0.02300429456368993,-0.12670664577260102,0.08572114071264436,-0.10736954131617017,-0.07936106785828158,-0.06784835642446926,-0.02834215774223925,0.052433191040733906,0.06547879893235187,-0.21260277635115726,-0.04103080532776943,-0.08107981000015554,0.054143921940176726,0.15756871650139304,-0.014124817718570987,0.04487388740823995,-0.023563982306849095,-0.11482481433365059,0.03816978958781205,0.025916912218476477,-0.00392865348960769,-0.03743985416787359,0.17535032385747212,-0.015160130681230621,-0.05272958137423617,-0.060895436898610295,-0.07901768100502783,-0.2261819304536776,0.034974331350984565,0.09636456784427282,0.05809438294857274,0.0025046647684723667,-0.006912457663839721,-0.15889997058069413,-0.13842891476017163,-0.040979728068588635,-0.006214057324167688,0.07788411977903816,0.0065264642215377665,0.07213298412537184,-0.03137888141297426,-0.15002666674146636,-0.03286883509604627,0.0609461321958483,-0.0656609623639589,0.06231678465995187,0.07345795986334717,0.0040392732737575205,-0.05889260759151879,-0.11947917530424566,0.07584876757073307,0.0255362643366384,0.15994657441953422,0.16704148590116102,-0.08547199684963237,0.03260553918196095,-0.006526244722292742,-0.12182398441461356
0.03768607403932873,0.16155036271182913,0.028386773414896822,-0.12608015753434548,0.09086778119876689,0.06829637257362854,-0.011547555008624737,-0.042006283952606846,-0.05527936804716709,-0.0351128992267437,0.07088224738719072,0.029208549454711685,-0.14126817306137085,0.08178772408345418,0.12459164492493813,0.011412189076224884,-0.08298225886511644,0.1293615534710634,0.016682775007419652,0.14418529983763215,-0.15383424397063838,0.17062578402038053,0.0834617023959304,-0.1259813997878147,0.1154493661856546,0.061742495997186154,-0.12779266714051343,-0.04933641762562827,-0.01110653753856916,-0.028368437804715818,-0.02134501002952554,0.178572817035979,-0.1507208353456928,-0.0076322091528786195,-0.028783362432350287,-0.10573056473435426,0.03793238719652126,-0.13511352492411424,0.14193258389860575,0.09032144669032648,0.03831087255781738,-0.027336410084791266,0.06443809373805903,-0.08178390847553309,0.04026003144691169,-0.0650218757726374,0.07005398388603531,-0.02906930521035809,0.08758586645337381,0.05975100009432492,0.07601848097316438,-0.06030161422372376,0.10379950332586181,0.09350238546370304,0.08912844363643194,0.08196139947053176,0.13090430804831774,-0.024845584452630395,0.009176356403167697,-0.02153997929151233,0.03156719136382442,-0.013139918080489778,-0.08501175341674039,-0.0070684684144063,-0.08848143461805225,-0.004191180575522507,-0.08469101014661597,0.04580812441602815,-0.09781546560029056,0.0362951779446867,0.19423179890472353,0.0306404743313624,0.066847054123048,-0.08197870273411666,0.03127191781142595,0.003723097024198499,0.012927369334650553,-0.14075368805336155,-0.05406577290587056,-0.029455005386187456,-0.1275833415060819,-0.028255405822839665,0.0924270797123233,-0.07266082931002676,0.06296358610171124,-0.005287786861519893,0.00964536433469462,-0.16437457801435948,0.022265591742788506,0.052025419854710056,0.045274994823859334,-0.03301468741373239,-0.0033146461683692965,0.015881926265558,-0.0818636779072421,0.1181847491937571,0.039986269172613484,-0.06712336270043162,-0.05622195183245303,-0.08117401578031308,-0.03479857810090677,-0.19845301848519697,0.03853744031326642,-0.05891960490210239,0.039257930344500834,0.1361899187258799,0.0016314561626215992,-0.024456254915102935,0.07559506412874634,-0.0945222239220717,0.025927616427515697,-0.048820746850816464,-0.07492762585159049,4.5585987134672684E-4,-0.042630215952486374,-0.11110996553434999,-0.14007509810119267,0.09772261826305215,-0.012881207010296908,-0.021837311053473894,0.10331189027941298,-0.06324578830957746,-0.11008397283107865,-0.004455362216345649,0.04873337224287288,-0.14481604597629452,0.02547247692926206,0.016608672156888184
0.04336826420586544,-0.11545312798482657,-0.03066773744649419,0.031498111801921524,0.04673545215624199,0.01087387045084034,-0.04932244973394728,-0.02373905442494783,-0.0901611834900554,-6.744622383635804E-4,-0.13789617995568712,-0.03452348994339909,-0.11562184459153427,0.15778543621944416,-0.10836002228924219,0.07246900459917054,0.042772203274269255,0.030960523084036795,-0.02221312049134702,0.07304891828340139,0.1500920050642033,0.047511129435824744,-0.014090125489899656,-0.06627109126857426,-0.01382945383102151,-0.08112580123267936,0.0918919419004154,0.01673394131508675,-0.025908562376054364,-0.14732572730498755,-0.06198117375428251,-0.14178787841271992,0.01826350809313821,-0.009305234285165758,0.11776724642657259,0.06943181161063747,0.08483105718450315,0.1455167131364391,-0.016839049892377507,0.03154812894518401,-0.022969137219257123,0.03868666796631362,-0.10219248353541985,-0.14265564403684647,0.184997198980878,0.12400418899250372,-0.016622999315760667,0.0031115114131796597,0.09594519797826374,-0.18083072463121957,-0.20549691656970231,-0.05730404376492579,-0.05323185892547882,0.05132756132779999,-0.014013678490165691,-0.10309499984635263,0.006242493846933704,0.07586072905863885,0.034652724186290125,0.11907431919404166,-0.007043054739494453,-0.009419939681117024,-0.05584711757535008,0.016044459255942355,-0.06436947941102585,-0.0538759846873056,-0.08573015516531028,-0.003068260514321933,0.05328343011904414,-0.037543856934671244,0.10623873328865333,0.10068219353202325,-0.09120454034449443,-0.04007125754356835,-0.0831568912103382,0.02441657152883457,-0.0863366313469719,-0.01434429576283232,-0.14373858535352885,-0.14253704579076534,-0.08749868527916262,0.08161219076336501,0.1701462572520954,0.051199231881455066,-0.051973992283156495,-0.10510287395521649,0.011673994749224124,-0.09657646200528322,0.0646314565732273,-0.01163096193321496,-0.055551804001063895,-0.009340093070914704,0.1090522247979593,-0.04287356489993799,-0.08005975829214373,0.10000149845867053,0.11291383276846882,0.06879822460954392,0.006851972266877468,-0.12129466172353608,0.1486022481086124,0.04415967375828591,0.10713798139279879,-0.09160131495921954,0.10632131560154923,0.007831367419270778,0.06416434416315889,0.1291710497827966,0.0036593542022964306,-0.12728850539803044,0.1169278002539312,0.04323649878068998,-0.0333134806322481,-0.02623181957914082,-0.16051624254361896,-0.13140244658709357,0.03416374703616547,0.029399489197140794,-0.034567373896987295,0.07869035320480874,0.025633318408686087,0.0015255972366666004,0.022457087401809378,0.0795417803096872,0.11063239396524155,-0.20024783816268132,0.08299865703974038,0.09655564926529235
-0.04000285346332082,-0.12977291663957974,-0.05393037259072419,0.06918622886758378,0.052712807868766594,0.09420774849157729,0.02240004835497796,0.031069853698444016,-0.0674176686648343,0.03294966025332541,-0.18641924103848742,-0.051529735953423306,-0.04537505131608881,0.09705880738323153,-0.07297347207166069,0.06083871208287671,0.03443496100574693,0.047403060476920944,-0.12097532198924084,-0.04226714317934196,-0.02256280178676013,0.019355111388683156,0.12073794495049175,0.02213228647883634,0.03323795936088528,-0.02290572507045227,-0.04895907966098453,0.08834360539994067,-0.045190177111691585,-0.02110005124238274,-0.027754775317716848,-0.12285097854587976,0.08915402914353474,-0.12965491372272447,-0.15926644983902724,0.039352046556242616,-0.08425423645152903,-0.0240234804177227,0.00921094727356264,-0.03417575479126171,0.169533095476208,0.09197073357272496,0.027345457072471754,-0.038497240875418726,0.008352804114747944,-0.01831298189213073,0.02974313104251848,-0.03979145734301391,-0.08937353728465153,-0.03407968278033024,-0.025940651394500455,0.03622103501878602,-0.049406389071135384,0.07888678041150629,-0.04407565229281544,0.04917752504625551,0.1049054276968647,0.0334222960553018,-0.021804153657217933,-0.03628621159673172,-0.050344711333065076,0.027546011766986116,0.16370309984896542,0.017568258761209883,-0.04803082812602476,0.2690757923019593,0.13339104237724353,0.02614982732977409,0.0018377227126252335,-0.13958411243001828,0.01683582112450605,-0.13038692392115253,0.09435552566162703,0.012775754479253401,-0.0995878937819257,0.15285132834971268,0.09383406222418408,0.0929494426926936,0.010046290306073156,-0.09743260977747852,0.1301878776764153,-0.018233917209506012,0.11936191360479946,-0.06054073606026827,0.07015598571498045,-0.09835720730687253,0.007901361762086521,-0.0555347464207376,-0.11706543866007059,0.04621192992607103,0.006649766957005902,0.09344581713131338,-0.09163157023548348,0.04719733445727452,0.07936887127041793,0.05242171778437767,0.07351861752203193,-0.06840398102198614,-0.10557137195127773,0.058025999156872975,0.023729097659070095,0.026249104970861584,0.10573145579932328,-0.03850043742189166,0.04604622680153194,-0.054989655244675924,0.14533757325027155,0.08196391825470113,0.01653329739813384,-0.09758737211291472,-0.06883563520617174,-0.06757221238495607,0.007099225242009625,0.039118852172446414,0.15060613776531584,0.21701664590699063,0.11051885160629027,0.005997438381520886,-0.09496372809214529,-0.031319259062064564,-0.1205920307923954,-0.05107889479033153,0.03208080013878508,0.04233801644050094,0.09442339506140522,2.609275285110485E-4,-0.0931101888707383,-0.019357110960506553
0.07291545088803458,0.14076311697843835,-0.08157192819564223,-0.036919134099644826,0.007552599322480118,-0.12822352179653487,0.17516074974044607,-0.09255365574655793,0.14995370028609184,-0.01924656290734724,-0.03150449099968767,0.00877282443708501,-0.02467278775108635,-0.04519162739613042,0.092502863428059,0.051681966122659406,-0.0828591384685372,0.24231819904125412,0.10455201906750235,0.11259448964998287,0.10749077214368521,0.1430079448211398,-0.10140927393076145,0.04390373056473353,0.12816646149608743,-0.10470456601359449,-0.023545512809334094,-0.003557044990302634,-0.038191337672463514,-0.03437857247172112,-0.08650503132904756,-0.06373020794439757,-0.07156820046846964,0.03161763424417813,0.0314149847480606,-0.021703398689014223,0.011641410832368842,-0.1146378063402842,0.05367844695522629,0.02373743713501522,0.1431373913225626,-0.053513032409703364,-0.027123018627685853,-0.13841560010806306,-0.05095037545971501,-0.06525067025846076,0.20030721584189845,-0.09314154059058381,-0.04345955176728942,0.07307134932999843,0.09170626915739447,-0.10819935551548882,0.004803148695809658,0.035750856805461466,0.08451640348332934,-0.14790129225124046,0.20562156949279883,0.02259060254132473,0.06010322059936526,0.042167080724171226,0.13637969644593895,0.051375933031632785,-0.06746735406449486,0.048254897499108336,-0.007559726937488912,-0.0955756521461278,0.17444911737377625,7.676571959955007E-4,-0.07901548227585968,-0.23668382205999058,0.14559978302467658,-0.02723941385684094,0.030544180158899148,0.16397100424996422,0.14292259302998098,0.0028053771490749793,-0.07716915517430693,0.06918688415220882,-0.10864345375246161,-0.13198693286370647,-0.031083245595946756,0.16618378850816834,-0.05549588582246424,0.07551263895687735,0.0426131531059672,0.002372081105954278,0.09679323306035517,0.03945377733838081,-0.04907810067325269,-0.057875599738805864,-0.11438565464960776,-0.11238219235643639,0.08006170393591626,0.0646615119864097,-0.059996953526295145,0.008778048005198108,-0.2229734354204792,0.01717433772935567,0.09160627108680638,0.14673909790722403,0.13784138490467884,0.08994211715977952,-0.18610576222562356,-0.0025698047624862106,0.08861915510482384,-0.037669043889369105,-0.11732119395076471,0.0014541094827356608,-0.04805722444742802,-0.11417064849288033,-0.14266193574055733,-0.05807283411341919,-0.04335387348327796,2.82236217503222E-4,-0.15940841290041097,-0.12150966349821905,-0.08011003972880272,0.05524966924145864,0.018193865320683934,-0.07224876989882716,0.17157861656384957,0.0557858576678045,-0.09019897983514427,-0.0029914203789174485,-0.06166541477119402,-0.06771282434819573,-0.025079843316416047,-0.121045879830871
-0.02135862005038895,-0.043931603449898896,-0.022226387752126306,-6.074063506266015E-4,-0.2318578996977741,-0.05031230959734323,-0.007466315958240141,-0.05624383500038976,-0.1278160553695148,-0.15889871580703294,-0.003752624462728278,-0.11041195529243965,0.03671681402437784,0.11936486415865763,0.14312748920762516,-0.07675789363284316,-0.03656520621437775,-0.014570583499800453,0.012638911966927254,0.026736779874896043,-0.10960513343604367,0.020457105578862753,-0.13752376160026913,-0.010145733422940407,-0.07400306986284595,-0.06583936657810502,0.041898708938876025,0.10326418680369581,-0.11878191391937762,0.030040492764453766,-0.16794255154295312,0.02743781212694218,0.07512494993892938,0.2009979644648919,0.006666514661256642,0.17875896009460462,-0.06684515278068551,0.0015131325451167386,0.10607125360116844,-0.09008775899776571,0.1450206718105636,-0.0749867093516916,0.010326889452652845,-0.038417856412249984,0.12337494295576472,-0.11238363849184604,-0.00726805223731895,0.06591161188373902,0.044998609000807675,-0.13754630164304524,-0.1310143625748948,-0.10831998387106993,-0.048459638649051576,-0.016030281341086798,0.07894116835841782,0.06268386372460455,-0.09426891394554447,0.03801704348204834,-0.01526301384868754,-0.004874404599453804,0.1444622634759168,0.0017946824300516641,0.04518552715290442,0.13383749167498324,-0.12491743746510617,-1.5639770747075208E-4,-0.050734255007307605,0.05773842610216889,-0.1394590506936774,-0.11158889518194917,0.02307347633668498,0.12595469799143524,0.05726388678602642,-0.027556920988409242,0.009994746410390451,-0.06735502892042561,0.08632362339393006,0.04785641498664813,-0.08626914855938494,0.1548009806471113,0.025186703822426798,0.007384778744982976,-0.025856043563993885,-0.06527376863227367,0.06718411273130616,0.08061570114388597,0.1538227522336422,-0.21634808027884123,-0.06621364568502029,0.10243061585248171,-0.09256930371939066,-0.04897715629300962,0.1621617006861183,0.08526766500909909,-0.0692790362692744,-0.11605077415247031,-0.04971781356808734,-0.05562326203816523,0.07439061117244321,-0.1527027808370808,0.024651110837906675,-0.04887912981622162,0.07071883130574742,0.15338262912680814,0.11246171293317482,-0.19179722129795443,-0.08714130573184974,0.00388506663727841,-0.02158012006121918,-0.02519550736758331,0.02791925075630578,-0.048845997406525885,-0.04307934669184324,-0.016532978174689707,0.060144302866120984,0.09980254453973904,0.03847064337388841,-0.03655321183713184,0.0624187732708652,0.17911255601107623,-0.002752364561067187,-0.0885706248553234,0.09195351303284013,-0.070817158471989,-0.10709669858224667,-0.12161731001953745,8.657875351146729E-4,-3.695793714177209E-4
-0.04716986295776355,0.013484768855260773,-0.07690812314859682,-0.0027148290471996576,0.07761829920240745,-0.021531416735049397,0.04277626070991118,0.018841614244267602,0.2743377721988529,0.03780195437024797,-0.07857049729882294,0.0038330772422621013,0.08764962411061332,-0.03252851185992297,-0.046949805076583896,-0.10169905417206229,-0.1364845781037894,0.10622141182236643,0.0688398644605115,0.0929061521548666,0.0680826344558987,-0.031720171649079386,-0.11751420976609016,6.975110891136197E-4,-0.10119423267504814,0.09652885703610278,-0.00743511568695959,0.007169148766376686,0.09810914004136288,0.036446488148581306,-0.13236319711166372,-0.05831771003558157,-0.006973707265879389,0.1812628698610418,-0.05752324577464268,0.08189687147177219,-0.09942644117643884,-0.08460111404330992,-0.025061861250486893,0.10315796284032286,0.07913418347112564,0.028001979630077615,-0.11960524117761596,0.03930248938885655,-0.08715695813398687,0.11847244486823458,0.047603247450216976,0.15743111101699758,0.10101564771852875,-0.02799123329189319,0.026529533825824164,0.03952853962742404,-0.1980367746510762,0.07281249368333848,0.05475233088595986,0.012805035283712114,0.12408953240463924,0.02067389972109457,-0.1391315427306077,0.04023744926396756,0.0442016163235239,0.03569671053845541,0.12333504051417611,-0.09261139915495725,-0.11435738030972077,9.944138544227526E-4,0.0869642171345003,0.031215683038484092,-0.01409501616584957,0.026428248663538136,-0.06502861895196554,0.12330961589098595,0.018892784371966627,0.1971919674908992,0.036059534049719524,0.08376436178582337,-0.09367769350772824,0.006506610706038344,0.059796366051587335,-0.06274228634206179,-0.006177868485806403,-0.021322415187213225,0.011430618197446552,-0.1660424660164344,-0.21859577999687702,0.009763838352056579,-0.09327772505978855,-0.047151410401025,-0.042038687359703675,0.045372760884401994,0.05407535595316061,0.08626416625570205,0.03194861628618199,-0.11020303405404863,0.005350344467163908,0.17526956246393527,0.046884827573519534,0.11095969119634937,0.091200716961818,-0.07843576491124615,0.04691917379588978,0.0849087654976104,0.051414915355885465,-0.14119630390942683,0.08739525352876781,-0.042299078466271435,-0.1818348980364899,0.08676428335506632,-0.1259224820912477,-0.04821666118233267,0.05155545693582072,-0.004310864343729992,0.019023053300099353,-0.019313632786129124,0.07147562505455572,-0.07566727313269817,0.13245669087417242,-0.014203777391611338,0.033712902514464085,0.042650714892127364,0.11454493864305543,-0.07301068309012063,-0.11269178040951573,-0.024838460723690114,0.09175751343997791,0.011681527454804065,-0.14282201856793025,0.032647813350816776
0.0094175587366276,1.3785649192598216E-4,0.08150729861250808,0.08781118935062421,1.8184182485320266E-4,0.09163835641582713,0.11775596497635256,-0.040521175252508125,-0.03032460209468001,0.027462820120822167,-0.13010400439316183,0.14169465748313992,0.019327114156204243,-0.1736701622214801,0.07930659638335759,0.04425435460078836,-0.08197114416280488,0.0338400664278556,0.005124549663914312,0.03814736956399177,0.008477487714554059,-0.01109741090963448,7.567721161061041E-4,-0.1506309048891838,0.0023490948058358836,-0.04758496279969424,0.03153817933410129,-0.1625457247152039,0.11321582468172964,-0.11117507082588728,0.02705980629173606,0.023999847717340272,0.07259132831735879,-0.08380453066285276,0.16519560728272967,0.07324687527530573,-0.015007632844176971,-0.059389994564966006,-0.03059660503518798,-0.003399051094207024,-0.08008827281574314,-0.012568479993435607,0.06841192356476311,4.144400543075878E-4,-0.013440450731945112,-0.09923042704825077,-0.051099265912646144,-0.09354429662248336,0.03548146462073791,0.07421536986498274,0.05599445006173075,0.15440256672336178,-0.005633722942818045,0.04782673936442848,-0.019699876433390953,-0.10478648056176591,-0.06243612571263286,0.08477315041231433,-0.08300132765471048,-0.06779066894423832,0.06135036505149916,-0.01172572381246742,-0.07856716575181345,0.022507145621324248,-0.02465671060700052,0.007360674596092421,-0.075698216120161,0.28455376272612765,0.06491653018361183,-0.0234628740189277,-0.032279060666029674,-0.08393730270070834,-0.05386246704867739,0.006039433800374785,0.059900815146618346,0.09712841348207943,-0.08982630542384348,-6.063803737590709E-4,-0.003998814103529393,0.011639404234583298,-0.01922585333010652,-0.03080631853551204,-0.0010409759032594108,-0.1367415339335751,0.0882191293357658,0.06103095895015612,0.10883692483861929,-0.1024922671083596,0.06071455672423778,0.06768930829513738,0.042892499033427844,-0.01530870849909843,0.03640061317049412,0.14113503450614373,-0.012465545547157845,0.07386782438659717,-0.050120268260989385,0.07052434312131327,0.06515119501373556,-0.12433673641432762,0.08560748647701809,-0.05314039192633475,-0.1565581799815246,-0.012637645852615948,0.1290670915815263,0.06243429638483999,-0.0437412964169047,-0.2351262253284892,0.1695553548168593,0.014359236072832147,0.170135423586951,-0.0564635304402786,-0.015842745784388042,-0.06095043865002967,0.0262623296978683,0.08514741822937365,0.028055247779150645,-0.10337410935991717,-0.02848045477817169,-0.05019107823014775,0.18285353955339737,0.005864303355871936,-0.16922478974737357,-0.06315725218835617,0.15810158340169886,-0.13250775476739693,-0.09427196324859222,0.04282343406368237
0.047738519291954676,-7.748932187611733E-4,-0.03281617353688265,-0.0075049750304802204,-0.13412616339816494,0.019880341504298002,0.01507096002600384,0.08257110813821182,-0.06045958341377203,-0.06458594958206647,-0.06060771916718276,8.818055143887849E-4,-0.0215273434804471,0.013301653145164455,0.014263240882693047,-0.05395451981966634,-0.04018898135324373,0.13840203111810626,-0.11060420250110413,0.08744982133613134,0.023521690285715924,0.07113814050657265,-0.1055377332101517,0.09514934365056403,-0.02371138496763477,-0.18006435167227405,-0.041758542714887006,0.05719227101365055,-0.025480645562629342,-0.017720971484438793,0.06378506144821323,0.1330081975564132,-0.0044492197524116876,0.016482638424090285,0.06540498916491057,0.023812576979100178,-0.12844240629890832,-0.0026614694807203295,-0.015522429077519299,-0.07532322638883765,-0.1431670554922522,-0.012632182381071564,-0.021053303871634788,-0.16374568998237285,0.04861813138447171,-0.13593908019878506,0.01222216557467063,-0.036408451659666385,0.058008723427128886,0.07836564594525493,-0.04565045415391942,-0.016525261607553285,0.08569911814958245,0.004239870729678846,0.2000473276548662,-0.06488595080827719,-0.009554653876640458,-0.12644055456743347,-0.04218240633763506,0.004570111756687049,-0.11720136923413542,-0.22758310881567526,0.16995016563161697,0.05912933836639252,-0.15503059609472553,-0.03666608365097774,0.013224495177836477,-0.047634803715877534,0.07474163449190052,-0.16522544125073682,-0.06744931248969183,-0.021708336856565837,-0.06276706446069119,0.22130378108416096,-0.13856579311055137,0.06663789346171252,0.014384323810649673,-0.029728552168005958,-0.027122514271253135,0.03812617387243878,-0.16531243679672486,0.07339362588770999,-0.01858560007118912,-0.03807535624607212,-0.012503060297056301,0.07362182908216018,0.01679518545095561,-0.06717744385101092,-0.030298071614549636,0.12942812408672835,-0.048051510873147636,0.0540558862474081,-0.04509030781443509,-0.019005371918240702,-0.11695356866333251,-0.06498178899447654,0.010875099990876517,-0.10342931216770712,0.2731830009465707,0.21728651476526364,6.886980137408615E-4,-0.05240785885611378,0.11075373133569338,0.13138985337994072,-0.08301792967883424,-0.17470997140407885,-0.030229688543264854,0.02247266625698352,-0.08093586665556761,-0.1734131170667092,-0.0011240221268409662,-0.015500624919124992,0.06667848001869632,0.1204101409881066,-0.17880110791756884,0.08001035608840867,0.13592987425695835,-0.06410511402076167,0.04740347707708065,-0.0989456844420803,-0.011860035926447379,-0.015181226244562087,0.13707966226409998,-0.013664374655815197,0.02638407576228901,-0.030374714211265686,-0.2452285805744128,-0.02839225235443103
-0.06356006291148426,-0.05960592962489406,-0.08532843502750825,0.16661820055695448,0.03117479337808191,-0.09199673209612746,0.006977092438863907,0.05318383708334226,0.05063783718856869,0.008416317819674245,-0.039906801942218524,0.010238402749580775,-0.017399636036108754,0.016139180455979292,-0.14367070952198782,0.06764168414737393,-0.11510040640341536,0.08663787500994627,0.16915385170086167,-0.119923678187318,0.04972138379079136,0.16420981989865988,-0.09155802213600008,0.08173379378291802,-0.0229711480180304,0.02312303919769405,0.263782381753707,-0.022761244987494385,-0.050160069803415336,-0.0447689479897088,-0.17548072491053868,0.06489911848301251,0.035486052885365264,0.09736643962459061,0.009449414652769363,0.047587905846087304,0.06209753516452757,-0.05315769014138391,0.025927296809619246,-0.007201045010119302,0.1976102420839031,-0.030005707072817144,-0.00524389111144548,-0.1052285246631615,-0.056590372622854566,0.037578681827333774,-0.07907524734251012,0.02052598600758148,2.9667510588676603E-4,-0.010292436822805007,0.057372908119308175,-0.10882919213803578,-0.12984731150502024,0.06970520913314314,-0.15197382824477518,0.09595289154294072,0.1094590832577889,-0.13062146137552536,-0.0790412220279058,0.042439597404797795,0.1401034087730629,0.045274572145553346,-0.037874045585510885,0.09140589968459023,-0.061984161617471875,-0.1908611892077534,0.15966834371676022,-0.009331741698518244,0.128534275282968,-0.13567835468252193,0.057346573069172055,-0.23887032714968714,0.10958060687878392,0.06841271782802992,-0.13655329760959709,-0.09892781241986286,0.011049549861405113,-0.07205808037495147,0.08761566344974361,-0.012004295194281974,-0.04986866797177308,-4.1111973348487455E-4,0.010207912763637193,-0.05711216162219846,0.09452189390983187,0.04568527166562578,0.05397968756996705,0.058964915289036975,-0.07489782036609645,0.03911743021777423,-0.11368810227729458,0.09398873100929858,0.05562483767004704,-0.060687263644373546,0.1640199287887785,-0.011396138436827597,-0.11783874862503055,-0.12315235506341511,0.030025099115734238,-0.12756928961078456,0.13974633111518217,-0.037146278382554763,6.015537281780798E-5,0.10289805772034279,-0.04625340722911358,0.07777344965970864,-0.01806524281387875,0.10069367611155323,0.11957837795089654,0.05390837871358749,-0.05269181088626387,-0.08806399493372086,-0.006534349919813999,0.03957061406638435,-0.04259022356805657,0.15816730863789374,0.020253975117895517,0.09152223682506012,-0.08326820976130818,-0.08431565910304371,0.16744453129422848,0.003716432854802398,-0.057336912513223856,-0.11633464726112758,0.03979006257423428,-0.04432669903685321,-0.10514188342381207,-0.03264155409494454
-0.028992105937981655,-0.03432162294096581,-0.051594592826373964,-0.10819094796934356,-0.04764377752189587,-0.3131563992590337,0.04387020574094839,-0.011007518094945351,-0.04499200744443706,0.016017188993671484,0.13578279227104065,0.05524801466734133,0.03341074618709163,0.056782292171971054,-0.015412532565810046,0.06593065427090088,0.0048145442369929466,-0.16642791505818236,0.01947399041916751,0.053295868885345266,0.030734037155104362,0.12887958695347776,0.07368103463163533,0.01979676037533289,-0.00981080078158152,0.0677017594560651,0.09018213013703716,-0.07836609197691372,-0.06673356954632363,-0.11774174618316853,-0.07483499419431434,0.10423406450727299,0.016547451762310594,-0.05579987380324219,-0.0056255588085801205,0.13405872255586684,0.0023726517063115482,-0.07062362242110568,0.10546370179847804,-0.008008170264893302,0.004472764739887246,0.19471631563447792,0.12347623489454873,-0.09143146786149517,-0.04778592740641082,0.06667504477403029,-0.08716825234977513,0.046188608614300165,0.03062320590984053,-0.18610137043508732,-0.09722571144525002,-0.09422709753894064,0.13859168685131507,-0.06558666235481099,0.09648364679288729,-0.1336546010773134,0.087259887590518,0.027054367275844073,0.03580786036255861,0.25216753359759103,0.05201619937208068,-0.09504615066717757,0.07915004319823221,-0.0032048937726037226,0.059424902569591515,-0.05398801990699556,0.004776953048692693,0.048820464400780875,-0.06801077612100186,0.09872495673887116,0.04530716186488918,-0.17702134248571771,-0.1341017148224427,0.04317398110880684,-0.0646293846489177,0.06591528708909182,-0.09355396700732005,-0.014136019259832232,-0.10817095869306567,0.07484650474139788,-0.04100285974949057,-0.058980508318130925,-0.04731631358715914,0.016241960239584644,0.102681284180943,-0.018922789482290293,-0.06537093545578256,-0.010984872607529634,-0.07285985157718633,-0.22785394007366394,-0.056456616891796735,0.06339814172189875,0.18210354254807187,0.0932465394730422,0.11489399830668874,-0.17475709102344408,-0.07126256913454455,0.01707740065866562,-0.15799968521392352,0.17647769195486557,0.07347836604606524,-0.09124402825611307,-0.03628234768792655,-0.02241156018355264,0.040133675543453276,0.017307758222528117,-0.05779959036283997,-0.012297555700152618,-0.004723716322319941,-0.07590986454631235,-0.017650573547652433,0.033068443367458435,-0.2239465105963506,0.07921239372444526,-0.007937812619656646,-0.07719413918035795,0.0416360061495042,-0.036644347954199886,0.029064142438980707,-0.036586816453121666,-0.022753232631440367,0.012793469546469415,-0.06727605922938223,0.028577046822565174,-0.09180622881464667,-0.037663760022165364,-0.04716372260446211,-0.12188426819756588
-0.16261457775353824,0.17341378621182293,0.03209395311306733,-0.1171252447760602,0.07686908538857995,-0.021693440511721722,0.07209778939275671,-0.005102572695037332,-0.05840519503114206,-0.010453471457948262,-0.017536986077243813,0.04012339964518679,0.016841213154871144,-0.013248298184325739,-0.02356256715570356,0.03701892588146969,0.03198568630874301,0.13816755254478705,-0.006569147532662533,0.10857039484541608,0.03312404293536062,0.07374387868412695,0.036468797784966187,0.10200050376026447,0.027649344131628478,-0.05294040508187389,0.06731511148347183,0.060948716999803074,0.09146176386489735,-0.1157813736087284,0.05696956992601786,-0.11010025525100334,-0.0016969494638556936,-0.15295710322279954,-0.16047106830006022,0.04312605094217417,0.16469052308705423,0.017622605732201313,0.005727800959974384,-0.07033508411727757,-0.01295389277754495,0.016594559811161147,0.09907938819894448,-0.09138899662947121,-0.015346355865136002,-0.17807212123265115,-0.06789308208436612,0.12139211425786287,-0.11803596488583326,0.17982709042466496,-0.025733980979232976,0.027994603540682683,0.19270128954107096,0.028406128463565293,-0.05387241407657283,0.11896934878085107,0.0364277085186753,0.016329457004233026,-0.1078855498969834,-0.0550198149411507,0.038427173869991366,-0.019544911928473317,-0.03208206391201441,0.1168633144114688,0.05628256870556852,0.0692690223627855,-0.06665388750461386,-9.406318021213921E-4,0.08766795438405267,-0.005264689823002005,-0.007806379796834399,0.1018156419041816,-0.10610521972093584,0.04057417014605455,0.15711511397982242,0.10931510220456278,0.056422076788625375,-0.06297663332521172,-0.04735723743756073,-0.14176887854656184,0.038163095446335754,0.006413980203984182,0.04262832272072074,0.011090592196584328,-0.1748807558788145,-0.14815570372692524,-0.07561557176583011,0.07133219125550466,-0.03849414635565968,0.08940849427728896,0.16086598784006256,-0.06440061890015561,0.02409754463644583,0.061578022871357975,0.15292428732217156,0.06801021248418257,-0.14011576793450736,0.1868407515341814,-0.028285238707553194,0.12196989549949094,0.11420699742932848,-0.030064027620335627,0.031261441843183475,0.0645861268252182,0.09498940699045885,-0.05464637560295897,0.03187559479101358,-0.04661869431869314,0.024205025136644544,-0.1986497876585103,0.13126429590902222,0.004227363353140694,0.15606780265481998,-0.14234790443332607,0.013576340712027991,0.0527084425760416,0.07544634922369378,0.04403292719648798,0.05248990979607705,-0.055315498759498156,0.1232846808456904,0.002035915937101518,0.030456065507375566,0.11197456610953588,-0.05737557423048938,-0.13176105753888712,0.04174354054726833,0.10191069722782264
-0.18595510247243077,0.09168323441475469,0.05568771700946012,0.030000561821658032,-0.006773018029786431,-0.04353884874109219,0.104574764488115,-0.15737071381839973,-0.01114233051095519,-0.04257241299429762,-0.05224135014618182,0.0855860767853474,0.05436867955163535,0.18633045763305345,0.1547742034728727,-0.08863244391636757,-0.09086195750771359,0.062338370950618,0.23339178930523918,0.08377526256639024,-0.04533122457370049,-0.0495868821984998,-0.1188307547052169,-0.0833974097656545,-0.08625415562504518,-0.027565442271541587,-0.006144282264219197,0.11857182851443065,-0.08061198261882972,-0.015107005116317174,-0.11402539746589468,-0.034711905610634565,0.09826874842724555,-0.09484523062160757,0.0813025137303393,0.01799041402732488,0.0023455633167856925,0.042123318922721156,-0.0200447584536145,-0.11819666882682017,0.16917460989716535,-2.1002071866531823E-4,-0.12880818791825813,0.003328238211930937,0.10705717229177165,-0.069242031661461,-0.009878242228720505,0.2045190014612616,-0.1419423744783804,-0.057980957169209146,-0.04289878570064365,0.0434638370827843,0.010819396132399723,-0.017132952860882626,-0.05053461488047044,-0.07373890287056632,0.06664612976082719,0.027428394432150564,-0.11476757001049871,-0.026349718364441707,0.07273984349550608,0.0578930102928943,-0.0944464074558686,0.024155989765018416,-0.01591145356815586,-0.05716404513157055,0.08252396185272941,-0.04120581466328224,-0.13874344193993968,-0.07515700036610827,0.09165402890471386,-0.010434064791158264,-0.08127838294681596,0.044807067775303494,0.06346544750657149,0.058475685265185776,0.08628008421227523,0.010497908628850765,0.028233717241890166,0.0017652412886502164,0.22278295744556886,-0.15813299202474848,-0.1754079308170668,0.09451019305000799,-0.10251956458858247,0.05597771434319964,0.02461740709958993,0.035606633719227385,0.06538689823464829,0.07279809736786715,0.11011341014153216,0.08338660496856053,-0.010009749306034385,0.08365344754070947,-0.05332115973656584,-0.06660506877486878,-0.02187484531717011,0.12784499704065752,-0.01915907795635353,-0.036323173910226936,0.07925271596586257,0.033040235456332674,0.05966193358121024,-0.04853731983910676,-0.05698411677749927,-0.0205594434713375,0.1801700913798524,0.05134476355610421,-0.0888504971312187,-0.09544152369399458,0.11748266577314355,0.015550474306062555,0.02327807307071653,0.1936682627533409,0.03583246840009675,0.06287302877816617,0.022239232811651383,0.12697262073065052,0.1476465350000203,0.02269326545370172,0.08282866566066281,-0.03386010235238739,-0.10138600797235783,0.023143324219904816,-0.006150056817751442,-0.02992846709686928,-0.016392631211438982,-0.10541434114860018
-0.022414393373209378,-0.025775031185315267,-0.0026802532864845996,-0.06458928169074866,-0.020077701887519697,0.030051194506408575,0.10868702613064389,0.03219484675699205,0.18678444880712752,0.027283004918370136,0.029055855312115672,-0.17200171217778837,-0.047547175999865535,0.09084338776634006,-0.12236982533705472,-0.002396112714355837,0.01571753960913466,0.3552784583713207,-0.12279599821545593,0.1002057654929518,-0.13514536420123446,0.0563832723362729,-0.1213029068234854,-0.08849690710996991,0.001619978228000455,-0.035501007522375075,0.090137244710699,-0.022020611696821728,0.020720118450995854,-0.08384728580732162,-0.030579407809893325,0.015320686928738976,0.08673280749077165,0.10430068018577202,0.049433966735517976,0.0010388195366206558,0.023087955577613582,-0.05546213110382345,-0.10524927734694714,0.13596990886195656,0.05135066500274403,-0.08370254843835993,-0.08211619009411378,-0.1188111569501272,0.07167227967925074,0.0223762645227453,-0.2483923912603138,0.01250959576398996,0.049208584821140385,0.07730250483362372,-0.023747563929520522,-0.06938058102628715,-0.06835945625074201,0.09037192842402515,0.03392343495793522,0.10288258289785623,0.1843512902777796,-0.09132240074279116,-0.08032744196837523,-0.24775520634707587,0.10008343885908187,0.018634648132686775,0.032408124501115645,0.05193715103218529,0.08299962674934434,-0.12586285069545902,-0.03348775382072373,0.1053514493351858,-0.012992053463313887,0.0047859335398693055,0.21173990968608974,-0.08845846915934105,-0.09497993570875904,0.014416561634044126,0.009923563917228423,0.02393078057579687,0.1187732280259698,0.11064060370081827,-0.11726217068061942,-0.02356074146508681,-0.08940213846854014,-0.23150021968211348,-0.18051810577377236,-0.02299735108805709,-0.06560780679083927,0.059595950429274444,-0.09808432356141573,0.0910989297252249,-0.010283259127200448,0.01571779560250436,0.06194780298179237,-0.18604705085004375,-0.06598506248177327,0.1049507818375353,0.09025552054943099,0.11332867616700877,-0.11015137389960873,0.02212373313115773,-0.0223781142196636,0.06976897916630723,0.07953848796695356,0.08511429411704556,0.15435149827457292,0.07089116323246242,-0.07598971573341001,0.14544995939194955,-0.11328488318254734,-2.3312064574267533E-4,0.009247150115526227,-0.033883108053014435,0.05797966705830624,-0.0769637512008862,0.17508949643100546,-0.029950813709236197,0.11729944457579533,-0.03532244972424201,0.13048061710688802,0.12166768404403486,-0.07766211114797139,-0.07152583029818937,-0.006699354749795131,0.13295046245922293,-0.02109193019025348,0.015883016778734316,0.07902033227577308,-0.13708034529849114,-0.12072604841472986,-0.04623311541741354
0.11805537328841234,-0.15727588344076163,0.08560953117445134,-0.05826415758152798,-0.1684541781682653,0.01967683327040431,0.19510738675396838,0.13518345826152767,-0.0925680380171189,0.10254617524022934,-0.12491741046176452,-0.11558856852046366,-0.15561239130212076,0.0997263667267119,0.04992878575994619,0.04229004526369829,-0.0146588666861249,-0.1975367459117267,0.09603786600013398,0.013691814293607371,-0.035249363108648485,0.001332131127629339,-0.17833575431451149,-0.06748827956191597,0.16095061847120715,0.02485185609343798,-0.09946875146247881,-0.12089258161950046,0.02946635248664909,0.09311045726382582,0.08892087595797946,0.184037079193683,-0.03125609796251229,-0.12554615314761858,-0.1471470386974431,0.06481544672167651,0.10919700595475221,0.021522640360368144,0.0034388285447833566,-0.032221899511894164,0.05508615434522771,0.0496031118745465,-0.08523833843191131,0.018093211829254996,-0.05029656974081878,-0.12893769080326425,0.03524382632497945,0.01138023177542065,0.07832994770754866,-0.03343823971361981,0.1401287567825543,0.0425165246386462,0.004455252621327964,0.020449683388395163,-0.10917806411565817,0.14157058820347532,0.10536624303242666,0.13784187397405978,0.019110850296832228,-0.02592713708851538,0.19842908213637084,0.02121833496353814,-0.18186247190052096,-0.08663533471544888,-0.18047025781435802,0.04763666189834027,0.032646202325604744,0.016233997038113634,-0.06440656314898723,0.09790259003922608,-0.05181857060120942,-0.18659994156388188,0.10246259474396636,-0.16403445973604794,-0.07264296427774113,-0.07458310651520583,-0.10345182063727301,0.14392697541264596,-0.18557259173496152,0.04603565847548129,-0.021982886821509687,0.01083638580446199,0.06641085976819547,0.1372099623916645,-0.00990373122241825,0.10760072400422327,0.07844256433337574,0.023665509533787956,0.056210913275377306,-0.1530784116835143,0.20444376738729805,0.13060302241502872,-0.09412980874244152,-0.06869859840753878,0.10923028356429017,0.12158616973270285,0.16785894450612343,-0.0214585121577526,0.10423982548572101,-0.11529207033488313,0.0689627625392233,-0.10198097499335249,-0.08566841421010367,0.07165023989606355,0.00940937163152237,-0.16370628082028713,-0.03321891085087836,-0.015884923566822827,0.06368008446503692,-0.10045884344791867,-0.06106532162665581,0.056072605215710905,-0.070575671643457,-0.05155829846264729,-0.08425651799733203,0.013531290880947322,-0.06062462391760998,0.027897976785329612,-0.028138359469457024,0.1407948082120389,0.0340466080077062,-0.03866993235938043,0.004566519763549269,0.05061087934522167,-0.04418809022217094,-0.005970507302626835,0.07233382218717552,-0.006669262978573631
0.0666883765317029,-0.287814610571093,0.1589383828423959,0.05194791728961045,-0.06278022660071676,0.06492398935609703,0.048849852266986245,-0.033093212294989044,0.005372286489940206,0.11496150534863399,-0.076231658832197,0.062038009958831505,0.01571631386997305,-0.018510654140212756,0.10746111614658675,0.08817060989616196,-0.0069795516303768216,-0.0065421147096128476,0.15753812223174218,-0.062028380603805715,-0.055287480274656305,-0.055851189675178624,-0.08452580020884812,-0.12164364594787817,-0.05040245191361999,-0.06904276962815649,-0.08597351586353115,0.11102545214991871,-0.17518049540177852,0.05300510640737958,-0.020292429031895095,-0.23729495975207068,0.19716433762259242,0.13836647612859365,-0.05832835633673285,0.10456660644668878,-0.020953413631061315,0.07677020329739095,0.07308049813864093,-0.1831884565299594,0.11760456270705387,0.003958981644213596,-0.10032765273981903,-0.06486442892227304,-0.08545190314255306,-0.13377384692290634,0.00894021480447594,-0.023361981968821492,-0.04857923361527559,-0.03807417732845583,0.09381780725246683,-0.07605869580966484,0.09729612436685678,0.18946022589981412,0.14884395646394608,0.01902949261647437,0.16667985035666855,-0.033317678432751845,-0.10482091977473271,-0.07808757035562808,0.1141153237597688,0.01984398483323173,-0.048797439227665974,-0.03768482034324789,-0.01652054122129394,-0.12293098682087525,-0.0679688411808648,0.06491518083927422,0.01546210142415025,-0.10800157304324594,-0.09433971179233226,-0.11390338952460974,-0.05867993785207031,0.03640545713719192,0.08114084602533858,0.009710124894079117,0.08999546088208699,-0.06972247513294116,0.13839682881875343,0.05637832039538885,0.05125117523490058,0.07112449768291373,-0.044887015252417006,0.06962954812651788,0.005658948162058395,-0.11392988291904055,-0.08727307802378441,-0.03884609847977393,-0.043892954391219215,-0.018407807394167666,0.007739127920138132,-0.02636555119202004,0.09915683777538528,0.17972470923597803,-0.09925140659152194,0.12399877003916561,0.013756755692683432,-0.060547667829948665,-0.11242623489696539,0.011455664131094537,-0.017845072335805963,0.15040498797650542,-0.014277331923478676,-0.03238474948318447,0.013569905909176515,-0.07586972427656061,0.007083777994598818,0.06676528600460478,0.21526409567162375,-0.13286673300549182,0.11748865268835981,-0.07542285335630695,-0.06149687229978262,0.037351238967174405,0.15789415994710443,0.12988047325468688,-0.05858896149115897,-0.08976413507455445,0.04959441333441846,-0.05316883300845775,-0.005056885917193607,0.0030326260401241784,-0.07593862207157179,-0.022557145276911942,0.1088682037520088,-0.04220637412803233,0.01742427410942235,-0.15216999306129256
-0.024946744184046136,0.06108359839702568,0.066601333114603,0.07377977995230557,-0.14872015054044943,0.10056076260506025,0.0983687183673578,0.05282326235210417,-0.020415614729685755,0.14107912109364043,-0.14361624494737774,-0.06075791247089404,0.0807076470959297,-0.03382868099398224,-0.07041247134529188,0.21696893898458688,0.03376474291099914,0.1057090628745787,0.04194967050106314,0.13014527637692636,0.005536980431579438,0.23900251385804916,-0.06936601775365847,-0.22709049134164,0.14046526367936343,-0.08974207107421509,7.281726819386421E-4,0.13549349034067032,0.031184106505985645,-0.004266076019791901,-0.053671631471366506,0.06223352974138944,0.0259809672984002,0.059209176479924186,-0.052926320747442857,0.12149472144552279,0.016637474129659924,0.01595155403444909,0.08767055433630924,-0.028785993655408102,0.15406068942652992,-0.11381094190122287,-0.004793167842046335,0.0030412973567447914,-0.11382791362976157,-0.09741140539339892,-0.0712351356478446,0.08682001434822434,0.06848713715292416,0.03959784364524489,-0.05597028355829456,-0.05078227779315584,-0.051077102013637916,-0.012340483494364245,0.0296183794342618,0.029331769224256333,-0.03490016376685468,-0.022301877564047046,0.039465028641487196,0.04079179148305321,0.009120945307618145,0.02278294356558526,0.09059908719831807,-0.02167620060078279,-0.1061483171507501,0.0022299236144536563,-0.10066276064329449,0.10391896086337785,-0.034185446676436984,0.05901878610708967,0.09725776113027301,0.08730554699538057,-0.006280807798355626,0.08138488103440444,-0.10439669954536179,0.048365251595033826,-0.1515657715377699,-0.07427847056724378,-0.09508679218021937,0.15051478180237998,0.048797021832355285,-0.1695081035042944,0.03803822947707788,-0.12287168335026467,-0.12299153855939857,0.009799018852176619,-0.15203183934346917,0.01068527515445105,-0.06426573242881757,-0.03729715968098257,-0.10670695269525325,-0.09091947291284218,0.05083201671622835,0.021336501270272375,0.04584121386701828,-0.04005471609541561,-0.054801420933988834,0.013274353339861412,0.10209952176817415,-0.05698767336592229,0.013056633165508646,-0.0036692515722801865,-0.047053677443534565,0.11738204513706642,-0.1650050303364873,-0.08078584810192525,0.14059735514710936,-0.01602392669253516,-0.058393489149512694,0.1720840063466132,0.2092856519692756,0.037322599704909164,0.02992482272394206,-0.07815207972158249,0.11017736113569702,-0.003587311925277399,-0.004623593280315636,-0.07389171948347321,0.00256967411812087,-0.025371492236991863,0.059491360697250625,-0.04070831793605456,0.013087588419738668,-0.1158373005212638,0.18835109153019353,-0.23869904629037203,-0.038605087050098165,0.0420046302833741
-0.10695056927500095,0.1610421707452504,-0.06109202062947395,-0.044975499903726644,-0.024031615446795024,0.09180351957086154,0.07904893983010665,-0.07019937933610775,0.12445398227599536,0.019361329317893305,-0.031061202469815585,0.1269713143838801,-0.12038882667178558,0.165771886247949,0.2247542438196324,0.011544213103147969,0.007973535920858732,-0.003028348033624916,-0.06740664285664125,-0.1135567054179094,-0.019489888041260027,0.1149657670231296,-0.07491665630311858,0.09347008626653112,0.1585737850293755,-0.015174483774938404,-0.026289629891248847,0.019202991638644022,0.04109925175787809,-0.13263168001877176,-0.026187578334557433,0.054982598858154236,0.24180839805554794,0.19302275145990686,0.04355147165838688,-0.14421069586215432,0.021256366597435856,-0.07811836303052261,0.002205070803391678,0.03533790191144951,0.02187552308959196,-0.005633152785787053,0.027159912398555315,-0.002673787421792446,0.00673712586549767,0.041484056908255795,-0.056544047240057974,-0.019080557674800522,-0.08983500816343006,-0.05668692294233152,-0.07576793724804191,5.28881014712925E-4,0.051706634234924255,-0.03208822691784703,-0.12038741466669205,0.19886105379490884,0.1013208951353565,-0.02393289405761337,-0.019898516555993038,0.05481320876427006,0.043223461953594354,0.05851046056718446,0.028438779475631445,-0.09852611761857658,0.0296353443868882,0.005759289579375149,0.041599830663310654,0.10442136140866773,0.005183174546988206,0.015605685951474017,-0.3154896134961281,-0.005373437066589343,-0.09635575774825882,-0.011108592999818262,-0.1159294854305966,0.0698595619361788,-0.0235232531743228,-0.00864394294704343,0.034706651548959924,0.11505813281496305,0.21841887920545122,-0.08215967797985883,-0.05312221730879331,-0.027947115721221515,-0.13442859366262006,0.026787661336532834,0.11854985552829196,-0.14168256938096632,-0.12173254145189343,0.12208303467858837,-0.009777267026875001,0.008682100642323972,-0.06638806562990492,-0.008296528309585025,-0.0776863824600281,-0.039578892201666334,-0.09948910959904941,-0.0722464518717972,0.1771852080974093,0.08298046427950244,-0.026039222419048477,-0.14593655652382376,-0.056848497524762155,-0.1878962949039912,-0.009169123667644578,3.5555112286253174E-4,0.13093864077633707,-0.03124017588497951,-0.058991257007559146,-0.06254038204125456,0.08738770877289394,-0.1791062931760032,0.03230812178245999,-0.07545164624343435,-0.014269678695813847,0.13975429944905332,0.10462656377176703,-0.08825874909504351,-0.06505312765441995,-0.04733276077299034,-0.05993611425563601,-0.06167294305017882,0.049839076346823545,0.041219264185596634,0.0770895392692211,-1.8643694749643277E-5,-0.1508220950319661,-0.024687583328840728
0.04778591533573233,0.01595682862599492,-0.016501499594074518,-0.024671860439172823,0.09236608413155978,-0.008783278372662497,0.03516348143376401,-0.11203968414139318,-0.04695485307641238,-0.013857985794986274,8.537736084478576E-4,0.054731491297086224,0.14053783100877074,-0.0036093751227916663,0.10995281162767002,-0.1593011415184005,0.09361201512294595,-0.1464199324661004,0.013864544656998027,0.08441754645186632,0.045384595895434386,-0.014825692884926956,-0.08692301149199017,-0.08052615411359809,0.07621382096249886,0.22448232875093185,0.0039826864950745855,0.09487499073509635,0.12262121030279607,0.14933248876390204,0.03657812256633558,0.10274335169992162,0.12810276920997749,-0.037028289035272464,-0.02328302375426487,-0.06351937606784358,0.07116148268625097,0.03589985695180773,0.01712552513098731,-0.16176240994827756,-0.0650682874720372,0.1693622311187278,0.03252141567074629,0.13607352039722867,-0.06512915718997297,0.052845096752150884,-0.036854254282092595,0.010768627125275244,0.13835406533648134,-0.057311742177982086,0.006831473629414846,0.07516000930758636,-0.04879488030893424,0.1590759790365191,-0.06961058361566141,0.02669759602121125,0.03856563242042535,-0.04873963999565934,-0.03694267387430759,-0.15821005252339118,-0.005611870559398634,-0.008444607861938801,0.02837717491108655,-0.015459472254279951,0.06096005069256201,-0.07733264640094986,-0.012750454853141928,0.18260734956243058,0.0077124621357104375,0.03492047518159711,0.12958891359392763,-0.11155562888985725,-0.045775656973176725,-0.07222545655548962,-0.13927217678476855,0.038502186508991225,0.11077907465890709,0.004415924742226539,-0.004831952089246996,-0.051715308903331494,0.02021518072330954,-0.04222252915660937,0.11378574478061139,-0.11047719733985345,-0.052759399066773655,-0.03860385276723962,-0.10808270974211187,0.03671289864251549,0.02459271122638444,0.02635663961749544,-0.20206310571166514,0.021641608808788425,-0.11012260412772008,-0.0018971293642647156,0.08935484766889157,0.04225189947242317,-0.03363031850773918,0.022482868111420043,0.06356591493498573,-0.09952810328616984,-0.02653137212768789,0.07748226022580663,-0.046292353377764085,-0.18739012398147575,-0.02812863280770079,-0.07044212912390146,-0.14149994343068506,-0.02739353233374145,0.016734249617538586,0.013788289967845936,0.11285284535857898,-0.010104101655474495,0.01603524636352135,-0.002761919937868667,0.013135590536655677,0.03416407358576332,0.07830688424444995,0.06534478312502555,-0.13263729785998085,-0.11390607501455172,0.1210642519282235,-0.015445307619099067,0.09020057070235758,0.1412158632539047,0.12181114546723856,0.12413782582965027,-0.0410641786287982,0.07807373636161012
0.05777583867813389,0.06530091552174096,0.054757632272680025,-0.09492636605349676,-0.04059652990788391,-0.014271753370810283,-0.008679152498695723,0.007138329784192078,-0.023680891830290474,0.1081119325451374,-0.03940143388890154,0.0887799148013506,-0.0958648761571064,0.09113781502125869,-0.09079469156448776,-0.035640734240110855,-0.029675838570921896,-0.054098496640700926,0.0031853349545082474,-0.008396193593577921,-0.08232196103227604,-0.05596524255454076,-0.0483577667644783,-0.030864593623870475,0.07194986820351593,-0.07312553995602544,0.08047956761247098,-0.03715190463811385,-0.09957285482599385,-0.0846576103152015,0.030986650463401356,-0.04299535853561853,-0.07602137077341946,-0.0710823834217769,-0.06185947917135793,0.10256817213500666,-0.1143139579831943,0.06527672474547774,-0.07509887376470673,0.07881788288920943,0.02989448023328351,0.03565058067127682,-0.09173488286648619,-0.09120684789782336,-0.10037377221408628,-0.10904435732418176,-0.11154665210217624,-0.057034186032843326,-0.03844900307092554,-0.057556269776341214,0.07582015463759349,0.09833881602224831,0.06665192303437714,0.06834765976134036,-0.027202808637323776,0.13067992281637267,-0.019808226672486325,-0.028987075497410832,-0.034186693192492956,0.04789237367151594,0.029370851871049923,-0.12153480441852235,-0.07121770484293556,-0.06532541868306048,-0.016026978492687603,-0.024139253235733894,0.03872152696484403,0.10726497690297772,-0.03488542625317581,-0.054210954244949656,0.08853356110811561,-0.08826233407079699,-0.005522080781134937,0.014771371334794841,0.04107404664860128,-0.003172326815235095,0.10900201690421678,-0.06189153073695089,-0.03538098544931634,0.08967882367745228,0.07115655918818702,0.013773163693760346,-0.020767304395457292,0.00593410052382618,-0.04380768896036676,-0.036892116983358966,-0.08742525827702922,0.14364852041065554,-0.0030900310376203656,0.1143871188254343,-0.1493614370111465,-0.11297981199764263,0.06671512698078226,-0.04584296109495436,0.028377839505455287,-0.07474913418634882,-0.15770570599483877,0.05927671862802874,0.14083028992541036,-0.05577180206603144,0.14678649747449646,-0.16831921851834517,-0.07363924093442732,-0.0805442263819149,0.01605802928489213,0.07333661735162586,-0.047372721612006355,0.044446657303794206,-0.008706239596063975,-0.06318233327339566,0.0025655469385260196,-0.1417616234859685,0.014787579463556879,-0.012390701021310613,-0.030181181408603645,0.048623928261598615,-0.04401380705804804,-0.04268597418925704,0.1304842786839911,-0.022267168279479454,0.020161454033928886,-0.018298497916065255,-0.012998990491301052,-0.14437096511967176,0.015785029677790705,-0.0011945394058370654,-0.0544792546380381,-0.0739948461732961
-0.20210214162948337,-0.04630219738260884,0.043107811167552114,-0.10936665576896773,-0.0032000779782473633,0.1841865345884147,-0.11198656971709638,0.030814116604214056,-0.2524767232358062,0.0150841004881184,-0.08006927382373016,-0.058645587874255715,-0.049322828064830154,0.12617939441458734,-0.04545096060100978,-0.2367234479854741,0.04434462283628039,-0.04010785009951468,-0.08423837549044223,0.07060488604451405,-0.14362495681740206,-0.0621238766371222,0.053220150725923836,-0.132368713776043,0.1268005144113615,0.13709672636042888,-0.02790397479814846,-0.03422562470764558,-0.09796756941372725,-0.07198171906991896,0.05384553754316246,0.07398092771857916,0.017791002664380082,0.031440377563132234,-0.010362743244766659,0.09010328282219163,-0.03347113748970104,0.11226134832355729,-0.1459174818129937,0.02498356065190299,-0.018188158402145077,-0.06785844039487145,0.021701747906555033,0.024303932955547777,0.06525560896093532,-0.013764936420414842,-0.05976694594374576,-0.04920522055578307,-0.1483054465764357,-0.18889185733935202,-0.14206655876588992,0.24089631226272046,0.10168350404745796,0.05576885536299268,0.05565235348397466,0.046906600900706766,-0.008379629695352758,-0.04707890020001379,-0.1590129475001783,0.06244037434906316,0.06672306141843115,0.0014061106330886817,-0.1102835032994599,-0.06300456837900559,0.10127875997426361,-0.047486664373573954,0.08536122076152806,-0.1313768828935904,0.07948463508654462,-0.14311816053056653,0.03039010639601639,-0.01596271547105051,-0.2139578646349755,-0.07990629638138252,-0.07920572336966092,0.07491413471303092,0.16575737678378583,0.042796395354185904,0.024085812735786246,0.04626547747444977,0.08627489322636568,-0.0026478077957475723,0.08291275585614788,0.035780541565002745,-0.033166284103031234,-0.1168359469123702,-0.12106829842593099,0.030650371603360937,-0.037098665161051536,-0.0405425026094229,0.09609902660260673,-0.029220340768910932,0.13969961458324984,0.104224405084978,-0.08432116082509572,0.05121615351153616,0.07849282672486602,0.10170620468741241,0.037251756334242096,-0.16201323767806172,0.0214712075414518,-0.16771044349371195,0.11104440233597825,0.01677548835291868,0.15020606698263766,0.041810465461737466,0.10802552506341236,0.07248409392230452,0.034107074475854496,0.10650419195246336,-0.007285983815676486,-0.061782552828898975,-0.011305147797766094,0.13045893693798685,0.02282360029150597,-0.04186016081199313,-0.021188239016489276,0.009592414977889171,-0.027418505488882083,-0.02912183146295286,0.17973961484594075,-0.1553285725134244,-0.03355899482275876,0.10526748739479433,0.1925651517701537,0.07176508926040143,-0.06559664019386077,-0.014398826596038571
-0.053197632046186195,-0.11141891883458523,-0.003582822503818883,-0.08120320010308955,0.12755232255403523,0.005581579168703637,0.06452737786105527,-0.020411580228494437,0.0443964046076491,0.05877354337657607,-0.19083217336392921,0.09127294984170424,-0.009124827057976516,0.12936267182549327,0.027374850437021914,0.011586308555948667,0.08127840100730117,0.12897754972889747,0.02733836266680031,-0.12344856118173149,-0.056456498073499006,0.08276782335864806,-0.17830987758144615,0.07116719839971318,0.07632170034558018,0.11261483373910136,-0.03314062355436556,-0.05839061319267913,-0.09487969649721915,-0.10130605525031569,-0.114179076372512,0.016675827703409175,-0.1929257379839647,0.004995054407630028,-0.0893442035876318,-0.04184812767972456,0.15007863296666968,-0.12198454347174154,0.031772440917205665,-0.2031115843831437,-0.03323509506573761,-0.0063313050335660525,0.10061444428142163,0.08037549390334778,-0.07797706640362137,-0.05370314880504416,-0.12202326961999076,-1.2120598939456897E-4,0.048536174114282446,-0.04051116287647257,0.14637176184680767,-0.22924011170775582,-0.047023824090844796,0.0034827682968537627,0.085628148963392,0.029188078639450964,-0.07136091435423667,-0.026865433660841403,-0.016570960152832763,0.09789241286545068,0.024492957820686813,-0.07323548954017284,0.034339950103434075,-0.1973725337275815,0.0017370495658392778,0.0015213109836294493,-0.14565445039714134,0.09011024912196311,-0.14665733336918013,-0.013529776015218013,-0.08500940743148722,0.011671741217865758,0.039010297684491775,0.22235468490819493,0.15399863545491435,-0.09877164089906847,-0.10792037986288538,0.17327469498619252,-0.027856422760199128,0.07974322252881094,0.06355033350680604,-0.07080536266592292,0.07952734878845119,0.0032054296874405967,-0.11575629834468244,-0.025829077418806343,0.016048841543381674,-0.03673644998475356,0.11236376034973054,0.09990184734774814,0.02739170050228447,0.07282441666461578,-0.10060762666150601,-0.05893418427895427,-0.11949503896352089,0.12673399398011814,-0.11888359582108123,0.18260954975422825,0.1737300851090981,-0.06908283364810425,0.14266828851755192,0.0970433036758904,-0.14632694539143162,0.01637393825676884,0.15085383077066,0.015108280831280112,0.01046890205228932,-0.001523126562210797,-0.10695263529562768,0.03648904236958092,-0.10410962950816058,0.04037640410952624,-0.15516374298763846,0.014540128152195195,0.01598313005641376,0.010830574697902894,0.11298110811912676,-0.04975948713915661,0.02117373547519248,0.031329282007157094,0.022851019366863134,0.0067461348210656,-0.06752701855313431,0.07960598868024811,0.19470315153185183,0.10620783530386375,-0.04190827797976253,-0.13414120413976396
-0.06700403923748914,-0.04108435673448774,-0.08635197375784172,0.01987728932276799,-0.04716430169459796,-0.02506938268377763,0.03043228265293733,-0.13365682635834802,0.12516645080342526,-0.039147716757867275,-0.015955228171120054,-0.1240532378688096,0.1526514692766516,-0.0439936475884565,-0.003781769678506957,-0.0015611808530413597,-0.0894599973900362,0.07634830205622872,-0.04244346223295425,0.0046310598873999225,0.03669313373139751,0.22691954556327001,-0.15228303789717626,0.09953946503965415,0.07097360709704802,0.017420892498768405,0.038464331921731355,-0.013491337239358844,0.042245290217268715,-0.10503646078815809,-0.013678853053210939,-0.05335233790582684,0.01482741462866671,-0.14473849343032696,0.07354396610447192,-0.08911911822227289,0.0019051383761480043,-0.0306269587899868,0.04686942805817106,-0.03781429921559032,0.1666275506089091,0.14405428270280535,-0.07459827239042835,0.0789495982508944,0.015236145695108165,-0.10789517811267212,-0.1122736768977343,0.025544335989900382,0.021395158251688133,0.07715762141791682,-0.0012189897799754219,-0.13854364880104034,0.05164462514685065,0.06280448784295042,0.05017908865073684,0.02593295831333132,0.15277484383350426,0.05354103458028192,-0.07564164903934294,0.0967953798673993,-0.0730802299004029,-0.07884331491891441,0.11918272669380182,-0.005113783164621809,-0.005427772683976293,-0.04724315114072592,0.12193138280545628,0.10358711448304536,-0.0838972761396635,0.025114657685424747,-0.09919556251492383,-0.08847297955205871,0.013333143750249389,-0.06608072739967936,-0.1512281393831828,-0.06417921879200704,0.03442037414710436,0.05709907758907668,0.005627719764067025,0.008735059947952668,0.015284833898958128,0.0028991728979452635,0.034168874506143594,0.07898697038917687,-0.06695593082901534,-0.19505323927579504,-0.016099307352117995,0.04460090892337635,0.0010284966183649706,-0.017269020896500547,-0.06857155053811181,-0.011221855514345623,0.008321329048257158,-0.00864892605994332,-0.09911137627475457,-0.12666089252038856,-0.01821639795662991,-0.15757080028947953,-0.051625265056529646,0.06285364530070767,-0.060023899392884036,0.04019808138942435,-0.04200907148740088,-0.13649799903633036,0.06509195226938873,-0.05081341429528104,0.10259463917105406,0.028341393081643945,-0.11365720146826672,0.016703759004653408,0.032572342148576544,0.07597909184087621,0.13020817868624493,-0.11583368224700503,-0.05805077917229019,0.10483499338310141,0.13530901912996232,0.11785914821963335,-0.06440442328287752,-0.19172094851721436,0.06039522115941372,-0.07481922794194895,-0.14044867615418244,0.06514923648494901,-0.07842598058305955,-0.01986865969299803,0.011562416401720016,-0.0826104923050946
0.0016531792039223097,0.04093510015607525,0.007482224469576947,0.006721431819776592,0.05283289404433359,-0.17967306092767057,0.021681153445140183,-0.02509105594586567,-0.10729342125955597,-0.035473357610040814,-0.15954066201225178,-0.0016257406865405042,0.007687009378296176,0.09159363178893797,0.045166201580434495,-0.08469573494889106,-0.01680344426329124,-0.01782454664555511,0.08192472748208797,0.09981922677275945,0.03812904379933746,0.1605897746902893,0.10794162815679086,0.11182079779096757,-0.009438027559792526,0.03166810461744923,-0.04377891167307514,0.12550817214899734,0.2178125885265887,-0.13439729815967116,0.10126763695580927,0.07416767641318474,0.2278573836278492,0.04574106776715813,-0.025789299195517996,-0.04502014192656928,0.17931149599205548,-0.029131524976181634,-0.06463797205989744,0.19143448023255033,0.12582079485986722,0.016669761001525094,0.06248722316764132,-0.04947048076685425,-0.05083414176191391,-0.018949921901464162,-0.12331684913112718,-0.19996247317791935,-0.01956858854753033,-0.14025458801055338,0.025865117271741254,-0.022188879087281423,-0.018463586060748362,0.05996054107484088,-0.09359446760323648,-0.1851720171992624,-0.007592291471744721,0.030989209806842645,-0.16743543858294072,-0.07606345411352022,-0.1335738245965753,-0.043551363482901055,-0.0026163144050506885,-0.026040039409386654,0.026555532704998625,0.059571051303604156,-0.12004583099982075,-0.09729233548533738,0.012923007688312888,-0.07183962672329852,0.05931312881371902,0.01106671387971859,-0.09439075257976504,-0.08216530192210525,-0.07730948731508418,-0.06095076575124909,-0.023498075159495015,-0.25976253695462387,-0.07432684419066558,0.07927333303145884,0.020238757613441658,0.22995121462142903,-0.14206060342603263,0.07949711023201975,-0.14653740087795808,-0.09554888915689856,-0.10123170740862382,-0.004272449423225561,0.2058431205188717,0.07870588222883655,0.05041622975450122,-0.043753817208094445,-0.20142194031899274,0.008150859493657868,-0.020340276038056333,0.1025294498185886,0.08268460888776563,-0.028429394043381403,-0.09625697027444924,-0.09988917348456407,0.07195670099967971,0.09758577514180639,-0.0957593424772027,0.20728718935955387,-0.02235618613787311,-0.0027012769303156933,0.12401730606146116,-0.04737243380185899,-0.007488907937861038,-0.021578383299664605,-0.1811999470878256,-0.099631709562853,0.04238087848025093,-0.006140419160040031,-0.0408366240101744,0.22094326165995481,0.12146098371297696,0.05535976520292563,-0.13598373378167905,-0.16002336934579817,0.11652517737316,0.16054862031032835,-0.043858948998869746,0.05298283581691612,0.031209620689246077,-0.1373971303365224,0.04074058227982722,0.09367465273234783
0.07072131927295042,0.013233261854124758,-0.09600811948904434,0.04057496185201938,-0.04455700054562575,-0.05090005124168936,0.05687424667602184,0.092908608073311,0.0612767032275778,-0.008585427507059921,-0.11004177145945156,0.15724851028325326,-0.17388519231361343,0.09828006535883327,0.036546937056939593,0.006518143826843768,0.06657090162488494,0.04017973261199383,-0.12278244844696781,0.03538049682415409,-0.0024996085433025427,-0.027511255245444496,0.07601333023524512,0.04483201414167761,-0.048701380045705345,0.046025812582309734,-0.08148803003328382,-0.05670984558734356,-0.040805441262416996,-0.08393754526952901,-0.07577712520884473,-0.18797977987664563,-0.09058636623425136,-0.1713299911675415,0.05041855430378778,0.0503355368571871,-0.06558031265353263,0.011908686799649711,-0.07668641637038001,-0.052991722044541896,-0.17764484605928724,-0.054211656645151686,0.00377324941903641,-0.10280536428566786,0.021331625796880627,0.12907516878967853,9.871679661084026E-4,-0.07800160728898212,0.11280812933560086,0.0740527881887101,-0.06830379232085966,0.06706510013058999,0.0200140738729771,0.042622647797208764,0.11127201692616383,0.03407470849114826,0.15658440785901728,-0.06957475168426089,-0.07493801066852258,0.08016403544850394,-0.031802540541830925,-0.024915607272477356,-0.028734476535636932,0.14544882628600952,0.06870266422266946,-0.13811750949161472,-0.03082482740833035,0.09980575555351331,-0.06836522286005946,0.03901019603760732,0.05649620897840577,0.07591510473300211,-0.038670933624779,0.047861643039583755,0.010173296568153727,0.17309036159797483,-0.13683120707027435,-0.004624295315654067,0.044568968072061954,-0.014716070620764719,0.01312592798619493,-0.12779304925978416,0.1643279551238284,0.07094738026404464,-0.009267599583520867,0.09488799233570475,-0.010161284080509926,0.011639760084421047,-0.05815782034651122,0.05708088575467477,0.0803946117923045,-0.22698777038515075,0.14377541982485637,0.11652979096183012,0.1141171211600049,-0.002734473720997575,0.10020619475722643,0.061961465453803925,-0.2456486735077616,0.041702072091876576,-0.014825296085254541,0.002443836660387684,-0.045744826667589604,0.021183846814996864,-0.16900508729942415,0.06207949561425698,-0.13115006075572172,-0.06456971774903912,-0.023403999560751437,-0.013037051936596045,-0.009567925738503718,-0.09851452550935563,0.02785686904172534,0.09576243609219186,-0.07484798463878502,0.19543356842502832,-0.03398752656595618,0.028896753804718036,-0.13733350869261474,-0.04262471965449108,-0.06083394447893346,-0.09392129710000835,-0.015858148494386194,-0.04426109785210081,-0.05342663084226119,0.0036424201380612898,0.00386986087439668,-0.21999021393610294
-0.043404534090469925,-0.06313582802385534,-0.08423597237650432,0.06379958093190244,0.08629490365701238,0.03888063125229069,0.04548774807487997,-0.02890932419516111,0.08729004451593816,-0.02797392014622922,0.02832334589526109,-0.00494714839541165,0.04786408649325933,-0.12614488873086205,0.04310060390179026,-0.038787377158915816,-0.1563666515207039,-0.014349142653466613,0.0858928575766538,-0.0063430971669113274,0.07683410956609994,0.014453992908431702,-0.12109199993140084,-0.1603995748108512,0.014256831555865433,-0.01754560222981025,0.03419950274669046,-0.1532915172649711,0.16622862209427963,-0.021329586337065044,-0.04353614327817658,-0.09960283242277124,0.12859447642955732,0.09466503195270203,0.004687607285143425,-0.046765854063206894,-0.02594994769965543,0.008249652215915625,-0.02259716502622049,-0.026925701920106373,0.0723512727255971,0.16701224965653225,-0.028941129522397316,-0.04050480240003121,-0.15058617933433907,-0.1487717223159805,-0.11255237187482765,0.007497399420155751,-0.04089494152395201,0.02932089832579657,-0.08924927562887085,-0.009045187592581105,-0.09649333700905809,-0.01072370725382101,0.090163201020318,0.12134890526588137,0.1545368960245421,-0.11267107534088802,0.06272213157415397,0.03162930206301891,0.11746336070590915,-0.05774379701550963,-0.0211400298109254,-0.04926912566396825,-0.15061299757990826,-0.13775899268375458,0.10644002932990271,0.08190724562892114,0.0018018827408476839,-0.04302151898554248,0.09895887018397719,-0.0185017895252644,0.01333505370703435,0.09326069859765493,-0.09165546893026502,-0.07324915148088107,-0.06254798926886922,-0.10777492690690428,-0.07138857181049402,0.0873134240647823,0.004622621320881573,-0.04891662215831581,-0.12036719955739993,0.06318809863118605,0.04486372247529153,-0.04226839156653622,-0.08834137629024566,-0.05230000346314204,0.1009718255850366,-0.0883663896960854,0.2322123621519306,-0.019140019212819024,0.0038789403311307526,0.02217326674949395,-0.010639456593608434,0.07703941498907384,-0.0017622971854975434,-0.06930856105218357,0.03491769466589608,-0.14414614078275312,-0.13922744064831336,-0.09207906504890684,0.026957926123170044,0.03583822742817936,-0.11992814437473712,0.11788198944643019,0.0875745639252209,-0.1378437811156295,0.027398519726113634,-0.1434948155124484,-0.06829999024451855,-0.03266971977050186,0.003799266727910996,0.1283427479491598,0.03071275671536098,0.05230838538036298,0.044054615430404724,0.12331808640526844,0.0022062110552698694,-0.15377920877603155,0.07574085643500858,-0.011552340503768998,-0.01658945814330738,0.001231591549533108,-0.21732114423657065,-0.08623424410642996,-0.05371229099947411,-0.16001485653328482
0.029211576442569182,0.05461609653063552,-0.11157663259346966,-0.10990649574520137,-0.14353354981135436,-0.12189173183317492,-0.17757266364374483,0.01598466640607452,0.0996951688160256,-0.037418661017986174,0.09244974771746774,0.07900645757942462,0.08626093011042835,0.021390039172391986,0.09312442406782086,-0.06546384725782453,-0.12397217950092294,-0.012310122704472098,0.01986029754134777,0.2725118683963838,-0.002035205534632567,-0.05885050988487823,0.0017378882257764105,-0.021710806711709472,0.20355907402386586,-0.12121879012173056,0.03634127584161228,0.13488519759599416,0.1799297515427207,0.007354822128864503,-0.09709048162229442,0.0693651861951067,-0.0651336537539834,0.1850159975351961,0.050805064657158144,0.025758949073645173,0.040779439277109905,0.026258909194081144,0.024396645966146956,0.03975970469188358,-0.11090088821961443,-0.039572855004693715,-0.0498489486177715,0.016393665338695924,0.14383326822212558,-0.04060738339536016,-0.07494210007595874,0.14768660910370562,0.0241601288947411,0.043642939023590344,-0.012017497551713836,-0.06238683881278893,-0.011823310609790878,-0.06719251252438745,-0.20513235935411592,0.0130798508081082,0.014699597715307672,-0.007353215400746534,-0.1430445012217209,-0.13953472370558226,-0.06481025500695502,0.1395274342637393,-0.0023676545655674877,0.046269088205177895,-0.026636155108699676,-0.030319399841960793,0.10696756374154862,0.1311897853804361,-0.12042411705928738,-0.10960089981055604,-0.015422755828292554,0.1001850990189323,-0.1752979402904403,-0.006821004583416171,-0.07150593213955081,0.01235592685253248,-0.038853583448695606,-0.030094137748252394,0.015622466217083339,0.22064617026044708,-0.0402177206080701,0.030291557540507854,0.07414591626995763,0.0304458750636418,-0.06540385227812547,0.06223947391363938,0.0864731442451212,0.05406606247875485,0.057915682361917076,0.02935068393587241,-7.891965408973346E-4,-0.01032209073547185,0.1263757164198523,-0.03165733094379171,-0.09242444952847291,0.13253364836835702,-0.11668102450673745,0.027703986272711013,0.13639378656992612,0.0974957587922064,7.914012026573351E-4,0.11584367542579087,0.10081078685386156,-0.042398450578569905,-0.0015148368198472208,-0.08588498983037629,-0.040814699410177346,0.13748887052955938,-0.15590457311021277,-0.02133401472292691,-0.06102773749314403,-0.052096039510615644,0.011225128955916333,-0.03796724972133199,0.06387498107229098,0.043814454992829655,0.031525768364463365,-0.030008918863994864,-0.15739849004191944,-0.06789699049469576,0.09536471441011699,0.1657227852490243,-0.04426990878901996,0.09295369397487446,0.05293101876920392,0.053160227603745336,0.23202643740673362,0.17215783936258378
0.13339014966231638,0.011768768378166082,-0.04383490888621215,-0.01210844782367852,-0.04374982978919125,-0.1405259718350112,0.05586300138961807,0.0675146865250623,0.029506261317864435,0.08858102417436055,7.337567827369598E-5,-0.0816131141190429,0.033970601280044255,0.03877943834681087,0.04665731000079641,0.059073518433871146,0.25981170700667505,0.07402585549529238,-0.1303099837825179,-0.0361460064814523,0.027991803461415377,0.038326147019401034,-0.09670904156993479,-0.01779126358748981,0.045368466991389536,-0.1556369353242371,-0.05257994146720142,0.0012344089792330581,-4.5488403745568397E-4,0.019114418514011203,-0.10830083755866173,0.17591426523838816,-0.1008990880023689,0.042870294454807265,0.1362565501650532,-0.04968636110529302,-0.157383388599614,-0.08370937179031104,0.024246503760142864,0.029231111772266796,0.0032234556362870765,0.018657139714637266,-0.027068540751688,0.0270827878064492,0.013259279603215341,-0.06039806897241829,-0.06384337705026873,-0.10493657722011622,-0.04272349890982906,-0.044501971825194275,0.033781060941361685,-0.15110599550483614,0.005739475189312166,0.0725658570267059,-0.06807938026679175,-0.013350782723322591,0.02410344505112684,-0.03361699285684854,0.022578075476125153,0.03396655691105683,-0.04521943233337593,0.13122872915501452,-0.00813274476953768,0.04651680592161302,0.03568277047835925,0.027123529924217907,-0.022723489450422248,4.4963907077719817E-4,0.03419425468674299,-0.12184877719191071,-0.0279028345966902,-0.024443008245716887,-0.09750642559842213,0.13969563639274749,-0.0980299912355453,0.04237940809279721,-0.11273261955098265,-0.012707225164722856,0.07107969661753413,0.18591790023739937,-0.02982808977844877,-0.05855318721222108,0.17954089583334046,-0.06707943200825704,0.05022485942025316,0.09676465452345395,-0.03842043434828744,0.027991457904258183,-0.030910329815163895,-0.12537093121817164,0.05720584850140389,-0.11113473227307867,0.06017909784907789,-0.03389488819209806,-0.06647839575635955,0.08084755503444532,0.045080494337832386,0.014715688801885517,-0.010020773485247395,-0.17471530665706908,-0.08703664745338202,-0.02723351795890571,0.03568550845059326,0.05500121152577524,-0.03921084823319511,-0.14533435602848016,0.21862268510225935,0.009721540264288524,0.13120139349323157,0.15323581421331994,-0.006635088541660644,-0.02339209904218492,0.18803833207206275,0.10430634466784218,-0.02820522068760066,0.10831401216077265,-0.07913640024293349,-0.016947402921482963,0.030455279251872608,-0.04704006318113093,0.18325481678548103,-0.002312031625221019,0.02648772472674756,-0.04260702148993875,0.1195298905743102,-0.028905976571807736,-0.2757714626859421,-0.01160506932977632
-0.09619362856181313,0.063445008509495,-7.607644803675861E-4,-0.09463134112905468,-0.008136804149027637,-0.06352539793695998,-0.017060930027518958,0.0020730077493416265,0.10491655341588793,0.008048283015337611,-0.06949723724227563,0.08632210933333925,0.05433898278609511,0.017407673643196505,-0.03083383721562541,0.0567948743616686,-0.07372954827154705,-0.05428487354605663,0.002165852150920758,-0.12466969377837328,-0.044180323229145634,0.08681105771938938,0.1140587402180499,0.0027020526831081576,0.12285575026443038,-0.02133705497177582,-0.08788115535380354,0.0470353483262288,-0.0998200331260491,-0.07572589455806301,-0.1391443773298352,0.09145748731888242,0.023728016021360387,0.023515102090464687,0.025905491508504346,-0.010782486363695401,0.007665690622557889,-0.0658079922943511,0.0842027319639916,0.02277796579229319,-0.0273602172874586,-0.002165539330705837,0.05588125458642258,-0.20147191693770414,-0.0056036010611164935,-0.08822531932590234,-0.08433866012597246,0.05089632641946524,0.0585153128198329,0.006888603440633969,0.010145314374185286,0.03861572576573631,0.01150091040229796,0.003794952947469705,0.12000311638668129,-0.19251503216111795,0.1405436946458615,0.07846045807393152,0.10109437384933118,-0.046096834958904084,0.09522091204464322,-0.013748573682315964,0.14638381636672118,0.0497226921566789,-0.10509237008974795,-0.039750042553889864,0.1945822348689284,0.013450191938435887,-0.045958120951357755,0.06579541812220951,-0.011998148269622923,0.011666520702729753,-0.15976398372147374,-0.1388725859646598,0.015125249337287625,-0.15922603483283526,0.11765477320141535,-0.07137963831045901,-0.059053129015496954,0.1073056317041789,0.027088151237189245,-0.1750729169866575,-0.0845582764771961,0.05171056866244924,-0.07868401252508876,0.1511478835062556,0.015827110731157574,-0.07944726861479404,-0.08745651155333546,0.06900287728951583,-0.02005380879359012,-0.0020370006197238527,-0.0311758381277993,0.05751828778087879,0.0504518334820091,-0.056787085766910814,-0.07595608633431694,-0.11686766564418813,0.04156807274489004,0.022045513524429964,0.07853304208351594,0.01076629188527648,-0.10365516779044026,0.13302202433901533,0.10517023261574605,0.04329249735162519,0.08992953007121063,0.10486865266903977,0.1020367283163799,0.11890087168949116,-0.07062019248386567,-0.024053882915280583,0.07616954115772359,-0.09742736554403096,-0.038559057086239225,0.034341540043868496,0.14972224067778697,-0.06528161190379414,-0.057847095078728206,0.1445803974720384,0.008133237234268627,-0.096942593200684,-0.0783898006295523,-0.27959274443077936,-0.02362745776357934,-0.12289476866697331,0.09176249177576808,-0.02874228537418287
0.011033695579333959,0.027670159856462647,-0.21764668749766025,1.7760590697577351E-4,-0.09607600639419535,0.16081866278280346,0.047976649911826486,-0.08912096117764985,-0.157912625854113,0.07905679974938436,-0.020803875508553345,0.04763679569653633,-0.08581696328581244,0.09069920155826898,0.017469394925877173,0.04397214133441202,-0.01866749979835379,0.11323705698142118,0.10490791003269281,0.06752442653848555,0.0667956259336934,0.001002310606867689,-0.007141110326559617,-0.06459519058787414,0.025368632128628492,-0.04957715895069739,-0.02073553049946963,-0.07960254116416876,-0.04580746611370865,-0.18294324082160204,-0.0446579525660392,0.09443390968725494,0.009486303831703392,-0.01943330765533521,0.0720888298020048,0.17258845357646144,-0.05971020058528216,0.023430554905256994,-0.0733216617328223,-0.0956267836695213,0.026555708365888758,-0.060409062605067676,-0.013665468154649727,0.17059049634269138,-0.024914967834917333,0.07508474928310717,-0.02007714422621354,-0.011239916816611304,-0.09726754359058251,-0.09506791768413483,-0.04470427499800831,-0.05895103371071613,-0.02683381127915637,-0.145932693348405,0.18451453890689873,0.14802043638783466,0.024946108295802454,-0.04969437925816584,0.01282216303777957,-0.0016225687826275162,0.1420093887278298,0.11113519772091188,-0.1452867807751219,-0.23853357838010414,0.006821536070518273,-0.12284480508741258,0.10301918505724636,-0.06245904405602206,-0.15964389462898818,-0.014012722917132608,0.03676689667776064,0.07945270804128304,-0.10934392070695696,-0.07551008069129572,-0.1002611715494867,0.009222182863473437,-0.12635455009544114,0.06512619669092189,-0.04493640704298589,0.12275367503107128,0.03860045905030541,-6.368433761186741E-4,-0.08468612895510048,0.024278004337324844,-0.07310614061665605,-0.05305867847347961,0.10412007937891483,0.12805575176400183,0.015272589335676084,0.1660882114810031,0.09091183074582443,-0.1060877047553557,-0.0034648520361406946,0.10565999321576486,0.08728906208852354,0.07812550757176451,0.004344660610046885,-0.024135942237257246,-0.018159816622173818,-0.14742698286806832,0.04176117753755469,-0.13985688143877603,0.048897625517597,0.0050346902533041134,-0.011015160192101525,0.0242506874675964,0.04949298103721706,-0.030129082882668707,0.04278721796491822,0.10184317423115212,-0.0857039200730591,0.06019203845744279,-0.07110525657955155,0.03327797513564097,-0.04159639977077571,-0.005087059407337757,-0.09530157227300215,-0.04831786119829183,-0.07970689859549399,0.12399157591814089,-0.0058587467928884005,0.03556037497086013,-0.06132678940003918,-0.049336639670257525,-0.09989879471004535,0.03864516920928043,-0.007429329311670358,-0.06599952162040804
0.016170020946588586,-0.15032024081934003,-0.17540277269630836,-0.05310848572841514,0.10491275849152706,0.04396935808257017,-0.12175796357902614,-0.17529737925690633,0.12270476163267918,-0.03574817486829947,-0.03834073016981475,-0.06026445218684221,-0.030070656058157876,-0.024146476188586095,0.04898801471162645,-0.07824500553166919,0.05149608962474004,-0.12260470800838195,-0.10445180799211554,-0.03783920937687191,0.00972839676804898,0.09138041172649902,-0.043815526724053214,0.053900668439733825,0.049278631869925836,-0.006684460026302961,0.15653947864699816,0.07293363727568773,-0.03250835975203423,-0.07780537829148286,0.04382998654147583,0.13727528971679026,0.017982033635487435,0.031101024671779977,-0.045279861529024974,-0.0956689199482948,-0.0693893226361393,-0.040004746963806716,-0.1530471600029629,-0.033513831817882325,0.09896412274621018,-0.041821769658748405,-0.02820871779184081,-0.141754477210054,-0.13272845888970125,0.1537566490125822,0.036257366302656864,0.05122269805259448,-0.07452003376308779,-0.030259775890866168,-0.10097785899954934,0.05359148068637128,0.031577061588764256,-0.00847124925304336,0.04471119801913764,-0.02537859740738313,-0.11079840483874681,0.029833610010725778,-0.17082466867264776,0.0047862101191620005,0.07675701965713488,-0.23051254131740265,-0.05060289279320936,-0.10645095633900838,-0.012679928717505347,0.0218425799124567,0.012876706900192918,-0.034519019991215205,-0.033563801555545725,-0.09047796837884317,0.0401868547561309,-0.055221668718654186,-0.10640702655939242,-0.023183429520614737,-0.17106379773249658,0.08507416506921375,0.0038322580067025706,-0.1423784814881859,-0.020880994199578548,-0.0297248516983714,0.11640942492640792,0.07187161363452152,0.0730528464718089,0.12583872633373025,-0.11947863241182353,-0.048703179291095966,-0.24030922619560935,0.07371448549076633,-0.03365676926783338,-0.05328243563105178,-0.15362758846691912,0.003593771809447634,-0.037697756539923216,0.09533711915393792,0.0835353752439142,-0.0029290988806947847,0.06665752672132859,-0.11261185082883504,-0.10335090001367381,-0.01508978178823294,-0.0016896544990033652,0.02687490965400199,0.23615945793206006,0.054699912544567825,0.15279739813103535,-0.20193919210201133,0.06914327649674672,0.15224126692722204,0.04164666898002507,0.11803403399242673,0.009171430740175904,-0.10671106229483057,-0.023495682759765935,0.029238269876569536,-0.09880370888077998,0.0359091251757727,0.15947054293934704,-0.12636822629780878,-0.09356223033143331,0.1272951968060558,-0.0783850095258732,-0.14774868894542445,0.09824052443515055,-0.043071295791779825,0.17223832217766236,-0.0923530916786528,-0.08690026934274916,-0.05490458221075112
-0.08195965024580903,0.09541328607226282,-0.024645118720791923,-0.05884798276505154,0.08581894983598892,-0.09556166054461139,0.06750076085842313,0.13696423911824618,-0.10460339909606865,-0.08172552708663686,-0.04838111794124859,-0.022751080355972567,0.13798577957838362,-0.09082994510546194,-0.19331198760095797,0.2454149917395107,-0.040383811073781986,0.2380629968038544,-0.0936322119400843,0.0456150003936744,-0.1272549237114722,-0.04958238137555673,-0.145527204370291,-0.11655953460110079,0.04116370406297805,-0.02050618740175187,-0.027101994419210615,0.1327111498660219,5.775276386681891E-4,-0.10119875926825095,0.08122762662982179,0.1694665514256074,-0.08556908505450789,-0.03967624542258816,-1.8520870163986694E-4,0.16299735854905398,-0.09843729339072915,-0.13671751268383037,-0.010081398100728634,-0.13856650310059476,-0.06627683630991552,0.07818978084448547,0.0592609360061584,0.005688959616767034,0.10895864499631457,-0.007607167453121507,-0.09100917777525606,0.088147766794353,0.049035284707900535,-0.039733861291512865,0.023617371982452895,-0.01890262963230671,0.03334599151862523,0.11237484800773713,0.05883801200248572,0.025461072632754555,-0.12874924503708032,-0.03358887867844082,0.04360284761061545,-0.10215655091095473,0.17820291811407796,0.06417945728499945,0.010473952853333026,-0.09405157309310515,-0.007425787187920543,0.08756055611668252,-0.11508298789671137,0.031798256245495045,0.007974531514504307,-0.11968901633516574,-0.03976849337813312,-0.008556362743989672,0.09848518814650005,0.04413561937103156,0.08185879773488222,0.0902575756739879,-0.007133660709332435,-0.16840396543645808,-0.002794204809767815,0.0796531866345059,-0.13262715147940274,-0.1697320684695872,-0.015396022571374866,0.10820689492260273,-0.042207886879722496,0.07508694286442759,0.011337292320594845,-0.010823061724035191,-0.06746767408227138,-0.04885057933171432,-0.07436540326425647,-0.03734656140846444,0.13625773303210406,0.18472194459689079,-0.13896902097225527,0.004346494805613908,-0.047253362300252656,-0.06329866727190661,-0.0029085195964194954,-0.006372629464864884,0.09174629638250616,0.07614068012856748,-0.048495937607047485,-0.06459249447899723,-0.03698591436632179,-0.11312250064071824,-0.14052249638574446,0.01341440554459241,0.15472189998321045,0.1066502815143763,-0.12071989020289596,-0.0914709155323589,0.07441760318380258,0.07068241560928927,-0.01075164434586207,-0.03426783905691039,0.11752395228240711,0.0027446545934326993,-0.2961499904439973,-0.12476298043831391,0.06803064855187592,0.18164847037438492,-0.053938682930581426,0.04129634002759173,-0.027016603077986735,-0.05244006146422799,-0.06268899691749792,-0.05248011476812552
0.0673785564507033,0.06893725092681856,0.07193734357946228,0.02388261664796504,0.12830617812395193,-0.07426984424220315,0.13287071716419666,0.09486891862196162,-0.08835869765660666,0.1346122526265253,-0.18149663622037276,-0.13071637639165884,0.1050666369109245,0.03258001582633746,-0.28853107197520295,0.08239126393686391,-0.030795549425275674,-0.017536425866374092,0.20379780193172767,0.10707892035179391,-0.13443738523276888,0.054536230176313934,0.06478752213980231,-0.07344888000626866,0.04421389717050677,0.020954570598021048,-0.04945994617820549,0.18120341212473257,0.09151752672232084,-0.07568378096017649,0.061734212792181165,-0.14235152314308933,-0.05899999716460776,-0.054623760960047146,0.12705900625991598,-0.003739892940501895,-0.07783035787216952,-0.023422894386778293,0.044699638269138114,-0.08316906728745223,0.11106039836883408,-0.0864136610656142,0.10454094243264744,-0.020939624166115108,0.018108979997395323,-0.10377221685139504,-0.1603190065474585,-0.18297777368348608,-0.08247716254465848,0.023618527657558844,0.021886468356274034,0.15391877537539556,-0.10406832181461319,-0.07011941714118913,-0.03373683914704576,0.19210148831907578,0.09000579163321776,-0.14029549045348036,-0.0973014354039476,0.002283196943655663,0.27531488583491576,0.04151390346597083,0.18621819579975432,-0.11096852996251097,0.04979823759246029,0.06679625944856825,0.027511844009318942,0.1189109788529136,0.03294934248671725,-0.18133657935800299,-0.32233329948384637,0.04252410924740792,-0.10502204492515216,-0.062393285071398186,-0.01608335501007611,0.07259589355668226,0.05139532504202051,-0.11791236302517225,0.1250306467763753,0.055040071704808444,-0.09067420363702045,0.09406492402246432,-0.014806676958635629,0.027951697869420016,0.06762684659207724,0.10096104199045955,0.029809857758894127,0.07436404442165478,-0.10065733345449511,0.07460183988198099,-0.06967809142403808,0.03562733073361985,0.07513532405149011,0.045380175416792096,-0.06452015941936191,0.030221650483649182,-0.1641862745650612,-0.07971495845382445,0.006114872119342615,-0.024203000109860224,0.06497288831304045,-0.06398528067155247,-0.11265113907171376,-0.039771799081164086,-0.03632132991593605,-0.10991456446675527,-0.08978295061227733,0.09560774097409862,0.05805543110509521,-0.15241337639553992,0.10648611440848871,-0.1393576585142424,-0.18017291964940493,-0.013693880940575213,-0.03244046261619259,0.045497631753371376,0.12201201696930765,0.009965787738118525,-0.03383402405316652,-0.10620059425263524,0.0025719075136332215,-0.05177804151627795,0.016610101969774176,0.007999301717375031,-0.01808807586654838,-0.04237788426234648,-0.17228442722812337,-0.0497293227874943
0.10545685761360275,-0.19043778236798603,0.01401265318138146,0.040715758593505395,0.03864338604172122,-0.016608369518771444,0.03611635716849444,-0.0802216865609832,-0.0042935992569213535,0.08694925393125771,0.006516904881750472,-0.07848223275284495,-0.1059682123836044,0.10535142325347928,0.15439673010765942,0.03453546300615989,-0.1824228344253859,-0.026630043743748343,0.15488943666222507,-0.018986472325143874,0.02228643666433394,0.04186158789465853,-0.07604343554889724,-0.05290130298601658,0.038562362923938776,-0.049169879930451986,0.0407443874012625,0.02099363072677199,-0.13652583760617937,-0.011427963502461384,-0.1744837466708083,-0.01068011898997228,-0.06986860949927488,-0.0066792382910163,-0.04750816871929451,-0.12029269448668618,0.027517820635520607,9.681435269244488E-5,0.02197931517967012,-0.07755395418542688,-0.011982312933208023,0.05888343590889888,-0.05362185070439255,-0.10640177084669632,0.05563194595910785,-0.07893383235291389,-0.033661091735761615,-0.024926701450882598,0.12780977766952742,-3.6007320780567006E-4,-0.021649056327016053,-0.13894793303279548,-0.016785823772987523,0.03780936382554529,0.02976541601455054,-0.04531968240124841,0.1734683845992836,-0.0460873547776001,0.05957197870843151,-0.07380011567670033,0.16994026209910126,-0.035112296477241456,-0.12978079131366121,0.026677195916811985,-0.1430765794369719,-0.11190180560964617,0.007124985919401611,-0.056966297559366226,0.005122879983217736,-3.923471058514083E-4,0.10212632812853444,-0.030462956251481033,-0.09225837629544084,-0.054461085283309854,-0.06151452275123074,0.06489060508666607,0.07869256192018168,0.09222575340781745,0.06848989047268754,0.10983133061131066,-0.038400750790024106,-0.011410634837413053,0.033230716393206766,0.12495244795958987,-0.16164269146987426,-0.17666239988262547,-0.07018362046741301,-0.03328850843550061,0.08178039281701058,-0.053700661669763415,0.11126591039642766,-0.0655214438614039,0.05059130377910246,-0.07101912023038644,0.01693555358631092,0.15097143175218525,-0.04280884837490264,0.0021368241501485436,-0.009697296349096288,-0.023108121506238144,0.11401455804233088,0.08732469423484292,-0.053989091922828254,-0.0798328953088415,0.05879049398915368,0.03489752613819523,0.15687704658429402,0.1615270635193494,0.013039726847136399,0.004798321185861673,0.02108743276232115,-0.06400933898496346,0.0029414305597981923,0.017248657363014976,0.1608091997291828,0.07110887488585864,-0.048849169185706295,0.12305061478196713,-0.2083223174045294,-0.007462199290097697,0.15715316407249505,-0.014463893159537122,0.10754603224417397,0.14592149630476503,-0.040647073374872215,-0.07953901731626921,-0.1230095451068869,0.09315050806094244
0.08666298647317221,0.010801662539308924,-0.05273627403176768,0.21608867137908566,-0.06607159205287283,-0.01718419614856002,0.10803358794799013,-0.027302487384973723,0.011419851730171349,0.0847157940031561,-0.1842411571935369,-0.028142891763317204,-5.825570614795095E-4,-0.017916422510354565,-0.024873215790589594,0.04514402936398338,-0.10510321959314141,-0.08458183672785614,-0.14511508063017392,0.1993116085518959,0.09935604459996028,-0.03369200044455307,0.02894518967508694,-0.005374743697499384,-0.054869808214938344,0.19546511499837244,0.12800007718140002,0.04913818496570551,-0.09203169277143275,-0.24765695081864925,-0.06319046867860471,0.09597364832484635,-0.06145808402269173,0.13986810180582343,0.03470513780853129,0.009608296050604986,0.06333247633817846,0.015056680940821245,-0.06535886758319583,-0.19701088400929034,-0.1332494367013324,-0.06937836149758089,0.06398498236812633,-0.07903453247721015,-0.1462193905254976,-0.14652067291639104,-0.12352965055458816,0.06496419101647542,0.08583731429016991,-0.06951907510591517,0.07814343185757051,-0.12418934749901901,-0.0929350047297127,-0.10551082324787352,0.04424388759464977,0.018196657453413437,0.011848516977159133,-0.06601816908740309,0.020064117932906616,0.03712016801913495,0.1296401090025752,-0.08492679215504002,0.11545029375622624,-0.009757610044311806,-0.10655060701704905,0.11334268893530469,-0.11842299036616895,0.010315263617463082,-0.06543321479890629,-0.09277399966067922,0.07393908902978533,0.10584238323735057,-0.10214577658566369,0.14135146010833263,0.036535862946118165,-0.0812355273766598,0.16407133448625472,-0.21161782508815571,-0.15380249020858178,0.1537152528906927,-0.10707920758816084,-0.1469827155355582,0.09537063948612796,-0.14047748728568699,-0.08912641926166683,-0.01806659479154265,0.014599393367267316,-0.07077924215022047,0.07558682434490438,-0.1820711202274534,-0.04991904786091816,0.016389779559085466,0.1570779344179561,-0.03233859962326703,0.1688353626561656,0.11234941609855584,-0.07209392424475128,0.01069925694637587,-0.0449407081087447,-0.13761960624953193,0.07569737522500447,-0.04830805242808045,-0.03422334399195142,0.01956295795280523,0.0024949706447812093,0.08901183042094797,-0.13753411377380664,0.11554761413516897,0.03910620890189715,-0.18774940648435534,-0.04328902405813347,8.981458835354318E-4,0.011847072069977597,0.057084884868879304,-0.08543969756239753,0.0422371029458103,0.22970750758801337,-0.11804591319051172,-0.15196543585116562,-0.12085187074355501,0.040926472783142445,0.025938483520362963,0.1381340899106062,-0.1232459413248998,-0.05898405137043414,-0.13885895625595807,-0.1472356200612748,-0.13715863082232074
-0.017706408819886967,-0.007969224524561915,-0.05586418646907043,-0.1312381765855902,0.0051960116896747535,-0.05201001097352217,0.0426626090519389,-0.07852508658923563,-0.022877106451997697,-0.04207031205674758,0.03301696655533028,0.06220940257522083,0.04442311344373564,-0.14420147333326644,-0.005206785252161501,-0.015906040389156273,0.17852274264489873,0.027706321447967194,-0.11085396228382957,0.0033352586047193824,0.030078625147022864,-0.06698976266371579,0.1546142362564822,0.04870017724118475,-0.07227620925953875,-0.008072452645354205,-0.013615577177773343,0.11113509854679252,-0.014928184666301114,-0.1049223208334302,-0.026166894281891524,-0.19132090323158063,0.07650847443076285,0.07783715831466366,0.04455774407843438,0.075001070314205,-0.09278653942444648,-0.024539193880907837,-9.645225393501052E-4,0.04871029593772787,-0.11564800612471451,-0.014409967253055548,0.20888034427377875,0.016579904975423124,-0.01949351126243643,1.2988537254439913E-4,0.06684237621263692,0.15748531194718735,-0.13577301677691825,-0.03907735934682631,-0.14702856196624703,-0.09803386482069969,-0.12179259931468032,0.03038276672733639,-0.0371338930737815,0.04605225182671999,0.02645553758469859,0.11466735338418463,0.006178865603149528,0.033160723203437575,0.17111298766052216,0.012126223383078082,-0.08956373260994449,0.07007234687565345,-0.027422630344358323,-0.011881114458229803,0.046153959633337314,0.16422497304459602,-0.044266895422917334,0.08752860306976495,-0.051518392164528075,-0.06595819324248416,-0.14946331091688944,-0.04466223367024607,-0.040696515182754134,-0.09154359649833518,0.09092272042909941,-0.06964400187418772,-0.0834497453228301,-0.006682185555810961,-0.037995510034013885,-0.10844982140424687,-0.015372504817327286,0.01663941364583619,-0.125199234830788,-0.0763463493142105,0.01881029112615642,-0.0920900000064527,0.04169275017941721,0.0892103548301284,0.061558618713352824,-0.11813540132832258,-0.04433538920472611,-0.02066684659691468,-0.11580563265014616,-0.08057581485650674,-0.0011185589070660945,-0.05575547097104412,0.08567336027986511,0.02998360538867644,-0.08632466260356095,-0.015158900144173638,-0.12092127057597798,-0.21272674189117366,0.1211283702288314,-0.051138084874246564,0.05606039666410275,-0.11558010135610194,0.005501975484531155,-0.010594578360470484,-4.243703164573114E-4,0.016437732813303296,-0.025213610694090557,0.01201250273412792,-0.182718515542523,0.15080701061800997,0.029306701545510728,0.09762256380267471,0.13871540081988293,0.014375422409158504,0.070809119626217,-0.009806916170465616,-0.0046433875037172915,0.0961786535048821,0.10233232363805024,-0.039522572344427645,0.0658369106821625,0.03995804478842107
0.05432980342374783,-0.03441801455998628,-0.06107565063549112,-0.05614510829713201,-0.09061784996688246,-3.7617826933632713E-4,0.020974801152939003,0.028004063775368463,-0.11706291914773993,-0.12626108481883627,-0.10457098069189068,-0.05796487344386064,-0.007591543826029626,0.07013340706150221,0.01547010038942642,0.08088135237800506,-0.0027784278209216882,-0.025078887092770258,-0.0436502074849665,0.11636478042250621,-0.06492935761189947,0.05878028902902924,-0.008355896403939075,-0.15086172329090877,0.14941123550823338,0.09860749512499704,-0.012091031021253534,0.009578467728708476,-0.05069971853184195,-0.05312115648717075,-0.043001981250866,0.02204625749179405,0.1376313506868533,0.13473355774135976,-0.06686881354508929,-0.04917161699719031,0.029577674438893163,0.05835362223771354,-0.07964289462590461,-0.10101901514788034,-0.03753898965740773,0.10087139004465467,0.030528389616695125,-0.08515336166276057,0.07583414785203241,0.0067732627287432744,-0.16078989267956448,0.0478425257514557,-0.06673068421413014,-0.040443021350673486,-0.003835816171211051,0.2249557862597555,0.10696544632793098,0.06803451938946449,-0.16352998740645525,-0.06353989654365917,0.0787326038639664,0.13341114118521477,-0.02195078076789563,-0.017528704541285398,0.08220478348219751,-0.007849351044630373,0.005436398157297759,0.15867093139121027,-0.20546654850497897,-0.012665449961178394,-0.09803491243098737,-0.0951334461821435,0.035193581002297025,0.030320018826577196,0.03082057200425715,0.01924736648486422,-0.1031009474358598,0.06004044836472859,-0.009506054386233727,0.059318899410455046,-0.15363471051452768,-0.07933261355504717,0.04206646447028952,0.026606971089936222,0.03501991320354943,-0.03502672621554476,-0.1502865966272615,-0.08785804105931388,-0.07274994600674194,0.005578231487099191,-0.04908901121620722,0.08125325582041502,0.11370363988470228,0.06512795924316989,-0.05340594655916515,-0.20094302258178112,0.009000120929434512,-0.049621455304858675,0.005901002693583188,-0.04518400615832539,-0.17935572408160846,-0.1324602477299427,0.17573873221932074,-0.05502698531065372,0.0787006781238825,0.2285053671885453,0.055207730138159494,0.01429837251092218,0.07187665109773798,-0.18383679517068413,-0.05540449929166394,0.010192351298304772,-0.24234117188483079,-0.07023326739424605,-0.0947496764336129,0.007614332228220538,-0.020045817401316463,-0.1337050773354141,-0.02103087561561872,0.05361588660767755,0.11985943648024305,0.09277721661696066,0.021961088014137698,-0.10880304690804796,-0.18148123328040755,0.004883593696239881,-0.21220382211914016,0.09018724977676042,-0.06348011479518507,0.01447223126805471,0.15552488410069099,0.10209368172444024
-0.007668990810454842,0.07379102918954199,0.0324437170858481,0.058863246925646553,-0.07639765276455301,-0.05743232636222052,0.05185483654960257,-0.12361507147636398,0.13303855904093614,-0.18947286794748927,0.062159163649417475,-0.04306877081232288,0.16620212083175354,0.021999657634952693,0.05924162912832083,0.07122519341182114,-0.08773766130806746,0.06712667396414844,0.04203197417094338,-0.18411690614705406,0.015639489375678606,0.023212803515021262,-0.07404953557003528,-0.027735207401709667,0.04281182925746013,0.09045553191185801,-0.06342253170570966,-0.13710421285641658,-0.07621853234946961,-0.03422814527530751,-0.07683006969882397,-0.05588986315656828,0.028091078264980647,0.09344889250915164,-0.1842491339945706,-0.024148006645371624,0.1438962443208222,-0.07002900422637756,-0.044265292791662796,0.08622411254933685,0.13715717347724274,-0.02312484190637928,-0.08602051673190804,0.07976769042237686,0.1670762917322471,-0.15266972944946935,0.08624152641875514,-0.17514007896582603,0.09022316091960526,-0.10170107252944051,-0.00934053416197413,-0.03565919408630133,0.04351732799915183,0.016607923343977503,-0.002748392247630422,0.08438502159706693,-0.09914303829371109,0.034648800377531874,-0.19491434610179836,-0.06763144871265833,0.15949767079226906,0.0621755563922324,0.10300071455315651,0.03546949717939809,-0.060553848595161025,0.24870065352872575,-0.1715348486472144,-0.08029480395099749,0.11504340117620052,-0.11788694049976034,-0.05154743033829202,-0.21634842837607715,-0.13456736805709524,0.00758964150631976,0.11540830044946865,0.10162131609970704,0.050679465590457655,0.017491440915109194,0.03228182834255301,0.02680655906549801,-0.18125758343585924,-0.08867852433996988,0.06536478810980538,0.007963459657085812,-0.049791907632697543,0.051882551561969394,-0.0908137786014561,-0.02295596482036271,0.05978354559297018,0.1914540347224087,0.19506784661003554,-0.05640380468846164,0.06289237118089155,0.03633954054069559,-0.1025821735580899,0.06134027627279918,-0.02614327492229133,-0.025556359025266557,-0.09834167510816766,-0.0975367775841131,-0.11558955507221497,0.029681816428852998,0.03104791028274895,-0.0077672915166483066,-0.03537834049701353,0.03927706160081572,0.04857352671607191,0.22931756518311777,-0.0464296634454887,-0.12159116362868723,0.07486865314048943,0.03603499629001572,0.015721506494357936,-0.04367576504166813,-0.010609418560958891,0.07863400257979244,-0.022813864099743075,0.08779236393428266,-0.06444493176576821,-0.08431509776025399,0.0847399751467045,0.016244528727801254,-0.17716827501177637,0.13213781322182036,-0.045597769090169965,-0.17982227375769053,-0.050252589478030636,-0.09016324278216242
0.06225233089506371,-0.13665155982170812,-0.12016129866232594,0.08338847424631103,0.01539903065830164,-0.17431239501537538,0.09713066902206553,-0.0932645401969917,0.1014702845883831,-0.10193593328238404,-0.13066027367654287,0.10136265075482616,-0.044831485047914864,0.1361986136742901,0.15144927394714353,-0.06667742799779691,-0.007148904731738185,0.11213922805805493,0.027046744222201696,0.09029014266520029,-0.03415033115599766,0.06328311174175096,-0.19947865720241936,-0.062398556898314195,0.0735761310709235,0.1202631224140828,0.03609086701206261,-0.08498358450574943,0.0584196949311618,-0.1612178585637572,-0.022153103671377093,-0.01747347084378911,0.10837237065540403,0.02679538102272086,-0.1870755196758262,-0.029650420598281872,-0.10071210326788008,0.11616053956360803,0.08193814516456371,0.06162510104261686,0.007016370053728693,-0.01608117813819406,-0.030706423822996872,-0.0016296296537333366,0.04271289297668377,0.03591979303708031,-0.17441343151353184,0.16009648473298302,-0.0407724294271362,-0.001820806437578622,0.07525117282492408,-0.03087635460810072,0.14237051524211153,0.03115091570651097,0.07857929559475728,-0.009218275814476836,0.035634124789509856,0.03244087707055572,0.008519224919969235,0.16649930044023803,-0.006031358559641221,0.04334083131227686,0.05709827413470334,-0.059263924573782205,-0.03762544779950409,0.17735475874215173,-0.09869907509658027,-0.011687181940678212,-0.019324610838042596,0.0596566389076264,-0.07160651538456368,0.024597577370101174,0.061546450827020746,0.04651570890542663,0.048240413032859294,-0.027126016560083246,0.11645286209344827,0.032193459068569796,-0.09065330208078043,-0.0726257867120417,-0.16429855835891624,-0.10627193740539143,-0.13306551807016037,-0.1638737317365397,-0.07809024432026689,-0.0677266643159345,-7.638304159531739E-4,-0.019307318163404977,0.07358758629294603,0.006457100426843715,-0.05112865758747581,-0.07107508953729835,-0.06581164085498843,0.07700760926499127,0.050350340445294656,0.003364412363171937,-0.017292484389610365,-0.11534010885930793,0.05057198827381575,-0.033123208381634336,0.05463886023619429,0.046999252735503864,0.05461044538463064,-0.06655264109167258,-0.02649127592110205,0.08123419145783903,-0.13251201233074503,-0.010408489132558665,0.13926189853047247,-0.030516084741675338,-0.025028112506002717,-0.025286008316590097,-6.952343430529093E-4,-0.088006739604985,0.06074439569040437,0.20268955309330827,0.2833737286802636,-0.12126049093837105,-0.1417413184352438,-0.031049112574777576,-0.031088474561106912,-0.09012560281895232,-0.07042289046013799,0.07611097606097939,-0.04071441651478941,-0.1808624807967112,0.018381796861512,0.004252333300899674
-0.003639753547428119,-0.017522913204723663,-0.04733780523546434,0.14658519708335677,0.06399469860492955,0.1480520677403902,0.14908543805991575,-0.01487995596867644,-0.06273306836884325,0.014283678281020912,0.0491972052176755,-0.02363169330299474,-0.11421791718183108,0.09284214883326843,0.06291109351943254,-0.022792417785430633,-0.06437452643783487,0.049827156662216106,0.07030989848222854,0.10873918780553715,0.003140496779483375,0.2212334836259418,0.0399872971670671,-0.19597477320336612,-0.11086766784483061,0.11620852593483973,-0.15693705363255728,0.02876013860900464,-0.05679681960511148,0.13195952648920717,-0.10484704232300573,0.05577163751249265,0.05891664983089972,0.12810051312625217,0.04725701735531757,0.02558697929682424,-0.03176493720553797,-0.050835329397833875,0.015525971977142118,-0.21341973227859876,0.08897589589767198,0.06843089869433386,-0.06211642058322699,-0.09929741888255869,0.10719702866024958,-0.03365506106453843,-0.040308415481155595,-0.018283248915054846,-0.07088750388553992,-0.20002727579092283,0.09918577131024087,-0.08409527023552583,-0.02307579733369713,-0.09343557234019231,0.003167834943630974,0.030527036101565586,-0.1410178883844646,-0.019924747016799794,0.004998405963850722,0.1210409549243695,0.06052839292958959,-0.09249308718460181,-0.007275548641762856,-0.08960172748521675,-0.1228704426523673,-0.06761745113739205,-0.09799283464321905,0.16831647816364223,0.0631685768630037,-0.14531673910636436,0.055290071041854565,0.00339611097361294,0.06541589330553176,0.04135379458055072,0.07341207918577336,-0.09464274292944885,0.03420510924306841,-0.21816590172324474,0.03025295064874174,0.10802351170618545,0.058606639164092915,-0.07988656300092478,-0.08320235296296567,-0.019319007576726662,-0.004051790991036598,0.15082278125015072,-0.13454545466202827,0.10770712577039009,-0.0153963940770384,-0.06255284354812606,-0.028623477586198067,-0.16915066007048363,0.1391329335288474,0.1373143512552912,-0.24572390337123837,0.19538725064973514,-0.1607822042384915,-0.08674446428048496,-0.009431584416495276,-0.01744903281043,0.188304035934238,0.0038362336282580277,0.12361651830778227,0.09099878617620073,0.02322138527839923,0.022837776636524434,0.09439959391189717,0.07013065648373361,0.08035761727573387,-0.2424786834937013,-0.012620637038765797,-0.052341012114463424,-0.07519110483736802,0.011756498112814203,-0.16990298730162784,0.11827490937130618,-0.008241544935959771,-0.14308698141405776,-0.0741204609739826,-0.2187067264566757,0.06352293173608661,0.06790426849163894,0.008474143986566589,-0.03878165726494621,0.011567449030371303,0.015390350514088698,0.07174216010696358,0.03677634428979105
-0.06069193816298874,-0.029581774624748605,-0.0020583412721628487,0.13857902279982492,0.04089119895567716,0.07610622244495399,0.042351809840598546,-0.055029248157533364,0.05795763907700615,0.04981966628192807,0.0467447894426637,0.10072153547849877,-0.09786837169198417,-0.07836686973260487,0.06105022670644405,-0.268931480645293,0.056881221398425934,0.0494313996330201,-0.005114201467402082,0.17097394449034362,0.03930221584101044,-0.07715350016494521,-0.11765462443513046,-0.1053426006235779,0.007066028480641782,-0.017264542533670754,0.13250307514863816,0.07226303308117149,0.01765405638827331,-0.13482393705563128,-0.15729956248419322,0.08743602887267841,-0.011741187477669977,-0.017562502836692657,-0.032550000224172,0.08426543932620134,0.06356173217994818,0.07996706482244358,-0.010104965960060932,-0.08256171588739249,0.1803790596071677,-0.0025613634114892733,0.08964006845866963,-0.12479003331043108,-0.12663358535356584,0.05115258176910454,0.022459141761081762,0.014321242947843505,-0.022523292155235488,-0.1303265351104604,-0.02654141164060009,0.09294101555925416,-0.16994189185191894,0.01763065733069555,-0.12841576179928807,-0.021997227441620915,-0.09191983611156665,0.14107986871711192,-0.045576073276869064,-0.12030675119281974,0.09473112351839111,-0.05348286963178142,0.05593549987100636,-0.020955937500778635,0.19868895779799847,-0.10409708545657381,0.10211620461931593,0.08549813146859768,0.0310141619785937,-0.08963484244653494,-0.07557373504732996,-0.014877327651083126,0.04801780129324258,0.11457391745503309,0.00212239696405195,-0.08915866818929927,0.07670049727732263,-0.14096384775593532,0.013776287748363774,0.03447352869710135,-0.11947549357633028,0.00996502684296177,-0.07801765294265495,0.027203789368230875,0.07515485687737619,-0.03398743803776542,-0.0914491478243905,-0.036363149500168356,-0.09438093119615291,0.15500176428918047,-0.03614339510644819,0.14684351638655888,0.03921003138568844,0.008395420654612854,-0.03497801865660974,-0.004273005824432161,0.010365785328577761,0.13516932143590263,-0.09262727961669695,0.13517749352739367,-0.04918525925092476,-0.12159294337925089,-0.27499525931842567,-0.07118392944881607,-0.06742061165497477,-0.051553562049350854,0.01867466173887493,0.20696307107183667,-0.07038888079167743,-0.1325275125189737,0.20425169385079617,-0.09507775070733397,0.14765356364047524,-0.1253170249489298,0.13896986437508468,0.17556186221318468,0.01891116164919505,0.006984805669021158,-0.18156263871176495,0.08037841801655686,0.024817621438607267,0.09308187105445631,0.05055612607115076,-0.07584647565033145,0.1192799381615405,-0.021336189699076382,-0.06736526489602113,0.02659215351346774
-0.004571482799589027,-0.13644644268846676,-0.0291406916623495,0.07816025936992291,0.08121233961116463,-0.03675891784559422,-0.039995531335979696,-0.03025570223453566,-0.031688591136877844,-0.17658023490957794,-0.12043281221379704,0.01860379353717141,0.052133223517408546,-0.06546992180950528,0.03469578611300741,-0.13154109092917352,0.08778933996000812,-0.05068671356869252,0.013148872122101066,-0.18638743067032046,0.048304662338822704,-0.026467080972451776,0.014744232010272819,0.02437310673993791,0.1653020839983288,0.10226506811525643,-0.0482301874626163,0.20714094570505595,-0.053905067271326414,0.022057909547837137,0.10270326431336459,-0.11597250794138506,-0.16282452856720653,-0.07526534401965014,-0.08125306071288048,-0.08810026456620156,0.04086473363720109,-0.04572423036607645,0.01188740771196425,0.07275374349975265,0.04999559573578246,0.07759060020298536,-0.012352607596435765,-0.03211094739490701,-0.033329701551518306,-0.0022196074150730525,0.13079049341431356,0.04598038772885605,-0.12417111327926778,-0.04457339242106051,-0.02363848062252132,0.057927294149867005,-0.05659558009014204,0.032879716514465085,0.1115236281515059,0.025598259850760075,0.13323055503084477,0.0012279501898267535,-0.1309218236107081,-0.09672998960095883,0.0195152741334835,-0.04489826457723175,0.11722159735300244,0.12229659748501527,-0.11308422005925499,-0.10218985227941581,-0.029818229726738255,0.04643459233819428,0.04041090145528085,0.1830103410799386,0.03704794417713577,-0.14016330656598125,-0.015736442205123706,-0.11031380974078653,0.04098471554887681,-0.020579260815692033,0.0334515005218617,0.022068174712435405,-0.0546516610315924,-0.0882789866159959,0.006345704321024897,0.045641154486282275,0.19317403892375629,0.042630550147327674,-0.05705018984108851,-0.036247416920997914,-0.059943864229996334,0.06544224038474121,-0.10961817170126567,0.09154572749327947,0.10815149492966988,-0.05265397166111154,-0.031189320938506137,-0.02377761847631079,-0.0300771094570469,-0.030745579860974228,0.06246629829400831,-0.004549716552528779,0.07106182650107608,-0.06820903157124883,-0.017307044620331783,-0.0012577599752100798,0.05200491101285848,0.03535699965903193,-0.1642957047297834,0.14104742546515964,0.03485952686273785,0.05480148110785821,0.009932224999211942,-0.01974691404667415,0.002338463274614558,-0.05248437093517633,0.05007820102701654,-0.10549566965562247,-0.18333911963314528,-0.07592015956578553,-0.07201014648615298,-0.1871072274155858,-0.04587604353495172,-0.21383909294840317,0.06425098391233906,0.04595421284257849,-0.05921584801777452,-0.06719200907792995,-0.1953857854795326,-0.005727254147087288,0.06188098283640301,-0.058830825621733
-0.09803011579498751,-0.140272975407147,-0.016692675626826678,0.05859031377518129,-0.06732259702847146,0.005955319957183935,0.08823907954724206,0.15740838126072576,-0.01916016213854943,0.05263979826379335,-0.10969497420821153,0.07616180449596656,-0.007270241519837975,0.11402929305210653,0.08911952496742723,0.020719540787698054,-0.056534052234453076,0.20005527708264048,0.07253873451546232,0.02592613082773339,-0.01807019314081225,0.16035233409958644,-0.022048355479439005,-0.06008032704462356,-0.03625212117863653,-0.14660336705841034,-0.0074134616825366016,0.05333635633763701,0.012550921664640205,0.07857844050004092,-0.02751991858398767,0.1170017898868203,0.16565398593081032,-0.050735383311359385,0.017926144075541422,0.11902692588282332,-0.14212197635998974,-0.17497294501938457,-0.20995891679174591,-0.06290931176046,-0.17970961363604887,-0.010604834728051278,0.018571738650994138,0.05259645411019347,-0.0038255382063347213,-0.17509597079340566,0.06486625995540454,-0.24146109714207886,-0.08406081178944586,0.0060966193783018536,0.04350567107179777,-0.014136141221711572,0.008236915228227278,0.1256397747662344,-0.16049206923538764,0.015247729080094773,0.017462387201178178,0.2553078887638222,-0.15247387474038404,0.09365776260667191,0.01831181500711524,-0.001722994761680746,-0.10351620376604449,-0.14464893239047774,0.06757550277736471,0.015133290323996039,0.07363371231151325,-0.016277117542841155,0.053664403651321864,-0.009707586857224155,-0.10063902106725449,0.024437767000495606,0.07122712352195731,-0.10716825209723294,0.005194879006956971,0.014947587848955935,0.04248776318397427,0.11042837926928208,-0.03144462951869323,-0.04220553403738296,-0.0349647713831062,-0.07504588953177435,0.021005578176024175,0.07371621688608339,0.1215134267254228,0.010547443409539347,0.25212500212199573,-0.00589052146601789,0.03518050293525176,0.08594359912413765,-0.14441819993841917,-0.058415426033189596,0.025778504382384812,0.0898372421682308,-0.013811857599525065,-0.1409356048508491,-0.1211281575462086,0.0901052671317877,0.02556757659379177,-0.02052961344949866,0.002839532662468915,-0.1098044369481242,-0.18514047823951954,-0.07571765831375217,0.22270619472523978,0.08528829418630422,0.07813792592568825,-0.08265440142043853,0.15551047891095504,-0.009586700137820505,0.07913488421669634,-0.04976110429111876,-0.003559001688464225,-0.06842135723796473,0.12934826416401515,-0.020030504363546666,-0.006987993862342643,3.449353800434203E-4,-0.17763535779991818,0.04506554452954752,0.15148942440563964,0.2119140731508201,-0.11034628478302018,0.16758347226110487,0.07854672395557724,0.03814935640412749,-0.06489949423047907,0.09063641813569014
0.07708807164139321,0.036612690112013006,-0.06734842791690601,-0.004337680581451163,0.13198308986935983,-0.07341938176892224,0.09140849401928786,0.13479287193316097,0.012146070046969,-0.15678342802283432,-0.01186738074837548,0.039567403203562564,0.11432955708253777,-0.0751436080712602,0.06403002316245984,-0.006157010073206279,-0.06547412762289778,0.0115947856053349,0.05446418492612374,0.06444346254696064,-0.039709669232805805,0.11970814338426972,-0.12713634720915723,0.05467992457019594,0.10362702362031549,-0.05473717840295531,-0.06178557696652492,0.13267931175293474,0.02404619192195214,-0.003810179275471298,0.01941047502791582,-0.17784594789602995,0.07846944142014185,0.01956884483923433,0.06749964372594676,0.13864534411815368,-0.06744117001050566,0.026265434320999044,-0.021333428676108754,-0.08064853546008437,-0.05565137578619079,-0.0015713477921890442,0.02018516145566958,-0.1224764998026301,-0.049142046065175166,-0.02980370092980631,0.0776776913121181,-0.11976687073272979,0.16198316923884254,-0.059136533638009775,0.005763969799536948,-0.0874581314820974,-0.0036283043438120376,0.05847625714563252,-0.12046397815757394,-0.017241612614768094,-0.003819921112689458,-0.09702597018986625,0.017118325644573225,-0.05312015591608149,-0.19391860299632732,-0.0535427779589432,0.05769951580827275,-0.04041653348987209,-0.11937792247475225,-0.07465353159204893,-0.12906998657596744,0.03938597186569452,-0.07963322889270877,-0.06514934296054609,-0.017837322190621147,-0.04226310015756402,-0.037993979013651855,-0.014705521055933275,-0.020936228834644584,0.1298746471770427,-0.14158701703412163,-0.09304772155023643,0.013226175879430853,0.1640333924400995,-0.10349776394586806,0.04483378908481972,0.0022095879423327507,0.027259705993778423,0.3023468023683346,-0.04594786526025192,0.06889087225299434,0.09254905665095761,-0.19042215710032978,-0.15211081537205942,-0.13659645703193557,-0.13026823519301034,0.09526571620858924,0.018113997547794285,-0.042663817548519015,-0.1139178289979625,-0.0037976340150982398,-0.015123422325394644,-0.1423303379389371,-0.054508407733917956,0.20036949412285598,-0.0390659500898289,-0.03302748630469375,-0.00996669974894648,-0.1255173957579545,-0.08328794216139235,0.08704841659926707,0.04248193888455294,-0.09165344901719837,-0.16876170963359055,-0.042258997524611555,0.06793551003679411,-0.06195914918322609,0.098201573581283,0.047066331800925544,0.20296944452066665,0.02149768563093157,0.09389851863802867,-0.02799405006036945,-0.04813894458745725,-0.19423445443682438,0.10563718214375414,-0.11299699500803818,-0.04877882595304658,0.010507921118432696,-0.018024398738414486,-0.05590414027343983,0.0886982303384416
0.018396021668351577,-0.03021467525597836,-0.15511772588064693,0.007118901539357122,-0.12681258476263219,-0.06424843802711827,0.09269608473934242,-0.025414497843203675,-0.06151240792467875,-0.0550164702548809,0.08120576796684371,0.03018237268719523,0.1413190142337966,-0.038965584432351125,0.0414754109197194,0.03397519984038255,-0.11580221041643014,0.09947033806968832,0.10907573739230877,0.0886782788644487,-0.05461087670856364,-0.17162836047973118,-0.0172449976593117,-0.05717681365527178,0.07249069891624706,-0.06978735540547486,0.1181245471856156,-0.08061665536957568,-0.22621158296042354,0.09212351391732808,0.025974017267972393,0.04555734045819863,0.04002297750987621,0.10497101891461695,-0.05740818473114072,-0.13612556615471738,-0.059541295362403164,-0.005640023168142664,-0.0868368593787849,0.03106670661178745,0.0944166166337546,-0.06508391731866728,0.0768842281817457,-0.21437717295211622,0.1441935050328617,0.164018306397409,0.09203906197196098,0.12122441937164508,0.0632486999025145,-0.08361636193012574,-0.021508216189952356,-0.03521908051375652,-0.04925672394051063,-0.05713643420700045,-0.18533982175414035,-0.0076905949805171495,0.05254070838926067,-0.04442982067675965,-0.12316210732326134,-0.1587634350100795,-0.04518192012903721,0.1494262673047124,-0.08304953629060036,-0.1774046802959335,-0.011973418070812042,-0.1378102740165734,0.006722919342443638,-0.04500200886438277,0.04699331716938687,-0.1314508729825231,0.036484771213990796,-0.04334249386299601,0.036040520871956735,0.06947425301818375,-0.022585319369560507,0.1792532498548524,-0.19633640426982418,0.014986859464837493,0.01664791278467047,-0.004067170457356885,0.041925524054093465,-0.12416015385391928,-0.00959365701853768,0.07688391747848135,0.04654661307724598,0.04274787726098445,-0.14280167342918462,-0.13971585614125306,0.007563240399645561,0.08986259391912578,0.016118965504375096,-2.123566934585865E-4,0.22108279159728964,0.0984027012374045,-0.06034315065609026,-0.047057528860827105,0.09047456738208799,-0.04788259300576193,0.030584704408697008,0.09107775121866625,0.14497141936048052,-0.07802175496211892,-0.1617798553147732,0.007863127390487367,-0.05522610469951579,-0.11257635003327658,0.011586316588653176,0.09249299880461843,0.011216914329060296,-0.0338644437150826,-0.03385236550740631,0.044482913291583534,0.05545970759452686,-0.03393072691439333,-0.15910331655184912,0.09314623095724502,0.09228070958909432,-0.03688857303773438,0.024096054759534476,0.04706815479167314,-0.16191456716787567,0.013745059509561385,0.10292543461951123,-0.02311584941501483,0.10672667969487783,-0.00525214160715993,-0.06681580395336273,-0.029846114815265366
-0.03788825321871056,-0.021935366362442185,-0.1359815515720642,-0.06697143587880268,-0.0400295755248259,0.07436459754208316,0.05412425383192639,-0.03586469182869019,0.1112558674423482,0.1568725510732847,0.12124917295022153,0.024138998230857932,0.06502555381094732,-0.1036806497509075,-0.06250003521521916,0.001055353386339749,0.03865890319838459,-0.10766079062791922,-0.21728579552472607,0.06277858485349085,-0.06592783213754078,-0.05435696786229972,-0.09886975596018646,-0.07785513159268115,-0.10217691997180242,0.021340862268817894,-0.07753527293974001,-0.09766193239111369,-0.046462321871500685,0.012011892559943364,0.05332692483090906,0.12659855843451276,0.16547073164589685,-0.21867395275225288,0.027872436261914317,0.2303378743736837,-0.16881719962267872,-0.03263696767497083,0.0751532594275014,-0.22645128778856252,0.11582438225765437,0.05438498697645451,0.1238954980829694,-0.03496864740888377,0.06812596788769956,-0.025585430877826273,0.04408988911586673,0.0494496634313289,-0.14294365496119746,-0.06961092732312318,-0.08191779198583757,-0.05712211270597171,-0.19590035849292803,0.004242313891462674,-0.024619707515571986,0.21524411873559188,0.13316695337731874,0.11735187875975328,-0.04928593837590931,-0.14401106619859122,-0.15249939670696644,0.09869489455050165,-0.049220923194969034,-0.006600257647875345,-0.13925547798983806,-0.04437927606817962,0.1789465853172426,-0.01562749048380037,-0.02245687927412403,0.08501141376707977,-0.10164830541642321,-0.008939367268496748,0.1039230544817427,0.010761415098705865,-0.16487844244035682,0.12109256218220532,0.12031923345870082,0.007746622011286236,0.06644433453915917,0.004532494963579005,-0.11544075759493876,0.05447648620774947,-0.0014773029152814377,0.07833677411473051,0.020066499598867582,-0.03349346462375018,-0.017342880584389358,-0.03433246755626176,-0.0026966159496294943,0.05349318387523452,0.11953197965340429,0.015741670636984877,0.13544571625430682,0.10392716490098317,-0.1995227455071144,-0.08884631797291016,0.03086848667137056,0.044066981980733166,0.025155027049296858,0.019013392456927763,0.08075541694948551,-0.02263057886053186,-0.06106299004772104,0.11244082939596468,-0.10439903766681746,0.13573874744239836,0.02170292780835637,0.10505904460341732,-0.022996770526631388,0.053082807202387616,-0.058700777462980774,0.09751901968583641,-0.10295111957056954,0.06799739302699416,-0.10708021951995964,-0.03697642910996134,0.005431594154615171,-0.04424348984588078,-0.08953386922546029,-0.01871474874551071,0.12201782916763333,-0.07385347585813774,0.08691395002725955,-0.10832097061964832,-0.049169763486083866,-0.17592851936338083,-0.06806111528032355,0.04674392057277551
-0.09345508674129874,0.036823504180901696,-0.15816674693208543,-0.03909169305920704,-0.0019863345412288037,0.04085790613454526,0.029331375719315822,-0.050335954880229905,-0.24969658603097297,0.006210246227962019,-0.06503762417540843,-0.23936475670617885,-0.0411914038959459,-0.0025363667761859887,-0.1026847281707305,-0.09325604957427645,-0.1019967782165914,-0.10800153648890609,0.04130972934255925,0.03944953102222329,-0.132183117809844,-0.038804646111788875,-0.002489070158856007,-0.18858495312722484,-0.0028150949675190854,-0.10796723352646019,0.14221314946798377,0.10389090032913194,-0.01787264950799753,-0.06057412547350183,0.03797281715856365,0.05402458123906389,0.03000447614694101,-0.023133990642384576,-0.050717239681636404,0.057485887265095174,-0.012275607708520543,0.017964099617063557,-0.008937755756495068,-0.0343209847707931,-0.0848712041418574,0.01586315050774567,0.03294473369428803,-0.00686446954346046,-0.10871290226038667,-0.20965216362594769,0.013905087346046657,0.008872386320300713,0.08062917789415386,0.0850836529217954,0.1543764062768562,0.020734046486908655,-0.02843613641669107,-0.0340640425042366,0.1738108543698638,0.06447758400042886,-0.22101588146664328,-0.05798357217915606,-0.06949996217031437,0.03116180301205476,0.15261091988858877,0.021838104695965588,-0.006251368537946255,-0.0513324817918237,0.0653982381087668,0.006312612420819359,0.06119779439603886,-0.02436625691768335,0.038883524782127296,0.10578855760434415,0.011513557601448171,-0.1252674192053484,-0.09734562387619296,-0.04497005070989625,0.0035251162807399816,0.08938892285018374,0.03418668118826398,0.0264455896375806,-0.0023342268066507926,-0.06439079558986542,-0.010679523539946719,-0.05700425550770577,-0.046978103594192015,0.0182984098143667,0.1569254945009936,0.18788527783849795,-0.13055939170735217,-0.0579495842252376,2.0361915534464333E-4,0.014081578665656538,-0.18509990076402633,-0.12020566432308433,0.07322203380474057,0.13195696708782526,0.10448636569571366,0.007914671876983033,-0.07323240120595119,0.009467736694298678,0.16117967038528097,-0.11711253490814079,0.1301368429094721,-0.01588540675291045,0.04977831092670013,0.02327837412639518,0.21512739686251886,0.10211774799326048,-0.08708693094326778,-0.03640438214173302,-0.05428822339058501,0.013255777393286282,-0.035201851952137674,-0.12186366205316602,0.06546134445388915,0.21550215550082924,0.011746360989059922,-0.0451048655756672,0.023164736177762817,-0.12756758536543242,-0.019759161083803833,-0.028342470388623656,0.07302924202089692,-0.04217656181102121,0.05988542761514934,-0.11767537695241982,-0.05625076733876624,-0.08352666403601204,0.02876155951615699,-0.06657057541034385
-0.17400329509478016,-0.18062197711463038,-0.06135324963370051,0.10786769196141877,-0.16869861199590924,-0.09020201474511122,0.013910491840101223,0.003509191079568736,-0.01776099877197181,-3.873614668166176E-4,-0.09139979476621847,0.1318909540049274,0.05772414847055497,-0.08698322693271576,0.0686904428099525,0.047937572947657096,-0.001804535352158648,-0.1333176643078936,0.07983161481243875,-0.024537614067566504,0.04136083103186746,-0.03221747319735649,-0.1794679479747994,-3.0897320079238287E-4,0.01566014064441542,-0.01641528855225701,0.05702653243826978,-0.008486090244043672,-0.030215276949367455,0.09132163659775704,-0.11573862344915813,0.10609877151871609,0.12417653188362317,-0.15578271104746716,-0.17114461122821523,0.04861184753220068,0.18478749322985674,-0.02640837038821773,-0.04757721443952009,-0.06609876125526334,0.020602985922279056,0.0459138021055467,0.07239907894004388,-0.08282054788050916,0.03302645987579542,-0.028253683764229234,0.042267445818521134,0.02201250405389286,0.04969432669062545,0.0792045403610948,-0.11983962547008797,0.11962552714465259,0.04131465916216783,-0.16580658641356022,0.023109153965053086,0.027118490985702463,0.18457765523049788,0.028465230415707962,0.010442493898274934,-0.09693350152597704,0.08079843270945684,-0.07183553559623403,0.10944801543271149,-0.06589684301436907,-0.010655487660949705,-0.07625225200646489,0.05011608767446765,-9.542625774702678E-4,0.07895637433965763,3.1564800656768083E-4,-0.012266147801175806,-0.12216062728452473,-0.06764866364407336,-0.11996504745826815,-0.05267767298895349,-0.05100917440789914,0.01784063853891104,-0.09250001679723675,0.01652479319761132,0.06813081417563116,-0.01728355594941872,0.07200063963970518,0.01664635775576629,-0.004956866155519092,0.12241665061877753,0.11030856560249401,-0.014725206081860804,-0.014010148208255848,-0.007946660110843707,-0.02733927697966937,0.04386665240357731,0.007364118228867784,-0.04057130142953261,0.15691560688759496,-0.30876875759904654,0.10881378328376824,0.05307334824831304,0.16980708408067005,-0.006052900144262626,-0.22581081396903832,0.06926190733598528,-0.024245008012581754,-0.1353272581237118,-0.06528221326345685,0.0038201091961199965,-0.16061481117509477,0.024122963530114255,0.06703428891628625,-0.2424853526369475,-0.06116275493396691,0.235552788924869,-0.2683491608582416,0.06335296836484587,0.10918080886306383,-0.02113753831247951,-0.04997494284053312,0.09167063958403984,-0.01316006469779588,0.003939004198943741,0.06509302141902994,-0.08622467349417944,0.042869175473447145,0.06519536974383688,-0.27359359821692814,-0.21581098025997675,0.1869741084348892,0.054015939667752345,0.036884230367514155
-0.04007988654030477,-0.06491185396403025,0.029646197094414586,-0.07647990865419638,0.15583014298799697,-0.05238569549741004,0.08797929966870685,0.06587789776803413,0.15881816896017809,0.05408549373560533,0.013150511039054041,0.02045863575138585,-0.02532226136971555,-0.012318905354556835,0.12228117368706348,0.06117215308256935,-0.11076365686542033,-0.14207186869734048,0.07971719836071933,0.1531337576603766,9.27768357796289E-4,0.10147220012656212,0.03771242956723827,-0.08981186779699245,0.07266040156961265,-0.12721909940827306,-0.003912203466746671,0.20170535142185125,-0.046325744312406984,-0.01455808744611888,-0.03572250083425722,0.06935093283023448,0.007481804611736051,-0.10981377280385239,-0.07921920954841484,0.07771097199175153,0.013948795527190904,-0.050846687961517686,0.03899295508125637,0.05342724213504198,0.05630424357963794,-0.06943065917220927,0.19741227542658657,0.013632004502022767,-0.088471565521227,-0.11293230719817703,-0.1763923651039338,-0.07885414973766157,-0.07387399072408478,-0.11032814583095271,0.12252249092249799,-0.03888017105178219,-0.1137401596519236,0.11327175914452359,0.01925112369604229,-0.08680051347956563,0.0202170407008318,-0.03937441399572001,0.02643467259429662,0.13736138913323814,0.0911931018855494,-0.03564536048202611,-0.03858479659411171,0.015624171823783626,-0.021455999409076443,0.04759243585456894,-0.1355629102252309,-0.003524704398591565,0.11125510577507987,-0.10442526223321137,-0.08483253701179025,-0.13843885870054778,-0.04073444086500594,-0.18022716631758942,-0.11673773507484653,-0.012899877155298686,0.11487497230410933,-0.04547522982436775,0.027759279756647846,0.1981741762410288,-0.06513548436227565,0.155611474713159,-0.028785140898413917,-0.1586444655742353,0.09147370659416787,0.10049095827390192,-0.032529953052366174,-0.0819082146616443,0.1071304251532018,0.08578733140047122,-0.013206874990362534,-0.0953326265020987,0.010529300180711944,-0.044146230274985244,-0.12469095511713761,-0.11637491890678234,0.028452094731077217,0.003523223706508827,0.10369367610813837,0.18030202171428797,-0.07130182166245579,0.08541852060186414,0.2462800936973842,0.0014352007519084268,0.04412114693834601,-0.06351901197561342,0.11441298826729426,0.05653099167361497,0.05142069060567109,-0.1187445578243047,-0.0751790480741796,-0.13257922181036444,-0.11272422147899899,0.144161085299649,-0.055257106314995835,-0.046644038431083175,0.04683436190804116,0.2439563687083416,0.030159501438394444,0.07784731990316096,0.14118480955083412,0.005362160386375794,0.06054645542724063,-0.17430060373508754,0.001495966491462278,-0.08438851415990589,-0.16667895919646422,0.060844978105741514
-0.09315877687290748,0.0909034170125665,-0.04057703836035226,-0.0985299371059417,-0.017339280167254785,-0.02674727094004312,0.036030880793962924,-0.0411228412588301,-0.07548034108083343,0.1731182316080221,-0.015668102316319377,0.03670940057116164,0.05441915649830258,0.1790742077776045,0.0350773547211635,0.11435796090722973,-0.08665193623938537,-0.012998749854696325,-0.06608399969458847,-0.06375403919755018,0.008347653908958395,0.0689921185041143,-0.22599517659903381,-0.24834014972910987,-0.028242296373649504,-0.09322912520345375,-0.019807718915943483,-0.08495581875995799,-0.029721276460237638,-0.020129515626041174,-0.011441246357844412,-0.059847145835582025,0.022083792427719098,0.16349321461017877,0.010931257609539701,0.05268757394605006,0.048350693644506004,-0.05011776599152181,-0.017997093392949887,0.0840023590020929,0.11193365562412258,0.021374742745200452,0.02853016550829974,-0.19537979188591012,0.10551203764495018,-0.013644941980265956,-0.017297375796609598,0.084659665378295,-0.05420711726055913,-0.05976188097745444,0.08026716687311589,-0.0696244054319932,-0.035263390341620064,-0.1799043076618932,-0.0031040553421328426,0.06466585418063962,-0.011476289749227883,0.08753700772464978,-0.10554363050849591,0.05648006618443379,0.08009828458911769,-0.011249621791902333,0.06985291750398691,0.036779950274513876,0.014570538143971124,-0.037399046664170515,0.09891746172081543,-0.09803711775101481,0.06604300269403235,-0.004558740128390838,0.12313473553905616,-0.047410468326147905,0.054785362777694045,0.09818154320469098,0.06326043167684894,-0.05159068692818711,0.017274079532048056,0.1206575380258084,0.049544237900315896,-0.05796401188998348,-0.010070095957004376,-0.06909385805934126,-0.03933680472574875,-0.0958415305750813,-0.09021413862270233,-0.15285210603569638,-0.07413463422564007,-0.17727022722488983,-0.06795526416941398,0.03099249219223216,0.04952625778678287,-0.06154219720460497,-0.023034848108114077,-0.05528173678250153,-0.1637130308353845,-0.05251959728727892,-0.04081198992553209,0.030278340995570727,0.022808092610048427,0.06289162174539509,-0.11772063675548047,0.11073081990597512,0.12554193658627594,-0.14830514599527767,0.0251925666322066,0.07741728107580151,-0.1266895156781661,0.038751455295918745,0.10163528562455895,-0.09876527426935529,-0.07085661417349397,-0.04566590074411025,-0.1289591382076044,0.012808284681310742,-0.1227677650205641,0.05426143897719446,0.06902921580060634,-0.024173844540803107,-2.611372228327317E-4,0.08912195091980904,0.026814779682808383,0.004988922807162831,0.1241044983631093,-0.1389245165560417,-0.004816628796302718,0.08069460229623096,-0.10950382581119907,-0.05871065371389187
0.036503980355253526,-0.009875841449699035,0.00491948314871571,0.0193468238039177,0.08613186456396026,0.11986054274710718,0.013277485365388456,-0.09069506230925295,0.1437021541959326,0.01572414424943065,0.008803058755128827,-0.08611943346608793,0.13964508581766366,0.01944995515494275,-0.011459551461351556,0.07118937821087545,-0.045445042049418544,0.010107238154316972,-0.013993098124582753,0.10355856004060834,0.03065485401782017,-0.005175554465495337,-0.13162681728553893,-0.2193680896505154,0.10416659681090314,-0.19022195380671825,0.1727573030106392,0.07257440873620556,-0.009013093042452154,-0.008327530062430238,-0.042888726704392185,0.06300377467370966,-0.009174911878237674,-0.015634339689481157,-0.059976251004396235,-0.0753631786169024,0.07484119783955515,-0.09329817911761726,0.1162276945636636,0.028248148939409124,-0.13076417035772797,0.0030580715803098426,0.022329915977455563,0.031317465407957316,-0.09636025976575596,-0.07976830875900599,-0.03636417017199194,0.04737918434281404,0.002754722355167438,-0.011467857092294989,-0.15562746841370012,0.09738460123152097,0.050863101830581084,0.04027824128960278,0.08029005720024236,-0.11616877397919138,0.12002790165397667,0.04107021735414153,0.0988019685802297,-0.01782332048004277,0.033888143887449006,-0.09811560810710568,0.09049580977312978,-0.07937981073564178,-0.10322786118327561,-0.05774815450357431,-0.052855632476107535,0.10801887242783859,-0.0300152242392657,-0.058227678833270444,0.0718012373094669,0.01464384409321913,0.1629033144530576,0.005108473348770095,0.07040542987439297,0.1307837909785467,-0.020640860887043134,-0.028762709305705545,-0.08317941208669088,0.03276685930836853,-0.07991380243675915,-0.02299503877930908,0.048311727794258234,-0.05426063641574623,-0.025616512983009473,-0.08755028809925655,0.08091692239467409,0.0709782164491605,0.10057264456518836,-0.12757127903329968,-0.07994403354390338,-0.007345414647727027,0.08111696473360148,0.097143603575378,0.07728442873592385,-0.037925932844670454,0.09301671968517669,0.014787048269629986,-0.003728352481587963,0.05128460464458878,0.05861098977768822,-0.018750072586407297,6.833098701990808E-4,-0.03202051357791541,0.07748311255334413,0.06585321300624691,0.08244431448013306,0.06406268287849522,0.10370005941608264,0.02652594061220518,0.04950302199771513,-0.047438759172757805,0.013675159999115984,-0.0018045232064235806,-0.006427419308879833,0.14099059291539967,0.04213117507377139,0.031179981172127252,0.00232447423144778,-0.049915141645159054,0.05319347889094128,-0.04893529717418649,-0.0859389668116156,0.07189568291706316,0.014240092598651626,-0.020884379724873118,-0.1370241799080528,0.01105894141362349
-0.0880693032941872,-0.08640507635160231,-0.042627526976387366,-0.10391879868850755,0.03475074010299259,-0.007016225626370108,0.026094034902534056,0.039396070625939486,-0.10499243510733962,0.08171643498450772,-0.03657639609113067,-0.09033855364908847,0.04230474435900724,0.03696950788793156,0.06392426545067294,0.0024094398883260505,0.026649453660475362,-0.10067217355551801,0.06134761245212492,0.18519500392835514,0.07834558151513321,0.08878066250404608,0.04691206101303977,-0.02774893809536453,-0.01467777917919863,0.041118643857041615,-0.06795552810402111,0.008110588988261943,0.005187864051416788,-0.0336216454645534,0.09100557174510084,0.13178861306415138,0.008645006207286894,0.11395821884334664,0.022561855740952045,0.047665697017294964,-0.02357434496024177,-0.08724369633761316,-0.02257057259920063,-0.07726432087393813,0.1235731267332134,0.036059121600323596,0.07517201635398733,-0.019252811102989046,-0.26715341595763265,0.07982715059896954,-0.0846868889044419,-0.15764585495079117,0.009271712909558971,0.004796381724166043,-0.013522507399999219,-0.08950641219439326,-0.05160524064028139,0.033278007270204676,0.028507307873359273,0.04634168378486994,0.07608818174483689,0.07554643479077927,0.0223412296007108,-0.17856737635159112,0.07132242950923628,0.04677586522865516,0.03926329266451462,-0.13126687267950093,0.11195861547032647,0.04380351273919074,0.02371119190524352,-0.015220265659966288,0.04030442110403459,0.059131304371149745,-0.04575136139020128,-0.03183450123590754,-0.09224916842506878,0.011694703162494175,0.03614200556061842,0.01950792874779883,0.09312843369199077,-0.12419007081363913,0.02378589972416823,0.13115381055293543,-0.14402379447927588,-0.04346148985176451,-0.005485203734657155,0.015156957385246804,0.005849324761670225,-0.1788228825024738,-0.04791938530903296,-0.04958027708040591,-0.010917458623789745,0.0015841335334273482,0.09082830033260701,0.11153672024650407,0.06134710903341538,-0.05732875865230051,-0.1412960380655813,0.19072402240300365,-0.0532567326826336,-0.01023535343445214,-0.09368946844295113,-0.010306383308699669,-0.10000512157868033,-0.019123712512499995,0.04825671481968909,0.06668532916542161,0.04273361812902293,0.014746476690668342,-0.01669624641299887,-0.08158839978172626,-0.038381838158640956,-0.043161642061653197,0.04357214140866102,-0.1593224761360937,0.10899203417269332,-0.07531992009298671,0.053699016744594125,-0.041726785471669796,0.05759041945945447,0.048155296404071735,-0.04293484541883074,0.026850155760995007,0.04875449921152588,0.05051061159769914,0.16256809874030878,0.05143372281181159,-0.07909926300628776,-0.12981671085185187,-0.09582104093570992,-0.027644503343940884
0.11591517030414174,-0.02740960968674224,-0.02729843174024467,0.09738538113436938,-0.17553937794034663,-0.14628229123713943,0.018220327545344812,-0.098549389999368,0.11942702568046326,2.5441815605138423E-4,-0.05338752681710772,-0.012422271404453266,-0.11568381843488074,0.06734361208285315,-0.02662964689766269,0.012994421863126998,-0.1026313493649898,0.05871685661700294,-0.09514156811481253,-0.046294956458529414,-0.054391798089962806,0.1807007319099771,0.004492189009475481,-0.013952987140186597,-0.004257867251159296,-0.02917209490072536,-0.014532257161004362,0.032691811951353525,0.03837714101123933,-0.10559455830290514,-0.14844655495878678,-0.040123213549642045,-0.05697442875283485,0.042959628034008907,0.05928012643395645,-0.03530064819257297,-0.12282686741603542,0.22030693531933282,-0.0028023690663032345,-0.09247788279957134,0.10108555548073067,-0.018602213618225127,-0.005230444135045328,0.015221429603310112,-0.20047345450482032,0.12787740052269722,-0.13617117144382818,0.14269499587561113,0.020743077631280187,-0.0718529098520358,-0.19399210468127182,-0.006658696305122933,-0.09216634128943567,0.009691292940449153,0.040251164413996496,0.012443260438589183,0.009915536894120693,0.07484374973614638,-0.11394952331114673,0.1211217399184424,0.06446806665687121,0.03174856647733524,0.18604208899129196,-0.05850149737776878,0.02685438348609856,-0.012782167478354768,-0.06319335844550764,0.02481328378326509,-0.06569245525047876,-0.033803575571088804,-0.027050923166037914,0.09238285824216386,-0.03620525568720849,-0.07523085684759494,3.0929624127159946E-4,0.09684148825690916,-0.022920487827841982,-0.0030607541108604876,-0.05089958415569242,0.06954513091126702,-0.14351646147822072,0.007414189776757882,-0.019143585859018823,0.12409335056230901,0.009948529080632035,0.009073275446302077,0.01844051917267716,-0.09264156623564505,-0.11483610949422433,0.030458708093407564,-0.061527523833643814,0.11754663338735256,-0.0037765508276712467,0.1341667290998114,-0.04479710647962997,0.05210665221627385,0.09032332132381023,0.011337796821789765,-0.02973178496130884,0.031639564877787255,-0.10320397467187778,-0.03415690331440101,0.0837977853777055,0.009818794555781612,0.05757795997410799,-0.20267179750908265,0.14730422868282222,0.021186614350351185,0.16558530499266114,-0.02999695514244154,-0.12897312350712367,-0.14976624964065383,0.10564478063502551,-0.0028845900326449738,0.07960772130185159,0.07738585571326288,-0.12946658640162986,-0.26582155163472665,-0.12015761434472491,-0.08760883612631166,-0.25460770404972455,0.15995247195618073,-0.01769785136406112,-0.09556389520403369,0.01351220188230019,-0.06359094509432084,-0.07101196037769347,-0.12823882837866543
0.008019697593469936,0.0822052650750184,-0.12275135248413714,0.06035274014293927,-0.09303498963805164,0.08579390251650727,0.12106298945202554,-0.26315364334845603,-0.05280505120549822,-0.023058375866176775,0.1852762891548221,0.18539749259122046,-0.028341044414286257,0.0366297375480558,0.11969607496637681,-0.034469506257403776,-0.07885486309834763,-0.012206845013078433,3.6855980378645587E-4,0.0318163396595594,-0.15098699189817194,-0.14496977975469122,-0.19310304169744652,-0.10307741286980919,0.034922687465708833,0.0739612193253356,0.05191647654781263,-0.03833042747460209,0.05931637649909192,-0.05948089099413337,0.034206277251145494,0.08283783703705344,-0.00982484315674104,0.09026059687956421,-0.0970829466276608,0.04834985572842899,0.16868530724452763,0.019974521243880224,-0.08691382593981832,0.05541520236017489,-0.03593444390844631,0.07944765263264239,-0.18609898550491863,-0.043518744219141176,0.20607535426785611,-0.023618098946633786,0.07245722333254893,-0.08862487277298431,-0.07986572974551812,-0.06750908375375604,-0.18735327596418686,-0.22322014469793444,-0.009795570594329783,0.12185656386777094,-0.03700212568332531,0.009665463110007013,0.049760981046626004,-0.05281301834003291,8.50638296547912E-4,0.07901396044838543,0.05847642633191564,-0.09153637008777411,0.023946712737046003,0.13847152961884607,-0.23443140649313418,-0.02450155526374881,-0.10047322987673578,0.11599407860694115,-0.10047518110092661,-0.07454504133693098,0.012964237218520098,-0.14909860407203393,-0.09221061854699994,-0.14793805387225517,-0.05011236716625604,-0.014612373766917541,-0.04012002714189363,-0.08396198200960163,0.0211234751837304,0.12020767968438613,-0.1274303836704621,-0.03485593707809117,-0.08437151539680202,-0.14349425736490895,-0.01735338555731821,-0.13348593189603472,0.06622179954706676,-0.02526529361506024,0.0971331175964643,0.09542390366857194,-0.06363126885816915,0.031059209662557756,-0.01859081585092809,0.15161506629757626,-0.2185078087872885,-0.04444130360188539,-0.06412985561544055,0.06952973109800864,0.025524345793927275,0.07560740119815947,-0.005298937904611439,0.020292770104409767,0.09968287780876518,-0.04188285676135632,-0.04297969375719912,0.10993565172033874,0.007872177835808621,0.11510741587126026,-0.02332851532817021,0.05294736373368315,0.17054571742015207,0.06895938071469936,-0.028060215384598842,0.05978245714270772,-0.14724455385665516,0.05528838741025618,0.055800591974110934,-0.09206290023111727,0.08616448819503993,0.007673758612832959,-0.013260231413354518,-0.04343145709657757,0.11722030821103678,0.01885376205071987,0.06085074774875693,0.14400947762918453,-0.054490493869528325,0.013672684582313094
-0.15637502536654072,-0.1505580663840998,-0.03872969111798486,-0.11314866356056656,0.06559783592377467,-0.07380050168933769,0.05850225948103234,-0.072815191645805,-0.019926781534795938,0.10340054172250342,0.016397506359540757,-0.07263256472234975,-0.18837418668886788,0.07454142309646615,-0.039275946965604394,0.057052718120795265,0.05363712812265247,-0.021812458599146083,0.13207825283929203,0.06441909057021916,0.15023750382833514,0.16643455561555967,-0.008388331501051005,0.11182433406729174,0.006129763569134921,-0.014573857828333748,0.11533745481479055,-0.04315209654027005,0.04930865298581937,0.039169349502233844,-0.08865384306716129,0.020126398163807926,-0.16786040793973092,-0.016346273154260703,-0.007300964309615693,-0.1573807343818545,0.06046039367880503,-0.0832673328142238,-0.07038977463700186,0.007504668742083968,0.013162475634923388,0.006968571448936346,-0.006869427971218016,-0.07252207073456464,-0.02479138811444457,0.1412674957712192,-0.12063680038000639,0.03912673765298774,-0.1152807638761636,-0.08026259479338804,-0.04664981624608321,0.009915506988586838,-0.013613216809230335,0.1276766933058382,0.11483764023622203,0.035320750561234286,0.130450875044344,0.060734880015229226,-0.08760567406380138,0.09581849780624314,0.26381433512932956,0.10920064411669124,0.014832180611103554,-0.2330495437733884,0.13520494087510151,0.06426950824658587,0.06337019196189027,0.04248651998818682,0.007556812032143566,-0.18674161166841718,0.22773526506454678,-0.035960011512941065,-0.1551063267625495,0.06467230143837298,-0.0015808979779744707,0.08673269348259363,0.07136361365048252,0.17883736678181886,0.024026231120914805,-0.04458487133464613,-0.039933985413567394,-0.05650091239409207,-0.08788661498137161,-0.0384180318957161,0.10005215557091633,0.18668842251381762,0.10272484963898694,-0.03537115585633752,0.038028582636268335,-0.02358261869935689,0.19425030982428285,0.1288613669704164,-0.0438519238694322,0.21723780665779507,-0.04558410765337258,0.06533284702903874,-0.0597269980149717,0.11933297567702505,0.06221338740437083,-0.09140996868680985,0.08410786350136955,0.21776051357369566,0.09164475793377094,-0.031058702353453784,0.01939149516077531,-0.010170129944537514,-0.0934516908477732,-0.029681292417817473,0.27527730168206016,-0.03149465433713973,0.1841604654294906,-0.026240233772042276,0.014977596661888755,0.1014241409593285,0.0776796970937293,0.14332430168829957,-0.031107278664291717,-0.1070155917526039,0.17666020679786681,-0.04658923272872159,-0.0537065536384292,0.06331198925009711,0.17101954136648714,-0.1239413022904666,0.12961952378936603,0.002516701869639242,-0.026521593662748994,-0.10922241110198731
0.10179333034367324,0.018198980944252704,-1.8123361873925497E-4,-0.00929915504601838,-0.06033374170221348,-0.05242400343076559,0.0813286324532866,0.028644975896906462,-0.07996042609834093,0.15923576899020256,-0.01638442659689927,0.013007896879691307,0.0018719175624183973,-0.00591533238897177,0.07512997530614017,0.09534835180816023,0.17104362329388106,-0.03199201367077395,0.06730944663268498,0.03302772108856533,0.13293390747116432,-0.07290205610060864,-0.032742232375216986,-0.18207147524928557,-0.07155194070802542,-0.2024454164837978,0.0611277976516208,-0.0180007196781934,0.16350005802731948,-0.030830447466304527,-0.044435035820343936,0.017852374437179495,0.08311256315566172,0.10276956074376505,-0.18660338646836683,-0.06344442001659513,0.011230696166670212,-0.06189971821502566,0.016254551226778772,-0.1070871616245198,-0.03188546601641247,-0.008901643130172355,0.07612084568742025,-0.0826147335572589,-0.0015077722613276918,-0.0727434202524698,0.09943350748298424,0.03013891899695194,-0.08633409347979414,0.08714518213318281,0.0516256851059673,-0.05165574957716372,-0.09093255706714148,-0.062670734186147,-0.022978754959225484,-0.10396767925162216,0.05585861990651713,0.06506666674765586,-0.02039044652334772,0.013018328336129077,-0.027031387241212804,0.034273389745758,-0.07104776963535286,-0.004726109139955239,-0.10399920083589671,0.009854477833605577,0.12432313385212364,-0.058745149347291595,-0.02117689164080967,-0.051979566506956454,-0.031074270372984072,-0.03591376093875043,-0.02035485369468137,-0.1466075655186261,-0.02739330644940319,0.03769841927102346,-0.07232446096015131,-0.08736228936113119,-0.3223320925537344,0.04036511995159755,-0.04652592302920193,-0.03238457432460599,0.04892410202301906,0.0421737428695729,0.09046521046094652,-0.09717997412696514,0.13516106934445812,0.10681940078182235,0.08645113161093432,0.14601376480516134,-0.145931710762243,-0.035621982445866444,-0.020474419955955808,0.04844568301728651,-0.07648073762682582,-0.05326769534362596,-0.018890059920917426,0.002122799341008883,0.16995557967142444,0.11507048287141586,-0.058515577481456915,0.11023929067899363,-1.4463739738437677E-4,-0.0571039323589581,-0.11035617680440829,0.1377844213708383,0.04547929628961799,-0.011495984979642873,-0.08938157624110897,-0.0224545765465053,-0.03204671824669091,0.006098962533572426,0.05638616071532262,0.038165156306321314,0.07408017908244746,0.052018686926430066,0.1497033874294947,-0.15043172317395326,-0.14656698397112206,-0.04321154740358242,-0.12683781942941563,0.02395418288795254,0.08229504976568137,-0.03480720497399159,0.00441616944848677,0.006934734435931091,0.10451983989231324,-0.04889386921589248
-0.13434212225405273,-0.13395587173920492,-0.010917476386044197,-0.06481817452282376,0.016846905984425897,-0.0021500049718646864,0.2156978271610468,0.14352760265009845,0.11459125596888632,0.09175807908143624,-0.06581914700033173,0.05049856477804276,-0.13949659713156276,-0.029543860108701626,0.11495039806181219,0.020240880096903353,-0.1388953329704113,-0.0044302869209822526,-0.02488835004178741,0.037944922272266625,0.10322634569287725,0.03422412817153217,-0.1703266339683757,-0.09940462300517722,0.017999893895663387,-0.0430600862200905,0.07010783060967826,-0.0716114904032259,0.005672804037845796,-0.18664671868407604,-0.10731938934465687,0.0639898766484505,0.2574647135361379,-0.18638825310746798,0.029360221538942747,0.006353491956925151,0.03217217327306495,0.07769347659189746,-0.08186119953546192,-0.02483470793171092,0.15769246800984926,-0.027021254205818433,0.09206257907263625,-0.11088321687319622,0.10415051937148216,0.033725979027302844,-0.11075132507204172,-0.05881133936132962,0.12498835980914999,-0.07795648879059693,-0.055880816627554286,-0.08436086501872786,0.08164071121744883,0.10928367523387163,-0.08718091601198402,-0.04861442469269858,-0.1352349450718199,-0.05176532467689309,-0.08330584640291468,-0.02530637442878891,0.12639759311030654,-0.14840639510858378,0.027175812692487703,-0.009693275815785444,-0.13370133718163646,-0.030051739496110605,0.10799549801052459,0.03499191207486332,-0.08591269764090648,0.05037846229805273,-0.016982597425297973,0.16839633208316807,-0.07711338511638578,-0.09886960792190418,-0.0704385498397756,0.11175150602888713,0.02503775111739126,0.15957723043496974,-0.047821585893388016,0.07384277806855413,-0.05216926719799867,0.06357656878298369,-0.11844560864214826,0.008225491555632326,0.19534918567602497,-0.056759903176282045,-0.07500339552002747,-0.1269769204747153,-0.06444446401312219,-0.08346547116905588,0.16188588352406647,0.05585835094667933,0.11596722633303978,0.0657795455298198,-0.0720531717574777,0.029395363306052052,-0.06602051616771382,-0.08544862516513496,0.13283761698385949,-0.030294402463659935,0.026846994288623284,-0.1597595261218634,-0.16837558220708446,-0.19875717503327464,0.06528619917795851,-0.057951501510782225,-0.040682724216011115,0.020286915974181238,-0.11387714445978697,0.08316494169159074,0.015916522385378468,-0.06664082802736712,-0.08494733294910521,0.1813265914959198,-0.07169897989748661,0.07799384186704966,0.05212673662247187,-0.01690936073253821,-0.001819800997001188,-0.10973646703891494,0.009997398221538643,0.018137628892475954,-0.05442823422767068,0.0038405729231568166,0.1065660226899286,-0.05049354199091557,-0.005255768397278957,0.11460621447067781
-0.010022417129230753,-0.09300647178868564,0.12862496581691055,-0.05404271475197514,0.11876893933755822,-0.10728335902663826,0.0970197739412449,-0.048528182967207005,0.0771206942325031,0.06407383618831276,0.06900710212336174,0.1283895762477069,0.13192978085877952,-0.028522996487538407,0.0855022610288929,0.008381931070463821,-0.06833721667384181,0.07799776969506804,0.08158781350738144,0.08049784872949016,0.027054967166305992,0.018120849665304584,-0.1987880596947743,-0.005579623474928649,0.23466998762913802,-0.1177498824969365,-0.049553172933887384,0.031144103429362465,-0.02586468291165921,-0.0745657307882505,-0.1212106286905547,-0.07173632057870634,-0.08567693060200537,-0.08482414026460179,0.04718781267227514,-0.10819794598866235,0.07078015225002725,-0.15186632720939897,-0.033402448294709036,-0.11863117518516157,0.06732570087408568,-0.12178579494852333,0.11834212431320422,0.06331068520369752,0.009603885344222133,-0.08939363503276128,-0.22307254934226878,0.09897235118645158,-0.02194665480578122,0.0757738290433556,0.25764972463342184,-0.14068556171919716,0.1688644928634978,0.004996573108490219,0.0980191983681767,-0.07477888326798271,0.17238129111529926,0.11228174044830463,0.013671986276868602,-0.040744955551945385,-0.029167348444233212,0.04442171590151592,0.048388953451959864,0.020778721592773455,-0.09518166671461384,-0.026506340390257448,0.23914828981058955,-0.052629707454323875,0.05423523942326043,0.028691090934217983,-0.035620978738170696,0.003587016642351368,0.031294342948413115,-0.03184184537169908,0.08122608117928037,0.010804152496393046,0.012828086863954206,0.13563190206167433,0.003650206666298547,-0.08912818153816032,-0.16966808283770513,-0.040324560352566555,0.07193913433128168,0.047909032785196856,0.08969981415299097,-0.07156256310029697,-0.1274143927477996,-0.0023836812037024927,-0.06150733570372151,-2.4885929180641685E-4,0.038559332618996536,0.004089416302378213,0.023793325465778333,-0.006290499185049506,-0.05611134212913697,-0.03740094010672394,-0.04733041484511441,-0.046096900985554454,-0.13817122384716762,0.044885541213933115,-0.11372325397468447,0.02400376127479109,0.15402739453654732,-0.01501764466693307,-0.22488270496316645,-0.03872626439306055,-0.030471719592932017,0.02858828412485767,0.10478520462408947,-0.12247674317076239,0.021082283868466205,0.07789511924503813,-0.14432078251581912,-0.05205569997005296,0.05220263392687505,-0.10726579961547968,0.08370315226603418,0.15569827713508091,-0.06372835475974281,-0.05928378557232216,0.11811336997260588,0.03730719078684763,-0.031239687619369717,0.02660972210190661,-0.0299328420829005,-8.492954111978968E-5,-0.055994409419706195,-0.0011340711042833415
-0.014442842014367609,0.014624719471053317,0.13413587707114716,-0.05437617224574233,-0.12108558038618411,0.015959459710512575,0.01303473970533232,0.09902619539277599,0.06254792303657015,-0.05202801078883379,0.03323629857114951,-0.04634943963968459,-0.02324732053898369,0.14150396909332055,-0.027826369862082503,0.07615187188681959,-0.020878335537948125,0.06198642680511527,-0.003571107297052221,-0.030396225835448792,0.15697187391612422,0.006958408093005089,0.09553482088534145,-0.10376677808383122,-0.05980843066156345,-0.031604555905171895,-0.10132268320433016,-0.02015407412160548,0.012650229119359365,0.05047785628968723,-0.22574786101426086,-0.018640059443796198,0.07121893910990112,-0.0209965812925768,0.08586524655950427,0.12126310217795049,0.02883703350662799,0.020901155914585978,0.010949278534478362,-0.10347526904064117,0.08261381420335222,0.03627817947029293,0.19967661650528468,-0.002981785510658478,-0.1151741455456032,0.09159489911658811,6.023059818348912E-4,-0.04347379372357444,-0.09760046957684207,-0.03437449472838094,0.021953879278849495,0.1042579852174159,-0.13969384934196688,-0.15736377453577852,0.03742444502569053,-0.07737298935931046,-0.0619597662056087,-0.06092701637537712,0.020311296001434713,-0.11044076151211055,0.04969080533278947,0.05025526362449561,-0.12334460416685342,0.11487509045397502,0.024819096854232277,-0.03232392973937651,-0.050672808642998175,-0.010902668202184673,-0.016335661767604127,-0.14070316830475818,0.002409881196281171,0.1246992473249678,-0.048318279246581435,0.13779000901870253,0.058644064844185224,-0.08754879432115038,-0.13558088834004348,-0.31173488689846,-0.04315964077629667,0.14271723252503662,0.002034521090607326,0.1638595809104323,-0.19016213670519783,0.07857378967260703,0.06858660624756638,-0.04513736243712686,-0.08807289110986943,0.13536583247213313,-0.007132912024795681,0.05541940121533725,-0.0826222779429148,-0.03754757941061274,0.16983675893239175,-0.037055850683185204,0.02372574000898986,-0.19274164051378284,-0.028667280736565815,-0.1226746071327453,-0.10154144744549139,-0.017423145778944604,0.18485456683992066,0.10713904147080121,-0.08788705279460941,0.01504470101237303,0.05767893046466479,-0.10513451824819281,-0.16597553825334926,-0.057733790762677706,-0.07191812987533078,0.02607972825488949,0.021653215895485644,-0.07081337719130161,0.06410034553580383,-0.11183835619536946,-0.15143965593061176,-0.09078858431992655,0.0015246288976610073,-0.10765591441226599,-0.12221857858743274,-0.024062515704678395,-0.1681027318929872,-0.09404523287373197,-0.12215871593267702,-0.23560530086358883,-0.051449933201252726,0.14696287206364358,-0.0397503731555956,-0.19504231937747032
-0.08364297765796103,-0.15922702204109704,-0.028186271117054417,-0.06659828402403875,-0.16862254752958059,-0.03911902116213119,0.03054280782288023,0.008512941515050101,-0.013477661749307117,-0.006780815483118388,0.09366851868841872,0.17549331259419954,-0.05871124220411963,0.007340671614453448,-0.002479676420783593,0.022714170348735168,-0.06770819608371675,-0.1455119070423723,0.0846629410756077,0.0857648680146319,0.06456455310806365,-1.2553831911338645E-5,-0.1288521192760558,-0.07872525938620956,0.0016224455638197749,-0.018630584190560344,-0.07886319832755699,0.042797989789178204,0.017031665786762084,0.004603588053100799,-0.04403807622485715,0.004706692539100698,0.11680119493906059,0.0659669810499395,-5.246154605335436E-4,0.005997001653572306,-0.07987303813947844,-0.04252602749988172,-0.04649640615626457,-0.03636963132336953,0.02591328868904049,-0.009922626915492984,0.06783847917056644,0.0015001278778677173,0.06604823223699857,-0.12329412113518773,-0.1131269934247452,-0.05287136206868205,0.018520204197651585,-0.07871794288444253,0.07800176957308444,-0.03962464580222826,0.059836304357803675,0.08290907094734937,0.13184116981628644,0.03534684770116972,0.12831977778667195,-0.04921327774023542,-0.01606511543843181,-0.20038415231488838,0.1746628420856932,-0.08114152635563424,0.04293800736025946,0.09435531811989507,-0.1425634779040075,-0.10843095094858925,-0.020441166625432307,-0.0700812974631138,-0.03853742798610028,-0.12592991278920082,0.0439972924125739,-0.05775137480145481,0.10269489134471554,-0.010777108572262488,-0.06793777498103243,0.04669455223420612,0.0012837923703215921,-0.05848782517139735,0.03510097480841666,0.07108214762068621,-0.021514732807616926,0.045388430642237944,-0.11501968858236089,0.18437799146048015,-0.13199348623365856,0.0798538598280439,0.13004316884286166,-0.24884213753801296,0.018344423796204705,0.01582640313473744,-0.02358152164968391,0.008673859015273632,0.07789017184024044,0.051741783021681496,0.12473729914857738,-0.06198449713248342,0.059510268913918626,-0.0208029118438818,0.05680313593764964,0.0627946516845489,0.029898301553687986,0.11494602470171843,0.07836701315517584,-0.08868382267807262,0.04081545275403277,0.06197383816579116,-0.09613308070392731,-0.07280400747941043,0.05008771285550953,0.011381895012922853,0.060683211577812785,-0.002222905977458305,-0.047711293275502886,-0.10351501943665169,0.0531705131342903,-0.06609243493529517,0.024021951113456508,-0.04964606310694269,-0.02802318577765012,-0.008144495648764197,-0.04572524673175198,0.1578019651696918,-0.0850519084678058,-0.03978546322281821,-0.015363332007737535,-0.15349927301854688,-0.01784663503024938,-0.08929826230274822
-0.03448793169757406,0.06073820148196665,-0.1817303918538043,0.07983567674159897,0.1279237694194415,0.037626016701778155,0.027923525553152934,-0.0797642370793216,-0.016214068337783473,0.06564507565582756,0.11378974079415846,0.015639061895881053,-0.13048811155042483,0.022507016245681775,0.1742064364108014,0.06539572274007824,0.07860892736837553,-0.08449528341239354,0.2216186760442844,-0.007020709492087781,0.07563708756576926,0.03713012564429154,-0.08493842435883386,-0.039142275365971355,0.04938536963051994,-0.037663051853768593,0.13088333401755423,0.10364758352592746,0.07638632995760125,-0.10518933724250955,0.13951237483565546,-0.20341355264764024,0.01974414114785395,0.008336954513886621,-0.11304802195808736,0.010956399835522676,-0.054787718990192684,0.08846302640565527,0.11058178876960527,-0.13228174651074073,-0.036211471424177875,-0.0780433268663789,-4.859086381043933E-4,0.028670869407175253,-0.008758359401978116,0.08061318229662943,0.017732548473263953,-0.01565462511084313,-0.03249192269745717,-0.2025931115663402,-0.05247645016396572,0.0924645078343267,-0.09987421379128128,0.06413155994478051,0.2107532244710613,0.09218118452375279,-0.08476946688618767,0.0895072030428114,-0.019846054006885556,-0.009604758855919101,-0.027753772162849355,-0.1463070434070657,-0.22598623549668914,0.03263487294864799,-0.16225925189656354,-0.08854735132647763,0.026617001267624417,-0.02613951224962644,-0.023854492168681962,0.1007839028804622,-0.08119702675916213,-0.0909866616357602,0.116354471320426,0.06360529681426384,0.020126851189808916,-0.001344267056597002,0.020507317779262596,0.00247347999299823,0.0946117794339021,0.04812410940337857,-0.022211755586330456,0.3012906588362955,-0.06462433814323577,0.12514408783949252,-0.03258881965740854,0.05112471795444474,0.12058042099605588,-0.11101730969761246,0.11863176069524574,-0.03322195835719393,-0.09786271117402645,0.020016000956667314,-0.052644367862960305,0.15250395519524856,-0.0476760545385187,0.027239029308874074,-0.06465530467546855,-0.1447427698646905,0.03593501733751417,0.040985001747463314,-0.015464611538818382,-0.21500099421391905,-0.1137320363647848,-0.0997867328716485,0.1859799672031608,-0.04222354900510605,-0.02272655165789359,0.05235297994057485,0.05724673914805729,-0.022682917966606986,0.17458073538243007,0.06976392996187625,-0.20210122614382955,0.09308026510135797,-0.04736980316254658,0.0707170584770563,-0.029185291820318534,-0.2604833159196588,0.0028311456691380746,-0.053926930714229805,-0.018083372832276137,-0.11133163726528951,-0.025908214482918697,0.03634831543193888,-0.07920403048471157,-0.24464354814434797,0.09594598828945074,-0.0016365080807803213
-0.09623132899956766,0.01342056231546158,0.055032155505839835,-0.0023935172912281483,0.09468276074798491,0.0580510768414524,0.13730356593958945,-0.18964534493600047,0.011599344970276487,-0.019228743638694357,-0.19609958941746175,0.010431475203756747,0.019768114565869042,-0.06837487053194832,0.15117675293205318,0.008835902847709569,-0.17466562388600393,0.008044645059501877,-0.0900179103558948,-0.043433497596631725,-0.040794290838606535,0.28038428911823066,0.05767495175668738,-0.13923238635397078,0.0879519285547032,-0.13428957891282284,0.09622596024233014,0.08034985520056755,0.06637756980893275,-0.05254233594569126,-0.024039358623169395,-0.10831033054054912,-0.10164583167959375,-0.03393042930291564,-0.02128102531221198,0.014792135863353807,0.038123354996976014,-0.03192976886007843,-0.10366121098652382,0.04769913618785871,-0.011014737162673236,-0.06477985232632866,0.01732797653010214,-0.013310637484021011,-0.10008207476497451,0.11261217981136588,0.01023882605308234,-0.0754824795046733,0.035302847168360914,0.07425624345626447,-0.13479160339592347,-0.054938057836763574,0.18371818582138585,-0.13622007973454842,0.062431423056209245,-0.09659765865052387,0.022007946234753634,-0.08917873167202435,-0.17844377206948747,-0.02537846427505386,0.14205949038439183,-0.014043601127641872,0.18600426323130517,0.00384416898409922,-0.105558591754052,0.04637088976951049,0.15162201416537324,-0.03354494941971702,-0.008350941237424277,0.03864026584435353,-0.009178486729745153,-0.1102640413592642,-0.07452114119169025,-0.013342205787332195,-0.11497183523332796,0.13134796573962843,-0.06608173814416618,-0.08859292118835314,-0.034605136715563915,-0.046552093077708905,0.08704593581372863,-0.049324113439014126,-0.017670838481713406,0.22292237933108058,0.05014192186315269,-0.19569882387767867,-0.07742678036460214,-0.027979928120889466,-0.11658654197599015,-0.032597044365284454,0.11170372993007484,0.17467436008706577,-1.9016729505458513E-4,-0.16475729819382792,0.12206466488442001,0.027891042194102954,-0.12952665796163054,-0.010377293510324561,-0.1784536563776571,-0.20627818027140576,-0.04348938982971186,-0.011162906693094202,0.006075396329198179,-0.28822233669447445,-0.08248687503981679,0.006514886952620673,0.10690854102705134,-0.028369149866763095,-0.02505753599042025,0.01122794236497291,0.01551910715699266,-0.12691924610256097,-0.04898897264067273,0.08987029164798238,-0.10095649928650426,-0.020221477591520317,-0.039943328410801664,-0.12907405789686774,-0.06639660383698395,-0.06390872398413072,-0.03585790266102686,0.12312220825799376,-0.09535517001200236,-0.04779169952225056,0.007122229824156254,-0.027697050631234604,-0.006184111676730495,-0.04097405365370939
0.07288420327654208,0.11348144191363757,-0.06546585380225757,0.052080880196286136,0.0759544156151406,-0.0730083317106494,0.2512725883773996,0.08210946697855799,0.09879112493398527,0.08153306546273184,-0.24478216064107053,0.03641741497819906,-0.0683485106885689,0.20946025741142327,-0.08446065185774589,-0.03037760423173621,-0.022926615516154426,-0.03673503456717261,0.15617571535533595,-0.03064101701760399,0.14814052338941733,0.06864783333090219,-0.06232286718902264,-0.12676923263433099,-0.12483828096010516,-0.11218989964885852,0.008503155847409816,-0.06860977901429582,0.09121319689258232,-0.08256059550724552,0.09305604099026421,-0.14061845434697015,0.09368651396893624,-0.020545019446561053,7.514766585072176E-4,0.07943968955681224,0.004872831964194665,-0.006981314359110866,-0.056157495146169974,-0.14237521675445786,0.08819402252628558,-0.018517595343913847,-0.02599545145716267,0.03802140818244581,0.04457008499253105,-0.006205958361666067,-0.05160565382240532,0.11928607541609507,-0.17461397437687773,-0.04542282915551693,-0.1595926700726381,-0.015005959059515076,-0.008042155058594257,0.1674327229859858,0.047361611941547345,0.010983532616047096,-0.10234988511622786,0.08887531390350158,0.0737202367220162,0.02625679887492539,-0.025717653290615386,-0.19491031340048773,-0.09051050952834581,-0.04139601652641044,-0.10519367909542743,-0.04595816289670237,0.04110313655825402,0.038144897233050756,0.046657670187993563,-0.004159888245055127,0.023852687724701213,0.056601627624043555,0.013563914096156095,0.12728929241803164,0.02839236435234914,-0.16173046042055927,0.0922718501181591,-0.03836833950283678,-0.09881960442634007,0.042753982600035476,-0.03778534322236076,-0.011207255784055717,0.07999601095752447,-0.06340516534386845,0.014271959274162313,-0.04903891817836136,-0.08711738956662513,0.033546857246112484,-0.00879204741726764,-0.04260245237520815,-0.21343651034488037,0.13684504963109265,0.13244016846052878,0.11847499549758725,0.012393941249582395,-0.019054139964006726,0.03973012243769772,0.06897544396831219,-0.13101861924765898,-0.008263604271648982,0.03180108303933042,-0.09721230894874423,-0.061510475175975535,0.014733698736237871,0.05286163747904583,-0.023521008153732745,-0.1913910327940317,0.12201298609085554,-0.06427860387117137,-0.0741481859878682,0.017503732205876123,-0.16177391337469543,0.047194338319716186,-0.08357919410123366,-0.07246138419403532,0.056824695856879034,0.08511481941402939,-0.15657762292756155,0.061246346123330186,0.08427893842033078,-0.05033366904528113,0.053241676010958985,0.08623883399506671,0.09949783589669162,-0.03186128456865869,0.13305062954956715,0.05390959905983922,-0.14973393885915698
0.13121931822936597,-0.0560706737051391,-0.05769385939271694,0.04809179050680071,-0.02839252165457954,-0.06957059175219348,0.03422027343534079,0.18390438021636102,-0.02982068330359834,-0.09089460218088163,-0.13850751991624616,0.2886121925313606,0.16025232912478793,0.14132706748432286,-0.04110196855507562,0.0426441410601455,-0.1287566186373722,0.27920409005983227,0.03936903150530196,0.07879075008343117,0.005716075107360682,0.13960066503522117,-0.08247054694978978,0.04019550223983484,0.21426099653768652,-0.02082362315980453,0.024459656405822598,0.13613343037316428,-0.007096241462470432,-6.557831149335526E-4,-0.08855601049374646,-0.05905370771924087,0.022429551335227324,-0.15361438824320248,0.03133144675662938,0.10504330383490186,-0.0022207788177015784,-0.09889092637610425,0.0024575650786101567,-0.14402404580456482,0.07920239981555824,0.013548113971089758,0.044737671257686074,-0.005983265355809602,0.06538489368173946,0.007809823945318782,0.00455033510289591,0.13920764374686173,-0.11324663807340592,-0.04027903038611065,-0.013226912534655844,-0.020021303985254667,-0.041198892218505485,-0.05609423776775993,0.2381115586409888,0.04422328865066741,0.11822518892951374,0.04787591093474801,0.023932091822788392,-0.08193978542632482,-0.19591861235108232,-0.056408550995230115,-0.010271018809152158,0.08746849021206875,0.062367741243375636,-0.04449128666380344,0.041569637272734335,0.039809319196090986,-0.09130310154891659,0.044982512123696,0.014698324830074954,-0.1380250638142318,-0.02833146095176101,-0.002202757708139092,-0.15983016050952709,-0.10585337571078726,0.0427157488485538,0.10401085579914827,0.044780911973448904,0.0219865941338418,0.05267761619522661,-0.1104020718947942,-0.01622510739271935,0.09119227844140977,0.04806160542744941,-0.02153180207415948,-0.09724164044141545,-0.020747712862818558,0.142015321494925,-0.04556008455296462,-0.06975361212566979,-0.2161430347904876,-0.05719184096776126,-0.034568723396992664,-0.012037301444522048,-0.05629714693208011,0.1151910333035384,0.07755209605531757,-0.057797199779331586,-0.015660000590392742,0.09977218313886065,-0.19340073171461303,-0.0278405497069761,0.03285520382703783,-0.11098349659061207,-0.11162487886853113,0.04567143623125888,0.13305499431552606,0.06997814762585489,-0.17547035768139482,0.00372934364137252,0.029463778105999868,0.09049406209364781,0.025040302185173835,-0.1372811409589345,0.10315338911826503,0.27194504928185936,-0.0608143964931082,-0.11528381150162066,-0.17887670292644384,0.08008555484435725,-6.48784811557405E-4,-0.22291377964699427,0.0071765263739560145,-0.010385243366730853,0.038143704724963486,0.025964557563968607,-0.10409678909815974
-0.11415938943089274,-0.09595952937654977,-0.014764248814221278,-0.1395456867394313,0.15065286630366115,0.011476385281223507,0.20853108834878314,0.024635342227290122,-0.007608382633449179,0.06160919173112125,-0.02924831280998102,0.15857396843854307,0.0037250689412617463,0.08342823872544333,-0.16434273428946974,-0.11783966934483753,-0.11958918384093029,-0.15798898461955227,0.0606363304107688,-0.0883849443228239,0.09257640236502862,-0.004246434341295784,-0.005883452080423912,0.013123097551861881,-0.05240433485267751,0.05224170942732774,0.14898245248647363,0.18373451946863478,0.14624854819202585,-0.058498353166433516,-0.01692646642028772,-0.026219285301854488,-0.07784854225812371,-0.27043618486754323,0.05684488181432727,0.052548128250381465,-0.17086207153759078,0.006922512368756899,-0.048704183541057496,-0.05009196597834343,0.20049277937152524,-0.13461361779059924,0.0841981373798842,0.08381273744623148,-0.06336835600227617,0.021296541567973445,-0.0035216153462235005,0.012695571930944128,-0.04681520871311392,-0.007956415424169798,-0.02339224792169347,0.0034946162257531205,-0.057773100205206186,-0.07732712449078197,-0.0639014175596293,-0.13304042090165907,0.09734369118796944,-0.18459398266322682,-0.07678411065923661,-0.021012628651241417,0.09020538932255039,0.07791616366803196,-0.0033932399508948313,0.05721099924456152,0.0047886936331392,-0.08773284279081901,0.23144135909926067,-0.12232616043618395,0.0027774086283624475,-0.07465958123928572,-0.07962396144918649,0.07196990546815174,0.014861876561452016,-0.015001336161917213,-0.007261925721101387,0.02750379689597965,-0.010231396765743164,0.11037026069351234,-0.11882866742796186,-0.07424266546097044,-0.10301789644877397,-0.03585334063339143,0.10641675054163352,0.007469790509438613,-0.007965229903420218,-0.04195507603053095,-0.050750843855030134,-0.034915646909848705,-0.039988908585014006,0.05289473906319468,-0.13731172101105663,0.09087527331509054,0.15132770675970908,-0.005527471216020268,-0.057616633175870985,0.013683435776793717,0.034773862996308795,0.27872767891609823,-0.07873347339049587,0.014442253802747478,0.06132803037524912,0.11537211903564139,0.05562592024457534,-0.04837199160534165,0.1412091364171587,-0.1045969084888819,0.06096150187671303,0.06787319771338536,0.015937475640346057,0.011324747661134374,-0.04055896097072161,-0.004453176171993941,-0.07195695338469253,0.04831091112021017,-0.045840248711247776,0.0686623246738408,-0.10569926665938092,-0.12167308067895183,-0.07944264611471374,-0.08252064935751638,-0.0985426157481863,-0.027460535828952384,0.06740018441722437,-0.07451701948354439,-0.03025160346885506,-0.11431464186233746,-0.03807890080572084,0.1511738029413976
0.11217941273500438,0.057333300552219725,0.07122511250215639,-0.022510724288764956,0.034576381264984815,-0.02015580428171721,0.08194660358980548,0.09318763734235982,-0.0766273345697498,0.056766165499768595,0.011319705689018637,0.01703450710787246,-0.006649936488442626,0.03825215452862682,-0.19978782933485745,0.01134245029960117,-0.09182156465506829,-0.10936474617821247,0.022844584680670597,0.07107286170472556,0.11169814904123046,0.021144008405717958,-0.042141236257371255,-0.11006076653241476,0.13325261987594966,-0.1553511257502015,0.10485328902769704,0.0083528112935444,0.0923614654073395,-0.034079388117754406,0.0025402351993913555,-0.026551416893519787,0.10892460508137022,0.09027543116238923,0.10180935679558596,0.05367300531577844,-0.09540234990674065,0.04971592995678866,-0.11022759885563585,0.0044441531992994955,0.05432884256168925,-0.09456580397078301,-0.10451522050764815,-0.1306748510702448,-0.12359302746726505,-0.19366670686100695,0.0348037109659165,0.06988053854757556,0.18709010251844718,-0.0693439657850119,0.01186553553475345,0.02966031029902391,-0.13046513928582268,0.025492699345161234,0.020222006109412032,-0.1285693040849843,-0.013899135081223602,-0.058737946603047854,-0.039175092819883114,-0.14213382764069327,0.22333381750855116,-0.059764589558609464,0.009636704992826303,-0.17534962326401407,-0.0321654338776013,0.11362693424999155,0.056165273959053,-0.17351093083667238,0.05402336119000683,-0.0328625434012487,-0.0947206784694886,0.21555506550021838,-0.04574979668033668,-0.07046007463343396,-0.07005545557758983,-0.047806737107210416,0.010261350797467188,0.07262792388515214,-0.19114759195481584,-0.044573204968434,-0.004868418854795458,0.019559778959613604,0.10970010055519112,-0.14911498024414452,0.15626649076204832,-0.1011315907810445,-0.03049761010335855,0.10581780358999417,0.19361371251069284,0.019118927624842973,0.07389818838194068,0.070529438571341,0.03313821790000448,-0.1188102835566947,-0.13998732554604462,-0.023635650374412627,-0.004215941769489271,-0.14316815023698234,-0.1286077246208945,0.17029503477015986,0.3365892157922086,-0.07608296761061328,0.0249253442441978,-0.037000006946030076,0.05070092696405242,-0.019741213109368952,-0.05873628361873362,-0.12091576851891014,0.19770687588453728,0.01492382531579556,-0.012462959634061972,-0.07438741600127421,0.1665720824200479,0.06936714280577536,-0.025728858668474738,0.17733782290373196,7.202034622007239E-4,-0.06536540445810267,0.03901975438152972,0.12091839450192488,0.06108485137509403,-0.12049875717740927,-0.015594798117853446,0.029197150649541103,0.11708548491798713,0.059951366729308314,0.06164071123372408,-0.11394748335188036
-0.03785945780128742,0.15684603450695409,-0.13049227366565178,-0.010721304581938838,-0.04420160966828049,0.025280816500730843,0.10316938974862025,-0.17173012376951696,-0.12805237262353056,0.021154153714831557,-0.11411933235847886,-0.06894715642648891,0.08380114834691602,0.12097626881084561,-0.06043427958660241,0.15969041147085639,0.003992951349297499,-0.01630206012611111,0.11644661521430114,0.029568755199010806,0.009310754297786229,0.020656944913363083,0.04830824708749957,0.17122213518959767,-0.066407318956449,-0.11511000437339897,-0.15678864588230404,-0.038260888444309284,0.07853195042234934,-0.04374145981734249,-0.05164965068977686,-0.006137142899691779,-0.1823508968390575,0.07275427894575617,-0.06191863311642947,-0.0048106155775492175,0.04482363500645343,-0.03529311075743896,-0.1476444783801118,-0.011612318008638566,0.11934096025475761,-0.05383263033974651,0.1285705342897882,-0.0734996670192517,0.07964626323501188,0.03627194524618225,-0.009342825271362622,-0.04341721166452608,0.069158353803194,-0.056366416905201965,-0.029229260224591703,0.0038099628572793643,-0.09223681101997029,-0.06517727529772531,-0.2059092381123805,0.12000385441755888,0.06438489954964306,-0.042557039202401586,0.08581989378498718,0.21175297656615485,0.10024117318630073,0.0038724074128284065,0.002766933199053791,-0.01846732665545471,0.13214790199452775,-0.024112155555827477,-0.06133245878747498,-0.04710542031681356,-0.05638061133725817,-0.1590959724209097,-0.06937111864369669,-0.11369557146212271,-0.1114496275470833,-0.050870940090083534,-0.09422745383400521,0.08107369976130632,-0.012668303641832792,-0.1233485313430151,-0.02978025293005468,0.001729229166403046,-0.13020546882755069,-0.002200157129146588,-0.025456778414166777,0.05724619661820994,0.012933239533566376,0.03843670419136528,-0.014155817183624176,0.0012893367647362711,0.13534492133359655,0.08734296474415873,-0.12903086491845134,0.06032684945673197,-0.08998424079176529,-0.07976777496481456,0.07497801332640579,0.045189367830365805,-0.044660361496685765,-0.06728961207264927,0.22885150957704278,0.09816745495511703,0.012342865706099574,-0.020690947713941588,0.03780998889309098,0.016176982057129596,-0.017955972937990294,0.0063301065142848095,0.09005133584687701,-0.2128410733949964,0.023262367306521765,-0.07639637824785296,-0.1334269679360853,-0.00805676161527228,0.005214197986296441,0.09913453971633227,-0.07772650077221771,-0.06492092764652312,0.14577378777995134,-0.09933742125027115,-0.058703899527418335,-0.17556645872164225,0.21203143723653026,0.08530541669102636,0.12149996157501923,-0.010715574647451709,-0.005711872960130484,-0.06444169977846424,0.05363736997406569,-0.1737668872655168
0.031614696718620876,-0.016124401375695947,-0.05038955158810323,-6.660115614571141E-4,-0.05500251818756655,-0.03858354295955833,0.0669517673411788,-0.04072886535264568,-0.0722582921539377,0.09110584943982616,-0.16250024841664884,-0.03237620273565228,0.08350181962090929,0.02873101400113543,0.029530201572974604,0.018036451126671644,0.005272830183757382,-0.09731434472582333,0.015601633405339446,0.0751476509419131,0.08512549694875567,0.03691975269629888,-0.19538815300755,0.11624653115194579,0.12273523512098773,0.09957469011962417,-0.11932508239892844,0.10838960756548656,-0.08443136039166613,-0.0622156403747455,0.024592151594238783,0.001268241554326176,-0.06282125450395552,-0.053552657995623046,0.022764275944102387,0.11984050936247195,0.13594723605401082,0.08290526664567818,-0.09086594338825853,-0.008670209002225357,-0.06197420078347937,0.18406253939270842,-0.06798191610322964,0.023713418041577325,0.2178956668518766,0.12663546926950492,-0.02920205455895351,0.01291124661266448,0.05621218143855672,-0.11755071180194608,0.07424914931961218,-0.11349699223408628,-0.017030807631475582,-0.11088793138017906,0.025608384649337682,0.006282421977040691,0.04670285442849619,-0.2146902357449561,0.026677068257504277,0.017090103858327484,0.13108814192089888,0.020588482939620005,0.08186120625495864,-0.09542864439389141,0.15154660889647462,0.0049963197896709275,0.09767629290953615,0.07185932347890947,0.04728716201450446,-0.050631521961618166,-0.004323113170919213,-0.00874265438454322,0.027059920419075355,0.07611401083484182,-0.17442607154779607,0.07896047367533937,-0.03749878162151948,-0.18369110639758446,0.021496230242426587,0.09144381886575335,-0.09741742438504394,0.01818604018563953,-0.09885926987383394,-0.0497991340502187,-0.08610930766971746,-0.19293491550491793,0.010572799509054633,0.04154234417495274,0.186408641262616,0.1788453027798851,-0.03614433561141553,0.14466271578683243,0.15126164358066654,-0.01926259779143745,0.1327701172908131,-0.09506425782781736,0.030452903232647505,0.2280841642552924,-5.055125421643799E-4,0.12607230695797314,0.05137932892410852,-0.18904489406403774,-0.014154360912159838,0.027337859125963704,0.043245030828888864,-0.17894498287048194,-0.07048441541501212,0.0012322803293648389,0.015615633593733951,-0.0547447321088913,-0.017388998878086863,-0.033643588456674985,-0.10829568034032867,-0.017796177357741264,-0.044384135468996805,0.0696376210471033,0.07627660635990943,0.038451148469230985,-0.18574021273493466,0.029077426313246377,0.13268805534739972,0.06879053990711974,0.0758565651385796,-0.20833447148548953,0.19679012546755434,0.07038979388148484,-0.14402541663147625,-0.02495514280352695
0.038637252948088105,-0.1020430264819015,0.0044242767790769275,-0.09725628924887857,0.20701721645769625,-0.08532284291843549,0.049714523473585105,-0.006516932866745396,-0.0794654466108647,0.12086394285707174,-0.18082635195520025,0.2084852988093336,-0.16243344106692206,0.04559943336728071,0.16310339720078673,0.07741175463292936,-0.036243643311664825,-0.030297154074072918,-0.0743612204826937,-0.08083427914217269,0.005207309890412634,0.049604006731248616,-0.02937086576104441,0.0961446582050798,0.12786630764097004,0.010762382284678323,0.19196516530762184,0.11305917806784234,0.0024900855884100355,0.020012029537354776,-0.026788047948208372,-0.02823019068895749,0.04418391489393224,-0.05655493005867461,-0.05116469563845233,-0.08494286559876292,0.02595207196100076,0.203596093700291,0.016403021521283055,-0.04982923694832701,0.05851625991059703,0.04255181771788259,0.07198843067109567,-0.08641268836962722,0.047541408145526654,-0.21017660351105846,-0.1236255786425358,0.06390688508822591,-0.13912469148863613,0.03082879630280006,0.3256280158110222,0.01726410387617644,0.12005525697749744,-0.01997097014605331,0.05766163410113451,0.05798023755775782,-0.019801263960617856,-0.023218272033666543,0.05916237767647279,-0.21527760607925037,0.011215528504428914,0.02099179532808133,-0.20647252853191017,0.005739271397185625,-0.0023185765208532617,0.012958945456549282,-0.01758084457864422,0.18114174212159753,-0.02725505513483069,-0.08785392401747143,-0.05106559197175444,-0.13295898927819658,-0.01805086366317825,-0.035825730302840746,0.08477814064986376,-0.0703649502579089,0.02656693685209852,-0.037703857636135915,0.046474406420431956,-0.19449514616655642,0.07737370871350309,0.02992296056646943,0.04070213449857182,-0.021260757549405387,-0.07288594909888328,-0.051585474548053616,-0.19501325773701023,0.003798337473680402,-0.005802701976750739,-0.11285013415789044,0.11971678594149925,0.10806966721378038,0.08590823503449162,0.12514144641781866,-0.06044504887513616,0.15868155963071362,0.15839830471819044,-0.09823829477190307,0.1635715022972751,-0.009066018670551118,0.02507174717290667,0.0029756763742615094,0.0463662500857216,0.11155360152358189,0.005014185682657539,0.04660227645036895,-0.08128406225400303,0.03532451774977172,-0.043608711289108315,0.03218741584042247,0.1337578203926756,0.025448402581649716,0.017047356023082362,-0.036947239566703635,-0.027580011685588376,-0.12943646876352072,-0.016136807584132586,0.027035779007764264,-0.014359764574965609,-0.04309733470597902,-0.011174628698324036,0.010525782698578397,0.020434057121871612,5.249286219689672E-4,0.07287406417902398,-0.24817984299979598,0.06130150327185375,-0.003851340358250815
-0.05820841938063384,-0.025775350945592967,0.10088892238766584,-0.0028272663648173926,-0.13754517279390172,0.009966573600397445,0.07032645776766551,-0.007432401054109379,0.013406544302177598,-0.09668593105994315,-0.16082374686147466,-0.20083465734681813,-0.26341640909213654,0.025990107389266628,0.045967529269438194,-0.11060468792477855,-0.07788225115168068,0.047948134935951424,-0.13693749564701047,0.12314358544341397,0.012612688858495435,0.10075935684698953,-0.05328176814980853,-0.0407297534032397,0.21381371976641617,0.023330738749322153,0.1510372000618122,0.04732821867972322,0.046232224842211775,-0.06720661211112594,-0.031632588656789015,-0.02884595677384538,-0.08225782024425576,-0.049026642605797754,0.06979273827263302,0.028451644365808954,-0.09200431240920631,0.08505580782510594,-0.13428371703105288,0.12382189059417403,-0.13867093478762507,-0.025742587768471947,0.15800073393307232,0.016111551755058216,0.03910075802812741,-0.02565451514172808,-5.318024400899823E-4,-0.00232490555084068,0.0830916038725194,-0.2069230768538382,-0.05494194341280322,0.06246535263678781,-0.06060804073201645,-0.08875010922818159,0.03601919492780359,0.00998056696521684,-0.0576059667421949,0.06672630726152701,0.04335769895831918,0.054533494190161895,0.1144564978520689,-0.06803251290540731,0.05208141713298763,-0.11734754912607118,-0.0330918218288509,0.14981003496943293,0.05650179127436629,0.02179531856737464,0.0952060092268273,0.10006887319120324,0.15262535378309616,-0.22863418439028566,0.04733756486531969,0.019300088675596443,0.05777774274382718,0.054087337983164736,0.15537791217232522,-0.19253983165172153,-0.043278861048593444,0.13903680137104463,-0.10051325867765477,0.03900590960568766,0.046717804734781286,0.0668349887334638,0.08988715519788182,-0.09345020751415052,0.023108300461133362,-0.021807241828704946,-0.021962366088356357,-0.06126057101863846,-0.10662442519691308,-0.06182840977856532,0.11689733721565466,0.008555199300017918,0.014048176081828056,0.050194829870665224,0.15967731181723877,0.1304433268817186,0.11583100464452874,-0.07315114714471808,0.02463686678736139,-0.009319864499129063,-0.006444355992718814,-0.002754331077638053,0.03081707924653903,0.09036365586698784,-0.023536289501975075,0.32261361447363346,0.021231990112085708,-0.05228719977904895,0.03063818437107516,-0.09850752444628239,-0.18481446690365566,-0.19693896589659593,0.02591140544951945,0.13721087689498565,-0.010054140708790908,0.09519390849599535,0.08074833133902831,0.05171842357460666,0.04830066130792528,-0.024625155675647385,0.0780301735010875,-0.01199933009132848,-0.0750451740355252,0.07170536743758486,-0.04551924393932159,0.08420969608822958
-0.0353985494799003,-0.11421780925269154,0.022991951519658427,-0.01753163693471352,-0.07481961246376118,0.10590883096026035,0.06437466065189801,0.001288892031288447,-0.028385072178266642,0.0789129611994105,0.16168134963685488,-0.07662854868309404,-0.07433799605920813,-0.1283723792569216,-0.10827173527550499,0.012504541113839638,-0.16570167125884167,0.09892507968878896,0.07918862930564573,-0.010043972652170566,-0.005885486682627105,-0.12503178044526883,0.04780244589980091,0.02781690126412009,0.09386808324075814,-0.09710068965716959,0.13013228998710397,0.1819358021352093,-0.05943689730659686,0.00884378421283045,0.0037234144614022857,-0.1515479537333978,0.04818484385477181,0.01989396148832226,-0.04139269301948394,0.10161311086084218,0.02648994806282677,-0.06138665718118147,0.0645423761922237,-0.18583606516831674,0.0790716092180274,0.0938556387555835,-0.10273559503798388,0.044514133146722173,-0.04684382524631399,-0.08766225785678047,0.24870476378797757,-0.029336330391156046,-0.0010519063342074686,0.18418282990120147,0.07259504624982141,0.0019200249536122406,0.03457499731493183,-0.03806122342319512,0.05339841946134791,-0.04139247029536732,0.023080497437589022,0.009725643794171904,-0.08536270854175694,0.15530618061288648,0.009580255079951187,-0.05374108264287541,0.06667684352821904,-0.017506389345191428,0.06443975328897673,-0.01453323333571271,-0.11747327537865689,-0.07820669398362211,0.060609040418968294,0.06995247570747973,-0.021634878705319712,-0.08938241322223436,-0.06513480604371405,0.027755176245763073,0.04606086050481769,-0.034495971387032656,0.009935569696119292,0.037491103008237874,0.011258072651260963,0.23073008346104673,-0.03380122982707155,0.003712049528530414,0.011148731612574384,0.02270725480353502,0.07177594426608679,-0.03396488373464065,1.0828614181798224E-4,-0.027562454979502108,-0.041307952066788514,0.11710827009461222,-0.05256947439472474,0.028731155182763785,0.11321424878973187,-0.016846759274419427,-0.25700025290640865,0.01962707469076053,-0.009733424831740292,0.1138437050160567,-0.1848472847111466,0.11911155876151586,-0.04992209244512422,-0.011777536035414475,0.012378084220645545,2.6693568994536312E-5,0.14780375451106265,0.10062176066799496,-0.054539181000704096,-0.014445522947585436,-0.0037511483891960766,-0.04220562345743674,-0.006134296514088616,-0.1409816543783225,0.02190390628639547,-0.09325503117314066,-0.03627457187207238,0.10839817580660309,-0.11413549501642985,-0.015977750181241396,0.07851551945713424,-0.19086512596264885,-0.042451380189464705,0.15641329205293922,-0.011212635433270939,-0.07375760282227077,-0.04506099787411657,-0.08241027281008288,-0.08210315671099497,0.0525996944656072
0.08585700744913301,-0.06239091671310621,-0.11714479488260864,-0.031250647075685575,-0.01963466211603276,-0.06141377710425914,0.028702748260542036,-0.052703258795450784,0.03503194703173959,0.0561996521522969,0.08816885638181439,-0.044146585715124094,-0.12269845633330138,-0.07226056327702536,0.036384457069186006,-0.10267452801156951,-0.11244835061504466,0.020096104178429462,0.12218480232299457,0.2287312675869498,0.0695977066838835,0.22584823390043765,-0.005777046297707259,0.11973402813511762,-0.04618650035894619,0.09186260587473694,0.042149792557160726,0.1617135133607019,-0.11678489594715223,0.07382211974838584,-0.18646285757856676,-0.035874603678947126,0.1895052493657643,-0.12411617660569103,0.10133225733078373,-0.04493302964656767,0.0074268680311727125,0.04797115434631481,0.0635089425428195,-0.14251916324818423,0.12380317092618424,-0.1259919423467004,0.05523442204616007,-0.09690928104094255,-0.13210805969125705,0.045738548402999166,0.175521090864088,0.08654784360174932,0.05330246216373859,-0.060103717783456856,-0.10217214190640138,0.02374707773389692,-0.11990065100356771,0.006616538289879037,0.01903493826885111,-0.019048913180709164,-0.09097127610094283,-0.0070027749445567685,0.10269286846520635,0.08406249116520674,0.022054784369843903,-0.07665489931406975,0.032599522010330714,0.11881694763057013,0.17421182679943265,-0.17465337929657476,-0.14425852581537843,0.11521090300676928,-0.0422037876597982,-1.925824049885806E-4,0.017173904055954894,0.015729909833316038,-0.07613307688631843,0.09671671044440233,-0.07599455749960561,0.06409933302419349,0.047594871875740345,0.017594901584976688,0.01651862759506057,-0.037320739820864514,-0.08217555944033236,0.10366829310703203,-0.16768169199831742,0.027450411490293168,0.09516603399846425,0.047561940370315206,0.03642384206875727,-0.12972687009595496,0.00541691505679955,0.09156104638462591,-0.14156840884453806,-0.03690293337052235,-0.007157080553013933,-0.1221477267485253,-0.053432461832694844,-0.06129590546423836,0.11200267746854037,0.05520548398284979,0.045144582346106084,0.04598423925580978,0.08185835795578975,-0.143277233287113,0.0716313135913521,-0.08908408456778531,0.05714171567748904,-0.20063074239181933,-0.10959928870155737,-0.025512094601294596,-0.06525872808854304,-0.2540535426942573,-0.11953522821670083,0.0846301023261954,-0.07540780482217029,-0.012713535926659664,-0.10741042523499701,-0.08541193898700021,0.11908409230930407,4.928699314369282E-4,-0.10962668006603227,0.09784716916526487,0.12343106393217444,0.05316848988899129,-0.019904520431892333,0.012031672391227472,-0.045600414828063277,-0.09330914785735375,0.11877680196148471,0.03308230741143576
-0.0020683310824441605,-0.07088593777758861,0.02564862318410184,-0.10373060139592981,0.03272978733334372,0.03666172094233564,0.0670310140371711,0.11178971092248649,0.08303099745087117,0.1193188064116816,-0.09376281626650125,0.11219269548165679,-0.008890849316587708,-0.05976179110975704,-0.10008946650344344,0.02028321611702064,0.035014655527202884,0.11178633624391233,0.06117666730896081,-0.07210276742333271,-0.12413655464894134,0.12934504503286764,-0.1201498032138073,-0.05390620347054006,0.05706644656865937,0.057933103361727155,0.1388374443073743,-0.021815930548828293,0.002733987789507888,0.035833931537752654,-0.006067834268798282,-0.11791146995742531,0.0444988973930832,0.18404170580498494,-0.041403943030285266,0.01956876297540333,-0.10451610123172125,-0.15163188380844939,-0.17710510150661624,0.059928144150805884,-0.02415579617300599,0.12238296296774052,0.04658213989440246,-0.06569583181578721,0.15300368886131147,0.07037027212983132,-0.025988602757440908,0.19114323584788312,-0.04705865894523511,-0.026584598515785044,-0.18071859503814341,-0.1226972872878193,-0.16401151323766625,-0.00732953258278855,-0.13381106969281104,-0.019249580490883822,-0.06432106451348804,0.03799866928713367,-0.046143914366393486,0.1387949324227716,0.052588038710697206,-0.08625399303784963,0.12787578300628102,-0.067592920099144,-0.120448304536626,-0.09936453565584104,-0.1343614228594451,0.09839930205385723,-0.12562783355742205,0.034954502972130826,-0.0337452228058364,-0.038881655723721466,-0.16239213001310818,0.06563624489809526,-0.21020208134794394,-0.015483167894357023,-0.0058305907673491635,-0.07506879222116261,0.05343828596888703,0.04185198586718613,-0.09579634788803468,0.08075751719207214,0.06062760601796032,0.20310807553914847,0.03711616847657067,-0.09519892410729001,-0.12189846840829649,-0.09769584145573158,0.08720123901092328,0.09127106350847758,-0.07225301225463082,-0.031891332517270575,0.18992396951753804,0.022690855241037134,0.018943201657810674,-0.045999681241828405,-0.04584976298362642,0.029464816911688316,-0.012640673238497336,0.036779906108834796,0.047614285117038135,-0.031857270815254024,0.07508274136695416,0.031623025804883714,0.3761790867408983,-0.002433527708303555,-0.12582583941972472,-0.09203872024137857,0.20681063725116555,0.055143823569656227,0.004164605275822364,0.007428379944906019,0.04326051219539785,-0.15910109082982374,-0.04571193712630064,0.039773530730452325,0.16040024857908194,0.047471462962425826,-0.052851755025755745,0.011627118652010042,0.1273976192808143,0.18482314168793673,-0.17637397534191476,0.008186381739391204,0.12729180267336046,-0.051274892534595336,-0.0739188028568158,-0.02689402467516475
0.009164224743490707,0.004303276351834982,-0.15025916083221105,0.2184920644258525,-0.033485668109736855,-0.023218529368825517,-0.028545476026404584,0.019898572732044012,0.04868914879918788,-0.06767511617839889,0.07285866016951612,0.22793032213458045,0.08584185376854254,0.07126086776416682,-0.022260171244758743,-0.054218251108892467,0.02448980516377393,0.18163944069182747,-0.07664806668388477,-0.06439623388867563,0.010365298860305428,0.06749958423532657,-0.087496569016923,-0.0845511589061545,0.01778376772597643,-0.018164868381256707,-0.030027591191908315,0.009108451046886783,0.0729086220554222,-0.12529743096120502,-0.06616819625100206,0.02187879054057532,0.11533963171122724,-0.0599129451347329,6.131798182131866E-6,0.023818776851307268,-0.08711445133695749,-0.03229303091475789,-0.05799335636768784,-0.011525223833157081,0.09757287278330182,0.04592441113701459,0.005365927166896821,-0.08807237433095788,0.07109059269307537,-0.05618082242365606,-0.03086638079418774,0.16105219542022897,0.020262429059548084,0.08583220072997357,-0.030467919835387085,-0.08626045464579005,-0.11008823447911353,-0.08177506301839048,-0.04336157573204519,-0.019624029487169587,0.0630613432965871,-0.15552702103442959,-0.012514956703386149,0.15240281051419516,-0.09153485664492537,0.0033941193353250266,-0.181274774562155,-0.11838874184499634,-0.03407854023836896,-0.040017948873998524,0.05774932508265075,0.0042862243323333205,-0.014765465111783031,-0.05431296470903364,0.06240686471674393,0.006308055184959258,-0.032680173343619896,-0.030929498991904163,-0.010842354345578462,-0.026222773996732417,-0.0055397006972002175,-0.09807029590301006,-0.1322944670624254,0.011493185720729082,-0.11038917329453315,0.014939135555630883,0.001765160596799249,0.10533527725065768,-0.03736436105576176,0.13929229436204113,7.521230975741293E-5,0.13114782089682397,0.06970810156639651,0.012463702487933062,0.09933362234281251,0.005217979876380515,0.12790001537287354,0.039495174613193185,-0.003477484449860596,-0.10133466835984348,0.08063653780659073,-0.03999601896810255,0.06923632182963774,0.007669512343729878,0.11958708452548693,-0.1238177942147648,-0.08455547777408493,-0.17392550081258587,0.15061607023799728,-0.027538685413962517,-0.02216183435109638,0.08631964461311442,0.07280081647909202,-0.12912865368048257,0.06543899049969702,-0.12418339764851113,-0.0010445828424309684,-0.01095385882644652,0.12156411620283522,-0.03359681035577544,0.027982141730157197,-0.02664588904326623,-0.05056239590213901,0.009706107630807665,0.012477845761501048,-0.11679742097183336,-0.07517144843131027,0.2598677402863026,-0.0030137226986828164,-0.00813178652351778,0.09514249768243042,-0.030750102856468856
0.027818508470959156,-0.11196372366852375,-0.14987310265468887,0.04174147189826019,-0.20774584498743576,-0.17613560434971595,0.0011512805815844704,0.008883879948444464,0.004426459185527657,-0.06348939404724703,0.02184928112414411,0.19108652436761397,0.05604711853699774,0.09797001437782842,-0.08053212990479774,-6.559061239359461E-4,-0.16746581398044955,0.051762526325328385,-0.1497834091642878,0.037238381035434774,-0.035120659954589094,-0.031478406064842424,0.014578938284166449,-0.07758523704131876,-0.0676573881787209,-0.10817997489040337,-0.10253909089289241,0.09927991766774881,0.07254628894288125,0.06069009470013138,0.06426905468617346,0.08051014492300775,-0.11626420679558659,-0.0038302205180560656,0.05517424914603814,0.038735542910025955,0.0900940360830641,-0.1865585218649021,-0.08578745593150348,-0.01212557828899322,-0.0557458387279768,0.039468121901348,0.08683004592945956,-0.04206547486927482,9.402961814778815E-4,-0.022101647909908137,-0.12564517958564864,-0.05447408791863411,0.006364898679555557,-0.14263624904581226,-0.03325804252892156,-0.08957094638574664,-0.10843613384621681,-0.024579985139015784,0.024625810557391183,0.041050782107120036,0.01150050469531582,0.1013959161966218,-0.07620516962719999,0.0754685311440148,-0.041686532988329195,-0.05856165373743276,0.047175752397767286,-0.15177846000968928,-0.002727019572960896,-0.04816637365069356,0.10673814751164162,0.15782742306188727,0.013616112334276351,0.09915179453360957,-0.10015439331096831,-0.01897791731346248,-0.0791102189509644,-0.04984222177073838,0.035563878007522795,-0.02302247530224373,0.07588270747830726,-0.09399327073945647,0.03342868003887873,0.17082186857430692,-0.04922745000845934,-0.09379909646471431,-0.2244815995251216,0.0022713282165787918,0.024680842591173365,-0.05904853853055103,0.10505024186123094,0.040450152766384896,0.0023214046370750776,-0.07593897934817109,-0.18745834660378297,-0.02017758229331597,-0.02783393834621892,0.18352125172006128,-0.01442834131498012,-0.1151858702118185,0.019256235789427416,0.08864830515942275,0.003796199543440935,-0.12417996974164222,-0.08865614648480541,-0.08761659402434371,-0.16425560096995512,-0.1325703181506221,0.1813015684790565,-0.057976218588185725,-0.1536533067734612,0.12083128063659604,0.02134038934401455,0.13353557189051635,-0.02096649605914771,0.011629390205040287,-0.1508994621602316,0.02007387612002667,0.07509225642348649,0.1170829709006961,0.06514800028455996,-0.018380428878953244,-0.024791311772912085,0.036658257510550886,-0.10508249173429235,0.10422235141923776,-0.0481035397488442,0.031956071375022786,0.06275283636143242,-0.12658241816300606,0.035658294911844544,-0.1717803468263687
-0.03723453118056032,0.1388321574624319,0.0022397907023202304,0.00493210198782737,-0.11899971981241211,0.015832037148979017,-0.18170757385537095,0.18332817734212367,-0.04927020073375038,-0.005029755602308693,-0.0095274512816695,0.10730071003800583,0.06427522492470368,0.02365888086863364,-0.09625828653769689,-0.12593069522931233,-0.027670225801335276,0.17794786080130243,0.10269415708617058,0.09537775557371517,-0.03079433725356574,0.012206569197381483,-0.06179692459701429,-0.0250132353676599,-0.11946222077419118,-0.14316243983215063,-0.07177280650755655,0.10611336356795849,-7.121673827791344E-5,-0.06361529337793681,-0.127998633851324,0.08193989346366477,-0.046051085030940464,-0.031187548354148838,-0.18238077127265745,-0.034386145656672966,-0.030927305450387656,0.02232081561015244,0.09653167479720212,-0.2499293490349685,0.0977537049906726,0.08258516520670325,0.07077167518641056,0.16437687523485162,0.09314680812573149,-0.03397190404038948,-0.019721334254488646,0.17142601552995762,0.17240971844669015,-0.11595149160823151,0.09431482270168445,-0.018547215922900706,-0.18366091213255456,0.06367440286457296,0.0074787848464439475,0.020946999469584275,0.2828575049236752,-0.06819167056762329,0.046645400378650274,0.002662922714761663,0.1069474109443847,0.03115739463809763,0.12812770998391237,2.3195869814359154E-4,-0.17856443455836482,-0.08298822778694881,-0.05879665055398106,0.011834487658169048,-0.029495254721760303,0.014898954330525842,-0.01669401632984804,0.03146478387028039,-0.06641851131698684,-0.08768637534182132,0.051279960774968984,0.09583132739690406,0.19896261893853837,-0.09093062736279169,-0.01204579137113105,0.15456566517500897,-0.16820122219373584,0.06398700617188363,0.13098039182271562,-0.03601099720220672,0.025191222608922918,-0.005649145906094856,-0.14913780079502692,0.03038225310437109,-0.1540694264304835,0.05527067597722482,-0.14186419172313533,0.17763535078434564,0.01533114057334059,-0.0777846789508665,0.0488229245878672,0.08643551934237444,-0.00751143162988914,0.08289521215278234,0.07624759712022026,-0.03354977305121802,-0.06342830306033365,-0.024980160990369912,-0.004664527429460982,0.046628383522426264,0.19364655603955705,-0.027850265248872685,-0.0247221667953573,0.04743397972146011,-0.1220161220061307,-0.06825510660077343,-0.06359540931476608,-0.12920194591007675,0.015793454033292235,-0.11069232893202834,-0.10081583251087832,-0.008227882102399678,-0.04203679844415579,-0.07182546214843773,0.06468191964139848,0.01684880560561509,0.08153869076366842,0.10965158829881935,0.05212406447483637,0.026285792778698844,0.0999721747490106,-0.12072668790766249,0.010794609144341319,0.1995045595521932
-0.10802991378400573,0.015578369552402997,-0.045037385857873105,-0.006048035125956911,0.03792424456765872,-0.006693056030783723,0.051484519614997344,-0.02931139970825675,-0.07315020329406773,0.041389294381638776,-0.04594490746160405,0.19259617152753414,0.025651792698347674,-0.02155354310898888,0.15807589104401604,-0.10172825083209538,0.02694072585105771,-0.0020688274971129563,0.0019286471624766367,0.1314347431099031,0.017051097488985843,0.01874226811510255,0.004506871192420889,0.16236457670860516,-0.08679899879019039,0.08941652605683306,-0.05471171673384031,-0.0052695699804269705,-0.009984271372553727,-0.0019357278098457368,-0.055599125562821164,0.11773968181354763,-0.061119096627295894,-0.026216502623590886,-0.085612623869494,0.29917951229293754,-0.038069060824619104,-0.09771566080309291,-0.020080385541978506,0.10506463724879618,0.08341072440869454,0.08936749578407485,0.011837919041074401,0.13530680180804264,0.0989936735167801,-0.04970262078267555,-0.1866342537923212,0.08372756575772627,-0.039570641747718675,-0.062198864757877434,0.04671778789171264,-0.05744387249956481,-0.06979683007041115,-0.12640727150753128,-0.11192982534464462,-0.07343492542831126,0.208588441685063,-0.10504712306545323,-0.20562819895259726,-0.006268857566451194,-0.04799317359745419,-0.16033901852235743,0.020987546170069114,-0.0059149052127034675,0.08294599609273806,-0.033787314287823354,-0.03989615699354245,0.0606729976060071,-9.267628266128548E-4,-0.0322470246209528,-2.444577735434623E-4,-0.025486898018155527,-0.03690103446982214,0.23845279559901042,-0.031698212135319676,0.009991214151357522,-0.03267504898828184,0.04534086949838539,0.03426071286371696,0.07968162815131025,-0.08983006718838055,0.14196695389353112,0.008063670371128531,0.16679709175491153,0.04736960109309085,-0.12919637358456432,-0.008571009640389739,0.06038245892721979,0.10554355362355974,-0.023191776813419215,0.05023161677173819,-0.19550423055687463,0.1389252696160837,0.12201384900320351,0.08161304621497717,0.025397621532538932,-0.05961708450641183,0.0925631804903017,0.08290226920724404,-0.0967893007434688,0.05477947093703505,-0.08859727644812192,0.056775992689893015,0.019308235177515325,0.03999844960517717,-0.0013689001948511102,0.05678427177586252,-0.11588874820864264,-0.05279304881816218,-0.008890700272956732,0.08643325667548214,-0.08390389689146763,-0.05834032284543332,-0.005525266971767611,0.08261652464846538,7.079212003661744E-5,0.05329514932642215,0.09311613029506575,0.1125368382390487,0.19182636277684215,0.04618472135330869,-0.09525166112800386,0.16797374250797764,-0.00958832039230466,-0.010296033367971216,0.05583964191648526,-0.0821199048230963,0.06006688064233497
0.12504082566041308,0.1674645950250221,-0.030088021133632726,-0.10335991684608353,-0.010535575343707783,0.14699754635138815,-0.13553762953244664,-0.08880002244077051,0.05684577220903836,0.19858287558824145,-0.048801714432805496,0.12863889569996326,0.05245095203320735,0.09591298384091343,-0.11596303186980161,0.115638070191287,-0.05414400952559101,-0.025719939288536137,-0.09092122963999327,-0.00626519770485487,-0.052403383383765025,-0.008563041790207847,-0.07229443602544927,0.022311498926325304,0.1034973181371221,-0.031481691227753725,0.012766063909956313,0.011794259248781554,-0.14078950922108877,0.1365157917383474,-0.15574100638373806,-0.06848353240529263,0.0334986346963115,0.02290193463526781,0.025768775608375188,-0.023072478116642314,-0.004117481194379292,-0.03849032723729035,-0.0409134192615925,0.0508079141362749,0.06817907016816528,0.015760847324170053,-0.08170709562744298,0.09582601567565434,-0.08082908891362957,0.1350591573613111,0.051807237096730824,0.05345091038899252,-0.02569781668136406,-0.08078008366776698,-0.14478985957797832,0.12694634797837448,0.011186581212688574,-0.20607293066365706,0.11495287380491782,-0.07337582813945914,0.051739371777163395,-0.20008620635887356,-0.10254008025866643,-0.04074459150574342,0.09197620580230989,-8.011605839930921E-4,-0.2577592786992583,0.1289837146639745,0.08611974534815116,-0.01459514677171812,0.13364638999449074,-0.10044796355309576,-0.03008071164516548,-0.15609361765552143,0.08791136833283002,0.043956432238771,0.010888250460227305,-0.07672728340123705,-0.025127229439454196,0.0448641411426286,-0.08078591854032392,-0.18660041987804912,-0.15262827634912451,0.05980252227265201,0.08583615509844879,0.09815271484245547,-0.031179108549061366,-0.002875451455632235,0.025009493762635088,-0.04293908374043829,0.028685520397904014,0.007446447392271339,0.02975429902004773,0.04540703083738423,-0.06929918035919126,-0.0982014649794317,0.057782558828445726,0.07854891427976235,-0.1087822796456364,0.15046473803546653,0.09106280110742992,0.1121929774957097,-0.004749480287927543,0.029264881595671224,-0.030371887365978324,-0.02931593611640944,0.07679045767056031,-0.1487052661709234,0.006227709629147302,-0.06605942018265941,-0.10761662658640932,-0.028855094122263305,0.025933998788475562,-0.03463089536394785,0.05747738500932269,-0.01324739668840536,0.21793744875760104,-0.11372926912881894,-0.11255398010674159,0.09046582867031279,0.05939545989304297,-0.0018358391948264474,-0.16180691290399668,-0.019625897841673946,0.1109961532623622,0.09941489374924588,-0.020543773920304584,0.12282330916300528,0.009209665662803183,-0.0424813566326121,0.020059431143510442,-0.08484053421725742
-0.10049998611723364,-0.08161518446312675,0.013687525973631699,0.05319416665256537,-0.07807337778459875,-0.1128894578035193,-0.08133795393307297,0.09902377950585574,0.21164426301870637,-0.11759708562845123,0.11941366092488256,-0.0574529794006089,0.04749953920299639,-0.05122465769566747,0.02721290370423322,-0.017457084176916146,0.07861543488480628,-0.06613145948892278,0.031911421365164255,0.02124269804225906,-0.11922648208183197,-0.08683668094656188,0.2350094476495705,-0.03400565804540705,0.08038005544750944,0.11546559810292027,-0.1684028985333344,-0.08408334213542759,-0.09095073692795068,0.12243494270634726,0.01549139154369497,0.10397632103766863,0.0844080505490481,-0.04718932507581682,0.08739470071401453,-0.02777389607287354,0.01572381858356624,0.0420891680052905,0.10417765615037188,-0.09846657720250586,-0.06359214337801032,-0.010908219438810134,0.12540237049521502,-0.07227850157636996,0.049974087018864966,-0.034954323614732156,-0.057365211993527725,-0.07993580027191505,-0.04294965574912272,-0.002433704899935638,0.13332171570806733,-0.05295484673147591,-0.08907741961645083,-0.07830942622816987,0.08578767100584445,-0.001568787661670182,-0.10378438647931416,-0.06650272348784839,-0.09673665806646735,0.0021034372840410087,-0.0394214542311135,0.030373333426706218,-0.18006304423238312,0.0826172790447171,0.14048395693365828,-0.09619214460395933,-0.07334889695776545,-0.02447196506579835,-0.005126665400204192,-0.06800307258366475,0.14669445767855574,0.05393981511311889,-0.09595309083072066,0.07856387674933193,-0.14700479112712192,-0.1011630219151144,-0.14597242241911648,-1.8216196191370526E-4,0.0990138045272133,-0.023364472653856997,0.04845700432968446,0.026362272494669,-0.013781252955026566,0.0418893240458335,0.04894649923488164,-0.0992519116953032,-0.13846842514313476,-0.04021668221851094,0.027484241671304966,-0.09532659265787798,0.0996073418795555,-0.1150418397596534,0.016486190345130734,-0.0575443791309181,-0.22800882794723296,-0.09812555831665987,0.12881207279130732,0.017170807313256833,0.1555650918835839,-0.051660910875398994,0.1240054236232768,-0.06656508966693615,-0.030939137468993905,-0.0404886072528965,-0.057668374288116185,-0.06582667402717876,0.02162263368901486,0.17219260995111207,0.02040138715914706,-0.07076406423227871,0.03704847900921909,0.1605882629305731,-0.12619982001909474,0.04771845324508313,0.005247068927628495,-0.05563259621413388,-0.08498971121181108,-0.1526604611986522,-0.009060934693263297,0.012589581842452919,-0.07612043755610484,0.08536899337890823,0.14704421824912645,1.6912731878054223E-4,-0.03253281778060602,-0.07301001209695135,0.011962087288179143,0.04072267016419564
-0.16997597406474546,0.1561977285971536,-0.08861480183934367,-0.005155128291261115,-0.032460735627048536,0.06906267422457871,0.16669178845360402,-0.023568689543993108,0.08542690935114709,-0.003942396597396351,-0.05299570587556304,8.157213738625628E-4,0.14857118275115386,0.07434773643058698,-0.06322908016057614,0.016644842388873794,-0.011992373893387392,0.10956026902213417,-0.08151179160692708,0.029021658694940496,-0.029407499491298318,-0.04669043555751393,-0.19098004137725488,0.029219714332088986,0.050054655394146774,-0.0651637122848514,-0.13027808187460924,0.1063323912627775,0.07367828566449049,0.14791352113092368,-0.2298167621669323,0.09272011172679052,0.09185573554950319,0.07522832912942963,0.029606950345792252,0.17472531395445123,0.07004491786880175,-0.07542970269129322,-0.012701887212730347,-0.3183448380322323,0.10021903916013318,-0.16345628196132406,0.006894556072779876,0.002034400121332896,-0.09152126266191882,0.06947572201411537,-0.053791237574495776,0.08075866686134811,-0.027355304594428732,-0.038071322359663255,0.015499651609292443,-0.13705851791869117,0.06452381872575472,0.09386284637459545,-0.11439292561084258,-0.05255975538379487,0.19081161734037058,-0.02359680474532799,0.14036288690669305,0.02619081832532453,0.15149011526925033,0.011481050264294692,-0.07340214712165213,0.1588641647303085,-0.09306590021086748,0.04215120676317513,0.09925604573505292,0.026088955509833155,0.0062010713818336696,-0.11836864223573443,-0.027392250030050903,-0.062394325688042124,-0.040993761056669464,-0.06306468178641123,0.04122417129066779,-0.0435473574277115,0.043974492540959684,0.05958387069967433,0.05044035739075018,-0.006932867057080187,-0.08968973309099057,0.03462860421541581,-0.060779011546418425,-0.10112994676388509,0.012483913022477755,-0.039640211188984906,-0.043232931113918974,-0.13267242547433197,-0.10617817892770182,0.1262941780134591,-0.12322164946835454,0.09154565164850909,-0.04160353810851289,0.059401210559122467,0.02033836031311306,-0.0840594459051553,-0.16068410837569555,0.11026593593306351,-0.09945244469534675,0.07818276648570306,0.020662777935899043,-0.06334078866260484,0.08996524700075838,0.11014737481141011,0.004595044292093438,-0.0057358611683207385,-0.049892817250534155,0.04978672633814581,0.11939849772494801,-0.014561499691998995,-0.021283372210811464,-0.16207885441465897,0.09598637844676938,-0.11706334141344832,-0.07966048039953579,0.14724546532264574,0.006625772720382924,-0.07032876712600236,0.071236649784301,0.07922832473828247,0.13599085103061226,-0.0093918471390196,-0.0781070966233651,-0.013964484651668633,-0.03512257176213134,-0.12546534740239615,0.042693417252846186,-0.06679157931719552
-0.04685401639010051,0.15411537103469433,-0.24711767064546436,0.0031260179823767026,0.06403033988234409,0.032955605623113095,0.029657840551883575,0.013566895305041873,0.15034869943110124,0.09185516088452299,-0.12075217916788071,-0.052004102012339216,-0.03045127511231012,0.06697914842527285,0.23451355268034677,0.024004536075321038,-0.07909196085700008,0.16427406776644976,7.151680752703312E-4,-0.013368441318886195,0.06935090943579396,0.02034767276005855,-0.06791256022122771,0.061615232499613495,0.0049317066201702104,-0.09447205661660525,-0.025294807821216073,0.15102903458548986,-0.04853803388464789,-0.023334369505761864,-0.12613242416441775,0.002953469068895255,0.07833491273173288,-0.09841548672228932,-0.04611617974986726,0.06443422110532382,0.07347772009217714,0.04455685201167429,0.02258009700356969,-0.12693246245895198,0.048199548398697036,-0.0408007106325415,-0.028661708163954948,-0.09143758209772013,0.059741413251518896,-0.1455874627311628,-0.07937977285090474,-0.061721172420715315,-0.031172251511662835,-0.058762667172588996,-0.18646414351911678,-0.17099366527356974,0.019107625128385205,-0.04876426427800992,-0.035785673136359775,0.011829009031450384,0.013374104867179605,-0.07947211572062449,0.06681932973318182,-0.1297273039904346,-0.05344474998275821,0.2231888303821226,0.08264027050047025,-0.05826411766451895,0.07506820828784189,-0.08766416147145246,-0.030794870029817976,0.12175081724429689,0.07901490199347208,0.05142659351647145,0.022103956272565298,-0.06814128217135873,-0.008443949474570158,-0.10416369529947976,-0.07511476287486776,0.08416910217127634,0.055445792195665256,0.06451155383088678,-0.11648800420977196,-0.021563757435839912,0.08770079493439414,-0.03887496867516758,0.04528761614484589,-0.010149845781257627,-0.0545712726459907,-0.015319165319213771,-0.0442220471574578,0.13998910111912222,0.01863532643932301,0.04961102495051166,-0.18240000002805865,-0.09465965873909567,0.12827412365361363,0.05127970099242722,-0.11309328063174175,-0.006630952687643224,-0.1746171338019118,0.006279313593735035,-0.01375516588526536,0.032847127905829214,-0.07208113772258833,-0.09706186428522819,0.06254781932640625,0.020573236191024514,0.04712194858797658,0.01391563437595105,-0.02505633732986527,0.041418078826703446,0.18174333166919943,0.01083238886527312,-0.06369460232320488,0.03990871972983262,-0.04676715646572847,-0.10153657728554151,0.14688484403875599,0.08456899490042202,-0.054918805274339,-0.02455756271069958,-0.04898499134840416,-0.05812091399385786,-0.251424895031265,-0.029277197457049847,0.19433439645157227,0.1947653034939711,0.07561047244582854,-0.054925545660378425,0.12481345043553639,-9.759300191596616E-4
0.08341288431119409,-0.09104204633339781,-0.032109584315959956,-0.04620148154191724,-0.08779855081343785,0.032446314886762646,-0.13877795812839652,-0.01730229108666275,-0.035007470624870224,-0.02546975063408734,-0.04451727652830929,0.0466346238797473,0.047440342647508855,-0.015118514250204544,0.17834782764946341,0.045149708409756406,-0.07414744225962297,0.13675516279401323,0.04555332471202363,-0.09934852146181151,-0.023121615510305425,-0.07030636252303447,-0.05885156644810448,0.1776655639907832,-0.04792688874723374,-0.10888207005810009,-0.1779425627813142,0.08616405473246531,0.12119186791121506,-0.05996092539327929,-0.1288545782745924,-0.09150307969849442,0.1449063724111352,-0.04602124499733371,0.02502103242641795,0.1502004072210114,-0.0028773058771276758,-0.15290947710154343,0.09344107133449155,-0.013093420833735487,-0.060026961324160126,-0.024384655899940738,0.04601127757895934,-0.05491341390182634,-0.024916060395083463,-0.07870489435739707,0.016066715404275955,-0.00480468654760317,0.027169590958821006,0.12558830809119115,0.05532415789067558,0.05481268777248842,-0.17231973402634834,0.1705977443812663,-0.06309469438282361,-0.04523068158084094,0.0027658417546203118,-0.06232995905969855,0.05407906472959168,-0.02778204383080384,0.059801512001490864,-0.03262915684586941,-0.04642068596987086,-0.1405683532047454,-0.07295912165006291,0.01406293052943577,-0.11466934670503177,-0.09317354571134216,0.05167878945747104,0.05706243801950573,-0.03163890484480668,-5.232337642844349E-5,-0.09336413304516744,0.14954189090292286,0.14975145461410372,0.0048938696314653665,0.040627627081426795,-0.0548915729714088,-0.04138590232975871,-0.07423753197978904,-0.12909568117019346,-0.04670896229254655,-0.08560687817267355,-0.1308742523761866,-0.026150902703100734,-0.019280384362580987,0.09498748701378767,-0.1346996419858522,0.054410279150813035,0.09461194846689028,-0.12819149900444063,0.02981783055956274,-0.1672060114172602,-0.08076408186394837,-0.06400077514766908,0.03658900673805845,-0.03821149524297957,-0.1102633816716775,0.0759463085046182,-0.10389553495185799,0.08370225575293987,0.04167100424527273,-0.0151821441215606,0.017343633078146424,-0.12934064373073745,-0.08002149789200572,-0.1714251084499411,-0.07756603968451599,-0.16360885920366394,-0.029493974933294198,0.09561545966511616,-0.08670491038793943,0.0936545247572046,0.07588615035528752,0.16653302018981941,0.040122500029609494,-0.048597147972974056,-0.0019283995004516729,-0.10857563739629056,0.03770600409027832,0.02700353166387768,-0.09579666475951462,0.038332597137090946,0.08126325917032023,0.11377279607770072,-0.020322614833879708,0.05154674184105567,-0.07858517072625591
-0.05001743174421667,-0.20302710104278013,0.022387357116082453,-0.07623221581402176,0.08469044350474937,-0.035661084582269784,0.02147310958368196,0.08943922790489713,0.009284735383257305,0.04856186026386861,-0.11494193662493324,0.03376265354677765,0.0442516268128476,0.030735276733669274,-0.21084081206329972,0.10353211836669726,0.020972878186582826,0.03487166706309716,-0.02205421314285308,-0.04960511987188504,-0.0025828766707801667,0.22021106867121157,-0.07010681614201075,-0.15296541024118487,0.03763833703579008,0.09831874507090885,0.11147084547299915,-0.05007786773082661,-0.055509512546596966,-0.03848863138996866,-0.059818451224524574,0.06486315926893373,-0.06963873184229699,0.2284297358409207,0.0579266952028418,-0.09436905317439886,-0.15208408361342013,0.012646602207605582,-0.007890270743252548,0.034102027273251304,8.522074176002211E-4,-0.07142110453653247,0.04689912965860601,0.10208669442941186,-0.03624383669028622,0.05345923258001584,0.06786685357130764,-0.05463953123100979,-0.0026596943945250413,0.05159117587604469,-0.22333923815005907,0.04635610483574999,-0.020516508546396108,0.05386443158859342,-0.07301915882766621,0.11772760994196564,0.03924102769942878,-0.07802596841878327,-0.18073608655207332,0.05260974735974862,0.030747377250721495,-0.028930436750224088,0.10735055684498265,-0.0877507461808955,-0.1606589053760266,-0.07079466099360837,0.03494534286667725,-0.06801582931665076,4.6093155310741093E-4,-0.06531140212829564,0.11839950016482231,0.011921416243819906,-0.04700968592857817,-0.05776680691103973,-0.10864637140546919,0.042272759099107805,-0.02613126052185822,-0.09260896717145832,0.10935770267045121,-0.18376944843667428,-0.16511809938442173,-0.1156304810598204,-0.09615684679478734,0.07554499288803897,0.1513323625847644,0.12195230331961439,0.12736422178753076,-0.1837535254992206,-0.0430335965671619,0.0466318947521458,-0.0737517331028646,-0.027032228396757285,0.16958534355026528,0.09640738037271253,-0.03627084341402198,0.11320974391562807,0.0804789195899823,-0.046112340742803334,-0.01385387232638054,0.015948778585543225,-5.321101705777673E-4,-0.20312540310571842,-0.15749660120196007,0.01952287868634732,0.13731608096246403,-0.09668478025793006,-0.007026155117273196,-0.03544038524398541,-0.048851005402766066,0.051518786051789896,0.0830659530837236,0.03296025585629649,0.016716639165823,0.1358705237141724,-0.08439800063049119,-0.051530886322518975,-0.11762755788916303,0.07629883387978979,-0.07134322114069779,0.012770154281163088,0.018217935539282793,-0.07753337284493203,0.04668389863865334,-0.07048368804279705,-0.018246193211444488,-0.1129465870759993,0.10016946276066364,0.028359718239006154
-0.03490603918879333,0.025113141209731578,-0.07542041735830286,-0.1637747817759099,-0.006397982232009536,0.013839663605115508,0.15188319160031058,6.243634643505877E-4,-0.013149332550784725,0.026203116372622952,0.11378956343776442,-0.03607518609952697,0.09761265750839328,0.08135257606603541,0.04342815459117084,0.10194370544268658,0.0036162162777869816,-0.1048507359099352,0.12346668645194468,0.1864853338400204,0.07604013677057096,0.07613546811051679,-0.028750044090118974,-0.06141039485341854,0.09015279219465185,0.04022864385588449,-0.016442978136658962,0.0037318685222107045,-0.026161092074549693,-0.1487131598108784,-0.10934825371806728,0.03436041021355586,0.07155082158081578,-0.10590355491600621,-0.012959291487943024,-0.04284093843608845,0.007704207289431853,-0.12605077420205982,-0.1302623043083816,-0.1895545980537189,-0.0367018834445665,0.026432681723503305,-0.049473420408651506,-0.09561809334853645,0.17335891261113737,-0.09680529273336609,0.1314739615467799,0.11380851341938228,-0.024853235983867645,0.14256096015637212,-0.047064182421897784,0.0817265795886382,0.06191458920726553,-0.04199092845337418,0.012110186675849505,-0.05244063745764033,-0.04051562538418927,0.03949638891081313,-0.1314406063210252,0.014177760952006341,-0.08005205669852627,-0.009453135985140627,0.03430420539053247,-0.19141210656537677,0.12621743667850185,0.03998913276890423,0.1307288878544246,-0.09622739267611648,0.026281290236783966,-0.09734388867564898,-0.019489196665181126,-0.16743711890271637,-0.04814349824701558,0.029694187646217406,-0.030342269212265714,0.1150004926452838,0.09220910614584553,-0.13166191735503635,-0.007215739595718904,0.059185926336650624,-0.08773690871118892,0.06842135700246797,0.02079165258339394,0.01523042029854799,0.041153430648918396,0.11207946534708513,0.059705518329954445,0.055609829711804816,-0.1422510067016872,0.09583618649264829,-0.026732825069355388,-0.13786953618040718,0.06702160431053288,0.027958684551657637,0.10687209958647433,0.02831954978419823,-0.0273826169077827,0.06716080595133671,0.07306260197777793,-0.23380551823670062,0.0064408540354393175,-0.01608436271882555,-0.09692286980469092,-0.01862911381958147,0.026499703589064928,0.09429866086288934,0.17423780629762184,0.0017304196276529899,0.025359046637074344,0.010194829339560169,0.035615878622555774,0.10270610943187776,-0.14563958437235283,0.05124350804686929,-0.004338200476129744,0.050967738701342837,0.035375863721130815,0.07563242634747104,0.039176478137157945,0.041650278878779375,0.1725523818787148,0.007023726855647554,0.1203317755681199,-0.10701248220283707,-0.033783168510677024,0.13212407292289294,-0.0500134185567626,-0.01339246864913951
0.022262124376506306,-0.03719436097294681,-0.07513662429956744,0.10206728584597628,0.059595550633743166,-0.04229370088098301,-0.06677806394730497,0.18176943253603792,-0.0439213237823876,-0.1284666640981579,-0.04157800364910153,0.0011097043311076196,0.04223302550731925,-0.043625043227253156,0.054317569111386285,-0.017991852830092234,-0.06968520934836533,-0.015582445239207916,0.18226540647613126,0.005832265486591134,0.0037404568787558477,0.025722064642751875,-0.04112044939236497,-0.06897345747578212,0.034968148881395794,0.1423317943383184,-0.032128368940786946,0.1159150607923789,-0.0809988032722544,0.0025511462024033578,-0.0450757764193443,0.0803491274174779,0.01492908244100199,0.19573489999188928,0.022495897211905633,-0.0400155041633831,-0.1104741162857109,-0.0766551771117827,-0.014886875570823604,0.10212712294476588,-0.01956304670427875,0.13763893117855636,0.0042589045308004045,-0.19616363192101194,-0.038303621347454936,-0.058683244739976416,-0.09248865415037993,-0.2016293491849501,0.03397447508414743,0.1595163876531631,-0.21831024656452636,-0.05592328625353174,-0.0184893123146144,0.0066829577735790634,0.05283099589908471,-0.03506946513878734,-0.072696551017148,-0.0800083852030902,-0.12170211125725194,0.2001849226838719,0.10634401128931788,-0.06686250802939046,-0.021651770951951303,0.04582034519990769,0.14559031737438835,-0.08775266908480805,-0.0071672786638446884,-0.05186338355379324,-0.2110136883831908,0.03611096041616267,-0.013195030336485277,-0.09283749684234505,-0.04313694879876352,-0.12384338014021999,-0.0025011919652560837,0.12019901313411514,0.025529818352562874,-0.02602982991355119,-0.08989502853916898,0.03967794011928942,-0.18206138914489686,-0.06982600712357065,0.10111259897567405,0.08462626458285101,-0.06548340025871835,0.12078337629716783,-0.0805525782304885,0.06467939621374116,0.07249648268332111,0.0037027750514388637,0.05072193543478676,-0.04438546096001136,0.25975718207593623,0.0651566422639076,-0.010522118458152707,0.1621630617530265,0.01798027587693722,-0.014047620548636796,0.19912235219259192,-0.025522136193404314,0.20009951737300735,0.1327232696633277,0.013418798821237124,0.10598033552308099,0.027021055347241935,-0.0895939621903845,0.016947108548802117,2.90819096035982E-4,-0.010814695471492922,-0.10477650725312473,-0.12485687574955562,-0.009264204863875252,0.025583159018428003,0.1114213033025217,0.0591789612287018,0.02087893667659299,0.046928829240377154,-0.1331537658496802,-0.017093511275669937,0.041826359690965396,0.20385361977078917,1.4395127761443645E-4,-0.08388807772334603,0.08989103706939236,0.03252661240634116,-0.13434357298681007,0.02113844585549634,0.06443662638333014
0.020512477899626316,-0.0674016122859028,0.017941485303814182,-0.007712832891643579,-0.013641284474851014,-0.1236082270445438,0.08869928957983947,-0.09510915194271852,0.06814439435017071,0.13630277654252576,0.048326096852549814,0.11183606608763749,-0.1459154865706507,0.16071888399736758,-0.062129545714364125,-0.011724317200788308,0.06032209450061875,-0.019189694511558424,0.15172809840322188,-0.016201028290631934,0.09356169128320292,-0.06908801363076902,0.044573368176227354,0.0013397939292661128,0.0034075482788900715,-0.07585152851977449,0.18613437913294864,-0.02524996076399605,0.05788266439988967,0.02507418210599269,-0.07813353897522655,0.022128197492249035,0.0549070174399899,-0.0022192004904130463,0.02964967589723356,0.1640125708156985,-0.06676232719935146,-0.12223346134283904,0.06884870953902643,-0.23147078527042345,0.052514576375668844,0.09399759099593541,-0.0069921496393855,-0.10027873166947779,0.10216512062950794,-0.042865589719149444,-0.1442018970053212,-0.08104923306740935,0.06587503682147001,0.05719157290038246,0.10631528664671684,0.1289815039014361,-0.04322857962702542,0.050193516942325246,0.1936395781526484,-0.07527548913847913,-0.0015678414946885268,0.01230431138924491,0.059257817494545464,0.20249281959077198,0.07398406051430263,-0.07680566036745674,-0.0898056813184669,-0.003958714282928368,0.07566970859705287,0.011602701804437761,0.1292185426060604,-0.05275627812011788,-0.04146492399414547,-0.06501195213534472,0.0890544101028831,-0.04683059174079043,0.03162996779403129,0.15264433145738682,-0.1163207907290878,0.18876175172553447,0.0064658373479427825,-0.12032786993257893,0.02175923533592661,-0.018774680197655207,-0.049902766202391834,-0.198156057916374,-0.0627014774269309,0.026522877613505944,0.16164319698236537,-0.14252965589456879,-0.07346657409009393,-0.06673742663706467,0.08148268564794865,0.042966866623311395,-0.12764101716897708,-0.07339810337040945,0.03940825763646416,0.08625695106754461,-0.02778587941044578,-0.049752712775223584,0.07776937737197075,0.03436885179257834,0.23934315749049748,-0.03905351036894015,0.013705896641247104,-0.017843205837243054,0.029905251942225385,0.1970752716424936,-0.022350608966210717,-0.14352004202237387,0.13017946327996838,-0.027534385773074356,-0.060366267569553246,-0.056271240738814954,-0.05219931289284826,0.032995539169032695,-0.1591585825051321,0.019275195952715825,-0.024669344992307645,-0.13710678679282792,0.07316665580360229,0.04147437528996538,0.036468327873385574,-0.03760463636770984,0.2392273856704858,0.05940497974735595,-0.07549810286180313,-0.08823670825237022,-0.018483685065411676,-0.09286041650530837,-0.0995057542932609,0.05111767858523719
0.10458575129564085,-0.2041500009757867,0.02396313142408123,-0.06634950307481813,0.0169126683306367,0.06726012585986223,-0.12323977326187652,0.09109828512457185,-0.11030828827006477,-0.08868153632008617,-0.033530376678696315,-0.02614526144094858,0.1918964647112213,-0.11385639576017406,-0.04717570103790662,-0.04772467555818509,-0.06637935466349515,0.012904853277038636,-0.049447549951974826,0.026691332682276903,-0.14907735046466883,-0.008132941419877877,-0.08666289376496798,-0.1405452433019655,-0.037585656050831445,-0.04940017449630324,-0.19261683581478123,0.12727204524113303,-0.15672044482203865,0.02481620892292603,0.08055488535928322,0.03988450757885403,0.011078320309243652,0.02590880927785379,-0.1291934299331088,-0.003619777784238326,-0.046801333349557446,-0.14030715401027885,-0.05799438315587729,0.02109335124505608,-0.14799289338971816,-0.009777058663607905,0.12120544259840657,-0.15215610983561753,0.1305320187243096,0.14550868502130437,0.01619681426246084,-0.060234661115075916,-0.10131550955719906,-0.12447753345679541,-0.16676865554740947,0.03229990166109149,-0.1735630367184988,-0.1515539740035708,-0.22013735875840018,-0.07159481538674296,0.037964018773927834,-0.05903049351390132,-0.22625653738491064,0.16987017085073663,-0.010064849268810709,-0.0645647318332803,0.10331721211546692,-0.08232442101618322,-0.09135775715133651,0.016701498169139083,-0.025184774998370518,-0.10303253527473412,0.05911461890019996,-0.028084877558353656,0.08910552947305944,-0.1274407724554636,0.013427748483481446,-0.13343929198179535,0.058051659882084224,-0.09999566557745539,0.09669570105390583,-0.035351319423379116,-0.09440970553320166,0.06993824246687216,-0.021805421215164086,0.011265840256776896,-0.04506839471146697,-0.18826846894139315,-0.045470551010032056,0.06761840046290919,0.02163747945645823,-0.0088478109834088,0.0420503713328464,0.12220004520245,-0.07631979392231772,0.0415972785030531,0.06703838040260666,0.1840362167055819,0.016652660564353616,-0.03130471912920832,0.12508193242710955,0.11457392101367785,-0.03499957279673665,0.05391151493945025,-0.014369562208687953,-0.164556867248611,0.03269986147270865,0.06191655974812368,0.06623039917608557,-0.018925145439627943,0.014748597266188152,0.040560902602179434,0.07771853456604108,-0.06745388648502515,-0.08215231979594328,-0.007730712814382495,0.004086687007076597,-0.1731624566110937,-0.19008674769988912,0.03942432711464125,-0.008354813733113841,-0.2036171746592059,-0.10078179100643335,-0.044704499397896856,-0.1841225320687018,-0.1121145785145879,-0.026306818910438373,0.22598022591209685,0.0030648945871151524,-0.12439171715536267,0.10867264343108035,-0.05554555612796661
-0.03371315202147346,0.011992680774487108,-0.08073866575657515,0.11074256945812216,0.2678013147956647,0.16209402486591504,0.08495436701634443,0.06303314547067533,-0.01707859469360422,0.03367542336307188,-0.17685181401153732,-0.053017760969465456,-0.1449642155141026,-0.029597277974254863,-0.13961314023056695,-0.014994930692047439,0.057941064173651226,-0.028345048456239672,-0.10037562305748748,-0.004431075005917299,0.2915093704183348,-0.11332687430741188,-0.04719414887452086,0.058120367052573875,0.06444274859895678,-0.003435271150334706,-0.06028069312057731,0.18325729293979706,0.06684213125026274,-0.06278962431227715,0.2055408882162405,0.09760806866678963,0.004370935504777665,0.004921141466514296,-0.0909295123226211,-0.016877278739980316,0.030180410677107083,-0.01046537578337246,-0.02435856714222245,0.15071784820488912,0.0059733752691959316,0.008546357165510957,0.15015249274898895,0.14384870770964026,-0.23619616890243933,0.009588798258082102,0.04027406615181138,-0.023266181265181467,-0.0159775983401737,0.124183793099232,0.18738471323303088,0.08773433195082006,0.11773903702651552,0.05842154095064179,-0.06837473500531031,0.06549220912808489,0.05252449081104359,-0.04698173533111953,0.023734619182194678,-0.026905152442560233,0.0069079474684214884,-0.20120869653238993,-0.09145885510006677,0.03853733656317923,-0.009376965499810602,0.1051814596797935,-0.1982355681549786,0.05668568927311789,0.10330399431799957,-0.17094632589386158,-0.0915362361493338,0.03543956347805165,-0.054636438652632124,0.14614983264932044,-0.04230696783751301,-0.03632774876503675,0.06476805038100003,-0.03642681063520675,-0.01632385885006154,0.1755578189113985,0.13443144038910035,-0.10218576597564966,-0.10219916966111645,-0.1435084180085731,-0.13608535261205454,0.04065522656439264,0.13372539314688112,-0.15537037182357627,-0.06500506320597403,0.09605994482349418,0.07334586206439804,-0.10735416035699134,-0.022884047734502557,0.07873548978996271,-0.060662576341186034,-0.11013967138047592,-0.004774073711940008,0.13432782979910665,-0.004113578887065657,0.05350527843217714,-0.04824992949626233,0.08149208933754008,-0.24190621570500567,0.05803896406890799,-0.022078368913323182,0.019383281015445307,0.03510485530921936,0.09259292838043248,-0.0405664447058328,-0.025318558455117303,0.11188465183673943,-0.028209685762098643,-0.07159060838409755,-0.005291098212156677,-0.14748190127863056,0.12966008108124538,0.09169819788210845,0.1508702010913726,-0.11835938824012979,-0.07780249521108014,0.1239746670250534,-0.05997117850876279,0.0032255860657969164,0.07806702834964287,-0.08960007078621483,-0.0648375558015764,0.012092721827590951,-0.05660540523056311
-0.05066288685985634,0.11524523751385919,0.049255355911809504,-0.16680505205763163,7.494085359407368E-5,-0.009156972356970106,0.04058296796780335,-0.18887736317777012,0.02423862907276114,0.08603889623184802,0.03221859039359338,0.02228673095138608,-0.016477228155717102,0.10769739544259127,0.04731155193786562,-0.07007357952029135,0.08066075357822317,-0.02907608626252674,0.07469099515153148,-0.0860618508350298,0.09455552205093246,0.1952806397453337,-0.07446722972750082,0.09804144994036125,-0.05032073118523435,3.920975626788741E-5,0.03451799192787153,0.08942705255172059,0.033463473456831906,-0.10115781249431631,-0.20526489356782174,-0.17706629906841398,0.0898091310366816,0.21472706139895614,-0.0771201578327408,0.17493263551509755,0.017365142135267134,-0.027022311160048357,0.003482798648535526,-0.026207978991634587,-0.05683159942621125,-0.06565406852559123,-0.09630232420173268,0.015453041814196749,-0.010197669849329774,-0.025681855599352654,-0.20131522566193713,-0.03739302956934037,0.009223267069599061,-0.05860507151456253,-0.018458557623371445,-0.02301186946542635,0.07334721778479543,-0.18824931283358723,-0.016038622977565798,-0.13057544379405991,0.19632758788086144,0.1218398149088103,0.13724774145149957,-0.043999056713046464,-0.13928488777802747,-0.0335751775567768,-0.015488700593863734,0.00589107957384153,0.026931288727740213,-0.09290976735641347,0.11641622491750152,0.04567233296056429,0.0156637715130031,0.10030294479976816,-0.11483395547239046,-0.05092484277058266,0.10611587411334211,-0.04700745478550811,-0.049418285751806276,0.11641233720495833,-0.02319938564392099,0.1119767844301447,-0.0395958870874702,0.07153105496763879,-0.015136383480075276,-0.01783164476662024,0.010358746952592934,0.22623653183939887,0.11814365557086014,-0.15808999909720614,-0.026829390396034446,0.018707923960246228,0.08655839024553356,0.02328809603092827,0.0026589397179073966,0.00839946204939073,-0.03540241772418508,-0.05527460038222248,0.02264711311306058,0.016049900921020807,0.11283434399451107,-0.08606014318391576,0.2249668491967032,0.0653338657084046,0.03016808655778811,-0.05274939686199444,0.03748440222443907,-0.06735871160695797,0.15128673932896816,-0.1397148631429362,0.11498866715948436,0.04531052823333283,-0.0513595014929588,-0.07848159897966431,0.08593450686671145,-0.14339510783003023,0.04280338479077293,0.07482004339679493,0.042224110807913835,0.117605927696433,0.019920478011919047,0.01580522766693618,8.45326195447956E-4,0.00425062822407831,-0.00961859680938604,0.05041695097348947,0.11754601007545337,0.17176378347633384,-0.1106292851323549,0.011356610857540342,-0.003892767585947596,-0.024351116763205397
-0.02507853107747651,0.19637744351453898,0.05119432365557611,-0.041433870145979004,0.17645759914617506,0.07957804170701406,-0.09424520539286162,-0.12594722559943572,0.05394468088264932,-0.08600489948838047,0.09453663764845487,-0.025072189647299917,-0.07581379078450998,-0.02356090029184057,0.05071314078517553,0.1114090372294817,0.052494993219815864,0.07023650384410315,-0.09560221076372256,0.32619077272942526,0.11544194627086736,-0.035945661651270194,-0.024260443696797786,-0.015927496612538897,-0.1314336659251942,0.07085609096593477,0.11487946775275848,0.033093859725070986,0.006620513146144456,-0.016592677110718018,-0.162499084667574,0.0725298781808867,0.030360163099685734,0.09133169007163473,-0.15309975927533498,-0.06908870394552406,0.21185666823240237,0.01074512092185647,-0.0960779388971148,-0.16441909594106738,-0.02121064429059818,0.014366832802413895,-0.0028985014209294852,0.003890440193612267,0.20152721937152415,-0.17746155687804538,-0.09453830592371062,-0.05726340438819891,0.07306790109323172,-0.019832760355832285,-0.10373113902462293,0.03755963412255279,-0.012685670832708095,0.06054518080278436,-0.02741826907438631,-0.21018262314203984,0.053784672387526905,0.19700821828934176,0.04670205705024591,-0.10910800700076108,0.11600549279625501,-0.08297921399076273,0.02268192204716846,-0.20106208981949955,-0.09897961919595258,0.049255146854638214,0.009621646392814345,0.0398375275983138,0.04775068020627511,0.05576693931246137,-0.10629984674710602,-0.042685775929294414,-0.16704885555414464,0.07149792955875987,-0.06679618285689101,0.06317429838958419,0.04343537053608826,-0.07503625134757486,-0.10600914482069308,0.07804125491188792,-0.019153978885382644,-0.18101772883293693,0.015113277019777945,-0.01144920503694842,-0.05706383749453594,-0.028327028721239628,0.07760611025131516,-0.08254155623806313,-0.05626151361844598,-0.059489235243928594,-0.04055312616850132,0.010277261442509105,0.03442537624286099,0.13088357648202226,-0.08726581358438332,0.04081267835548642,0.04126309324706364,-0.09344614844639158,-0.04709783147002728,0.09598680812644383,0.07243229580466086,0.03755655340882682,-0.10028600513600912,0.02146251251956785,0.09980553345235542,-0.16514300841196078,0.126139663999821,0.021506979716190353,-0.1465050156688226,0.12396755265778905,-0.09276715222111465,0.09821863067523176,-0.02954441670674818,-0.05624180630667012,-0.1686057928177284,-0.06466310552899818,-0.14351344361372648,-0.03529630567457393,-0.23700790447919337,0.01879258330040751,0.16270862430223945,-0.0323120968929503,0.05635669526214468,-0.09026773009409267,0.2237448707015883,-0.09398149223519849,0.046153789347554534,-0.08248283311248794
-0.062307387607358315,0.10924634103856438,-0.06605340992294395,-0.13641794986310044,-0.09565224760934488,0.0305469705163656,-0.12304280999225044,-0.014418276701774282,-0.08424485460314728,0.09915870345317959,-0.050111918934251216,0.10638874429297711,0.12711972405445077,0.05187398303586545,-0.048418966466036675,-0.034273463210285716,-0.002284764541039443,0.036053953502868406,-0.18621085231025483,0.03033674383956211,-0.009815256016042063,-0.04077090163816529,0.03388724294172613,-0.03202861712439589,-0.0955446198072865,0.10769736642096012,0.014467249526235307,-0.06520576751489092,0.07234224260500763,0.2351315208890141,-0.05780015301472958,-0.06784272503937314,0.0381721782512836,-0.18003714116303945,-0.02327863467601361,0.17200765092831288,0.05606872906096847,0.1125532323520829,-0.014500302287354517,-0.048825584639733924,0.05360211461301713,-0.2488277008049386,0.04722709321783454,0.014021466186294984,0.02888034456416251,-0.12407821577885936,0.056620890807709795,0.048775530172345045,-0.09705345285437454,-0.004200936603014879,0.11495714836315289,-0.07611924620797447,-0.1224825651213825,0.14985383502799812,-7.885598986466726E-4,-0.10931069243876484,0.13810266826463094,0.07833768624475804,0.016265852539649874,0.037333879245191576,0.17773028161345486,-0.14171708808747696,-0.15299950635648887,-0.01659415246706741,0.03840012055305678,0.12199311258287034,-0.09580075898988286,-0.05261335155866854,-0.0044285106879291295,-0.03040404554127388,0.23516438305865975,-0.13929375089419158,0.07895683198319468,0.033789938815573455,0.07653685889494227,-0.032885604972552676,-0.02966724888396118,-0.009849622646164206,0.057032665075819854,0.02504012748433447,0.015313709059556237,0.10111035686845826,-0.02908621506727033,-0.05297441468717444,-0.04729362504240499,0.029580523168920535,-0.08932991754154368,-0.018923414281214475,-0.11052556162491331,-0.13625504572778974,-0.13517543765763454,0.20123681304073357,-0.1455585628706876,0.005385557179842789,-0.07959849107901051,-0.0902921431722691,-0.01874441272783723,-0.07440771397114682,0.09050519402208673,0.07864580866061044,0.013795335483539813,0.04850143888266367,-0.025815836019180343,0.05938167835520769,0.06086747393413127,-0.01914436224262747,0.04760283350788922,0.02774002389910997,-0.08965337687704482,-0.04392043095794373,-0.08341320703271003,0.14662702164678842,0.005061921042470381,-0.00843840421824842,-0.015572463904529255,0.1448459197079348,0.0893269005411259,-0.009182545553295392,0.06917036194672535,-0.12044739115140711,0.11583041531100519,-0.07479851517055634,0.1344038613867825,-0.11828418085688581,0.004815716707183984,0.13352407617804696,-0.0878847711606785,6.946697949116501E-4
-0.03416585526692345,0.017380742286512266,-0.07093430184206216,0.003357961763297865,0.09847048678053631,0.09944481665534491,0.03349994264905469,-0.010409782748696856,0.07435163774027477,0.06964497233651208,-0.06813611164372137,0.07008504772084409,-0.18352339898420975,0.0972866736792841,-0.13946824321398688,-0.07230925028863218,-0.07036198046224271,0.09834211353269852,0.14196782636125846,0.07171030474044914,0.015891829626702613,0.04258547888852343,0.012382539218041968,0.08591896710568553,-0.23105563735467308,-0.05122727108073338,-0.13203531022153434,-0.15732593637578465,0.07253798344217166,-0.15071885241454416,-0.043891863602871284,0.08890245897593943,-0.052834455471999414,-0.001572604517027095,0.03313611671196109,0.051625388565619,-0.010306559970648308,0.03983753668007046,-0.13699822950515889,-0.05506347408066574,0.05057337172431561,-0.10311718105042915,0.04736144686144967,-0.05106840613625371,-0.06253138482346433,-0.1103231657503722,0.009357543735882549,-0.11760230998173817,0.07336027944151383,-0.07360843438947601,0.09601691437325428,-0.023075507240643507,0.09613598548328038,0.07124790003185677,-0.0687373850836409,-0.09794491508101166,0.004182773885107764,0.026083799316438627,-0.03104112072971481,0.13318951798830725,-0.00722875553647802,0.04249491011670243,-0.053164983579190056,0.08931227823446235,0.03234928043123788,-0.022825817544800522,-0.0014454592852798562,-0.003933989735904173,-0.023596184419906924,0.0014562485329934374,-0.03944260931868399,-0.07278937829473353,-0.09116116025177014,-0.09431972562270505,0.04251150013729168,0.11210859278851351,-0.06609301309604644,-0.017013448749930965,-0.008284287765238242,0.14796745879349077,0.030876286742428885,-0.005673069255928295,-0.05082049970635408,0.013670651307198136,-0.14838206230753748,0.13749644509250886,0.03897931304862279,-0.05640361075188063,0.014609979929518424,0.12477314634966151,-0.19454188479431425,0.02947013753487265,0.08013885491376228,0.07348735357285358,-0.0379792889394523,0.21011075471011778,0.12534497704503836,-0.07487700308334727,0.06945808236892743,0.0941645991748018,-0.05135588872721379,-0.0978673839086674,0.013859030208127631,-0.07933213002004336,-0.10315803994801957,-0.009593153861594712,0.005792875941154239,0.013775351300068767,0.17018545903409715,-0.10047435825451796,0.0010374777901385925,-0.1477348753086376,0.07655270905812049,0.05627731352184406,-0.011941825269140519,0.15747737065949197,0.07757987308114751,0.06658454443274693,-0.08908347600382815,-0.09361175983767776,-0.03445086759273435,0.1588363355858139,-0.041723949371982996,-0.009314873375325433,-0.037491583919880805,0.06993922663063237,0.01363757922464685,0.053109163668316584
-0.07571872628525864,-0.00964890566469629,0.05301839805029445,-0.06757730882915275,-0.02689092864012264,-0.04622001449649673,0.0513639879475277,0.11751956690965736,-0.10759395712438143,0.017920049026618937,-0.07195326448023456,0.13896559393714997,0.10530071612058627,0.11032500264975986,0.031595933192249945,0.05790330903703426,-0.0734112248229223,-0.04253107774040031,0.017391437522700604,-0.02786279521236164,-0.021313502670629113,0.10322559922622562,-0.09558475549073345,2.884351502499445E-4,-0.0520930165982322,-0.23994117058945832,-0.023225641178943157,-0.001698897043065077,0.04432978437534261,-0.19292648659418069,-0.11812654729645572,0.09477068434496083,-0.00884624587884751,0.0695132961100891,-0.06439256715546544,0.1546536298742871,-0.10911143819272646,-0.24057962120815626,0.06974379533510089,0.014142581828551562,0.012072192485731222,-0.058013082255677695,-0.029367888237995923,0.05863705939624534,-0.0036848437740473836,0.18560343347138156,0.04319778739770899,0.05759135304279457,-0.03975424725845344,0.13186098769597254,-0.06884982748977757,0.005046125389361701,-0.0025463501738416184,0.09048344627534194,-0.07088798354411016,-0.09926384302976181,-0.09258137485031259,0.09763400615714767,0.05286320524354465,0.013784540057213667,0.12256063181836598,-0.12270188748776306,-0.0936356956733505,-0.0766258697913255,0.0264849516894875,-0.03882378217650839,-0.06857199372595482,-0.018720848083239493,0.06391117246203379,0.1485561761763753,0.1200200800796246,-0.015038970700229309,0.043697478671682055,0.014531042959012468,-0.0036543785312382403,-0.15444208799482545,-0.002310437759845208,0.023535698188132618,-0.07490361890295477,0.005483985582159191,-0.07348297493757683,-0.15348161516250008,0.103670263022241,-0.016705783884600065,-0.008600605281070914,-0.03637467291450451,-0.09871008204601103,-0.17883203099816936,0.18994729964016063,0.03507464295611276,-0.11319522649639543,-0.0416457476131442,0.01723549248821666,0.09681899748173192,-0.014804341586082374,0.05355255431922059,-0.12489928941882703,-0.08021852067243125,0.00657894192166502,0.03528802114087652,-0.10166935659634879,0.14191305179474797,0.11914382915639489,-0.052878712758610814,0.20682846829795706,-0.09261399767844412,0.14084421668338015,-0.0212478659085442,-0.12147616651449168,-0.11820110367564483,0.019485677925759733,0.1289250733318779,0.005889537984008782,-0.006714516565691574,-0.09242686588010768,-0.025143785896591837,-0.019196463949318128,-0.013970250983580427,-0.08517695127851087,-0.09739226601609807,-0.013670736521559479,-0.1099880776340398,-0.03354544215888534,-0.0919511019921643,-0.0360584983778561,-0.018696638579459274,0.03930790635041739,0.005135725286309404
-0.027497754348360496,-0.11641104144657974,-0.17042168363455767,-0.10521631058575387,-0.02580795819701568,-0.03705153080653858,-0.08320613961357728,0.20318501356450683,-0.028734302197201276,-0.01987093374362201,-0.1645748514354216,0.07379111281092882,-0.025464620934453203,-0.08304642625694242,0.0375513240235838,0.022486404981519003,0.19381658438856003,0.07898301236664357,-0.07452294343590948,0.14446077543450225,-0.028675993393822673,0.06844064690863319,0.07035962559925915,-0.09037741426904727,-0.030478416647800096,-0.15598709991953996,0.017593311233872883,0.09780805670151156,-0.05093079237584217,-0.19720835666987266,0.16822537753185093,0.11984111507765068,-0.04845170272980973,0.0036957833650531112,0.03183420895184217,0.03135886311087337,0.052939191431994,-0.06400287000314751,-0.1510502809453944,-0.08590775664260374,-0.055654249655461265,0.06584489222203178,-0.004453093056935608,-0.13110392384815492,0.1041965426802479,0.07039362632171003,-0.008502322167735707,0.07233823158654373,0.18369506958170218,0.010075364775625054,-0.08950530682710099,-0.018098406478303616,-0.1977493778569906,0.1490219993851825,-0.03003344252700551,-0.16385296949242567,-0.06793985866815919,-0.20550012622596145,0.01566758868191743,0.00830648648650775,0.09545714392520058,-0.09824414712575094,-0.02801863219400706,-0.06489792014868578,0.006217034050153785,-0.20540542062927228,-0.16854824494171358,-0.07441877221746114,-0.0625838468535217,-0.0554795695654964,-0.14768474611282917,0.039266252173795035,0.12709827063680204,0.03251553212867039,0.008981133061977955,-0.0870775186705027,0.03405856884366048,-0.05406919403458668,0.12568936426872965,0.06785549476979226,-0.0011418801339169071,-0.08675646142024233,0.070769299428961,-0.07448481488378714,-0.19814611860085307,-0.063734548603804,0.017743330677477326,0.016139690670900507,-0.037094881994836806,0.09076033740120966,-0.04871078117313039,-0.04296089555157881,-0.08604931471235214,0.24474438016773697,-0.07880225913134237,0.09510331942019581,0.03984600920715144,-0.09387321980682815,0.033843322942453555,-0.15940868364345287,0.1280202418394321,-0.024823267956628335,-0.08819304596918605,-0.07224467183626176,0.01671153726829396,0.04135499881382793,-0.07027419943280656,0.136337468029685,0.05157292751428467,-0.030266107597701108,0.06753652049479733,0.041695065904919594,-0.012847535817035502,-0.07952744211271659,-0.04478263535803521,0.02451797594924201,0.0994470590356005,0.10786356383659775,0.008551670249818887,-0.13782424187169054,0.09975885635786508,0.07437941351167932,0.024815445735443416,-0.01881941942121814,0.13613705302931087,-0.19697561641796762,-0.03535456725042062,-0.22152301432535632
-0.04013571665087672,0.08414274878067106,0.012487448470190633,-0.00551734806714161,-0.08768642452733627,-0.018580420122396326,0.15815993298727377,-0.0423382404016903,0.2894287454447775,0.03838832140349928,-0.13377390959585972,0.10057102106244199,-0.05820367518331082,0.02291950279743196,0.023424168615977604,0.0750999486574535,0.051586714612601545,0.11064807529454251,-0.03412467843892509,0.12749807740588934,-0.1234071515746472,-0.04941261786017137,-0.12309119868672784,-0.18693931175999232,0.08880353603939536,-0.028758667812357953,-0.015652876789438115,-0.08104345111431015,0.1188927685201697,0.025954112861181787,-0.11888661995204294,0.05878443628392473,0.023189220451414843,-0.010760517247452049,0.04388050989282542,-0.061107404333887276,-0.07828642196826976,0.15064225304159756,-0.09001767677407116,0.048321801494964366,-0.1570795772118934,-0.07125052477151807,-0.012752994655936368,0.1909803203290173,-0.024072539833867944,0.15306273329358772,-0.10767112048325708,0.1330530453762261,-0.07187819494242603,-0.03424270852028344,-0.0038682066024768357,0.02743315403697213,-0.08677222295301996,0.2583369463049301,0.008844869886809253,-0.07188084990631695,0.10870247934676777,0.10538121542800051,-0.025260709206178615,0.05033613712774965,0.07828509143660198,-0.10557598006437709,-0.006618084800163411,0.062496392489280767,-0.02321835207667475,0.0365872319281755,0.11448339937845847,0.053118732426431434,0.07110103681096488,0.1415969532321779,0.09165326091475946,-0.06352575442408856,0.0348285672872296,-0.05935986802774186,-0.17576811436852366,0.14057311274563553,0.029298548283513755,-0.06329822599544674,0.031212520047902242,-0.17458647913747552,0.031948890747270836,0.02415125765700671,-0.061080448743022514,0.14745801463882657,0.12963180649806758,-0.15368740854091786,0.058099151618132255,-0.021286687123643844,0.029234916053783137,-0.015266584433807098,-0.1394730645639711,-0.06626848586958868,0.10091840370615635,0.040510720806156635,-0.04865872308781935,0.06143859085573557,0.02303091712652523,-0.24824536107889583,0.20000652691965454,0.05131988571441321,-0.05227424409754923,0.008736105626933274,-0.1748887827353618,-0.026711932740288123,0.14550773074911683,-0.11082361586990666,-0.06291174281224089,-0.02075709752492362,0.06577678552549564,-0.04545948129112954,-0.1042038076420882,-3.2739893654984507E-4,0.026368949586712247,0.019211747814636436,0.11386228498419414,0.1917791126485692,0.21017395254180699,0.024035157486775198,-0.10744563233318766,0.06921826647598268,0.17073838093539095,0.06714861919676592,-0.16354176818299937,0.014294948740060976,-0.06533794687503525,0.12501615431203408,0.06590204649577028,0.04556872282503223
0.08081391042420226,-0.13088725363854606,0.0668370351325467,0.027977947654065922,0.05217268940220725,0.01968520946248083,0.08100809940114463,-0.0013396606534254783,-0.07374774847796187,0.1506598735029784,-0.11930740826758199,0.06638055409132218,0.041845762196477954,0.07348059880045463,-0.09471860867111197,-0.21375506934547633,-0.10393675181190765,-0.16005416701735387,-0.11661679695146739,0.006334831764819694,-0.08315571977837646,-0.06195299547249624,0.13170973173581124,-0.19019242718445759,-0.038953126116567455,-0.16820566790303945,0.022521677829504805,0.06853878714728333,0.014333018517468953,-0.01156370308830728,0.0259442792894391,0.0685476421285074,0.01765180131039531,-0.021808881591231472,-0.010618104327260382,-0.09157484096369373,-0.0849427080935414,-0.006175055295339595,-0.13350414262949792,0.06704454163668737,0.07616370494491745,0.039175071049510235,-0.06250314956426807,-0.007900731647340092,0.11616270767940891,0.13479943601139666,0.053225089771176,0.031214099444906083,-0.03579096914985113,-0.12693264663367929,0.0412530441696835,0.05422845861169041,-0.08117820495017466,0.12582755055551445,-0.05546864600945888,-0.055560637587970585,0.0609429576269494,-0.15688269466549848,0.018038949571333042,0.16756528777283938,0.014997690377235435,-0.043258464137167725,-0.020184161773912565,-0.013600923542006375,-0.09430252568285767,-0.026571702780718902,0.0830165668520395,0.03922135285030751,-0.06708163632901026,0.01466543050979356,0.2954882650783288,0.09560833155001855,-0.03827077876954854,0.23073383918850102,-0.03521349327703672,0.02101571198993195,-0.11766055831845577,-0.054278863787554844,-0.019046536443257083,-0.004280696215063221,-0.07170589926641316,-0.023513635809494414,-0.005147520210899114,0.2036981113744209,0.056835220105525705,-0.15057388213514375,-0.04847440631546075,-0.009857428132942662,0.011189811415502043,0.049910056043587975,0.11020108376478858,-0.019675048395799376,0.10144308525284151,-0.00840488142968622,-0.07515276228581831,0.041960464245991425,-0.033839488170842584,0.022061471124676824,-0.0013036847785746395,-0.04801948813357231,0.09584859657923135,-0.056115944715489384,-0.12778302126789942,0.04917450640409041,0.04619489853064369,0.009592738161185763,0.057612088970347246,-0.14425268286782106,0.03148124624290563,0.006690449363129037,-0.005600675705974615,-0.030653599338160115,0.036963726359383525,-0.032078514145306006,0.0158072803553047,-0.061424760965766496,0.020330600584353355,0.10202901660396656,0.07094767963546099,-0.13436030876213564,-0.00579521463989164,0.017756169643073277,0.104278995655531,0.08394412245458008,-0.07125485595907592,0.003851470114175526,0.19046113427938216,-0.030186369393572884
-0.06173479377444557,-0.09267472780954415,-0.04716431870544382,-0.09802283790599813,0.1610949017773276,0.07650142618918816,0.0715134619771192,-0.05707303986848448,0.12026593166154498,0.13198275386237548,0.10879870112835718,-0.0655836469860172,-0.0062673614300029264,0.005505112667578586,-0.08351276161528308,-0.01547491864877323,0.07643188611256027,0.06747587285928149,0.034872581817214116,0.028960359476862305,-0.15228881177298234,-0.03729043830633103,-0.1242620794216989,-0.17757129475068664,-0.006019817711369431,0.032297158653364084,0.029511622340381488,0.1335004202702278,0.04989018364950564,0.008072008981146442,-0.10310716253494638,-0.14902396480831573,0.03529741026275777,0.23062600892164348,0.21790571582308885,0.22262009559241444,0.24309699836345536,0.016702410397983137,-0.061146835290186524,-0.20124644683736473,0.08721868564739278,-0.02143465157594569,0.16465601334618002,-0.01112168737481575,0.1296933237836978,0.0037048897024079793,0.06367357580030616,0.19920477426772282,-0.15724946509641513,0.011739665636526158,-0.18852957572742995,-0.061642265337666674,0.049836119136925816,-0.032259602564492854,-0.0967165249113301,0.06438886832389681,0.1409217536474981,0.1480896636508053,0.022372918924967473,0.0769956302668631,-0.03990261299174362,-0.09635057849738851,0.10153983110600677,0.07676604928120072,-0.029206334132728246,-0.13873810737637302,-0.053580161251208895,0.06496042301348243,0.007830138102213186,-0.1286270140894218,0.018812865034312645,-0.0662782910131647,0.0627987571161262,-0.011090794457780054,-0.006982644894096796,-0.018682683880345184,0.0023443801778668186,-0.05861578596742894,0.1045175244814482,0.06399696329071271,-0.058567898734129424,0.04902367899931802,-0.23359468716773416,-0.0010004845347431077,-0.08340374916002981,0.019891776091080105,-0.031613566440258284,-0.010445970384900347,0.07474461593363929,0.008957968274635613,0.23710588461619378,-0.06892881744038253,0.037848808985566494,0.1667077831597055,0.010825357491441673,0.10462660165523054,-0.21433030376372708,-0.047063311600746026,0.10653083060032655,0.013275795543909914,0.024625781892147317,-0.01722518447241274,0.11723198804022093,0.06338723615006334,0.04514539790075332,0.060869743967662114,-0.07687778503073033,-0.014030507201108065,0.040000297773593575,-0.003608058124897652,0.042820943856854636,0.06452388049972453,-0.04764976230370017,0.052031936025726366,-0.09358325431849793,0.22987653751264264,0.04180979057840883,-0.06257488233143879,-0.046799523014935944,0.03910120997383174,-0.0642098072208813,0.1746031696161937,-0.10882808423321265,-0.06228470329463106,0.016658123876795085,-0.17695054580038266,-0.03337399575048532,-0.0375952049827024
-0.06272563697041857,-0.1190033472935017,0.07606188333316591,0.017405188348992483,-0.12359241381803142,-0.057977806165924746,-0.10643546290690858,0.09591669578794441,0.10038336007169373,-0.035889383238745326,-0.04055194465851069,0.05513322741021734,-0.09247702762652078,0.09403821644871102,0.0857069866218099,0.04460248136440554,0.07749269962340294,0.05389996438723567,0.18892942689229686,0.0088374778958413,-0.06834180375846531,0.10386751768406784,0.10373810028400206,0.009338199918700489,-0.07703184151683083,-0.046075329628789144,0.05262327798989912,0.0370951836543593,0.1381864372492596,0.0168742314227139,-0.11646251193455397,-0.04633198741814835,-0.01971780145636992,0.11540491743683647,0.04816172520466386,-0.04255367958714677,-0.11502775950985414,-0.060658140289691916,0.023240115410055166,0.09074285447592192,0.20161920031576824,0.03795648359274509,0.05238324038647175,-0.052393500035904886,0.017225668160596296,-0.019149722941128006,-0.14933872386454444,0.13250560984623005,-0.02035280095271958,-0.09259990946560773,-0.08637086959557817,-0.07994021522642779,0.024914211952118265,0.08974879925740628,-0.11272628776033702,0.0943695774399667,0.09946873343111914,0.004104220036015291,-0.03773245541921708,-0.028002747300907883,-0.09232018144146292,-0.02454053429976963,-0.13689439704328965,0.02254759604431822,0.10746476106911848,0.15642402581792886,-0.01252975753556266,0.019808791965933728,0.019511923884647675,-0.11185539330990289,-0.037898487952038255,0.036682455324559445,-0.1206565017395116,0.0741821403915674,0.0687421350583534,-0.05450274033928056,-0.08295533847229412,-0.05120286246037859,-0.10292087973396713,-0.1210925730598651,0.019110874078565925,0.08688461965391137,-0.06005490092151249,-0.07099782924872357,-0.1474170987806765,0.03349566932233153,0.05331394775298531,-0.03603341439917703,-0.13336078149437786,0.13298016645140429,0.05668599838110351,-0.15160570893842426,0.03651953290996638,-0.07406048574424222,0.006644110800893159,0.06106584779026057,-0.031116399655437194,0.1693301452174536,0.1581239018809655,0.0818609899154533,0.020820251350825377,0.10149567078421154,-0.08621696263306423,-0.08274288770343938,0.042628338969706414,-0.22656761757337565,-8.799433365154798E-4,0.2570098208025462,0.009876148873407322,-0.06706650397208459,-0.2265316070430014,-0.09094003122664626,0.14001738620763288,0.06272514308186197,-0.0747948248987807,-0.011274481782577079,0.04957871347396268,-0.08479474474630522,-0.01792426387790831,-0.10249202987015034,0.16602232847130718,-0.10879458588837349,-0.009547142198195455,-0.08020697156726922,-0.007350820622169265,-0.050304796124677885,0.17712639476413264,-0.028761703494088266
-0.12907607595829715,-0.11168841507605061,-0.023602811061066094,0.004466417592361425,0.11073913360607496,-0.13596294563650974,0.14409167437501424,-0.12125346935492076,0.003661893705778218,0.11747607480412221,-0.09925340596287739,-0.055833268879896654,0.03429516378588709,0.18092452175452053,-0.12366956985985617,0.05476064177905899,-0.03037312104715524,-0.023836714417042906,0.04803039161473685,0.011579991826345202,0.0099184664626624,0.01930290207915025,-0.11935033603095195,-0.10848497018749866,0.015147338526769706,-0.2151757558123346,0.032101132422128024,-0.044422354381376976,-0.05291489897263422,0.10528695410557211,-0.05908542632817937,-0.1354605104335382,-0.10544064922694911,-0.023579846210314274,0.02361566806537181,0.07671516046519575,0.08683856319978024,-0.07748343865215612,0.016838399963414522,0.03727317915556276,0.016302993809536502,0.06500267986126611,0.15344698303926282,-0.01521652800500534,-0.05274563612417018,-0.16479523605019317,-0.03650057823629982,-0.00119245459552184,0.024060214196515977,0.06761226284943611,-0.04159322108669109,-0.03369503650325627,0.10818145505366188,0.16157881938651614,0.10043737247391676,0.15356164585694715,0.04355566153923178,0.1711826658778168,-0.07115474737612491,-0.02921231918233004,-0.03012133331439594,4.074307328410876E-4,0.06788491005297073,0.1582757678008616,-0.13971253266878406,-0.17897453736873295,0.08023241980217734,-0.0602073578241095,-0.06891126610619935,0.03963882228658183,-0.0413477727532007,-0.043803544033099766,-0.07303096535649047,-0.04151873140547736,-0.028835691063763436,0.04292663079320871,-0.0942184923792741,-0.0655865700587439,0.01904644374246079,0.04239787958778605,0.02814621472720862,0.11765611066087786,0.03524498992450179,0.07011313351072807,0.04009172650221991,-0.12003434200072391,0.009957193105369667,-0.05730285779320902,-0.18202265540251514,0.162332573426391,-0.23075437000786153,-0.010473652004421283,0.17765461500185817,-0.03099300714951256,0.0193637426257588,-0.06804665597075725,-0.015401037760724106,-0.11206982166851963,-0.03362835641888857,0.016001182861425205,0.01800936549753676,0.13846733761096264,-0.02563539573517065,-0.26278061945018627,0.013508151376586085,0.14205393142762038,-0.006598189868837709,0.09404774016863196,-0.0392583147537412,-0.028699488389894452,-0.037491158691935415,0.08794613351212345,0.02928792953156818,-0.01779249551182131,-0.04933616397721372,0.018949411411419946,0.17052969998075548,-0.06688291122314245,0.06841609989594236,-0.10719539113042727,0.14456698218758257,-0.12209141703890525,-0.10697611904659157,-0.034853106168458756,-0.11684068919870365,-0.0639469725767751,-0.11273098664288493,-0.1743550567455672
-0.14489111571674637,0.06700188684736588,0.0037444976965206505,0.11580409756462136,0.017493288480963008,1.262994837202702E-4,0.07783719850442852,-0.05491700078865741,-0.03502827715849734,0.037607264961571456,8.518101536059557E-4,-0.1215373442402288,-0.086976439509422,0.007838740697798132,-0.04053116831282842,0.03475676614308529,-0.0737323324909494,0.1503430815241419,0.12836744491652324,-0.046106068277207896,-0.04213242230935819,-0.04346082868074888,-0.05798096260742493,-0.06703142710347916,-0.08626676727379134,-0.018465702892474775,-0.055302045925222004,0.076473578952936,-0.009986725578100195,0.03202648932705567,-0.06065135036284203,-0.06416979910963337,0.1119494009626728,0.006708546237474007,-0.17759764942883735,0.10652084626143762,0.018107376022909398,-0.13228400992049721,0.1340993562589143,0.06867921921072133,0.041623259785906384,-0.14037967031042942,0.02260666642131568,-0.0804539109885325,0.12888515757173788,-0.016342842257672404,-0.08268851325656089,0.08704481238798349,0.10192131586310797,0.06334512558973529,0.11447564821205053,-0.10566518584595065,0.14524708915089868,0.2705028484561594,-0.12768276180608765,-0.0031883003879959234,0.10743079524814875,0.12824345809315368,0.037100994491213554,-0.036617036858505085,-0.010908067747899413,0.07619755275679045,0.05198015684579352,0.017016727766438894,-0.027913379740388686,-0.06107431870954042,-0.033817219176153095,0.024724940451991185,-0.08784817591688063,0.10809269944724256,0.009039607725163195,0.05919572736845777,0.025888131725075213,0.15192653869896788,0.06031659328373952,0.09749749052112094,0.0919482011354056,-0.07919009780018026,0.002271239520773665,0.10747011741208219,-0.13532576892793785,0.00953286185748934,0.02629134639350638,-0.047823055868084094,0.00176849376264163,-0.03875462641758887,0.05929037908161606,-0.03681693381130821,0.0846305546890625,0.06744289448895695,-0.08473486755248208,0.18148314769238388,0.001971147839602519,0.07886404946452344,0.10976284377397674,0.21397701521852974,-0.20896312052560007,0.05168167174358784,-0.17686202142368307,-0.0657928641163506,-0.018389387241943868,0.19804116399810112,0.018339103459699024,0.036421896894746446,0.05751369400180326,-0.06237600788246317,-0.07823528222827317,-0.016384696470256074,-0.048119025933229656,-0.11024875222645278,0.02568177915093713,0.07611307456826047,-0.03147312181477172,0.02903659008113927,-0.07013522085632234,0.061346646783835376,-0.046707651628465255,-0.10534272995410209,-0.10250170094151718,0.08697806986683453,0.08042838423723375,-0.024461649980429864,0.0772679046716236,0.04353152085507351,-0.018132053946131113,0.13961416147785508,-0.17675924780090596,0.015392222764471407
0.08391744081444215,-0.04650187873935573,-0.031454208719960186,0.03212243276713963,0.07317784676805451,0.11828251781655624,0.12178776197413725,0.031124125914019918,0.0375295373286701,-0.033257335190473934,0.002128635620610989,-0.013885961285597484,0.10335747571608553,0.07215917207560653,0.08747722933888029,-0.0037818321655090875,0.08724677019933119,-0.0042707976344497365,-0.1309711219699,0.0898825158008385,0.06590833158441319,0.1776666406515058,0.11299955462182679,-0.10256565922021439,-0.0695123525651557,0.07711542669569685,-0.022077801280277292,0.04483506675881985,-0.020365964715932165,0.004416044848901632,-0.020189075073672465,-0.028271651460576055,0.08648443670350928,-0.0626952893863174,-0.008589956995361074,0.09822881121888086,-0.04888905212773839,0.0012447949952168846,-0.05124755838816216,-0.054921929552628854,0.02181117915689964,-0.02536645960390269,-0.047652438082366425,0.1889062278502143,0.15367990624431394,0.026231110847217798,-0.004922426842100832,-0.09481088363591537,-0.10182339598285357,-0.09484772262980398,-0.0337703365544221,-0.026685676630630067,-0.0846386078983596,0.07694350432368649,0.008583571243740394,-0.025474311175257464,-0.04000286721992101,-0.03321277816668417,-0.05006481011471824,-0.035139187807234,0.11572229142924108,-0.06302595746857943,-0.14957732496642553,0.06885717022607718,0.041168451555665835,-0.07150458461061077,0.07349021986548457,0.24587687973868805,-0.1840134866415735,-0.04431659790937979,-0.05628545510191701,-0.021237143348225025,-7.271864859552438E-4,0.02536262273153176,-0.059371472219992616,-0.008195543944536702,-0.07004880199446391,0.053617714061295355,0.06618443633148689,-0.11101096813034265,-0.19286137157090388,-0.030588424417645088,-0.13703409845859685,0.10391392956595583,0.016146552995154155,-0.2489887766592058,-0.0801688701526957,-0.14766844778983154,-0.18893471632950778,-0.06669051004368165,-0.13846342903060335,0.03467575040364216,0.11466872626994398,0.08560164105516531,-0.08922803411913334,-0.16636276258464336,0.12958126755134416,0.009315902682976579,-0.07408173074104012,0.11169198914781565,-0.1242844617319614,-0.10392010833066659,0.1527269348345039,-0.04749633244116937,0.1482160769823551,0.10933700258026748,0.09162564704862496,0.029161706346110462,-0.026686898749272724,0.01167364935674374,0.12754932919058218,-0.0902361560863545,0.07772831158032552,9.999689570333102E-4,-0.07965847655019168,0.11581868477527935,0.0785104557737481,0.0867342588367851,-0.08054175576147041,0.12275873691653473,0.03409379433939478,-0.06901299958067153,0.07318698998176905,-0.17800479389782722,0.22673614492747265,-0.11120267852525477,0.024744224234193004,0.013020381253597705
-0.1480230870328679,-0.040783010421580425,0.051878794848340924,0.009699098800590843,-0.04939031064555526,0.14977331989155832,0.1198555123897959,-0.0019810577295999846,0.005357262879851642,-0.08325378406614709,0.0470570323356205,0.22437163805407395,0.17442802612772418,-0.07719039945162437,0.07604302816358205,0.11786789841633476,-0.14577459962606887,-7.408007606818719E-4,0.07253034353704751,0.09354377430338465,0.010573671215490051,0.07320843356265093,-0.03798615357808709,-0.07152095916724446,0.018872931860690195,-0.07808907420936716,0.02111553362337459,0.04604897935966031,-0.23417169967167215,-0.0020747566440321,-0.09255576987411407,0.020387097259032524,0.07775192226787148,-0.06048345694769908,0.029947471764187415,-0.0381096307733454,0.17618371957277304,-0.16151342249875242,0.02119453022013576,-0.0896205331710947,0.029919420226174925,0.13447620895229825,-0.056258176181653,-0.19799360194532972,0.16947835391502614,-0.03974004885286976,-0.0779291436683931,0.01560111096209279,0.08497128562389536,-0.05412709302604087,-0.07840904176124655,-0.011859224320917927,-0.1772338879357211,-0.032224799933808175,-0.0711172585277458,-0.11842523555432953,0.12440472724608902,0.0848849864889798,0.03616049309875908,-0.04774287809043223,0.005822231412274043,0.19416918543802356,-0.009708150740934975,-0.002340364091045763,-0.05644987419339634,0.052152158432637194,0.04412504223203261,0.012027655517718852,-0.15874060220096137,-0.028328952393142877,-0.13682868059621572,-0.01818370251886021,-0.024606622974004472,-0.010091923660129894,-0.022179156796291,0.1042988243029042,0.06856816405232383,-0.030685389968676473,-0.024755101386305656,-0.035686301196328644,-0.12011712097468297,0.019781955744883395,-0.10803845969947555,0.03462228891031297,-0.024704316484453082,0.1535846239481965,0.10763302039713687,0.029598051841508384,0.004685878613271327,0.08227592397436644,-0.15329754031720297,-0.010535047647618739,0.09509807456569878,-0.028707097376512072,-0.001081518080993155,-0.017361025846137683,0.041950498615154,0.1699115223584902,-0.017862624553450758,0.20246321184204316,0.016611147526376,0.18340848001305615,0.11180369543609447,0.009446073771447452,0.0653037323383352,-0.1540492478780792,-0.05456355474236955,-0.040310930237703886,0.1099185173790115,-0.11969531118426625,0.11949902344608378,0.02201158922419581,-0.10807757901201645,0.04121904657724465,0.05795082105708246,-0.09854242249713777,0.04546988852432321,-0.2951853725838586,0.05546678380841863,-0.0033679354033450525,-0.010760429548005934,-0.020751116549191585,0.05881246052179558,-0.018023497530941807,0.18904967963785024,0.09487395207869169,-0.07805530955657257,-0.18761724864065185
-0.008046116989355217,0.04634272014166079,-0.10444426233846824,-0.07814592771419672,0.05762828440156887,0.11909170025614997,0.05686913682199912,-0.10861714632344628,0.17245088068497416,0.08436529800288695,-0.048957003421308085,0.32706557835116973,-0.023129809761936664,0.05128350081420827,-0.015442455360149581,0.0026282318584887132,0.012710156414348063,-0.11384468038671212,0.024146494803091566,-0.08278305473067378,0.2312345610423982,0.04339954029577825,-0.08495914623969464,0.039248046045352765,0.019440662771614554,0.0037424302219755535,-0.059332264896406306,-0.0012460443624575362,0.031487018010787654,0.11303119517363912,0.012051562790211707,-0.10463046602326102,-0.05558917493182149,-0.12772621878209436,-0.12056641076767917,0.025047989007239507,0.08982291201969735,2.2850596779869312E-4,0.023666497065882627,0.018228982907096698,0.03972941374813361,-0.023290769545470047,0.010071679218949687,-0.09398936219301482,-0.03538971410184728,-0.13816659334776626,-0.09174370872289055,-0.16909725707203263,-0.013801660003082373,-0.0037749812413864687,-0.07240625486361774,0.10080966057840324,0.0228596932909953,0.05767050965486133,0.10113501372094963,-0.06217282332629061,-0.03200848510422288,0.046285827473028215,-0.009721030112971282,0.17451998582032485,0.0365068641735132,-0.192477061171049,-0.004255886697334069,0.041417651317009446,0.013478102808577681,-0.0030641050310574553,-0.06909025089662499,0.06659301825068134,0.1700549007218917,0.06522614294206273,0.026083393097291865,-0.042800675979318026,-0.11241235203914897,0.02191479457212188,0.014691837643623466,-0.04591120253498441,0.11320255987652031,-0.004374233165712669,0.09911775969767082,-0.06563874431817658,0.10828367807906776,0.026150383973654632,0.04080732132500095,-0.1858528670981092,-0.10724682646895392,0.03059829755651914,0.0970293236288021,0.008973659900625307,0.006996427125421118,-0.02937918959526424,-0.03134665351412098,0.12119079799371786,0.014705030269299854,0.11409846980345238,-0.04837514136598149,-0.03222135132600565,-0.1569968474038525,0.056502242184781476,-0.037830003233426834,-0.1120172878696915,0.06205282495196467,-0.14781647728907235,-0.07780398138793601,-0.07761933721070803,0.0019850559701265896,-0.07078764506756342,-0.022632303194020403,0.11067817576822316,0.10823373439859835,-0.07977998807345772,0.12089401689022053,0.18875843250180932,0.05317489483605866,0.13938828932302175,0.04371488348406918,0.11038985270297792,-0.05844694705211522,-0.10853405144665615,-0.04851863183685617,-0.05024752809555791,-0.019899637214050234,0.07391685499528146,-0.043128457888501844,0.1001648862308641,-0.06232482998409503,0.012950668886536508,0.018321131719355132,-0.11218470367049739
0.06683643564537521,-0.005244480090235788,0.04581026017886428,-0.09107661274616193,0.04559676928460985,0.0028628650340015243,0.07384376321505776,0.08939849987145305,0.03350382901149603,0.08137114197773465,-0.13392448019645203,0.018896136097733253,0.053394084379338055,-0.07852385512869803,0.05204333865521772,0.11824187913503165,-0.028149868191765903,-0.16982747597745354,0.06311103315258021,0.09564249002616153,-0.016306747494972428,-0.015355010512064973,-0.012288904150953257,-0.14895588626105583,-0.008585352414373278,0.056126892155664174,0.04257411923877957,0.15070833842736173,-0.11452055518302928,-0.16399025675623255,-0.07988359162935166,0.041891802372019775,-0.025336696115613556,0.15009858412032237,-0.1399155814245703,0.07368045920263012,0.017914388654560444,-0.07920104131926163,0.11249083717559506,-0.06949853975469161,0.0407017817761716,-0.07196310245090054,-0.10754465532945952,-0.022545467103001718,-0.12291265684173995,-0.05286505107831944,0.024768899379736378,-0.007306949536076012,-0.12391528168772124,-0.017511212510510868,-0.07583300681893007,-0.07333985952228111,-0.03667249835726795,-0.09162003887072111,-0.02140779238826569,0.10227742610219624,0.059887874956050816,-0.017933179793413443,-0.10760223324456081,0.09729647291560604,-0.04651023916173599,-0.0061958694661667785,-0.11315690935141066,0.041029239397845356,0.005032531690351464,-0.10295031350729668,-0.0027383350921129403,0.04288619354737542,0.015394705185868007,-0.055141886693916495,-0.08629916203169377,-0.16682497078939673,0.07158254722809956,-0.10783922580352216,-0.08626471491185699,-0.13213128932948814,0.0018595191947169544,-0.030410753146164017,-0.045687778052115595,0.02045467000277274,0.02543252229353466,0.06734692005026993,-0.17958301331581997,-0.27559403505635666,-0.11577924007598375,0.11992873944708551,0.048351427039871754,0.050887042163360666,0.02731607663336053,0.06617382534655995,0.045513315267680515,-0.03347441825038079,-0.026843209301129684,0.18452600430168312,-0.17240414159594988,-0.11151199895819458,-0.005166506916288279,-0.16184030954969938,0.044138511971627964,-0.01330928738189686,0.05861252794330675,-0.1716232055837211,-0.10769702169183033,-0.07327609412931035,-0.07712800998787013,0.04655483199881057,0.1451380689519352,0.09158440862856575,-0.07878708517693389,0.09094375089671786,0.17396128599435495,-0.07372923888949721,-0.07838626238235578,-0.06927193861541407,-0.0563792637064671,0.009556491594522378,0.17286625927306892,-0.10987210042409028,-0.05588818250882633,-0.14755877462463063,0.037246206158467215,0.16920455391731884,-0.06579756884561203,-0.08307726897594375,-0.07580161654817262,-0.02336065635068196,-0.0618652498166558,-1.7859485568128865E-4
-0.08672990656323942,-0.14464533613168157,0.04068166649875295,-0.21010533801053732,0.08111996995503093,0.19431311917207386,0.06795846975409743,-0.1379314002038216,-0.05233811756436506,-0.017753342988812197,-0.09262112807585411,0.01616796425998098,-0.07963850280436803,-0.0033658162891533998,-0.04167488699116227,-0.07704797985184639,-0.009366515358262302,0.012126055443452103,0.09394050154081979,0.0631910021675767,0.0720705865558499,-0.05268783978552806,-0.018143970587880243,-0.07812083713530005,0.06903205369973127,-0.021491211179651463,-0.03224161195204465,0.03167990930889759,-0.03619627351710016,0.023661119876542822,-0.04989181723312637,0.03504293539713511,-0.06946126101905357,-0.0934002046913789,-0.08191943970229014,0.12161156575531265,0.05171798270338582,0.07521407716198066,0.13144589396821768,0.10005628835642186,-0.09415231817776223,-0.07176356516188723,0.18050728763847682,-0.06704753027356096,0.13033671474860115,0.11570806402739807,0.07196994896854822,-0.09462837967534012,-0.012447811265769654,-0.12581233990327761,0.0634700375465556,0.05530153979834672,-0.10196654212366946,0.13227095081640894,-0.01202063062074702,-0.1276493495066291,-0.008237634656178845,-0.017144986617617923,0.11410736287506082,0.11405903035018271,0.015434558581774685,0.005192824867548604,-0.25779981348730724,-0.17786217486311048,-0.1187309921006271,0.008508605363617106,0.09012032448405563,0.16664489501292667,-0.003437690433040878,0.08830273598255159,0.008429307275113951,-0.08830469841768539,-0.06888383661684513,-0.017674033362979822,-0.02256968555422235,-0.08864923476927516,0.08804541374136636,-0.03695735586522662,0.06673101923077203,0.03388403540120219,-0.15579201060107112,0.03540763935350682,-0.05471048200203683,-0.038950881268994465,0.03172192207110101,0.019474248672991055,-0.016831663889962142,-0.04332079870196872,-0.06330438490598583,0.06285621817848713,0.009522991991921453,-0.09861477293675876,-0.1538185036011367,0.15647025413763874,-0.09145233494291798,0.20150421745998895,-0.10383204722503317,-0.06433874495773731,0.0288046979298495,0.12701032336795193,-0.044663246155800404,0.03140013499352484,-0.11903619466422985,-0.10750248811729914,0.20459667349672594,-0.22060129870631195,-0.030423971583596016,-0.027718904815844443,0.059557505549024545,-0.09305676180984483,-0.04113328496400585,0.06944069659113361,0.10180476729777226,0.02829769355323886,-0.03780386915984627,-0.025664850871638552,-0.20497385816465158,0.07378176333498153,0.11415588266866934,-0.027248429425598776,-0.08212100184356545,0.00464509000439217,0.16149460031557653,-0.05533799626165129,-0.08985708655015529,-0.02050306932924928,-0.24398745386091963,0.03584140997660793
0.09610540359608064,-0.1329978749881928,0.07183260992736627,-0.03712511191682671,0.13763672459819734,-0.008704088508420825,0.04794535548749963,-0.027200586311439873,-0.0793336432188414,-0.14023389733592445,0.18503808604803398,-0.1993876376043683,0.010201008522600195,0.020740270312563237,0.011858924265927889,0.0427726178606556,0.04702316158490635,-0.058339855569733305,0.07771175708836209,0.042982134553703276,0.016166648724491046,0.016470859767915597,-0.019661961021411548,0.11434614628115203,-0.10010391661420574,0.07672187512246897,-0.024383474886232607,0.1428678264536189,-0.05636388884732256,0.03009514014558439,-0.07524390703418589,-0.06731738441608881,0.06561941182304083,-0.02117988017000267,-0.051925722711889416,-0.10306267686929747,0.013936272175198845,0.07922340433754586,0.0019474444101502942,0.01691923943718643,-0.047650500608872735,-0.07611868792969675,-0.042333762977587445,-0.11939885966689516,-0.02490704423199204,-0.11040374119901067,0.06832223647506426,-0.09034151792285772,-0.031898625837606824,-0.0011385319406903506,0.10008647518032694,-0.08369299315090371,-0.10289033129079515,0.061251555059808706,0.018003794907792494,-0.1667709509904381,-0.04680477528422734,-0.13767463568802243,-0.03191252592020695,0.04019072024396462,-0.14670397908173288,-0.05641073203639029,0.08432048977664511,0.07694216461548666,0.10194049001896503,0.07604845495980798,-0.08894701513652556,-0.214088857504252,-0.0023183195167989306,-0.07977087708467183,-0.044909435685256814,-0.16652446645641794,0.07329801336532879,0.04706609218745457,0.011178838113973943,0.07622764692151819,0.1168815522297209,-0.061399065323514634,-0.04645808184397501,-0.14376692412612024,0.02978837423635295,0.0474253896698245,0.10989465288181298,-0.10882874239574102,-0.0074134390461030805,-0.15079261055346155,-0.17618521700328593,-0.12841953382867705,0.053111684806073506,0.050243235873082,-0.06150599826515073,-0.11148100126412779,0.003920438109504671,0.011539404415401428,-0.10562258357298818,-0.013753743401153809,-0.00776426586180202,-0.18284051547880464,-0.07143660212681029,0.1420071315545758,0.05258677065334732,-0.16992337661493873,-0.08052618732829793,-0.11509805122432655,0.048471867177915226,0.048854608409091796,-0.16378225147100642,0.10818569207032154,-0.06741854583999221,0.09505692579974222,-0.20566737637171373,-0.15938505394324787,0.08304731353958446,0.006991715605969684,-0.03388653226325046,0.044159318778792284,0.07905280060947596,-0.09127508356300504,-0.047558062129785465,0.11150112365157762,0.04571722637285776,-0.13422878215394393,0.014882122309780494,0.07738119860222696,0.0880147485397529,-0.009772551455015707,-0.11384964556754486,-0.02944206012942897
0.04964468467619091,0.08542101659695829,0.012871453270466978,0.0750519098480584,-0.10447022852937814,-0.09682624383669128,0.09132132720614297,0.05950239275760695,0.013987846705689401,-0.028685169566571727,-0.026875865076552687,-0.10842531178445457,0.0698188540272831,-0.21046607416831825,-0.03004842526762316,-0.07498975133570043,0.02887142599722776,-0.09707329110823035,0.05782902518088856,0.12598375895068098,-0.058515136977257104,-0.06943178033557272,0.07076124440455642,-0.09306983919439457,0.09075151348800439,0.026736335069560576,0.059982157884894166,-0.0327619951876487,9.671017053438109E-4,-0.022138485224031425,0.05292865161382635,-0.05292084544500526,-0.022025451755627246,0.1503923982905903,0.006936170871782123,-0.059521500647853276,0.02548838533443789,-0.0483405410885268,0.06886768154839576,-0.09237470970172648,-0.08269440356424121,0.05072432856901521,-0.05117231662992718,-0.14933819941687515,-0.12619682350422673,0.10733636587944416,0.12510138979511323,-0.0329198612747537,-0.03224174099645181,-0.035884065986666755,-0.1005374243835325,-0.11953036981210367,-0.0031239893133529545,-0.046900169008784534,0.026973479497469432,0.07675489870436032,-0.08780093408844018,0.057347976958265524,-0.08805663516611024,-0.01794200371026237,0.06717919421298431,0.05729215952312533,-0.09506013723510266,0.032988258545798975,-0.0022517019295161395,-0.14748933569656206,0.0667315064887234,0.0997755390523297,-0.01927294008055561,-0.025764336917587928,-0.11115002960351542,0.023492643380173872,-0.23058665096432285,0.05891306814420555,-0.09611652951531008,0.26710576804936564,0.08874068833319414,0.10621424067873733,0.022764332503127805,0.09072902595703872,0.040583361167478155,-0.00973225431353015,0.23227606138580723,-0.053386066652016465,0.14895488455831674,-0.02186258732878366,-0.07106042876532577,-0.14720552069288043,0.2143261488076658,0.013805172600508384,-0.07264609793321845,0.06328488906777723,0.1571859170773212,0.06907783485585026,0.09592456333908436,-0.09832331289524016,0.0467792598645192,0.07834384937903556,0.13484433303431073,0.08015539974246641,0.033867023686525805,-0.1044656866625032,0.05917628411819902,0.04929496809953244,-0.0823369674650295,0.05710667991814892,-0.06108203777164065,0.018493364910324578,-0.10078944619073257,0.1357304611819479,0.06575058691882367,-0.02527973481771452,-0.051265750505779764,0.060023617049118266,-0.12039108142610334,-0.08387421305134278,-0.08655419344927616,0.021736990599063418,-0.006207778615463359,0.006460183811560156,-0.027138939505588065,-0.12394103404806611,-0.0018913534015913957,0.0755085700179778,-0.2063281592693242,0.015217207261698994,0.0114264569478708,0.04558476331446893
-0.1571296580484323,0.040434491616198415,-0.03364345622886358,-0.07784000425394655,0.0789778289906602,-0.013078731673688592,-0.022339837572514645,0.104649434946866,-0.31389802784326526,0.08525427950884237,0.08138283303799808,0.12044715618257948,-0.1322056353196904,0.087634902395233,-0.048058312856389236,-0.00623593152172274,-0.05196897341235886,-0.08940028422356305,0.004228631677936555,0.14755259092871648,-0.043342127257931164,-0.07740899190819957,0.0690491436689222,-0.04227139342374209,0.09207039316358115,-0.12709812246321522,0.0017976004016647335,-0.0020205163300678723,0.07126545876888721,0.031128687275507872,0.059456979162872195,0.04443373937821414,0.1316130429404485,0.025500859147358668,-0.11930943816001376,0.021762612465998192,0.062095487006995645,-0.1753065968201364,0.044654954560505895,0.05418491028557122,0.08895263023772207,-3.540364385664699E-4,0.026632382145402048,-0.23177711000572584,-0.04778206904940803,0.03997711685152931,0.1143175755523738,-0.14627892598577674,0.048044456033271114,0.013128204226013056,0.005948249474683754,0.005131981524346723,0.01830842130177781,-0.011725741137621051,0.06656494915521964,0.1317925368721261,0.05694788029565301,-0.041914840762585094,0.04580947158597937,-0.021496292549045472,0.026144121898757738,-0.04111629180965462,-0.1351729720126398,-0.04240103824017712,-0.07299174948744469,-0.01718426268280006,-0.0985985211773824,0.09579636082824387,0.04874796194226193,-0.14737940286312626,-0.06812532060334867,0.12024191680151283,0.0022500590628835126,-0.09537852909803746,-0.10812523181691375,0.10766251278936109,0.014035634398760448,-0.10550055033678876,-0.018674496746825937,0.12109572062218857,-0.065783818493672,0.007317585874788193,0.01785422238157344,-0.016824232961427515,-0.03978646332368001,-0.04781892876168102,0.09037831215638119,-0.10905598850225999,-0.07857126776170659,0.07884797659227791,0.11250975806726599,-0.06753565253231901,-0.00362584063766615,-0.14145051124973096,-0.09297720332672484,-0.1269949526572365,0.034811169303589365,0.021467447607959024,-0.05213017731980234,-0.05439993853009702,-0.012556805972963391,-0.034814401791240124,-0.11908953956651311,0.032839953722107386,-0.014441508893933728,-0.04644099139176577,-0.12959843014017144,0.027761111996403794,0.06646982489827623,0.13466122078948778,-0.013944869781468455,0.004009392443057669,-0.11449882355539541,0.008210139863308102,-0.009924341962801333,0.04792385623213436,-0.0215371248286625,0.009541840347368553,-0.12455744746409711,-0.08625061527862536,0.01912606360660927,-0.031651416823746274,-0.023167840139867408,0.059578612664832886,-0.025990878454348314,-0.0018075085760057134,-0.036924760091179835,-0.07834706183460179
-0.03857057059313904,-0.0050256976564385675,0.023060495831769817,-0.019368522559401465,-0.056167014473587906,-0.06171198096955393,0.033073455550915544,-0.0516065105483026,0.028495641741337813,0.040796810241223336,0.0571693055354755,0.11570057318616235,-0.0338734970676277,0.02843557050774531,-0.016906334229977,-0.09177561599401193,0.07809114826214447,-0.05800514453292392,0.1327489922788619,0.049140756445104364,0.04728331235720572,-0.0744282110124792,0.034837004126453956,0.10078424954325015,0.1823741721387678,0.15751949857891123,0.0073400442504771455,-0.10701040071247649,0.09691402349810599,-0.07066097638396729,0.020917485530488257,-0.01663630905911696,-0.008986538145457381,0.004591875105479509,-0.12290380599158542,0.0047456072042843175,-0.10998536741568667,-0.14615772549640568,-0.1949950494449871,0.10113920527601906,-0.07338321231888398,-8.415103170842353E-4,-0.047560356141125366,-0.11276613756576596,-0.04302220040136137,-0.012751497345458393,-0.004036633351384482,-0.013602403577597502,-0.12546612969696277,-0.04111117256234983,-0.05271244982673045,-0.0759424200381723,-0.026952871861575557,-0.08731245338503854,0.17033178776199603,0.09151497070034911,0.0653009722585085,-0.14742784011089757,-0.1787422638346643,-0.11368621880969806,0.07168855914095151,-0.024593624813291384,-0.1750145227490797,-0.036876370449001473,-0.09127590293360059,0.09003358724397836,-0.006238990291731701,-0.0552227689177691,0.025923798721433626,0.004365380021934859,-0.08303052718493113,-0.02247696707990395,-0.02692772395971655,0.09011194442608483,-0.037315349501126575,-0.15245156132437349,4.4931811003740257E-4,-0.03860512958562369,0.04071409394124181,-0.015747150698491377,-0.007821370570447163,0.05717953620901073,0.1634747702615237,0.13058332628010236,0.0014348358361487106,0.29292700332716787,0.12086348862457302,-0.02350212967012591,0.14810696353318872,0.14427147417109817,-0.06725039935214681,-0.046785887651272874,0.19986768060271468,0.10530723701198542,0.05898685294106405,-0.006268524991374429,-0.007555058286746768,0.08329924241359729,0.09187263767076831,0.05321567964241686,-0.011243531519842496,-0.012960058612852425,-0.023390710361843314,-0.002870202771664656,0.07773371818779021,0.06385506426540966,0.06363740503333819,-0.05597071799814911,0.06178971282888199,0.007677863198137531,0.06017643434296549,0.004608985687073148,0.005263167634502361,-0.0020186867460746665,0.02523965844173804,-0.03519081993798683,0.1936766564560672,0.10789837103548318,0.024086129431236752,-0.06164061515176462,-0.03383343335558188,0.07802474452911808,0.10725702605159357,0.19847314173056219,-0.05714673325355236,-0.13715837017108792,-0.11944357318191601,-0.0424588437842791
0.03510327582799711,0.1983951120296286,-0.006232568197895058,-0.05134828493164205,-0.04070940766817139,-0.04679427724729903,-0.04589960254993529,-0.10310567610191472,-0.08973456608364873,0.1325005337365766,-0.027820984079641634,0.046127503669396816,-0.008789950807900106,-0.006434756235372321,0.04333760652350048,0.05240185002205545,-0.01354092153684018,-0.033231806805134,-0.057935112788350694,-0.025687160378411057,0.046996302229927484,0.05677076373560814,0.06623874205989168,-0.1396666566195691,-0.013544139760128497,-0.10551502782215656,-0.01041053424577507,0.1437355800658065,-0.036109340278849295,-0.027093354136995904,-0.10854153996543961,-0.0736490824982788,-0.0025383220200208274,0.054889155969366374,0.09620279236991594,0.022458196649814167,0.05832909657406627,-0.002993972895353831,-0.08297412641641175,-0.2182631264826762,0.11594956583707425,-0.07438233596533242,-0.024812092744154995,0.08709270491536548,0.08434766025413042,0.03608434302869236,0.06233543788662327,0.020194495366973594,-0.023235319438844874,0.011277030705483027,-0.12515121034531979,-0.04117285799893349,-0.054733215192741796,0.035004081306747106,0.04451379181112358,0.09307285449289553,0.031324312239053215,-0.12000925323139883,-0.014868372866882668,-0.04006552378811522,-0.14833084808877717,0.009213157734746756,0.11125066114248379,0.012467256668907122,0.01058497216502802,0.08261780024563423,-0.07269030942730213,-0.010144346849267466,-0.07606449208032559,0.02552875146527857,-0.010147516454495922,0.010987365736351357,-0.29737180120959444,0.04794408624197959,0.02669286333332442,0.09291101185180353,-0.014031775538964446,-0.08911699456291232,-0.03788342290340674,0.023077659148410694,0.028675612352287307,0.05795978463387624,0.09716955380266805,0.017624712840619616,0.09855648248198197,0.0639593823063422,0.037755748644126605,-0.023222649378949536,-0.10459720862065233,0.17179187488558698,-0.11665291267643582,0.09704310464804553,-0.030578031700410842,0.005696349476333759,0.0014896493203060638,0.0010154639117193488,0.03242752759544452,0.08453981701128549,0.03846435151102008,-0.03360667146834761,0.024433528717541453,-0.08419014100474059,-0.07455545445870942,-0.12220167180746169,0.05713750197704723,0.03571560991475859,0.014414972894892337,-0.03198958677748753,0.020800239153205374,-0.026273147066324283,0.03688685585329544,-0.20056232582591305,-0.19917450663561118,0.06909156459534507,-0.0976717651327938,0.09568784694837777,0.15215708746890622,-0.09573364534362197,-0.05241269399217822,-0.13251030374945558,0.11194504567066157,-0.09957284268744891,0.028483232783011462,-0.06406783793593551,-0.12436631833782094,-0.02716954070114168,0.02166347779450515,0.02989106873280642
-0.05863903283204627,0.11286190893943458,-0.11989228693904004,0.02521620085357761,0.08347185947687827,-0.12544864643157458,-0.18147260588721198,-0.1675895868323602,-0.16155803726457202,0.19133605946971152,0.005938278787806863,-0.08260645977217443,0.09390611046669098,0.03475897576776955,0.10697618909323127,-0.16442022877501733,-0.0257080614407972,-0.29646515401433116,0.05392430039880798,0.09896570749846612,0.10698977828027215,-0.07051549511935318,0.09811443875481723,0.009400580012418483,0.169470462437984,0.0648921244996995,0.08972175455065884,-0.06966535465904052,-0.020540496923152813,-0.10651666464449956,-0.12343604006214079,-0.0608007927409604,0.058111498278549625,-0.006769236463177349,-5.089362667228186E-4,-0.017361742837881854,-0.1466498357297059,-0.2130938316463721,0.1649195074969625,0.2818695574324654,-0.13761476834776973,0.11783693907305448,-0.037643186708590765,0.07626174056844462,0.15216797882793498,0.09154780882128909,0.07325832426052495,0.17430094361434487,-0.011857222733891887,0.16660773976432872,0.08143534387850754,0.04447185076036847,-0.36163545454936513,-0.04210319888776187,0.05649636887331574,0.11436900228084394,-0.09460112950062642,-0.03897610526680632,0.12313943964664412,-0.16680079358481215,0.025409722733318308,-0.12343940181019765,0.026056026764165317,0.020881546436865593,0.10512856921128978,-0.10078169679782134,0.13114617652288219,-0.056986176397536586,0.138223949002881,0.00852445109136014,0.016522671706324477,-0.12187998878245153,0.039250148671333245,0.12584507334729922,-0.0218984920902531,-0.03375272362810014,0.07390291312964356,-0.1356430196340567,0.19429258728285967,-0.05065079104925113,0.05064914821336677,0.07229346310455492,0.07867713749992167,-0.006460371438191205,-0.05366512545886404,0.013091607067073312,0.023339664678814306,0.08461381754474613,-0.03302343153829334,0.16004927555422885,0.06634766077495492,-0.02693130794477096,3.621198160842411E-4,-0.05966910893038861,-0.011486596272530368,-0.027519970900633416,0.012707600465651878,-0.11991986314818932,-0.04849091415209999,-0.035202203100488466,-0.08755616355379416,0.023909708964824937,0.11455277180354195,-0.13425230811197342,-0.007920100393874977,-0.07640200884893251,-0.23707012590349053,-0.030636337956038952,-0.01681161940703149,-0.0156532289584525,-0.12612426472743446,-0.0820433998727975,0.1708552870740028,-0.07061734735445983,0.01098971208081815,0.072743842119862,-0.08332597533665025,-0.19199035153515567,-0.030570147918194502,0.04078055086661502,0.024255079517067107,-0.04363007937417916,0.2656529946774515,0.029286803087619457,0.23441957561450028,-0.08381790802823944,-0.032095018572813265,-0.050581813013839676
-0.050511252464961236,0.10472814380899341,-0.23161769134275859,-0.17620703058548098,-0.047522541269651775,-0.11279199409537576,0.051573167525348615,0.06932895808127157,0.048059207656476505,0.0660527087529496,-0.023020606053876944,0.010731700107581895,-0.015359395145048565,0.22983486152306715,0.02714034822211898,0.09958022542018868,0.07677556871934405,-0.09625523449652407,0.07367573528262039,0.05295177262288545,0.09432554513377729,0.033331454010455605,-0.12786669920687044,0.0203861493958993,-0.10520282000525868,-0.12118777890626385,0.08922123064860114,-0.04908326127629674,-0.22744425002548926,0.008844378193127255,-0.09714760602670705,0.08253637444341236,0.25804066412596305,-0.05499095360037414,0.10554196288374011,-0.0019390836064421659,-0.0509105398957031,-0.07870091165075184,0.1273555988729388,-0.05278844478769376,0.0815665420322803,0.02621776687598285,-0.08338601692786721,-0.1686667966451227,-0.00675737185399059,0.01604413794106812,-0.12654521525142823,-0.08530470402768522,0.08011406057554238,0.03374437724725263,0.07858138091963102,0.06711040385398849,-0.22078693339614297,-0.11232501551218008,0.14611361018610222,-0.055074407601364915,0.18625327883757367,0.02162995627921336,-0.04582637444575706,0.1447787918747211,-0.05232193393515475,-0.0066566611254701095,0.058445438979309504,0.1529690212182573,-0.008020743840199117,-0.1580471414092187,0.176891813802925,0.00931767579391427,0.08786573520641558,0.06335485759774848,-0.015705300352907008,-0.09713909583494558,0.00528767881266042,-0.012521966220432173,1.9419822341193983E-4,0.04974658524861612,-0.052246420870574274,-0.021476297395188314,-0.06381419696706603,0.1418608646456205,0.012761742962646854,-0.05882123776062984,0.05175122903610278,0.07000179767776316,-0.07227345776821537,0.021030489532825332,-0.0800835293953604,-0.00473938697809959,-0.019051026763786928,0.07771911842018002,-0.09377662040696981,-0.11100397044981153,0.13670140787710533,0.057675076538626524,-0.19412183333711616,-0.09236808414437153,0.005350853899064831,-0.07505634883487143,-0.1293196974444411,-0.003166190004295834,0.07491216317633487,-0.0430938346765775,-0.028472122590146726,-0.05218400059852796,-0.010309774697341232,0.019321573375137666,0.0330748050003605,-0.07613553253655098,0.006832720138884733,0.16130907485848517,-0.08911713075869086,-0.11510890531262223,-0.07851721822048073,0.06644424476318526,-0.0101327488735702,0.08998933833525277,-0.02381201701922879,0.01975538770774643,-0.10786027784563745,-0.12741582942431418,-0.12112383146602924,0.17109826561364827,-0.03766803009634115,-0.15346997638901622,-0.07958442672624585,0.06741756555148949,-0.004291037755162443,0.008104211367538514
-0.18933756299439244,0.3233545327383136,0.09689927247241112,-0.11373008652261132,0.01054406420908665,0.0806027324041008,0.10543534528313862,-0.28319196402671176,-0.07826551298398517,-0.041716830367900005,0.12314641795713946,-0.1608056673611298,0.037205871989052675,0.06617386653335736,0.02910702288348451,0.04433742205782113,0.017176532217385288,-0.12119217145241683,0.06736008076624184,0.08249417702703972,-0.11711574402485118,0.12997677444321007,0.03669466456498914,-0.08796428266177835,0.1410832491678879,-0.16512705291713253,0.04973038417633905,0.0472464953724327,-0.09345102191906507,0.025114588209212516,0.0016702986131310396,-0.08389745545967191,-0.06672330032270703,-0.0026524592113897675,0.10480054571437476,0.07189547777174363,0.18308006029204216,-0.12443385579994205,-0.16118901891069404,-0.06331419280836546,-0.11346088017606605,0.018160926702104747,0.12308554995364056,-0.14390805603006657,0.009437714714876495,-0.1724289010754421,-0.1336871169757977,0.033678617326168614,0.048612600638070186,-0.13026757950916845,-4.863201344811295E-4,-0.1192998470288019,-0.019349529289837426,0.04025572625425487,0.16233647814324106,0.01927742000588968,-0.029898261841722965,-0.15420877436063654,-0.1799540640218704,-0.0077401349911958555,0.07641995879971261,0.04133118600871574,0.07579454765831856,-0.0609136353386354,-0.020028138949556514,0.1855098550351442,-0.07206328324032608,0.22523298696105165,-0.17907370559335703,0.027681083257170436,0.012009292357932865,-0.016915609203809037,-0.18214108049434413,-0.005893868427646723,0.03284117140697328,0.1443822042132932,-0.010146193016596505,0.06013847536965383,0.047565006829657065,0.03140569159848217,-0.017610070485595108,-0.010761540013588195,-0.036220788548824656,-0.004933169038114511,-0.16664407355598945,0.0046267098288672835,-0.023038040927604975,0.030495856287805195,0.013914823442570952,0.04705880900911321,0.1345488445007395,0.041623947827878344,-0.06655267491442496,0.1848732734568717,-0.026091677553120248,0.05887779557670155,-0.05327471235011649,-0.11729312595126222,0.04199176795326346,-0.07846294243690179,-0.049893124693370296,0.02437244754323744,0.0026891863488801115,0.06699897262518065,0.07074627331481351,0.04251411737017961,-0.16232256179647328,-0.06943123981510127,0.20003716834208218,-0.10123286652961239,-0.14292106215504344,-0.0322743103947502,0.01277951005579938,-0.017123930849143768,0.029841972591025,0.03816030349920028,0.07495096520157238,-0.053442776348821226,-0.03219155374336601,-0.026002163663669323,0.05993905815061091,0.07412501509682864,0.07000450333709068,0.10514250519296839,0.12206966834001842,-0.05250362159041191,-0.0588058469303591,-0.059909795717367084
-0.0516798661871985,0.06817304553251378,0.08745838361630037,0.028131116909223063,-0.1524956261359292,0.04721100515799676,-0.011137979255584395,4.748262108467726E-4,0.20448427618615955,-0.024117019818727686,0.14055134703460895,-0.02918690582979092,0.15909543432428258,0.0605570216317499,-0.07016963575350914,-0.00850111769594473,-0.05313094146221149,-0.0016817274744554433,0.04219243960049083,0.10445269148623142,0.1430081502074851,0.10047268767563236,-0.05785198588913544,0.12788347618131324,-0.12055162261355784,0.13429511194533497,-0.06389844141284022,0.15143811649577257,0.0677756490585216,-0.06690397391027042,0.02174209873867362,-0.17163143265850983,0.07329530679606941,0.13299021462954014,-0.1628784069436006,-0.017813561451767757,-0.017526158002438074,-0.02203023185906697,-0.0567855201160442,-0.17095383274471912,0.08746221941128027,-0.06640088428084785,-0.11465753692877623,-0.14480466287105598,-0.08480764670008359,-0.1369289763157901,-0.023967204286822454,-0.007821739351228771,0.014232795428031282,-0.02776041437600921,-0.018751543051702835,-0.05172766832963365,0.01108746531011668,6.27338087370467E-4,-0.06417921423027288,0.01112182438046723,-0.03452267851946939,-0.08134388762986283,-0.058756618699781896,-0.16958806066269838,0.25147347766297035,-0.07921668872622893,0.08376550581357264,0.13597492507460598,-0.04162493553263981,0.07124554906693804,-0.13764424190205155,0.007446535643334682,-0.13427677301114718,-0.006727455123620588,0.015846299123554283,0.01975670574920257,0.03769614278048588,-0.03362285092932064,0.05919616894706833,-0.10792381373138395,-0.1413431237836833,0.17934135774252705,-0.007519825322604047,0.02031158629069467,-5.547912235625287E-4,-0.10475044971462921,0.06727048844186431,-0.04627219886014278,-0.1245999310363836,0.027889977963130027,-0.06208617424959309,-0.18238761507562068,-0.0021766285758677488,0.039360603624454184,-0.09864999008860542,0.09293745186522512,0.008193884475048624,0.0867985937561193,-0.10877170922162005,-0.0713490517779143,0.04243171296886362,-0.08019748397942217,0.013909305029593363,0.05601315404825186,0.0939217786867329,-0.14628581321493134,0.1274569479310808,0.05967903734762371,0.06555192643581438,5.10558510573046E-4,-0.0020254894241909806,0.11493923697568657,-0.11084289531889926,-0.16401832592830112,-0.13311015428895742,-0.027583513503429444,-0.01788192102614245,-0.08970207628509214,0.0604222226241441,-0.06640178537178087,0.08227150050855844,-0.06432550549671863,-0.06145567473344238,-0.038390832702940435,-0.04027784092466324,0.0177035526313968,-0.10845787744567148,0.03346656161318458,-0.019600201663035048,-0.06075669554730056,0.329570706258373,-0.05987372100674759
0.1338560249654365,0.05012016674712801,-0.006493260039844229,0.017467338976703595,0.011519791622036186,-2.6410591252526856E-4,0.04536130058779105,-0.08021408930501549,-0.01585374630107938,-0.10096137816915932,-0.028245063875758234,-0.058844868957631025,-0.03953963986795993,0.10245132682535814,-0.09412275279558102,-0.04208574694955394,-0.098912043665922,0.10509381057603985,0.07043073820185361,0.030662415201871348,-0.008506061334736232,0.08667455590804134,0.06548583474474905,-0.056243132753260865,-0.18367453836819966,-0.06170034654000348,0.025322911722236472,0.02331382185376716,0.0032354347075391103,-0.07084328049736713,-0.019606003607566404,0.06504349203923532,0.09231320235055616,-0.1178473068639355,0.006018614950534576,0.0035874387516148967,-0.04780417696299346,0.04020413193581484,-0.008399725479189832,0.0873813118437031,0.05943003774335195,-0.06225834586791879,0.13451238640264965,-0.029157583587111714,-0.03168391669413595,0.03245093726943584,0.0888629908425266,0.09685015309546152,0.10844531412678247,0.24813845644184582,0.11876984581423973,-0.07618773418735787,-0.14071445937489424,-0.12620639641838446,0.08105392525797254,0.12925098887103434,0.01705899828257811,8.128548856250141E-4,-0.012027248964174751,-0.06450560599401069,0.05691471761003458,0.12156022090528859,-0.03708960534824273,0.059814262784372046,0.013295238355847122,0.09058389615602318,-0.07736067820809796,0.0991378488943164,-0.06494181956427492,-0.1585044400345449,-0.12329570500412401,-0.012610266159025335,-0.04345762414087904,0.029862578009942343,0.016344618589720517,0.16460213454510292,-0.08786290640724463,-0.04850234037806523,-0.030450048345782264,-0.038761084193203274,-0.02742814517120287,-0.005899769061701109,-0.09255886670837227,-0.08790217529648779,-0.03132145036753488,-0.18682088299059926,0.026200097796853204,-0.008619532124150819,0.012410886365696708,-0.08653298291957559,0.1078568445881678,-0.0447588034237494,-0.025954320328707998,0.1498245647580398,-0.05293123494464665,0.06891976121790912,-0.04149532909359434,-0.023432073008620775,0.006492374747504878,0.06130985120050229,-0.11407083813568417,-0.19100802493276775,-0.057832758997677154,0.1286984507689308,0.07155915249844125,-0.03334998357535822,0.06716467992248386,-0.014273136280741679,-0.1483443967622373,-0.03506672655624075,-0.077173272962248,0.05817535907782103,-0.06862735645425865,-0.03491566090927022,0.09222094128438536,0.06653792252284661,-0.17852904940344255,-0.01380293119114136,0.05195519334073845,0.03672024602033278,-0.0833712201731078,-0.07845499274208663,-0.069291367214845,-0.21134037302371095,0.16451165555722663,-0.16643007553091152,0.03457367852538402,0.06854864674757527
0.02247319568294135,-0.08276828677857863,-0.057583560645822075,0.028576249117251023,0.03432272354740016,0.03436588728197541,-0.1156659628970888,0.06350290596655174,-0.07523496492818622,-0.051266990690925406,-0.12985832138392597,-0.13404825813353646,-0.018643008314059357,0.09776505427584145,-0.0805581034620436,-0.19403414440513864,-0.07887228827811456,-0.08612643035036018,0.06877078520576826,-0.11850222159728119,0.08165376482947242,0.0030096929396234828,-0.07327058497573932,-0.1410062996144731,-0.030264451426151674,-0.028873075162190728,0.11108341909728094,0.14357439550598555,-0.03604453313110589,0.027228909340405363,-0.1216048268151929,-0.1516060178188683,-0.049498725251888503,0.08746521692348079,3.375603528981766E-4,-0.0061655958807396265,-0.20083896293553158,-0.029260697421881803,0.040143396053086894,-0.07614922451753318,0.09088012385851539,0.06946047893520839,0.05951728674698692,-0.03796473742940509,-0.07467092176906354,0.009335256180483916,0.07973232109466516,-0.05523400043209632,-0.0010545316547825572,0.0970158991823042,-0.10311307066626359,0.09558608090530658,0.05201069876060557,0.04691050187113607,0.030954310145722544,-0.04386325197117988,-0.044239794212253644,-0.07452243547713054,0.04728211839736083,0.22837645810547097,0.12494773318632509,0.06380071691181223,0.05988125365230001,-0.025702289018233494,0.045924125113935683,0.09741232730017363,-0.02795534493072829,0.1313372827620415,-0.07952534982289876,0.012658254552053742,0.0731790900377031,-0.13210375504949773,-0.1295744555291681,-0.2126795185045757,0.021388097793987475,-0.03534871496237437,-0.047314364153538194,0.20171387282100678,0.08623925267758158,0.07384124612845103,-0.025368457725164755,0.04620650554533424,-0.12156656617669394,0.035688755344199935,0.10483420368897817,-0.0774441257890249,0.09372123270197022,0.10613896077989576,0.06466485917370957,0.012196143152022403,-0.1463409576764543,-0.07367268690914115,0.03078553416837175,-0.07151530205183865,-0.19710842626449526,-0.003947707359601272,-0.11242492244175237,0.10660640492751514,0.03130573972794776,0.012319382072240584,0.0361036613014538,-0.0062573665175317894,-0.03695735890791701,0.12195602723705486,-0.015904717028794875,-0.1369830994309769,-0.08745708937655326,0.03106180412099434,-0.12874450889287337,0.07899331890185969,0.13016713001673338,0.027398205488364143,-0.07998030852313284,-0.021509402468752263,0.036473237334656815,0.02867346895399228,0.037669629788433454,0.05406649459269973,-0.17552386973452774,-1.2999708008769274E-4,0.06612212951534238,0.15521968508693879,-0.0461758497081998,-0.04583557645380378,-0.10575215453603813,-0.01662967496347413,0.09980507172555066,0.048484582921955434
0.05316073445140838,-0.25579471960533545,-0.21247193618543647,0.05325330892999185,-0.11026766536288513,-0.03293452255616694,-0.11154144859460817,0.025273665492073286,-0.11411542722020694,0.2357824237653078,0.10459736196418126,0.12031800615038193,0.039702954605492106,-0.030439523226760617,0.026373070158922495,-0.1669250879895661,-0.05691719861237459,0.03040119875470178,-0.11579081324530006,0.008314108143583604,0.08900465519853822,0.03606434408739067,-0.13408897879825304,-0.10889997452887967,0.1712822294214296,-0.08476658875555934,0.10543792701888796,-0.018152144175114716,0.02812587594529927,-0.06524046457301069,-0.061427954148970614,0.2885014301083777,0.17107499807335766,0.053746463071684826,-0.05105235280560721,-0.009081516743815906,0.08329085361348476,0.0984906481514265,-0.03641374924986343,0.010808655858257132,0.08662172959995222,0.13622234513024278,-0.020270275763230976,-0.08866839186189457,-0.16947030087658158,0.04152850610333049,-9.408325239671136E-4,0.2799469036494384,-0.04215888171388273,-0.07051276949878472,0.17614643653982812,-0.004160305998314653,0.07804712049577478,-0.08726535865132316,0.0020721441088422787,8.826138973009571E-4,-0.03179105138020518,0.023733191553622017,-0.08394378720374437,0.002989672378954671,0.11163886667575126,-0.16471680234630398,-0.03840667913271255,0.22877971438235273,0.004422637701981538,-0.0809578516075344,-0.06989640058935005,0.012757761924793137,0.08833283335452682,-0.07930575843302703,0.08020652591699044,0.06139564599103301,0.01935312530626456,-0.09545665820017549,0.00618095275444571,-0.09493847736074618,0.048804376740450094,-0.01378672277851328,-0.1774661937339416,0.1332730976939139,-0.0891605136995391,-0.08996867507976938,0.0801943726513683,-0.022765109904375292,0.09977129493292365,0.1774676541908685,-0.19761984378268513,-0.04073538678800115,-0.018728011389504095,-0.08135475939122402,-0.20860141538657923,0.09832187708460549,0.2074773498900722,-0.010511264901903173,0.06071173955863277,-0.010060913110959784,0.03608089105129399,0.046096261078220735,0.021578316032387225,0.07916872249838394,0.20183379552445965,0.10825125763560745,-0.14453207329219506,-0.005608939247079519,0.02838085215557347,0.19672125782673416,-0.05658090696581525,0.05554451761626361,-0.02838143170055197,0.0910343746778656,-0.06294458788487028,-0.11705556191358543,-0.07148549778856567,0.08021811322938871,-0.023202368628281712,0.1497129765090995,0.07712727855477369,0.11090690411339818,-0.05980637477134335,-4.055052038221237E-4,0.0906106956267406,0.005370933154722297,-0.0665526997842168,-0.0868333536526647,0.046923704372664715,0.03125859713405143,-0.23729836427175988,0.14875710941853992
-0.06251143963925496,0.03561132255815882,0.016368503509383864,0.09976392158908971,-0.019213661788193264,-0.125982550884286,-0.1263096106874892,0.06996401131252052,-0.03893678194929697,0.018454782054287796,0.0715060010712066,0.026369022227949086,-0.08699011342173567,0.08666057416775533,0.07420137069818881,-0.060968265477887834,-0.17264507599231368,-0.10929828275274071,0.07019033560466303,0.1311871055582485,-0.12967298740319033,0.06907016691953254,-0.1258803383612726,-0.1634311594379707,0.07502138921895517,-0.11583507866577583,0.04623419580341392,0.1076364582970443,0.04570773331973704,-0.046872767759860115,0.06341075573056952,0.04906855408293971,0.14216520020100787,0.20163496910448145,-0.15972876637318661,-0.057908609797927856,-0.06288093048647483,0.047227636005934256,-0.04191565657438979,-0.12771575856776593,0.09110426498965887,-0.09129085805914654,0.054984158684897026,-0.018815437682020104,0.11216213256396643,-0.1283219113261338,0.039718868170654814,-0.013629952424681678,0.014525222119755592,0.11966001241801434,-0.09850036333725704,0.05788751195325116,0.014406598147001263,-0.05203781370532795,0.1082604410736536,0.12372163551444443,0.05235615605601371,-0.013662539751244413,0.2356826198992149,0.06463024564101465,0.08852574413659625,-0.001451573669975374,-0.03522173560364313,-0.0035738867415514965,-0.08261516983528439,-0.010100908054156484,0.10599664736262587,0.0371714344362269,0.03425943278794165,-0.025277150883363443,-0.08553253117698403,-0.03981368309801877,-0.02419666867978246,0.19171845312325034,0.03048025653425265,-0.011016760121083524,0.041098006584469986,-0.09511566341555339,0.031001561847188903,-0.06995384849278238,0.10344641303427157,-0.05605712385148965,0.145332181244324,-0.10589921180641022,-0.053577332306245014,0.08209809714444816,0.018960146783630987,0.059461139462035566,-0.13378266779300269,0.009467076526559714,0.023790037820205834,-0.15725277919263483,0.0012763856958819164,0.10114333762606433,-0.058233376516980254,0.1358518525000979,-0.07008331119729154,0.09495743366493901,0.15293445965927235,0.05802317450424308,-0.02992175770013631,0.04188422487994493,0.1265815818310111,4.5821465008151485E-5,0.16534340264197642,-0.21306560688834136,0.02614269248912015,0.1257415322472712,-0.02996557383828493,0.1361238430988339,0.034557834544265614,0.0915967922534686,0.19248594687878004,0.08341544483937215,-0.03438198366857607,0.20251838632842908,-0.05555201710065369,-0.1081812959918262,-0.04445556035627379,-0.048795853225517126,0.04492165332364174,-0.047275969465932224,0.01678019870465229,0.008251791827501739,-0.0877612704950378,-0.022599952401188034,0.07570743799368133,-0.07094535303646152
0.06524036606564704,-0.029421918357053017,0.06976444779427358,0.14030375887237506,0.053813137278482,0.09047249587944968,-0.12802993786372222,-0.07157461763561968,-0.15822082304059484,-0.03818528888919395,0.026964651959489945,-0.0357009783971031,-0.06410816266967485,-0.0496967604956304,-0.0013643381890974656,-0.10873645466039646,-0.04515713062934462,-0.03547872611129684,0.03672391619288067,0.05872572191910559,-0.05299234354670453,0.009352503796434927,-0.06876190202781272,-0.12297962685564882,-0.02229727742823131,-0.054318581072917406,0.04234557204933685,-0.26949066564207524,-0.1308261219910453,-0.029175359132845673,0.0851410140980543,0.02702871832795923,0.17613374208055949,-0.09027891773959647,0.1393551742404785,0.03355902421132517,-0.0583457033382996,-0.015821354900512362,0.0026569834893964564,0.22204586321044184,-0.15431342660575842,0.08576595560430912,-0.04745344306797925,-0.004381330254507787,0.029850040145133934,-0.05354869366580721,0.009189645666186677,0.2872062219190408,0.085725514596131,-0.043099317106472634,-0.13465380727546855,-0.059154054935625554,-0.13350635327904714,-0.07547756252063764,0.04620248089036717,-0.12719543009864892,0.05731815503819121,-0.038526506728647346,0.017820256345842396,-0.16079418651356173,4.8747082104117195E-4,-0.14335661207213318,-0.02322009149393495,-0.12308993760826757,-0.1382151037700912,-0.07674690681963138,0.21330534346720434,0.17448366067818286,0.08677727554960309,0.010459068088850904,0.075561781037389,0.05280434254862822,0.07701186951107467,-0.05113017701754957,0.006762898447470871,0.07696065509567249,0.14478279250125176,-0.010731644965364964,0.09460868779378391,0.09445148422594338,0.047972403116666534,0.06929376201938,-0.10501383884955044,-0.02995119376125248,-0.0019270484347806698,0.1045438964616602,-0.05236849287378223,0.27437916032045506,0.0021497426832531143,-0.0062403193479444495,4.3308389596515354E-4,0.015136676601494488,0.13225317775127657,0.02145178884002508,-0.08770502548608665,0.17734278224832883,-0.06757708461113593,0.03282416576478538,-0.1056993969663031,-0.0846570495855589,0.1630161862701026,-0.12339412199256011,-0.11155327475458711,-0.026588169902486615,-0.01115674787238809,-0.10361526842661059,0.2039340232003761,0.021782919439383402,-0.06960743191830845,0.0504998559153662,0.18492798064845878,0.08420151253564284,-0.01747938452734742,-0.19056563191510356,0.07049655000765612,0.051589131505062245,0.17246715281489855,-0.027515377939691343,-0.06647946616373787,-0.03752493385448239,-0.05073790184627757,0.010889074550668041,-0.05575470429308654,0.05956482520116898,-0.049522533000785705,-0.180921911184807,-0.037315653545900385,-0.20418645571853053
0.019732077281868887,-0.1738831465137132,-0.07295127533054686,-0.1286728143806303,-0.0068944429411601045,0.011048690074100791,-0.05010655862969186,0.04057911370741583,0.06466878691783408,0.06687121577966545,-0.06914686311298514,0.04641201787878133,-0.042969224414854686,-0.04946327865645922,-0.08951854668046123,-0.06720302950162343,-0.10094117594244256,0.13291898938145688,-0.062394921464843794,0.004096915173580689,-0.12144927039864796,0.15945132997930833,-0.048152713015964,-0.08698527098387634,0.017520612590158708,-0.07694002712177181,0.03205723326886854,-0.021185285067023905,-0.10442143543689099,0.10439125478092823,-0.12655713155666878,0.03319695493337205,0.028207349581915873,-0.053587388255858195,-0.09731975642144747,-0.09792441777598555,0.11112328123611548,-0.0225167282882072,-0.1039348046717226,-0.07488587663336464,0.04449524426663458,0.08824981810291319,0.24063930208553796,-0.0362302743898304,0.029678184275854606,-0.11439828237999246,0.10788010467638355,0.057028586449919656,-0.0387205752877016,-0.10322500980131584,-0.06999618102452199,0.12807603269589585,0.007464675600199145,-0.0267946219710498,-0.10014620909666662,0.11882181346492304,0.08017736210111512,0.11788926667527609,-0.14753188898602648,0.0744373961306292,0.03811790175954546,0.048020391317507446,-0.08207451469516433,-0.08936040863287006,0.11841766834256917,0.027704633237854392,-0.0676918804437586,0.12205298824332064,-0.04647997602177919,0.06981160434754863,0.061192338010300114,-0.11072297514247073,0.033506821210557466,0.03638614671580282,0.06636212455229441,0.05160919599400779,0.05207739802593106,4.795024369289757E-4,0.1305420348412329,-0.02261654343602787,-0.026168372579389074,-0.06438867481182217,-0.002209251193847823,0.0738383183633158,0.14222066785136814,-0.03786116000261511,0.015183418599314097,0.037520503454435854,0.12573730243910217,-0.10598152878961346,-0.03410790323824119,-0.08612043155644562,-0.07156419784572687,0.07829899825036221,-0.0038755362727195186,0.032776045308184995,-0.13991767608205147,-0.05445141843163531,0.10749646000808652,0.02003145653783319,0.0012099519924672099,0.02612869935022141,0.22279660676993598,0.14300695148737821,-0.13495336069502878,-0.09184253289329042,0.015481423627610595,-0.08557207877834122,-0.0973938812347194,0.04125485025028288,0.15493768955838577,0.01701241574953804,-0.18723163532145073,-0.011168698306265823,0.03029453965267333,-0.056490504263539,-0.009202104878704001,-0.08131511758513078,-0.039754931396907334,0.09903189955574791,-0.003183784193930594,0.03592013749145525,0.10749897551410338,0.05733865914581271,0.06533963376239176,-0.04630068480368224,-0.040601193499661625,0.006931316810776057
-0.030774550197377862,-0.15390753959313802,0.03709366126293844,-0.03889787929441011,0.07190658488002825,-0.039355912947803794,0.05623543614270741,-0.15499659497986917,-0.08578810740982225,-0.19093611503803232,0.0807048676336873,-0.01622990721461162,0.013553251248199512,-0.1611266967502537,0.13962112137106178,-0.0967388045217307,-0.06098264416584436,-0.019421857192366842,-0.10093279582726962,0.009405991166801863,0.21581357293842135,0.057434849055459675,0.047843476896513325,0.06979498994467939,0.1708297542548999,0.017684229765897848,-0.11164557201819429,0.10891601397374412,-0.12444531381835493,-0.06378740192406383,-0.0398954882229499,-0.07214685937547614,-0.006580692416246394,0.09745829373055451,-0.05067928378727702,0.2703880272919102,0.05945055318483349,-0.0816048058690046,-0.08614602952489894,0.04025468620415479,0.049539070758753384,-0.025182390391521835,0.04125588356277645,-0.01964493399155317,0.04090095742522637,-0.05894319031887421,-0.07051924333615295,0.08907673778344777,-0.05692925201003402,0.0756238123723919,0.021554362741122945,0.12717369353328745,-0.09789472753992198,-0.064883971633117,-0.08662139414270624,-0.022779491859205827,-0.08986980081054821,-0.20822437205881345,-0.07198007695827062,0.01922904977386353,0.04609120014878739,-0.13716178241993732,0.003716855860453684,-0.22729917263737578,-0.07869756018265228,-0.13752324314731243,0.06944354096934743,0.2067890257854066,-0.05563596169367219,0.044178016332864015,0.011428415408886953,-0.02574149534743278,-0.002795110263915053,0.06460993128589212,0.10728148562069986,0.14067430568974107,0.02171681228295044,-0.07861355347390278,-0.0854493708304168,0.1089749401401092,-0.017306613409361682,0.12750995868326911,0.07071316238147003,-0.05187113217605943,0.14062001948297218,-0.06815353092657621,-0.09042381802869015,0.0010370878220732809,-0.02935404487163059,-0.020087642054520294,0.056884140068153136,-0.07921938240336082,0.1125849240630782,0.08789462220570904,0.026768819531069625,-0.1116151555096632,0.04561159117714915,0.013639032862146135,0.028294017836205776,0.16451182873513245,-0.03144494921662731,-0.1934319953722071,-0.2414520808469955,-0.005105230910550929,0.031534525393041524,-0.023453489020744678,-0.019702345196399445,-0.05066560073322919,-0.04125335070757047,0.0735853496025251,0.12874140015751637,-0.03129371879090859,0.0275746168554155,0.04620687288027568,-0.1535061282537163,0.06586072010481935,-0.25207110255400456,-0.09016548439432344,-0.10389330821441062,-0.07305922189296982,-0.029135971461312457,-0.0018341421136384298,0.0027923133909857237,0.007414538964051349,-0.09905806940820028,-0.036393409970295554,0.024740308167003927,-0.014847005903505153
0.15740763228737353,0.036731427405338565,-0.13306289343083405,-0.0012895385242178655,-0.17814403862409967,-0.08438007652561348,0.06850426392148443,-0.013478220846190242,0.12149733477906137,0.14664842937786216,-0.1375594498164331,-0.05053291197395936,0.1225437421534127,-7.264067688243199E-4,0.09122531708699502,-0.04831861650544413,0.03627898435233672,-0.09472630927316882,0.1676441700121546,0.06518435631319382,0.05088862760555598,0.06047232026149553,-0.031020557950599475,0.01746698261428977,-0.06022485176682543,0.05565140480979069,0.004190323404903455,-0.07701657337401274,-0.020323792051440075,0.043036832174102646,-0.020505234575992865,0.029106213945970964,0.03742014577845698,-0.028790596960269005,-0.15863602263591559,0.07432016187040663,0.06852147240054979,-0.10283512016532463,0.04672403679763115,0.10072026784769603,0.19477791778363746,0.13050399559933837,-0.03196466667879968,-0.18032704273596645,-0.031871010841169556,0.01608793361205231,0.0016334046591973991,-0.10176505084630143,0.00897008534059514,-0.037180124160588066,-0.0535136422285766,0.02244805947201758,0.01772610938391954,-0.04607059754753691,0.0754811551482981,0.037124070507907954,-0.2429733699724805,0.04455853218640968,0.03797279217729806,0.022864586439355176,0.0739021960058197,-0.104538325294612,0.12251198002543903,-0.10700749798845052,0.06421019885734547,-0.03312055946767055,0.1116948147286221,-0.026703347847503854,-0.007436832553800395,-0.07041416281850041,-7.645619758017107E-4,-0.1280779396199035,-0.1173490115518022,0.0825367056230317,0.12003889501560677,0.007281970331571873,0.10279462469637103,0.08385840787653775,9.13978889333044E-4,-0.009633522075891916,0.14011945117478083,0.006286766786781234,-0.14728922900540586,0.14032182235527088,-0.02101848252621265,-0.009032994291799563,-0.045098238281888144,-0.1648459265272077,0.02116213204331363,0.009308170117907626,-0.034305921523325816,0.11650285764350943,0.024620145505542358,0.03355735893337239,-0.027863084424104838,0.03225170828020373,0.005184852400724396,0.025230622440258303,0.05361453710527513,-0.10968745889427801,0.03348020279968207,-0.14522275117542913,-0.0848505271550229,-0.01597046357538283,-0.21748523772449774,-0.06229214186649818,0.0020964116094407737,0.02435779189534977,0.04106298833273328,0.04306860644414832,0.0030140409526932194,-0.045929104027404105,-0.10223406352053557,0.038916733773833395,-0.10171509136019073,-0.06718801569500453,0.02418761809466627,0.061521757209865566,-0.05861946849059341,0.012330299334613793,0.08950093728535242,0.1841453272020441,0.138566503974588,0.0015041450770965593,0.019669145784423765,-0.020730819236004176,0.04252225940275475,-0.04298052533976764
-0.13666907012872676,-0.10360158449373592,0.07038633476977367,-0.11170124834130561,0.06016712090824497,-0.09811303858776509,0.09031928077478453,0.12471173395052583,-0.1952207585157272,0.028517452371978936,-0.057375765961577736,0.031299041851869304,0.10076154549873116,0.13566133690811652,0.027680023114885592,0.019220063987473175,-0.22210888000723553,-0.01807885613278616,0.16555310544428128,-0.11758208282026976,-0.15507255763228134,0.08546597519382743,0.09009933090195886,-0.018404160705075022,-0.10330404298685665,0.1057906675462507,0.020392333695957367,0.05848247842289636,-0.0735857584461285,0.025801403863973834,0.13691617774809053,0.003167717800882635,0.020397521458092642,-0.055128530926000376,0.011928896531231078,-0.05443592088808111,0.12634685493744344,-0.07708227660564303,-0.14658887797843623,-0.03277431017152057,0.08520882219428742,0.10910775239052473,0.1224528089708872,-0.10856265380652204,-0.07141802265717269,-0.04286668592219902,-0.1048708415560665,0.034402192101721414,-0.19794741418472958,-0.02473651647560229,-0.04431565815601577,-0.0934063647103028,-0.1654344047484086,0.12910152443736775,-0.013058275661804494,0.04162028668409888,-0.08745512207136381,-0.15788319150721253,0.10476581399434319,0.04281103472083352,0.10950983899562008,0.18106799638295237,-0.0056986114873066075,-0.2509354730844229,-0.09812148172310164,-0.23883823158810047,-0.024664010455748665,-0.05771868366335965,-0.030128791010641042,-0.039256232846497235,-0.116799496710028,-0.07320947787643628,-0.2599888148485024,-0.026103197552481503,-0.025909809414131017,-0.028535852899766786,0.15583330150792093,0.03594212358667192,-0.18039404874158088,0.17228282746960785,-0.04120197167727512,-0.0012513279922245282,0.12256424849618955,-0.028153148088063108,-0.08702195926007085,0.06521048016732588,-0.07652116148702619,-0.014647888308451432,0.006519864578556383,-0.1331939508504815,-0.0021511132981830764,-0.021435280573682585,0.11533833114159345,0.0026523670565517265,-0.07276051429107999,-0.11785745092917409,-0.03484645772077863,-0.030943808658958096,0.0018648890839775929,0.06846156588227119,0.11966116291354657,-0.012973614821933464,-0.006932781497496703,-0.028834518810457756,-0.1266474048809668,-0.11433659124099156,0.05587843750226585,0.017577569253331822,0.09821791659395515,0.08666185517103162,0.038189208075807564,-0.15925268426368772,0.08087319127088859,0.08835052397198899,0.019112336990354733,0.033095361170035156,-0.09143790571699735,-0.11137413137141619,-0.006432780731457437,-0.07307027468153462,0.13691815148028755,0.1696274288724191,0.05646101499529689,-0.024791261579855606,-0.052906843680120386,-0.1468487598955518,0.10028836017090771,0.07572178386158199
-0.028438664599720775,-0.17262818036896654,-0.28118104129247573,-0.06857888630872583,-0.09212034723056133,-0.1427390750875229,-0.07232184837244077,0.048100599697631925,0.011594170758392964,-0.07192447293462571,-0.03380109156914111,0.01734596069597275,0.009908707893912627,0.07414520811373347,0.08752745092078992,-0.16977869536217527,-0.043160999307874745,-0.14326089136876777,0.008796281560003075,0.02329871793071068,0.05356417544284343,0.06595998723079229,-0.05137816807595258,0.12992606969882792,-0.20490975445862591,-0.06827599447796663,0.1345712558740722,0.08548829232237606,0.14610582304518485,-0.12111964174508284,0.010900174852419273,-0.06748852252823108,0.02311558020378905,0.12278324521257952,-0.023433305968417917,0.09288137350653197,0.10913976840478012,-0.12411079674935116,-0.06727786831728215,0.12538876477751798,0.022536200372120414,0.11055694872542116,0.01668043975495178,-0.15512388303540528,-0.008038820050935952,0.03476807920028703,0.019003969216195453,0.15003278624048122,-0.056204107294699004,-0.09566301881992031,-0.04425381398772808,0.0737063950810022,-0.14933118595840253,0.054356560493602886,-0.0900342017647444,0.007897238043810437,-0.08946539854792823,0.06695670106212766,-0.04224763622749697,0.0729690894025379,-0.12946084641032488,0.15080767290366204,-0.002441314325541578,0.06035809343516363,-0.11119385195795387,0.008712702187435478,-0.06341407116848118,-0.057645698933053595,-0.10469818542914239,-0.014803168822091033,0.05346733113784175,-0.03891990310148981,0.08243762292312781,0.07704663901061846,-0.03940426826950904,0.09128299006219151,0.01202003310885089,0.12044124015495009,-0.09213327134454662,-0.07550839263265756,-0.17059777678153004,0.09333990166373315,-0.040566738876137015,-0.06473160242281828,-0.15402416951957176,-0.12413947857807643,-0.08317839644726045,0.14820168417841792,0.0017609527227681085,0.04179566700507344,0.025614507468305805,0.1301278957907036,-0.010870762814300277,0.1425563510067515,-0.10712737173413571,0.026118923320606995,0.041958234187951096,-0.05419676418193563,0.060878314675521183,-0.006594310318972838,-0.0581029975856073,-0.13365531533868943,0.05947630019657335,-0.10026877926675144,0.08995570836298028,-0.07030456443693728,0.019697419060570324,0.02665272232219349,0.09171829916393856,-0.011101577316426702,0.038511960189980286,-0.008110215076504597,-0.007861910658240979,0.09448735464550413,-0.06491155833925577,0.06033475263155672,-0.0012060565246351709,-0.03523246252547526,-0.04829407987183532,-0.05210270413934854,0.20452290918246854,-0.16217120466824325,0.3172109113198925,0.21884714778485184,-0.08003363099358433,-0.03576620364508748,-0.06797662829953648,-0.08827193251428794
-0.02616557035693107,-0.02065177831910272,-0.03921987063528791,0.002883360761137655,0.04180066019174757,-0.050815890628929536,-0.11861728987326968,-0.11924863007821432,-0.05706173312676888,-0.1267637965702478,0.06694531144704798,0.051523410169936876,-0.03950761292614574,-0.03858584092640498,-0.04698569820336011,0.02762870545086865,-0.08338488034565902,0.11717116493303739,0.024010203706754,0.047227563098065,0.006076984589287476,0.06700810827598806,-0.04229145867659841,-0.14192170957105582,0.1324402746297243,-0.11894884105971448,0.10050150581239176,0.00648676770740679,0.07676927438577698,-0.020708887737434584,0.04547454559707385,-0.06291402516192442,0.042540176370001515,-0.017813142757824852,0.024036756951084974,-0.06376032900448954,-0.034237293453929105,0.12433542334638996,0.014144695365871183,-0.14608979352137333,-0.07506805407826442,-0.006194734458856765,0.10159879584734084,0.060964471427647104,0.14594237633557905,-0.14338221589901645,-0.0027733954262036623,-0.024134997007784605,0.01032720804437441,0.05439243047359429,0.055779331387277115,-0.015295849923096207,-0.1373636961095206,0.04086216035524948,-0.10378173174024896,-0.001662620296524228,0.055653209332457744,0.0416213677690506,-0.1798662951059165,0.08282741495798655,0.05070479703925244,-0.01808490416641945,-0.06580853579233636,0.0949460880396853,-0.022419873257453288,0.08036995501298791,0.004274699648378441,-0.008251329138971072,0.11718325430182022,0.0017793503242688844,0.09215324682356993,0.04239744839241523,0.009510321510309732,-0.07018624772446543,-0.06449151492031066,-0.08571056766248328,0.05698169056523153,-0.0743747658425244,0.009212559651459474,-0.034623060034882504,0.054189891235045216,0.012216631288308365,0.06705462202410321,0.09203056971693697,-0.0590926278094889,0.08049044772515691,-0.17821744201680187,0.014458814974939104,0.08361628307480552,0.03960152218473835,0.0285322695208442,-0.018746448479979107,-0.0633689960122791,-0.10641626446044047,-0.09633520799449932,-0.06240687731961132,-0.21583373818001408,-0.16993613920846742,0.12254451624449818,-0.007008466861745359,0.005794031098875579,-0.07461518967031855,0.11955540883433018,-0.06666137494656882,0.04441112423648674,-0.23213577818426337,-0.06554524926676407,0.05663197882538353,-0.19768310348501514,0.16895743397647842,0.0240490222085166,0.08976013002735768,0.10486308824891284,-0.10668603928339608,0.0035490667537619505,0.0012258653055693732,0.0574422500437349,-0.026706636313829753,-0.19522246739322366,-0.010977902084730136,0.030731081552014643,0.12327580347068369,0.0040599266085495035,0.007338958684061101,0.10660678098969219,-0.06349192894684981,0.07677431445346743,-0.11694909118928538
-0.12418567293311217,-0.05348013501603016,-0.07493316712825251,0.03193081723318458,-0.016907836983272237,0.11258279230839542,0.046149445834810274,0.07346785385594509,0.22632686917681688,0.18787417768257608,-0.08183006389703738,-0.05276219623426357,-0.053010632098551155,0.07645111565173643,-0.09781740952425548,0.010429619707772645,0.028263701301864334,-0.07700425899393076,-0.02156079543473783,-0.05480111365839773,0.049741342910809824,-0.20977210173610883,0.024600440603518348,0.09557628196569522,-0.06170239433216184,-0.001262446501938636,0.08887152785839321,0.04529059298889076,-0.13488606495641395,-0.05640036549495612,0.20651549619342902,0.11208945804543298,0.001460092923192278,0.0782591318945816,0.05745083526554633,-0.09010867541706943,0.11273411503574812,-0.09151410160803294,0.07893262087097841,-0.14648205019455998,-0.11761354067312677,-0.016999899106989697,0.015678434583290775,-0.07402416068438236,0.12159305579325233,0.03100360536600733,-0.09792547359871116,0.051994363547138885,-0.05449955012603361,0.1698888857206785,-0.08840555566931567,0.010424177319440963,-0.08071275279679095,-0.11212738689743947,0.034580790132293614,-0.046594775774231,0.1565818280023875,0.04066657469368108,0.06662085463779002,-0.0045495937165985385,0.04752586453773756,0.12423083364846758,0.04283165346817362,-0.10266986366316157,0.05353198894526577,-0.10728172314542543,-0.05434718615319814,0.007262978079039539,-0.03536116016558819,-0.1283463872320097,-0.04801877903919355,-0.09748235264443379,-0.2133766617470801,-0.09661378028438965,-0.003938213018435673,0.05657398006496443,0.07271099430624313,-0.044403160485451926,-0.18916641870284207,0.16142520582161238,-0.11475915366516913,-0.019316834157374365,-0.019696790733615792,0.05133795410317567,-8.950455703651192E-4,0.068408532108872,0.06861291143456315,0.004779625978114694,-0.02401325585067606,0.04374152016774912,0.011779716521794176,0.060273403680795035,0.019233375386500343,0.06587525379581531,-0.14203424987751095,-0.03457072792112918,-0.11041202338694271,0.0908549714575382,0.05790315570728808,-0.10599939498287857,-0.11636871324957392,-0.15142311779352347,0.05149423547828873,0.029330574247990293,0.1883663603330958,0.032471011894818554,-0.09763329825031089,0.09396553746228474,0.03622994792704558,-0.09398579332917294,0.1968242694559642,0.02465509043864248,0.028194491376450075,0.05340402401433611,-0.17546779441798444,-0.030855670349242525,-0.018351180802899346,-0.07644556136597405,-0.08493955872437758,-0.05729756531029009,0.012370083578310839,-0.046687605334552275,0.0695071428313449,-0.035916494089483095,0.08566673507196355,-0.04760705881840941,-0.10550575600734284,-0.0534982611433558
0.11830951605242451,-0.1248086048983522,-0.08836665329642436,-0.16766417970680916,-0.18956271983589026,-0.004418551573310369,0.101738366508714,0.08212679993681724,0.044688007443991644,0.1523812906587877,-0.09756794311131693,0.16289217337077275,-0.005635265885477137,0.10198011885134349,-0.0671195185842737,-0.035669946785878676,0.05113379761802096,0.06435882376503559,0.05356449097547235,0.15436082373403717,-0.06013385515238041,-0.06593050019154231,-0.02531607994870987,-0.06323490023569076,0.016023069786696927,-0.12470103252917422,0.1251598713662783,0.028581849827321003,-0.05517128136274004,0.18791689406543233,0.014402867117120974,-0.05883811162078972,-0.18596278904223315,0.09075695444775235,0.009133981300229715,-0.040360644561298745,0.07911104759206042,-0.09208208574590696,-0.09668698763807992,0.04390713138633318,-0.061569743835081334,0.10980525083307843,-0.03649344727476725,-0.015919555652717802,-0.016156336370836532,-0.10731923076810378,0.09155044342779244,0.014541471170015322,-0.07174886596837161,-0.06992265960076997,0.05106976839866161,-0.12829168165387791,-0.08315118239735451,-0.019168937837841103,0.08543154170258101,0.11139091577745587,0.010996414061993268,-0.04630276589795387,0.10140922909634996,-9.287979511298223E-4,0.12051427496394002,-0.024572818026592336,0.00862087994032303,0.001833951789296153,0.0718137513219131,-0.06899354442350245,0.06636678784160323,0.0217751195333145,-0.048269583336962296,-0.018921265395315384,-0.029674516850461866,0.06212824998204619,-0.06925885204803979,-0.026604711625966546,-0.08218342604101843,-0.08137858642290997,0.03640542867059946,-0.11099808939675031,-0.08843235497029416,-0.03787420339999943,-0.013045419655815156,-0.03166766136787967,-0.05983162115333533,0.07313811482508223,-0.10075318698103795,0.0449963220536849,-0.1362857667948214,0.010655102031577969,-0.16209036424690024,0.02376321434586137,-0.07555554337042344,-0.017890574486945452,0.1167532782058438,-0.09592238926779333,-0.1130600061257265,-0.06733863145943213,0.06844063452840933,0.02420222170473655,0.1843879043592924,0.03249733255113987,0.04146987793427419,-0.08980573274837558,0.19261533404758124,-0.11038522463222677,0.13971669226335337,-0.08430979462838396,-0.05996416504539868,-0.04213243325313352,-0.07506826335794235,-0.2326559823064703,-0.052880216263331725,0.1833116282310542,0.009200831533046133,0.056853271935571006,0.12696418767582376,9.54831332615575E-4,-0.006341776742992202,0.12417705852389578,-0.05358995574739664,0.08701228186875534,0.08805817875533119,-0.15194977399255663,0.05486057254298174,-0.014828722133231517,0.07595712586252776,0.04220891335237177,-0.07615582959966628,0.09087679445185866
0.07332032941414254,-0.020165998277164164,-0.10939812914824291,0.10374448430993548,-0.020898633100571506,-0.1370567103465226,-0.043247871504685675,-0.08375201206439864,-0.019841412288925674,0.07345396265640294,-0.008744339216545325,-0.057671726598402466,0.08246581577206503,0.020976069348219863,-0.035396409211625304,0.12733214344523572,-0.022099833912180174,0.03353085022356918,9.840790095853192E-4,0.05140253847228073,-0.03413647191870982,-0.03842836518173495,-0.04394717991309225,0.04157166740247014,-0.08648206295810106,0.0351786648644789,-0.07469875292561887,0.06748116677138119,-0.027280159162685814,0.07717315128787226,-0.04296569532813874,-0.004880786231171868,-0.008269062213043979,-0.10009909894371853,0.13333264380807192,0.10188462073853605,-0.048128664829010695,0.016857575771125274,0.0037363923161423825,-0.15593322846362487,-0.023639225055891114,-0.06161718366703742,0.08269962512717889,0.050556747532290086,0.1004772188934463,-0.07343138048552024,0.07255719042107892,0.09457372032421099,0.07955541691327264,-0.049902304707287876,0.004193012328996915,-0.02399565735627663,-0.04882173821557997,-0.008628561749558596,0.17925073896752003,0.1262853349678788,-0.002429888431202269,0.10173124995891489,0.006773675106777271,-0.0069857596153668974,0.016785578660636687,-0.2019322184631526,0.04882696497239924,-0.048386673859901225,-0.14432242282891578,0.04233003626747016,0.02811188499058448,-0.0550865828347374,-0.04615903172576977,0.04642649327414032,-0.13613867895514078,-0.10363139087571133,-0.029412358442609678,-0.15154726808580232,0.023420728456869797,-0.11155553211610042,-0.04707634166239369,-0.02810732278573049,-0.009197455308955325,0.08257310702819147,-0.017068144274553235,0.0947291349675915,-0.0958651451148003,0.02280313525812972,0.07685523779554387,0.12624092440858034,-0.08716074387863948,0.16321382615076455,-0.12288298492433462,0.01234320075668199,-0.04700843878065493,-0.21255028270128226,0.06905203067967514,0.09427978387862229,-0.03336135018360077,0.04977915056182893,-0.013253530401096166,0.023014019304399187,0.0764718222030806,-0.019496593606544595,0.06740870744679092,0.13926066027524403,-0.01751289941961629,0.054389450859642835,0.21357224627470922,-0.06517916707228603,0.09064565817052209,0.09746208903185964,-0.0874963593801048,0.04824824965881811,0.029682582282184237,-0.16185220876334083,-0.015804528239207426,0.17788083938821092,-0.012304756756504647,0.07431479621162057,0.11029634002433476,0.11222768750026695,-0.11006188773655758,-0.01011345246906383,0.02898102557411303,0.12609283871154728,0.002117282522539696,-0.0669950524835305,-0.10565794138076504,-0.014684998448176846,0.18383186502248783,-0.061887876129142406
-0.11987222370102212,0.07058728911348641,0.0024591600361319583,-0.13497114392142381,-0.03762382178711923,-0.14316407286206284,-0.03818581564118069,0.1358465043178177,-0.048853999780308376,-0.0075492818519641534,0.07486746389940714,0.12731817824132913,-0.004245604911604124,-0.10311447714754712,0.1259300483490522,-0.10191700642215666,-0.09292773832377567,0.14623838889063492,0.0342251913672939,-0.04567328751675999,-0.05747296141612223,0.04461484388522637,-0.008503248225204124,-0.1726594024329446,-0.0586366901039388,-0.009609514757466988,0.04527366375676103,0.07608155444060513,0.12880443460290875,-0.03636568937261844,-0.022139293374679857,0.0784572973316733,0.03711779012075999,-0.03205062956593313,0.009931709659512638,0.09502469267407927,0.003121192171828377,0.07471993794443992,0.14273312763338863,-0.12259554125027536,-0.08367623405926157,-0.03775437053103546,-0.08018078777250806,-0.14637637766179692,0.1388664696126315,-0.017734855170804607,-0.0508208220094292,0.04343820207770999,-0.021021555981204327,-0.20606328737990526,-0.194003694771421,0.054959526711556295,-0.05452280811861825,0.015124682815946141,-0.09459575067414593,0.0036738442773125747,-0.040934525577113454,0.09283010789587795,-0.033652157289302716,0.0015233018294133942,0.1724112193345736,-0.18378683090433393,-0.10130688751153931,0.09103305377331809,0.07966195653616416,0.03924884164243912,0.007003914393385935,0.026156884992952538,-0.12251659641237657,-0.10328171243561331,-0.1459865336822538,-0.03805678977017518,-0.07573845017159929,8.192298801486477E-4,0.04097429587140122,0.05760832783397788,0.049037950719762816,0.09238201756840225,0.05222641028089537,-0.04505038908434535,0.07315822479347409,0.10157160442079338,-0.039721821885530084,-0.051532603089301125,0.14012851857962239,-0.08837274817821474,0.08248468650255644,0.017819662216156947,-0.021827525921364638,0.015518125340441372,0.04606126903952473,0.04571278502579475,0.03443209838856963,0.04258000481975685,0.09937142428313664,0.1606503238278472,0.027694676645561717,0.062322521030273595,-0.08447674827086565,0.06683023220656817,0.03254863814293667,-0.031022166980655446,0.003387103742063602,-0.049472325853962947,0.09922803079621889,0.22233771666874358,-0.011641044825919971,-0.049831917236017036,0.06520002370258662,-0.07934275577603028,-0.10645757740575769,0.043716161356079496,-0.2597924523418769,-0.1000763014273492,-0.22264988654573784,0.07412436323953174,0.10149339044737221,0.035878671612645414,0.00797638424698431,-0.014854684800396218,0.1082214087102424,0.052498135575895985,-0.22041502447588676,0.0053723742118877635,-0.07722743246995568,0.14017693681582172,-0.19905261240333608,-0.08454997734018557
-0.07815525877537716,-0.06520905136401704,0.04191397942333059,-0.0055731617382214615,0.1897949911387941,-0.06292185837444847,-0.14657139671459452,-0.12003329412449071,-0.21750685823653504,0.059036048475630556,-0.0010015603086556395,-0.05952314016080543,-0.019168905900181984,0.06090454205561856,-0.08282513401972522,-0.051504741900811064,0.1259072954707887,-0.06472546395542332,-0.15423910497363147,0.0832228215538466,0.11350232191360071,0.05884524111647002,-0.07714394480214379,0.023890309191222123,0.07819753180787847,-0.0992266942405647,-0.06339033112892857,0.04360799468814463,-0.02197599007283195,-0.13469081115355236,-0.05951536451778659,-0.03597649079620686,0.08952061785090909,-0.009578236676657985,0.03213217645264416,-0.08649717498523124,0.15422743894940746,-0.08611215589476497,0.005979635194813851,0.008135770997892679,0.062016715161043616,-0.08624078422732351,-0.12827572500114773,0.025764045082240707,-0.021869396827042073,-0.08173640973240981,0.10425066177002551,0.048505060245207995,0.011925786211408352,-0.1878804626421612,-0.17770436447351887,-0.09133791096019453,0.08504575613227738,-0.12147459109760025,0.0665365781259666,0.00929681467280085,0.07202648622728856,0.14412637724403024,0.04370141591376887,0.0320253525819105,0.008060604773526716,0.016744238159374328,0.08453221764167643,-0.020813299284854474,-0.12424309412346281,-0.06290691442179289,0.0018934922323413017,0.14686568702311095,-0.0325752735059749,-0.11169422554127945,-0.10030219444528601,-0.00488727264567629,-0.019186925861415207,0.08561164582303234,0.05022102692487368,-0.0627159187507794,-0.05800751140613915,-0.1751989592366239,-0.024867941809779893,0.2028435456254801,-0.09911372356312183,0.023976377051041282,-0.17482562161281456,-0.05648133801034302,-0.07757806872363923,-0.13405803892909962,0.03950560266189706,0.0841094565958036,0.024269841032865898,0.13032554155027326,-0.22140466063522257,0.12959675276786903,0.045958431137170644,0.08145259273920084,-0.008673312259296777,-0.06805815313533341,-0.0707051278149989,0.09130476722239629,-0.0013187425904204104,-0.03238175995229911,0.1334466622707642,0.03770423347660274,-0.066528804964388,-0.15223036876374274,0.0333339621262387,-0.031154403805240104,-0.031196455184303102,0.03677697908486045,0.016985848561275895,-0.1386732623564889,0.05621885905729347,-0.09092453405147517,-0.009219857956692334,0.030117306131167202,0.1768875034078651,0.0484495087209256,0.08333355150205188,-0.07623705533663269,-0.09420638429274018,0.007752796426682581,0.029361713053350835,0.12340645725249147,-0.0019974842075880365,-0.02621048267051172,0.057936363716841445,-0.05524333562986186,-0.13847066362334537,-0.023912823980138984
0.07166952574171857,-0.12436396889452211,-0.07685265259631395,0.01988470409915404,-0.09958259175186508,0.07648212579356953,0.027923028200908105,-0.022562465721945816,-0.058974630261929464,-0.04876725054987708,-0.031522042758445876,0.2456442534402367,0.084674939168104,0.21133782502205772,0.035635536337602844,0.005936311222606975,0.008008162747574998,-0.10181281191949777,0.10745940879206921,-0.05910872350536298,-0.0553131077659137,0.10978945812559611,-0.02620645862692357,-0.15312659583328825,0.14553917158624705,-0.0712707097388723,0.08636825463795322,-0.08552844630299526,-0.06108869399804669,-0.11989219348281784,0.05527442723758891,-0.11960857046898389,-0.052255689020239575,0.13205077603682763,0.1581414733591671,0.13412410798129165,-0.05549751476420321,0.0567861039878641,-0.07407786318120806,0.12672260935728252,0.04665181579392984,-0.057782548342321674,0.12221164914190162,0.016910667219424396,0.05989182303335308,-0.17265123708241756,-0.010376635658912045,0.07379628360611974,0.16669018649172482,-0.09916184521600137,-0.13222477015121537,0.09749604069188465,0.009768952293871428,-0.02110834327528654,0.09991178675643331,0.007543507584225898,-0.050211668172165,-0.01460443789884789,-0.06405174492040604,0.07395455330892015,-0.16457385918955147,-0.04143528342851793,-0.0427758707581505,-0.2137107095731296,-0.16009338655580818,-0.16140517327512632,-0.09973305999766116,-0.16780344323402113,-0.0812873650849836,-0.042207222262549644,0.10062391467944931,-0.006646625948943372,0.13577278312275728,-0.07701543602447017,-0.042163799933931836,-0.07689365212260248,-0.014968457112398767,-0.005018565657066114,0.03891508100693222,0.017365425329375322,-0.0457419345972749,0.10506605946874528,0.09979591907323958,0.209655725167471,0.040861207905306195,0.0028244226475936845,0.009097902071938384,0.014411440048180194,0.15126218922748152,0.06354649597736699,-0.08126837022438724,0.027760992778351156,0.09060054085597426,0.018882793091628557,-0.24567718953420897,0.12821947755624533,0.07640581388426068,-0.023757917850880383,0.006516305845692543,0.08567070186251306,-0.11205770101188774,0.015535600610353188,-0.00908472351405543,0.007216640901074437,0.012280074973343815,-0.06615056627428692,0.044382989650848144,0.13808550267845934,0.011029461725295335,0.22852464509872547,0.06956749487565994,0.026623838513043313,0.03540315874807171,0.08638178241125313,-0.07399037002570591,0.03981742700023133,-0.0286072772539455,-0.0517262188581058,0.06572496912448693,-0.0047931234819093005,0.07616141323267657,-0.02904982529168032,0.043644719640377375,-0.03351783697095085,-0.0535860604647182,0.023002779805917473,0.026103927174222837,-0.07386841404015368
-0.0639878497952309,0.00980610736425139,-0.07940354526805639,-0.028658795765984794,-0.13591926028711038,0.0736281036751754,-0.005122976623670601,-0.09925226910690073,-0.046981362035987115,-0.08481147077700622,0.19808612283054408,0.027754465107354263,0.02918327616084504,0.11518488102261172,-0.03855001692185219,-0.045780186840631044,-0.17029818334196314,0.09744870455770277,0.030593351399578698,0.04889487985147742,0.020837240340167606,-0.018275319903083814,0.05861987029124248,0.08327725149918352,-0.0491612179971808,0.1715944167591383,0.19880428037741685,0.1812604855123663,0.0902690301048608,0.1195570219190071,0.06634998246797352,-0.13607167605334233,0.25203363652186334,0.15010419813425355,-0.012438333411453038,-0.09414640335531989,-0.03648867301372862,0.050194129984565135,-0.15505042328985533,-0.12480477920728783,0.013891822994941402,-0.00537680888384957,0.08722455478638352,-0.13952913709306264,0.020479831408867756,-0.10248553519939302,0.08235443423586225,0.021381021886022734,-0.1310253750969427,0.06266607097614574,0.18300267407063034,0.007381884882519526,-0.03466538609232764,-0.08556906830622872,-0.01551068923989023,0.12617940819148193,-0.024056995023298885,-0.13723032940883015,-0.018196133821741078,0.013171179884601137,-0.09734403233094047,0.14877770941072188,0.018251724387825595,0.019033707297858082,0.03204609538086737,-0.05560105515379162,0.10973842357029413,0.015823106528139928,-0.09424379876954961,0.0984738742770338,-0.11887907053276724,-0.012678388823653169,-0.11485690645923444,-0.035993862579250094,-0.004800901213256592,-0.04206546695833548,0.1947523392965552,-0.0524183125687974,0.10788502495363297,0.08327894582310955,-0.09595826473701315,0.041339766724027616,-0.11421412566140061,0.030630566115050606,-0.10620997664608793,-0.03874191136586272,-0.05780987157248493,-0.06481080828188776,0.030537860755268608,0.07915032624334788,-0.08579794758044204,0.1259329806087268,0.12935203064734532,0.03996031498176001,-0.16623165404201654,-0.07461557411991598,-0.03149776103580664,-0.14464852679614518,-0.033924198084294824,-0.032878929327304275,0.2055471532212524,-0.025903834704888103,0.07365421489584406,0.07788490699553235,0.10947236208099653,-0.12864507159517677,-0.004869895591439755,-0.014636981601125518,0.04091325779221639,-0.07432477254277133,0.08883931176757648,-0.14030261531801427,-0.0599985336435605,0.04456691693746692,0.015288998857534092,0.15145822432581746,0.11596520296981153,-0.10459104764568213,0.03106687633029161,-0.16520160521742505,-0.03175103888167714,-0.09872133888547621,-0.1496554792531954,-0.023338489817417738,0.09357768010986155,-0.07858236387772224,-0.06938273735645754,-0.09287097660084286
0.03943855428838807,-0.013468265697692331,-0.02723308105154628,-0.0912139817824579,0.030136019849291196,0.005311278455128601,-0.03192708908078108,-0.033488065378483964,-0.06615278900133233,-0.09539769061361465,-0.0998100572515757,-0.0268571220332645,0.05529437481250588,0.041739218570573736,-0.04451181789343011,0.09605027360608358,-0.055565865253634154,-0.1247343356070214,-0.06585948759167132,0.07790956674662228,-0.07621632759829329,0.1306065054819303,0.019710104234315955,-0.10744019967948917,-0.09398249267095565,0.05694846939570917,0.09014736700227563,0.022679512205455245,-0.04387078988226443,-0.07476822287263471,-0.15722702209239603,0.01452639975559492,-0.05297689738374282,0.09969944182255817,-0.014357768952525562,-0.13885569576348417,-0.05758366542043699,-0.0458130166129664,-0.07205513940451616,-0.0012813948138801303,0.02889965882559431,-0.00987949090966199,-0.0339897218595011,-0.23883661587917987,0.22819323537773378,-0.022151248545130328,-0.0269408475283826,0.0885248896952618,0.05341705377165951,-0.12006634695632416,-0.031073027919557895,-0.05405761365193283,0.042774512278602024,-0.004609211636837076,0.04288676501798889,-0.11707229060473173,-0.09759948461765368,0.07885899871107745,0.0028811291438263008,-0.07619417237300635,0.04492408712694031,0.19957396833333416,0.1924011395036645,0.014571870748002412,-0.08442302544936721,-0.12174770958498014,-0.009310463161832155,-0.021192809894961636,0.04969170836084957,0.120556539674808,-0.03400482315588718,0.011757834034188045,-0.20177698553358192,-0.12952384661058317,0.03619202451626875,-0.05236533049004622,0.04576750704248113,0.11384626419747487,-0.03791788150780074,-0.0923147859805097,-0.05222750453795052,-0.10499979249927216,-8.005374116538691E-4,-0.08975490988746578,0.08697919663841913,0.06592388260038733,-0.15212026978526147,-0.049994398479351734,0.03258103393337498,-0.017835945361839564,0.1569100108060505,0.044131497790609535,0.07758301364776915,-0.05508757779497288,-0.06490213412534275,0.09188238681276392,-0.014337060435554761,0.16290669415585474,0.06378396298511603,0.0887415047833938,0.012886887102297845,-0.1010986152190876,0.0073639719620089625,0.024123920839961656,0.0109061443291408,-0.19326300868219248,0.08393630801348895,-0.015130815378772972,0.042408482885116096,-0.023381639065313566,0.10869301336668709,-0.02043008202470717,-0.052484857258072254,0.16114085951346405,-0.06927758254702261,0.05410874887932796,0.05414609717800397,-0.08044103305201787,-0.014551924775434348,0.02796873959235145,0.010434544912723272,0.10095517436793047,-0.08149760747057562,-0.03034640091059568,0.11142384809677766,-0.025093645846162384,-0.059720744562189246,-0.02591715713376682
-0.020859157665703443,-0.09982621900446718,-0.06986531551793972,0.08474512464329195,0.016552146696089863,0.0024610672991235236,-0.0316742223753466,-0.10331081475915715,0.06521214534977211,0.12224593329340028,-0.02300535064085236,0.1236643562480106,0.09642018168105886,0.09263056055735772,0.04824334645274178,0.08497713534266861,-0.22869797308363318,-0.07352949283037245,0.053297713670703864,0.16289349084314664,-0.09466054694428071,0.055940391546606474,0.03238401360136452,0.12246417953671844,-0.038190879989637994,-0.09061885273830923,0.09686824117154266,0.056245290704516795,0.09264374121360036,-0.1371313093874168,-0.07637889638166859,0.018749595047049632,0.06866296513858217,-0.03920835336494589,-0.013273415652871184,-0.05517863996466126,0.09880313882452811,-0.06600897949751625,0.16420208628736302,0.02828212903819527,0.1411149512113249,0.21847979016488608,-0.024176957765006585,0.010017989960180579,-0.08215939849700493,-0.034175896968931585,-0.10750697506760032,0.16200888701147648,-0.03899798156976797,-0.027535011161199996,-0.011659839306214023,-0.07239548177362101,-0.07851848182123586,-0.02747620382332851,-0.09457056997301917,0.11643191335180395,-0.05195268886872076,-0.17842196421747483,-0.05077297718130827,0.0065649448917061756,-0.006805292182129607,0.046394263994410725,-0.07800456112748787,0.09197676620346998,0.07419242983565788,-0.005336039991262709,0.19314769459539893,-0.020361898756672707,0.05301949748063317,0.006157612016753302,0.09865673420561911,-0.04120359972800592,-0.04181891248361182,-0.04865116677182624,0.009630676507840974,0.07132961558101256,-0.14423461329920811,-0.12787392927695274,-0.09655842267964583,0.061205914231566856,-0.14017380084312556,-0.11942752162238789,-0.07728355171618151,-0.16453767418961424,0.0011774923159670017,-0.02750707432496788,-0.11335943215305012,-0.14919010318338607,-0.10189884387246048,0.09565227984023965,0.016568545917371884,-0.12572981970918384,0.04741214505661204,0.006219717807524743,-0.10839291737970266,0.01847226114106276,-0.0717308223453797,-0.1311103572069007,0.09903130765831022,0.08652086571954457,0.03856213899538301,-0.15990419724044294,0.04414208957049215,-0.13365047212755227,-0.02056248075451783,-0.038227222268238666,-0.013819670153005097,0.04475509577482814,-0.0593451584100547,-0.004356231602405759,-0.038528913512589184,0.028192806243790787,0.004494113819230895,0.02188499489376104,-0.05402170265548267,0.05612797485795265,-0.010319088795279492,0.007979881190061983,0.009261484105216211,-0.1469688614440898,0.05154001194664618,0.2090217866837833,0.1251435488295357,0.22006425798486953,-0.022831881553953246,-0.06151236612550387,-0.1009027489048615,-0.24249773423565438
-0.09741573592269578,-0.09701776314935459,-0.042320309319882086,-0.005901692050311719,-0.09618650373538339,0.12131407165711296,-0.1061365050621322,-0.09195071241798272,-0.14301911240520473,-0.05930904983307347,-0.09902610993905625,0.038801847834876786,0.0176410129309888,0.18660609005725085,-0.018789755879024032,-0.13095890543069108,0.12331879055263789,0.08080481402741035,0.1113634408792168,-0.13421207696951867,-0.1067469941230497,0.10896767884185699,-0.06934034296658985,-0.00761323603183321,0.08963592549869726,-0.13084969545605057,0.10175880508300857,-0.043296554080092114,0.029639335056049536,-0.1511404594518872,-0.05390332002985085,-0.04371266271537172,0.008858246032983212,-0.03601843644473745,0.02662288737016107,0.14044484213038186,0.06618639656262032,-0.11075088565231372,0.04806072494312973,0.016594700013629914,0.05943288892507701,0.011621127144380588,-0.10754645339585654,-0.0925179823224487,0.08902537143671722,0.01715284959566439,0.02150253803179469,0.02989711628916626,0.11301945685165529,-0.20897790177647402,0.07554419230458188,-0.06753908982232829,0.15844481843571676,-0.1469576622312505,-0.015550833897768658,-0.01983829258050437,0.05169676523312572,-0.011742631492050916,-0.027034973968601852,0.18743765773857807,-0.03233551610501835,0.15726972193302266,-0.0237010395774398,-0.08352507147062019,0.10297315386472283,0.010926749967796297,-0.03990508855066893,-0.13975327083608152,-0.06088465073995742,0.034618570583795534,-0.03127377095286386,-0.1400818930448209,0.08651451967705581,-0.08185102776496969,0.0843614318646079,2.555644618767706E-4,0.02042804014608491,-0.12655428250765655,0.02123215750260877,0.11170586056770845,-0.05878585899300929,-0.062008350064138955,-0.048314751737515385,0.04911199891727326,-0.15071470644902857,-0.045733592184442055,0.0833667553353415,-0.11879938886428668,-0.12826697905952766,-0.04261751318363872,0.029023683709665057,0.025899929536579526,0.011487332594369872,-0.03572654123435514,-0.04250845356461241,-0.02076358866966048,0.025061105548150737,0.06069729018464011,0.10580229748286903,0.14185439181420526,0.011460733607392998,0.05406712849773942,-0.07114551225613805,-0.015098155099212775,0.07006625822454692,0.004487480561427694,0.04825206381361349,-0.036299905829576797,0.017974083445529743,-0.05823793765453839,0.07581291721022339,0.0032017528717414936,-0.0874190231497928,0.10264707151518786,-0.002846903193553887,0.1166974921619572,0.12602646694450423,0.0020788301228632762,-0.18807929264711432,-0.1033261176336165,0.034536064659434075,-0.09509363334829748,0.03222203140471731,-0.26105683635768,0.0169779031700612,-0.07094970784310353,-0.02217976341868779,0.12595897573559964
-0.014660439042750826,0.007622374602024537,0.047548212022929554,0.01857269144254681,-0.1102438893061062,-0.031536121021825333,0.19153862542587458,-0.05175723719611428,0.16151020341079064,-0.12867740795605304,-0.1707285496923422,0.08657353441262051,0.025585367047143044,-2.276878589402894E-6,0.0676459562927959,0.09320628665091622,-0.03183368532961112,-0.03385318786121977,-0.03699794246919885,0.08217273194779552,-0.09675566378231608,-0.047939202077106946,0.054036963315498086,0.08098860022889107,-0.006602026066365017,-0.1111998970696341,0.022141349715910304,-0.03591623200254275,0.09681537031102493,-0.0373645842551146,-0.03039378693673686,0.006125637302610502,0.0015131748798904317,0.006388111731368835,-0.04869824972838464,0.1602234555693301,0.013989809820875164,-0.0661799368818804,0.051232108966698255,-0.005928911247676882,-0.013097604094864022,0.0672946878985573,-0.028056559755922306,0.022643346199430533,-0.12927811503799552,-0.028996518480829188,0.04114523550893952,-0.06261535754472758,0.06896621425497794,-0.11956417872703831,-0.04386710024071408,-0.047045466400155105,-0.10319849866298081,0.005140789831003612,-0.22461586767567837,-0.016651338985302362,-0.1266708810902992,0.03375650083698662,0.18261800735613212,-0.11164997558181108,0.1541362789649819,-0.051966147563176926,-0.2290250929555176,0.04104460889333345,0.06631933562219113,0.08833173900971317,0.036791246807996524,0.06396706643768307,0.0023649882652645366,0.1214921038128714,-0.1249182372238101,0.14823761704862987,-0.008971132983209121,0.08042676720174222,-0.0714089717673073,0.1768416333903192,0.027728102822544794,0.018043826586914016,-0.048286818619437934,-0.07736213440312432,-0.019591635183197103,-0.01715464985997352,-0.13187231874417268,0.07701665355461437,-0.13804990211773097,-0.03518413271763306,-0.07276253042424623,-0.06604031204603962,0.03962874273733521,-0.06784673075905018,-0.007866953719557226,-0.05727902702383255,0.0535543725096726,0.0648869427416783,-0.03106187572347147,0.0753240892461268,-0.14162374661150223,0.10090400356131304,0.05569719804180088,0.09141867742593858,0.008785442060138905,0.04383161113553066,-0.06258648730194458,-0.17730586231916703,0.044722471866186754,-0.052599405424260545,-0.14467013833290893,-0.030430425122242505,-0.11587374088879378,-0.03191482139837316,0.13638268211974577,-0.03273848386775669,0.06393239747286085,0.19007134496686917,-0.11747808455173726,0.024959910783959344,-0.1150080425281008,0.18411289231615513,-0.08869745348881264,-0.007638343519676064,0.11448534390800591,-0.11452320421106744,0.0046473101994375125,0.0242651717882598,0.09256592641101928,-0.06771296741772609,-0.061130270663035766,-0.11498514331168747
-0.06879024471479644,-0.1401569901885444,0.017404978784114542,-0.0547184002987156,-0.06268537748618684,0.1712999985376593,0.1115908344466559,-0.1917926654807839,-0.10315653318054521,-0.09246101516988038,0.026990690776607332,-0.11853891660124798,-0.04631500281497848,0.039656870156239844,0.20495565113733255,0.010184216556640717,-0.06065087030422614,0.025799381927510925,-0.12718245438154818,-0.07774878953462809,-0.027887097509631174,0.036729506754570304,-0.04018579931568568,0.0624997917123574,-0.06794545369654911,-0.22912984074300277,0.08871049560516459,-0.08738347630754942,0.08459078755972475,-0.041145465943170076,0.14593551233769383,0.03342813747374884,0.03828876184494829,-0.09790874757301626,-0.03875656855057342,-0.03634519861399093,0.03578601550036548,-0.029429434228340486,0.11676390341075817,0.01812913028943621,0.048180338001806385,0.03212157878012812,0.06546294173915992,0.032653309080399824,-0.03506690355387246,-0.07764728400011156,0.07083305820804243,0.13612199831480948,-0.06223619378832017,-0.13349247232187786,0.08722269508377617,-0.2627904359877296,-0.05932653360247751,-0.01725276969336668,0.014003630627135662,-0.007226704557390945,0.12548396139575346,0.10803535274491154,-0.032447561927856014,0.06714812427812586,0.06343076974628176,-0.024734894522932257,-0.046585680253728286,0.0021245450050769955,-0.010362904840159682,0.06936408708653075,0.11793274889476184,0.10592567953276544,0.044652000227154015,-0.00943401698233838,-0.07109241444431963,-0.039172866676493584,0.05492861893790258,-5.698075108389981E-4,0.07427864493365663,0.018251679372382288,0.04630102466189557,-0.28265526596843116,0.13221191044630476,0.07901815465369676,-0.13895262236001277,0.10912172956157402,-0.10805102199690944,0.05593525665668716,0.013278988934703816,0.052944459221810944,-0.03046683745113038,-0.08326696949484634,0.039999713319752724,0.3214032448351393,0.07464910952484641,-0.15166022749770042,0.09167646722591515,-0.026881381022086204,-0.02207537458323941,-0.058930771689962774,-0.028033671970862723,-0.03726933673854455,-0.058104930456504215,0.05420352577185288,-0.16186751916971673,-0.1272539929040094,-0.07636077206671316,0.09104841238656297,-0.0668433231347283,0.029241683104475405,-0.09605685995237367,0.005879572716109265,-0.04297177218262774,0.16399051467607875,0.05756805768579851,-0.08749829666228619,0.08126768521318234,-0.057057599951765944,-0.1620678019749552,-0.024686971998714034,0.178030914270416,0.06293607158131818,-0.05115345968831598,-0.033139038485928446,0.040372118103885475,0.15476910094846474,-0.11647601226776817,-0.010615130286552664,0.004755543928316407,-7.86058791564727E-5,9.867022025328875E-4,6.333665496731475E-4
-0.1275238925457536,-0.06264472020975907,0.023160487481923498,0.08680997495316792,-0.0013882060042375076,-0.08220195440163248,0.03522867711149316,-0.17725742300900552,-0.05146866047102347,0.04750499602314547,0.11396504734700041,0.019993533027302068,-0.057788785189427226,0.15781171839265126,0.0924976549252794,0.027798868225941173,-0.027235947070201567,-0.038425506085384,0.11633640845544106,0.03175592057731457,-0.1328397877813292,-0.11693838656461869,0.04010826108776854,0.06032361310311959,0.189900520405712,0.0031389223917522714,-0.10312101853299939,-0.12371429606811195,-0.1748475726765242,0.04175658907924234,-0.07477125196990646,-0.10583158003552649,-0.041641536736393925,-0.11682055393543951,0.058303011852381,0.006462902734804961,0.17994145403230716,-0.07050145841790197,-0.026011890913385512,-0.02199790458034133,0.23443497167345004,0.0325068239616418,-0.1320568560372482,-0.03540228335967516,0.15016685868877427,0.03707943321630903,-0.10450813828625176,0.009001789002236964,-0.03517099235041701,0.002558986180137379,0.03277853791661786,-0.06353124468811072,-0.007914290541837113,0.07284707792797965,0.24118698142738737,0.04674124132622076,0.05684143511758873,0.0022271125922951615,-0.07607986042049708,-0.05182242254862775,0.03796864271120774,-0.23003486738937004,0.05472296199444415,-0.1259184240806156,0.011940342918595106,0.03301245252450066,0.11064889955259712,0.06496593886626259,-0.014612086517688971,0.05145165786981747,-0.16760807255691687,-0.20852931998516996,-0.15151879821440128,0.05057806553941665,0.07575488619714703,0.12548970969824313,0.08280892198976292,0.02039706997624508,-0.14255300465582663,0.07014041482979433,-0.2519825490132678,-0.08605458091453522,0.18259939045823073,-0.025587254945238377,-0.1803179943079873,-0.18943457823968524,-0.06189598368162651,0.10666687822828558,0.04997446476948574,-0.022752013318610726,-0.022257041543015124,0.1493206572149417,0.11116847168688866,-0.04649380863475227,-0.1266558858513874,0.012185991112505531,-0.017227269506292504,0.06528505287021215,-0.025525994805254953,-0.09260605658109387,0.001876216311045083,0.057536699022830366,0.0962945432185796,-0.04452940638890618,-0.1791652795349209,0.023897676519443342,0.03776628661661661,-0.030251850583048058,-0.0034979541808560603,-0.07223286853954163,-0.06514314556306637,0.02577473020110522,-0.10251454828053683,0.023502379134615843,0.0011478045961972885,0.11133176538317492,0.09478749062072263,0.06931101364832254,-0.05632893334153636,0.001995000696421626,0.020666244885439437,0.14207446353906497,0.050873234038651655,0.08912689753264494,0.15875121316940297,0.19537527703844382,0.01909215556777262,0.06499649656595644
0.015717286278602388,-0.1873238012829803,-0.034318250520420715,-0.14264944318986958,0.22987360910416993,0.14775314317946966,0.04159898943111491,-0.13340745862946807,-0.04521010216434812,0.10131033967305009,0.07533923086213842,0.06195818086363291,-0.14001064065533686,0.10991391957121538,0.06425187451765958,-0.017540245709509968,0.005125106430680787,-0.12197598064713154,0.13049878890130434,0.05494850715698605,0.12885009817743232,0.010183114357983435,0.003107763721501817,-0.16528375004628068,-0.06271121264126805,0.00836801288600228,0.07424721210602687,0.013175550588832017,-0.03325568757583087,-0.05742381522814523,-0.08583881741108676,0.038573255980215465,0.010310289327598478,0.03117479531678161,-0.06156455122721544,-0.03185086771972863,0.10580510673873109,0.04680606854411567,0.06611015096700201,0.05444454672549631,-0.0033188744713194976,0.225215762012074,-0.009944986083236811,-0.039166159285460724,-0.06731728877569128,-0.24209914331192095,-0.042644915989968245,-0.04292879083142169,0.1209944204543241,0.037220384282641766,-0.031017572062613002,-0.01822744946752607,0.04578388906619721,0.018138203657835503,0.022833086363917558,-0.12199001077058541,0.0757741358022964,-0.16709724840285087,0.06860178340033733,0.009978868154727684,-0.1897072811250427,-0.13136568643669466,-0.049923972984943187,0.021050123215082678,-0.11132028803318518,-0.0714936176071368,0.21354871535418712,0.050948878459013885,-0.03747642122974953,-0.1293325758618873,-0.01657450713253616,-0.13548404270979383,0.040850841747987775,0.06893699010731429,0.07504755962336046,-0.0383860824029654,-0.09146617459109697,-0.14002269408226978,0.10167435252842164,0.052459261076635864,0.0038163948246484987,0.03753053692246075,-0.03264733377122987,0.10155645558941342,-0.053765963458451464,0.12080263379873395,-0.04524766557084518,-0.18459556303815566,-0.11971528442699116,0.052279667650184776,0.06722323017473282,0.06216293321575311,0.06949212742615542,0.11100921914728999,0.06595069352218798,0.02840205772575218,0.1467944781800755,0.10839758421301748,-0.04395694892717896,-0.06859814812490521,0.15848005574140087,0.1521464710111013,-0.056628034545186556,-0.0700976859985442,0.029815399785032847,0.10619411810169849,-0.060761651847900736,0.07466665135757607,0.0021845095625852673,0.09296892854958767,0.09519152870336219,0.07598061008784479,0.1512020042601468,0.1805084579189615,-0.004468160061071948,0.013239119627411571,0.04269573829351313,0.04199695006514127,0.12080553205345827,-0.05672195751627238,0.05170222635493752,0.10302064682546788,-0.04069347706337417,0.08402166607161078,-0.03446180317279018,-0.0357676328176294,-0.07298349980169284,0.029551390310669307
-0.0219227449486725,-0.031434876411493666,-0.09184971200624868,0.07788908211992741,0.018145497914870325,-0.15331744349279403,0.011790989463662208,-0.058049318908060976,0.003857400431901537,-0.0449920183397427,-0.06026198410416724,0.13679112549172254,-0.14153635676314363,0.020052741423155128,-0.001144561264365,-0.031059951036512025,-0.07312765302924805,0.10114173475514968,-0.0629609375654944,0.13111333869240702,-0.02368704141578457,0.03194477717952385,-0.006978971986594885,0.01915810399483487,-0.012973204649150914,-0.05102871987673697,0.023243818331653922,-0.06334069254550427,0.014019936968010535,-0.03168765241693482,0.06741428571260082,-0.02847139986186957,-0.05316202608042692,0.011031842401095057,0.04850575788827045,0.08346717161345911,-0.006104343452743131,-0.14241699918775763,0.03124101202316989,0.04319717266215097,0.119928296463143,-0.10732045530183955,0.1325178207499923,0.10681511108005401,0.0653883445661285,-0.05615886496031451,-0.039200627109231265,0.05700700177741269,0.019922846162537124,-0.16477219409423793,0.06017002193983174,-0.1256274045685287,-0.0705163585952399,-0.0314633987868862,0.05288449782083662,-0.008725678219361262,0.07175237791729772,0.03485241110856761,0.08155580570823753,-0.009748308978124984,-0.04603968151831595,-0.12617995888143516,-0.015858445024057425,0.1155967025917159,-0.09864854690452937,0.025255346208376828,0.06015223624347288,-0.027749350199148894,0.052388463558774856,0.015109193604898792,0.04444192743465667,0.0023958252506540707,-0.013189772339728668,0.017994514125177618,0.06955319115005788,0.24676353797596823,0.024884168116930366,-0.07901828685462364,0.03579615503734299,0.07809405331965709,-0.24535875647693875,-0.12914218595122873,-0.028090941632400997,-0.07537954468933432,0.02260286777188144,0.0343048383246819,-0.040860418276952123,-0.047097038070696186,-0.14197847443835826,0.03208297793351401,-0.08939018882303311,0.05033623174798883,-0.00760476626250664,0.032826567982690916,0.12987848662603232,0.07969648358825972,0.054535350068290564,0.08984773195657053,0.018628612457729093,-0.08794991969105036,0.020944689848184424,0.05378874689383376,0.07371206144050864,0.05494470301803229,-0.1370762059630903,-0.03761487861613161,0.05247978619681304,0.04241175797712512,-0.19829158646041342,-0.10241809870606947,-0.03712522512266373,-0.14037867615920976,0.025376365931561583,-0.04629838482829551,-0.08607199307147757,0.0074967311569744685,0.04751637648105112,0.030312216766794516,0.0887116178744952,-0.04543593802315442,-0.1995540665544782,0.1418452523150114,0.10333906374531523,-0.13656501127362738,-0.028150230283412295,0.13541389421323918,0.010615561848865765,-0.04325960088783909
-0.010634984004415425,0.032365661241391605,-0.20078572548873103,-0.10362379984398377,0.09988480028238586,-0.06834963800952322,0.17481067969790415,0.029630646421209536,-0.0347648754068251,0.07674165043071131,-0.10412643465073713,0.13290240646280144,0.10504330422405515,-0.06637514566111007,-0.036625317625386504,0.034855263258240066,-0.15022436016037644,0.06165891402207644,0.01736118841580721,-0.015785910950945177,-0.218293842762201,0.035530979396307456,0.0049307188392574055,-0.16102953098746964,-0.0010715421541503734,0.09244131862101426,0.04310861027548879,0.2499233506701806,-0.1816432276209794,-0.05975252896579446,-0.10371629960431221,0.06671367787259001,0.01599041000046564,-0.04491014393391982,0.05053792656437094,0.048011776180007466,-0.025953847317937304,-0.07514327668925759,-0.06986201669245355,-0.1426253820721881,0.015729379759602216,0.18769381243539987,0.027441945240052546,0.04892555620414163,-0.09358152375735032,-0.14039895774178976,-0.042224189973441004,0.12905362152066224,0.04627438473551379,-0.07082279456307168,0.04389097484351073,-0.04542939688267617,-0.05801403789243664,0.07011203731546581,0.05266394361542493,0.05209485904096014,0.0016399796405067793,-0.05769456127628991,-0.14732772187670448,0.008372942829834244,-0.0026296707605859486,-0.08815862949493447,-0.12898409624209212,-0.04436599925926878,-0.03147626020251937,0.04022378738016599,0.2544187947758571,0.07896626254797345,-0.015142253195546814,-0.025830191970310435,0.05914708615598191,-0.01563239004461966,-0.019546192648692035,0.11108598854088636,0.04263324903121852,0.1422434188276284,-0.10174442939196106,0.09862147645340115,-0.09064378467289858,0.032546230170420166,0.13669029742543154,0.037286945738263334,0.09110313558835696,-0.05141853983598014,-0.07688675210435589,0.06190827797382876,-0.023877186668092562,-0.04276883113338679,-0.19407812281663753,0.17135502844432102,-0.10264260289525465,-0.0750147235371313,0.17387941871005014,-0.019779935443352305,-0.04778513959167204,0.006319728896742788,0.08009846967814174,0.023568445451827454,0.0746385439471944,-0.040274596036403286,0.07647202065533901,-0.014630190387031743,-0.09977865487697259,-0.13858663450974956,-0.04589755149976594,-0.06076377417974218,-0.07464815531984176,0.16969704037677308,-0.034827288892830655,-0.2035121542825498,-0.1592197393665906,0.07843058718406394,-0.04808420952971175,-0.05488812763354138,0.03062777732008063,-0.12332708867541275,-0.014623021267867955,-0.006769146945650136,-0.03839367111411455,0.07885483737070999,-0.022531193365390847,-0.08335992481708931,-0.019916591922035216,-5.100130183200401E-4,-0.02116687997638115,-0.09070325006163835,-0.06428165807427556,-0.12114420963540008
-0.07326546605404248,-0.1268510690170975,-0.13370641119205254,0.017121253984312877,-0.02269457220753519,-0.02554680373679934,-0.07384486376336462,-0.17929232149447263,-0.045523228968357594,0.12460337062443023,0.07454128340295693,-0.08666659225031184,-0.1213722160814787,0.09784763498317334,-0.0502690689394352,-0.06306335196478655,-0.04856035649507445,0.11484539302934552,0.032542456219915125,0.03926402851673617,-0.05030800252316193,0.0934591905324586,0.15335315617761017,-0.17474200042192617,0.07855754929337758,-0.05214685495161536,-0.17949856892279217,-0.09667529615651647,-0.00715703043511934,0.08198538741877257,-0.09004079815543606,0.1462168466709695,-0.03507732721374799,0.03220540567906803,0.1515126924219223,-0.03283334067085093,-0.07643957977720685,-0.08674333157339754,-0.01726109955468871,0.00825127279355792,0.09674034168265382,-0.05421273010193146,-0.07226067853567725,-0.010093441562228172,0.017364701185180527,-0.02875759566746326,0.09898816539430468,0.13844879377893815,-0.08045891149603498,0.07244027056274645,-0.0685579135643312,-0.020166792359469783,-0.10867375383254667,0.10860832031936377,-0.06257672258639067,-0.2390150594571186,0.01013154549510146,0.14803000204376376,0.08231723634593421,0.04184758770818686,0.13877722502584505,-0.07220371135784834,0.07378826591508135,-0.08024533646619444,-0.0303469356226455,-0.008873226407319268,-0.04540259252569606,-0.013844101887480347,-0.09519023407628949,-0.17394415623985843,-0.12040209956945977,-0.03054104675246133,-0.09627329913657633,-0.12826527900093612,-0.0572983239731665,-0.13607115037844578,0.09929253172109026,-0.006706397665294085,0.008305384534378813,0.045646117924170004,0.0048990796884014745,-0.033656574473357875,0.03308572158340677,-0.04029944086661244,0.14179381663800347,-0.07225990838940438,0.09378742371807992,-0.1430579733336827,-0.024451337704693574,0.05719686875654427,-0.037930392915861456,-0.04480128812112157,-0.09988217716986816,-0.07093276083016624,-0.054148104425671986,-0.1753337225960804,-0.024243487652448974,0.08040431855191582,0.10827173694793801,-0.2294898557316631,0.0029482313210693386,-0.057175648184659714,0.007717017413377322,0.0012491158580162386,0.11224076391808806,0.07820758225030457,0.006075640961833731,0.05198737634869051,0.03907181379778638,-0.06996666776087164,-0.07826623695503711,-0.033088501364129184,0.09094230021631979,0.12733546163967024,0.15503131480327317,-0.00777350473351659,0.06168444576990178,0.008331588654892775,0.01732187460936001,-0.12862247770206148,-0.05115356682836321,0.05545602478900522,0.030053342031764387,-0.010940358798051487,0.14889370489602355,0.18074194264986435,-0.04102515364526489,-0.13726649537266516
-0.042340481703960625,0.027751881658527947,-0.11182846847563926,-3.638740016562998E-4,0.0548729132752362,0.02738927174276574,-0.01569072759667369,-0.020354950923463122,0.08653065329946365,-0.06121671234967014,0.100962479601225,-0.024102104866998854,-4.8840188917013624E-5,0.03345479474485147,-0.05046903502853918,0.013441085621698622,0.19803132077331312,0.12505183308465995,0.04183720389577625,0.07796121820518881,-0.0674116696754198,0.11427036064886575,-0.14519554179177713,-0.004428963653659922,0.07418834846011751,0.024142731232539193,-0.03301200490735598,0.032624214022413535,0.04330202845941905,0.06688643416017509,-0.08378439270003933,0.1066405152859262,0.11912268242837247,-0.018297170442858918,0.12168306838473208,-0.04335431898494883,-7.199302904642984E-4,0.01752082948248317,-0.10700803188128813,0.021246916449728863,0.02975122630256681,0.18291810338623402,0.2244322742756556,-0.009784360900572555,0.007487720665991231,-0.11137243648967603,0.09049801450228255,0.2411215725047396,-0.08917802538278762,0.07598367423599925,-0.20526723500097224,0.11711359648533896,-0.029882368269015785,0.06929682834491167,-0.034001414515694064,0.16090290399211493,-0.07292871460384105,0.0691220953093375,-0.03535982076363939,0.04384712785990833,-0.037564887245700805,0.018600298761336308,0.10686716818713546,-0.21986122461163585,-0.0064958401110555945,0.0651916308102137,0.03462727272888169,0.1346418883131224,-0.1560500476049156,0.08255759697140987,0.007416190158278287,-0.007033621573933284,-0.08248956729124617,-0.13528525132838126,-0.02394110910330834,0.009394987756006355,-0.009937786264792945,-0.015337876099080433,-0.02413041420891813,0.16610536810317136,-0.01319046059759166,0.03981710838325749,0.09398362554950984,0.06164213079978213,0.029293663613011462,-0.00852769421346475,-0.05758762342136127,0.03199506968875943,0.06624968552056057,0.13008677293138995,-0.07033406249978293,-0.06374082532566806,0.145414816912339,-0.12023799216788723,-0.002965298781934701,-0.07575386659132242,-0.16843696210679784,0.08399580322567413,0.037105486866457836,-0.28001130044805395,0.12249923534530877,0.002764689782006728,-0.029786545873203438,-0.04920086830402909,-0.062480692190376115,-0.027501034653135695,0.08278710025465148,0.036714132457772726,-0.08765748619270372,-0.05141283335640528,0.1286709567098608,-0.04857151839262815,-0.04005580116995497,0.06843727259531353,0.07294422466718126,0.12770234848693318,0.010954036147823129,0.021978743391641284,-0.21959722110551105,0.13108119916870561,0.1307383237846286,0.04997866901774398,0.12948246783159542,0.08241224607672604,-0.1156406935384881,-0.005766159519110788,-0.013163193640002893,0.004150657470628482
0.03871724142512596,-0.09679829738698663,0.029617659592067982,0.009777696190858729,-0.10960133966120515,-0.044710508319663805,0.005965391971334465,-0.06186562849068623,-0.05703994038619208,-0.06276772419251994,-0.0018546280142843455,-0.08011972053840807,-0.1612218791525719,-0.031460811165668914,-0.1591780011516501,-0.08003005085328588,0.07281765317045716,0.06969710616521892,-0.09874371816094019,0.09824201100050199,0.09386662285355436,0.08191200646349488,-0.05552828734556415,0.023193071101902822,0.02067365376137329,-0.12419584668544398,-0.11017063703153449,0.08786007656238592,-0.045109827634889174,0.06096728108114663,-0.2373838659198129,-0.02124301739345687,-0.018884091313824673,-0.09860411473694027,0.10027149374847044,0.15546046325310167,0.034974924090215465,-0.04398513314426854,0.15347589143746948,0.07774323252664372,-0.07010374169550238,0.11115173103973396,-0.01235071288923486,0.08946557919782716,0.10291756915220837,-0.1530569252588412,-0.07262826871036226,0.0237636093785454,-0.11812852096096989,0.042860930158240364,0.012411620163744228,0.024536332494326078,0.1092881461647715,-0.034866078408787755,0.019355365819812863,-0.0917174426025612,-0.06560598489392457,0.058441809177856074,-0.06285152209314905,0.01649501678729516,0.10048251872612553,-0.1327232632821317,0.07700388960406988,-0.04288780569299288,-0.09713071270616881,-0.051833602569551294,0.020541287129310047,0.16474422543879252,-0.03104255481710369,-0.038931662397213185,0.06769195262021535,-0.04727474804338009,-0.024693772782746547,-1.321084947822765E-4,-0.10303105245104892,0.007017381294659695,-0.021943112632828884,0.10668809716403771,0.04022894999746102,0.11290225803882302,-0.148335429141722,0.16343619355265362,0.03243556755249497,-0.04596371739248037,-0.001248099675569539,-0.11113937696934358,-0.20449378159088882,-0.01144039880483347,-0.1520129300939264,-0.03515623154358178,0.05007035251360569,-0.043060036241101586,0.06427873754084563,0.07007926677460878,-0.10109927247576568,0.08051864180785205,0.05730884669850642,-0.08682081274643574,-0.03391627955599841,-0.018616809878824227,0.07706100005057613,-0.08639922667962441,0.0571881337956607,-0.023995656315161585,0.13508006768271996,0.06748539955732073,0.0541187835419356,0.032952470947974884,-0.09973839597792725,0.0024261144920075216,-0.05350662073675007,0.02585018596557308,0.08309863723951855,-0.1313590943392676,0.09229587716612946,-0.022977862617207787,-7.278666511109349E-4,-0.12108614380353198,0.03436358913526431,0.08648215127154364,0.04382407976746676,-0.0596689808320336,-0.05416755189287414,0.012968072638567503,0.09642725636346751,0.06343591889719742,0.0793742559508634,-0.08457867940081172
0.11640543373115035,-0.018068301100039867,0.12842493988028716,-0.029110607620942287,-0.043007050584855586,-0.2470560992164872,0.10985599843821736,0.03072368924693113,-0.165318877949238,0.11367570557539403,-0.2076902067045916,0.08952187463944258,-0.11086140284967709,-0.004244440819859619,0.12026308309139694,-0.01748853494165002,-0.04466382129054225,0.02868825340903948,0.12027686953013078,0.11292266234927806,-0.03498770354751821,0.06808577589565529,-0.10267004062204915,-0.04204770791923274,0.15859243042000598,-0.09974231257145387,0.04397051416543236,0.03269248650556122,0.13292504060706523,0.0013230392468888174,-0.12556103082026082,-0.024856214381283,0.07298642423588252,0.030474920158021314,0.10032721374643876,-0.07634301546444383,-0.017838068235809832,-0.069075724724966,-0.04988904906177352,-0.047238687491921116,-0.01686742662386063,-0.02489108311235705,0.0021360936256827967,0.11156072637280687,0.06349988834993782,0.037214894368975016,0.028094722326721226,0.12179497609740583,-0.012631567947376156,-0.030489756964416456,-0.25441948326984815,-0.03158432783407376,0.011806554896880192,0.09795904847172635,0.028468283894691793,0.017542034480411875,-0.020557815916298197,0.10822223667169685,-0.05498102432558725,0.09333760714676068,0.13214989966507412,-0.04193523157167564,-0.16901796999018417,-0.01029690685534721,0.025827275383666283,-9.987529185309513E-4,-0.011161265368036527,0.08290424374038824,-0.05376744719561571,0.018341630188524173,-0.05076414974812157,0.10772210003156574,-0.17655267479095355,0.0020575646467345613,-0.14163833831222014,-0.06929967304604594,-0.08428315208445566,-0.014947038421796604,-0.1603639927174543,-0.08658842991328906,-0.08559298529117988,0.043796127241164814,0.03032857417127155,-0.1472086926655205,0.02061070850179095,0.0725853793037001,-0.04633444422909809,-0.15333943521598153,-0.03497381915804552,0.15056230329151932,-0.10186230052919217,-0.13768549625072152,6.913504746878661E-5,-0.026271057642241878,-0.3116066330600329,0.09310885634678569,0.05392359436730828,-0.014894222948578392,0.06754920172956713,-0.04766701999072919,0.16747411816381802,-0.08463190202650502,-0.11617052628226605,0.059042573029649555,0.025121015137311187,-0.16690452338665582,-0.08081670898564369,-0.053485516030494215,0.10690694468616371,0.024845128955135964,0.042544379171518404,0.18606987125230973,-0.008122363646196049,0.2174188865676554,0.06711148309029846,0.004503564041839239,0.008710077642365567,0.12519097008941346,0.13172078482636157,-0.004823986339384386,0.07488466181947714,0.13420932658227758,-0.029716791912275362,-0.093584943895786,0.0842875836781739,-0.014068381401397738,0.046431485613466245,0.07826133362555075
0.092062425685275,0.09100846621575524,-0.0686688692699902,0.06338722385933251,-0.08830573084550271,-0.08847467314043317,-0.012366931998715936,-0.05766481331760225,0.1079202639054443,0.03813001307042494,-0.10354055277016473,-0.06486659732327794,-0.04748129340811162,0.06691225718005779,-0.0429186456403608,-0.061593505528809905,0.02795079191164238,0.02226017433601835,0.05152608192352758,-0.0021116238298106646,-0.0927019011815086,0.04358593916706236,-0.05456791811684458,-0.06743418819777047,-0.019893122378461216,0.0070380761498906475,0.08062428927080156,0.04997645709390139,-0.05845525076058413,0.12239054128405907,-0.2024637135419413,-0.14800872455741926,0.0032822696096922142,-0.08808338820717636,-0.06026990214903727,0.02551102073699206,0.09481052300951094,-0.13906167547473144,-0.12036589771916761,0.09037913778349421,0.10532235906633622,0.07422707155050684,0.01593724852677897,0.0020386182286948316,-0.040250207849542786,-0.021169688200169075,0.013528547458194,-0.03706389804063467,-0.14928854310474743,-0.08414928634253309,0.057186829103130915,-0.09561748145454836,0.011773975319961952,0.08429722289461417,-0.09478094291414395,0.06864691953782077,-0.06008112180739408,0.10477179199543062,-0.1746497571229258,0.0158613207874973,0.0297867304354417,-0.15025189233906758,0.12357700415040618,0.14237791352985982,-0.05339618758974714,-0.1252447228819686,0.008939927342013276,1.279107232997438E-4,-0.003914810926284633,-0.0891726978345747,-0.08176877811530937,-0.12698335422672888,-0.021047914808181564,-0.09411809875372726,0.13144450483132508,0.026092341644397204,-0.024761240774037366,-0.061490207216901856,0.04425934318257395,-0.08797011071379962,0.09816834822241986,-0.10678079210154189,-0.0643030082677994,-0.0698697846222512,0.09581499081491354,-0.12848530080559087,-0.07883623849530645,0.059194229648128684,-0.00685456116075683,-0.015517495910188906,0.07205496809205213,-0.006202953923001592,-0.13782760262652094,0.01773991858885742,0.11586878174776905,0.06938271340418717,-0.058103790977467346,0.05011980071442774,0.05870950686577391,-0.06029501049854901,-0.09105066926220778,0.08132580018876466,0.190166895563647,-0.004122411227403166,-0.1083797211170109,0.04577059114048443,0.01906812536874857,0.05528231062470832,0.03743805439670624,0.02977559073629221,0.07915237093727764,-0.03660641930526505,0.05096438194015199,0.004902807308671011,0.0415777696269811,0.06360168909766123,-0.03847395252092201,-0.13584840107016263,-0.1383662919767245,0.060229627958029976,-0.157569073566296,0.08126735830046053,0.12180160835620762,0.01923143686068206,-0.030517464233272777,0.07460611401188652,-6.571714531975469E-4,-0.04041094247519076
-0.09472898850893735,-0.024659108583658367,0.017592840206655337,-0.09636881861490156,0.16609604743676903,-0.03936882175036691,0.12107292178664072,0.017907034963590005,-0.11493015582831241,0.07756008625042951,-0.04038896705406766,0.09243399316813718,-0.11678647787810864,0.1418384423417168,0.01631305565730609,0.023994082045799937,-0.09509469331465788,0.08728443388494662,-0.03830169724706623,-0.11039224620895793,-0.12029498079082523,-0.020840142605550324,0.173436766557278,-0.006742556459118047,0.047352575312892414,-0.0590398770244309,-0.0535107009689119,-0.13238149049435521,0.04255454929364051,0.1886835134919869,-0.20284801747045428,-0.09617197846290831,-0.022648841652751023,0.06077259198719865,-7.946541131280451E-4,0.027303101202884233,0.15416448969400198,0.04469848954396851,0.003426785057830294,-0.2822215591220187,-0.09597251190083997,0.05851503162646329,0.06309911987546832,0.09566514002075595,0.11041077567315011,0.01640044589583418,0.0031932340461138173,0.06332725057117648,-0.03638164909332462,-0.20589213697849781,-0.1735845378930991,-0.17960568731186158,-0.16804281006337085,-0.04155350385217452,-0.03252876635245925,-0.13974589497150128,0.03609734787167787,0.015617707734428086,-0.016039602415524275,0.11820662884581949,0.02519055000020732,-0.051466689057363436,0.011165686081084432,0.08747909933809891,-0.04443502428235474,-0.026324583228297366,-0.09472410724880245,0.14033602931535394,0.09441585906809585,0.10857968517528757,0.16934411727904072,0.031222382962629847,-0.18572058651339013,-0.06257252769441253,-0.005481182111876713,0.023356460078995892,-0.010339140915051299,-0.15247333363441906,0.050232572454037665,0.007288995673508301,-0.05979216570317265,0.03783228078738811,-0.06340161419923021,-0.05713326678500593,-0.03671996178275077,0.05448014739435865,-0.05008550027586037,-0.041823809387230654,-0.15243297576560008,0.0519781064899193,0.05668916157527368,0.022191708160507948,0.04965190273992547,0.16411114417295025,-0.1712153981298332,-0.037935659373845784,-0.08779693959583106,0.02787730757562452,-0.041620952757215245,-0.037338117117137366,0.13672434340071174,-0.22176971602514114,-0.09143193405301389,0.03512510810658344,0.028558942250230018,0.11379218550573544,-0.04608740403583004,-0.012176401942654166,0.19000732416950547,-0.11010903334993874,0.06396842360856564,-0.11664987037837835,-0.01915946986332068,0.0572657910628315,-0.040521906370879886,0.08061230247120171,-0.0335216433457117,-0.22136346720360345,0.0044096369708186344,0.14184011214127937,0.009166805481113545,0.15153137983180134,-0.10523040385562088,0.029291963085144007,0.06912963700551396,0.0788530890517426,0.037352796260583146,0.07120316953961571
0.10445232133802132,0.1377067529497699,0.037977079582478195,0.026582903372940336,0.06217727129634176,-0.11949841487971276,-0.00438283558177281,0.10016314911668313,-0.09254538255455456,-0.08236737953442112,-0.05974011514679871,0.13966741027529322,0.1149271801692586,0.20833472577747436,-0.11130386156842074,0.10767699003761447,0.2076252469423023,0.08802871623791649,0.049055761949262894,0.04283641280552445,0.14949135396279525,-0.03664451056072272,0.0020883763160099217,0.053728651882900005,0.017070375345528018,-0.119672743521587,-0.004100331724462906,-0.03214105782886343,0.045380120177004546,0.09029406549532902,-0.1641475883310256,0.04353281326258734,0.10472961922038126,0.04896726087969412,0.11033856975113061,0.06704349028519994,0.05961050013833544,-0.13152886022504412,-0.01823469611099097,0.10024006547693722,0.0018531380127124798,-0.13768042850285214,-0.036974106236566266,0.12264845512451593,0.07133399191212861,0.18429860732931294,0.09400463505959779,0.07098587378894063,0.03435309676460987,-0.005350765187175257,0.015818637013232335,-0.059126042892440195,-0.14865291530730573,0.01930509803771254,0.048612190120632365,-0.07413095721600593,0.02020037478181353,0.05868490870853137,0.03075866218506558,0.05485390487531695,-0.06841965884943596,0.0014434487744656886,0.08413491940778278,-0.06767943749961819,-0.08697416961852591,-0.015856562614180288,-0.03149092407628966,0.07458496148823732,0.03228303871383455,-0.08495496704337527,0.021148531132819844,-0.10461876418088403,-0.06527587722924647,-0.05734992430937063,-0.06423297811947716,-0.10603680557199875,-0.19404297136599474,-0.061636965513105366,0.03139966304252123,0.11722068457738002,-0.07507652839333863,-0.06226529814211259,0.029177614705244576,-0.03844036886181729,-0.012820616434058716,0.13044592766437685,0.13517206102251847,-0.09140277773207883,0.10394792700345917,0.04194943242196851,-0.050295360452255924,-0.2517472989083083,-0.27530076516996965,-0.060171227160428664,-0.04943162275773358,-0.11656027740912929,-0.06107622794351688,0.04059493327004399,0.021831059375077566,-0.07505248065177697,0.023646592956065585,-0.0510952853764359,-0.00680084609064253,-0.060882342447735854,0.033166518950760844,-0.09701595332944221,-0.09152283489174692,0.02027292632819553,0.1976754090734546,0.0698938161069534,0.052247579446508256,0.10754253223984579,0.09051486391445426,-0.11405842025461334,0.04873324681578588,0.14811190594252666,0.05902634656427962,-0.06420051110459017,0.06531115617676048,-0.06642598033341694,0.029485009256303745,0.02550141235998856,-0.11806912401662986,-0.11173995677301254,-0.0345891607591058,0.0047406656776452895,-0.0639013653151854,0.12717868266050217
