0.011372121549562297,0.016295642233762342,-0.031618549253636996,-0.029999596219737006,-0.030669329932248218,-0.03257551591519525,-0.032810124772969906,0.015475067831754726,0.027811204317844885,-0.029584900239207,0.030674337377982197,0.03430204118290584,-0.033403479553865675,-0.009089190723495344,0.015367131468140298,-0.0029755569704773828,-0.026344945735979616,-0.029827779972298574,0.012716893533615268,0.02899657988110186,-0.027699777884939172,0.01377103521704157,-0.032452664148361,0.021341812616500592,-0.019691455778430948,-0.030237467881593375,-0.028731572158578165,0.014294899138428836,-0.02315090637470416,-0.03703370077206289,0.019452923724070904,0.021650252291700603,0.015579654599676248,-0.029542452127302832,0.0383817878363644,-0.033138135205173516,0.005021047399090621,0.020588658894629356,0.011959379580818262,0.040193928127030064,0.014066495286310187,0.0070061716862544485,-6.019291209865205E-4,-0.02866633796009468,-0.0053392097762573285,0.018771306072742598,0.008317786012359676,0.019483147901367827,-0.006909932789307575,-0.026678201909210646,-0.016463805338609618,-0.030110182006946845,0.02744326463355078,0.015239331733224396,-0.029147576496740216,-0.0048056080479440735,0.03473582596772589,0.0077623237562777815,-0.026520225656357765,-0.024398998629083953,0.016523930523080224,-0.012256928248843856,-0.03791632006060576,0.017518981272895952,0.005335093689959925,0.023075178558287175,0.01696729190007743,-0.00445329531618812,-0.03690529697927032,0.01915954763392745,-0.02944977659143321,-0.03183611274865382,0.006005215968881176,-0.03184042837177195,0.013350610815345422,0.0027189149232810217,-0.03252855663594602,-0.0333115924024337,0.03794530537018375,-0.02905995253038758,0.03739060668122518,-0.030597075942544755,-0.02847852242811443,-0.0038437049438912745,-0.019163745044259682,-0.029448593859448473,-0.010258739957836929,-0.02863140064812929,0.030343668850230456,0.028278731550044824,0.02680440085370514,-0.03145479128817854,-0.035906476413559575,-0.02801229959371985,0.03196681429688692,-0.012553332275703075,0.007233572563042006,-0.020367952406077097,-0.025924048121360052,0.030249570622723213,-0.003075903593026089,-0.022759429695750004,-0.029414100712979233,-0.017983921452604728,-0.01895868198720034,0.02626475751759718,0.017508994716812238,-0.02086783415990173,0.02174109180853625,-0.031151310530808083,-0.030254046680772743,0.001888724017976952,-0.03375628858105523,0.023244912232034537,0.019452330684232758,0.0,-0.01569767508313233,0.018364704782464988,0.017236602112125462,-0.025347695839625126,0.03223404117628198,0.005888903337006712,-0.03829140327076703,0.003981494238600422,0.020374470676293218,-0.0292532428998309,0.025356409353581123,0.018221607994615037
-0.0632038912696562,0.028138254485089987,0.06382208750177344,0.024226482266517458,0.015213177297849741,-0.08410438051191582,0.04445685674205399,0.10101760245661129,-0.06237342932834138,-0.05991290673272403,-0.067400626936496,0.09509600476138558,0.030174922176894787,0.10687862396574042,0.12401965993949329,0.06924830788128022,0.12298580589795911,-0.03292635486165001,0.14872748141628736,0.09112653832381112,0.021704492051444285,0.08606149849382722,-0.04210711829951801,-0.07332470691429413,0.030967449156334235,-0.161966769844734,0.059912149715541714,-0.18020363781846677,-0.031494132906633734,0.07917656223471375,-0.04030394151463163,0.05787839720026908,-0.06572764296855328,0.058555225645856274,-0.09525396879525225,-0.048894099086871076,-0.055007118681351094,0.0764287076096498,0.00745196093050657,0.04235916159270589,0.028879858230071692,0.004480680585076068,0.2534139332290326,-0.019929612236160747,-0.03156708075927508,-0.07599378865874964,-0.11067508940387305,0.0438864598553676,0.11435047579872142,0.029585788733286905,0.08363717761914652,-0.05015665496485197,-0.0769885222024818,0.10724818582431722,-0.016068879149035264,5.523382563286765E-4,-0.08702694450791663,-0.18216624315733868,-0.018967947940080165,-0.11481698544482322,-0.05929913294463325,-0.1310180159832387,-0.01867416281869945,-0.07752559365661575,0.2232681298741753,0.03111741651064739,0.0013437057861811772,-0.10208263078744485,0.010278978694781843,0.046474022790622196,0.010534622023523198,-0.10051634558016158,0.08822322982787173,-0.08678010562714535,-0.10192040539943778,0.027943644868907776,-0.1308761163333423,0.10070541517234437,-0.06757770931552384,0.09161069563241583,0.15360232967205123,-0.08802646319396915,-0.23803247061220267,0.16478173531673734,0.023742753909872114,-0.08864211500151771,-0.09786777572796837,0.08665390687725784,0.18697096828641507,0.042829395508319955,-0.0034883868074298066,-0.1991469477009226,0.042145969921154054,-0.008871070694440554,0.014523580306224854,0.03893669159751118,-0.01150052712120889,-0.1087687751097096,0.035833143057581916,-0.015896025108244047,0.09004284226354854,0.060189242795653665,0.015109181232190835,0.08139508688652997,-0.07062106362401248,0.12162025364593897,0.02215794903360528,0.06048799187824433,-0.03355936451037681,-0.04894634393663265,0.09300812399567544,0.0710192883002325,-0.15885656942981902,-0.06926740336922785,0.04060485336228953,0.1255020077957982,0.10866878978583701,0.06799775840323281,-0.04634508861297406,-0.046296527234303664,0.06726183842319713,0.03676134680520218,-0.010696778195289903,-0.04376660499660275,0.0033103211425996675,0.07088938819405531,0.07027134578116273,0.00991164133315099
0.14662155928519935,-0.06938338756079464,-0.07314099384938981,0.05589823640353292,-0.09703244008396006,-0.081062706708766,-0.031695360554054405,0.008108109614971135,0.007129710866089033,0.13223231448214112,0.1241921419849825,0.03203219989547791,-0.03223983630982889,-0.10182455293954268,-0.025861131198760608,-0.014836312235879234,-0.09226346454026114,0.00661527015777191,-0.06146917066140604,0.0792735068321804,0.16678465827198846,0.06097889731976863,0.0055995804757117676,-0.08685937525732834,-0.012584063838359574,-0.14210836786423467,-0.16345057484965259,0.23828103798589564,-0.0427073289393665,0.15656392733159905,-0.1041132482351937,-0.05170964632791958,0.009728159556500943,-0.07333104555021004,0.05155353424769523,-0.016041246903235454,0.03838174002341478,-0.0253842672752474,0.12210222337328137,-0.013239585366832094,-0.12293708616314068,-0.07314948150079947,0.041896318415652126,-0.02607730758419369,-0.1840780929506434,-0.06967759123960209,0.06516979341084404,0.0471915006220946,-0.19339127581164542,-0.015172112330886814,0.07235813946930732,-0.04214924984321007,-0.07648636753800064,-0.030371353355714895,-0.02021498632150716,-0.02498706284849146,0.2220280248570393,-0.008967388099261968,-0.13025771596341412,0.04043020470892399,0.09649313606597099,0.0983391074621634,-0.06926324557665389,-0.13269496002259742,-0.10081116436030181,-0.014878516140574503,-0.15093886784074148,0.1212938265276827,0.020623966854961904,0.12777800727000027,0.12697738050872398,0.1123609072791311,-0.21870659184126526,1.0279511558681283E-4,-0.12412109278266517,-0.06622477618759665,0.013554156279364665,0.12786685695924574,0.036027442241479635,0.00737586512229888,0.07644752183386623,-0.02723484465829063,-0.02830604782480371,0.05332733752404791,-0.01665874260152351,-0.17446848796403164,0.1473053804202358,-0.10379963295690374,-0.03501981214835057,0.2609180311223323,-0.0042038249307788,0.20092261214365345,-0.01643122152062506,0.010499485718614766,-0.11578294967231534,-0.018064416497911844,0.001299569328530991,0.058260894747905266,0.029040647025619665,0.12308315452292957,-0.04592833700606248,-0.04389277449532685,-0.15029296120001243,-0.15592204059978898,-0.08672406795316445,-0.06385661085609956,-0.15767394091529802,-0.11094584498825057,-0.04220403225786443,0.08729473886110486,-0.03378514500024266,-0.019839461672298678,-0.03993301224488005,-0.010428350347031736,-0.09923573116456931,0.024578491013856982,-0.012610037771536685,0.04451328091304132,-0.0743581985298646,0.01212134692514974,0.06656866303329981,0.03138054457417303,-0.15647198728184986,0.24562781630500502,0.15141843882358524,0.03542904746596075,0.0611574125488609,-0.03688454471977817
0.09612612687609619,0.13012957612254575,0.02808899637325231,-0.08612033421818989,0.12469668904329223,-0.016891346845049626,-0.0870723115622442,-0.062055277720014526,-0.12211387556367595,0.023706822699274776,-0.11036622789653426,0.04312574941331199,-0.0775502679322951,-0.17037307245473476,0.07225780498085914,-0.04723155951887542,0.16607472507959983,-0.13763144759052945,0.016460000647873774,0.06599698058352896,-0.043209261531258626,0.1113363452887988,-0.16232972051706993,0.03416264772617455,0.05295829200292096,0.02750207911332673,0.05664174934300566,0.12431888190005429,0.13227219539765525,0.03840563230086731,0.07486351121538033,0.052220009585279975,0.04157915735021274,0.11684904716997355,-0.16921839061217375,-0.04278679959027529,0.1544101688810422,-0.008931803436692944,0.07468463991552526,0.11773983664168147,-0.012977063988503065,-0.04481499602013055,0.08074315248186595,-0.07523960048807238,-0.0902525014370213,0.11841147774191711,-0.04021376359339219,-0.10593426864472606,0.010067048710712885,0.14799774507052438,0.08771212672691168,0.024431858571932953,0.07692938616207735,0.07644561756711783,0.05491691332458878,0.09657161331599855,-0.12841347761073338,0.06321180555510193,-0.168278047280163,-0.0784261058937794,0.028836588371223642,-0.13245415734525132,0.12060655827810854,-0.053929222719211536,-0.30753098917717475,0.031047157174089006,-0.11514074896851566,-0.09674141632483843,-0.20493431254692387,-0.11757835230645405,-0.09467867997832001,0.10422875081129557,-0.0933343431672546,-0.03430979120079749,0.0307851513001176,-0.17945947994636433,0.09288266322713987,-0.04350556534144884,0.2767382880572685,-0.020226140632625622,0.15573901178519084,-0.03494763017376187,0.07270887547338631,-0.1390110292999574,0.0023527555518260026,-0.01412457857438239,-0.04358445386394544,-0.024848337489602978,0.14192058308676642,0.04565100964139642,0.0018321112663071465,-0.16163667238146795,-0.23194549823479746,-0.1667658658831112,-0.03446589299904158,-0.18548858933040763,0.06885331863380859,0.11654973463362794,-0.04306967678657428,0.018282607000902517,0.12734338862387123,0.010478902889641694,0.10198023490729026,-0.06882063368140447,-0.22251802482456992,0.09032999372747247,-0.06634665583012841,-0.049076772922752476,-0.10169917802905153,-0.17776868296550274,-0.04022600604523341,0.032740554185432306,-0.07670161932163014,0.09394206508723264,-0.09648333391400513,-0.028307523582315836,-0.02667921110838878,0.033698837948537036,0.02533982955290614,-0.0915281203282201,-0.03855491260204847,-0.10167264501157895,0.034810375978184836,1.7122634382081472E-4,-0.11297276864504953,0.03888088291049983,0.006061880046238348,-0.1230119147100661
-0.06552870560119552,-0.16828077326684432,-0.07382904973773106,0.002529915279584086,-0.12289320505977794,-0.03232581062152636,-0.10795665786439451,0.06738071281005956,0.09361156952748227,0.046157574702837614,0.028965654602473488,-0.1479624983851485,0.06318785767370333,0.16091633304049174,-0.11170908781723767,0.048682276508986516,-0.038692716742037475,0.0272762640041879,-0.09805730545157408,-0.11459331589927267,-0.03607071836820306,0.029810226107570913,-0.08125087789104062,0.040403863139993765,-0.04266012538712984,0.024831846608153164,0.06872476963531682,-0.05228852307579484,-0.03680671370221822,0.09966920985955198,0.010700276192216591,-0.018187977183073932,-0.055839226886566444,-0.14686751089201008,-0.08942165218860855,0.022279974650356475,0.022229097568298176,-0.08426383479094501,-0.039765078337094015,-0.024896191892779546,0.002892755759475699,-0.11005983877766179,-0.11271691503232413,-0.09106225623649597,-0.0355642953497585,0.018896624432189608,-0.1639104901758683,-0.011779516003573525,-0.0028629058369802995,-0.007816865804539181,-0.057726043525881406,-0.07524278726684186,-0.13838701436944326,0.2377991666329232,0.04892344774672559,0.017733247455415508,0.14639085696825072,-0.03702717698818523,0.03243738443828939,0.050980049049298246,-0.03884094249379812,-0.029966075801248226,0.05986150576799412,0.007199688113773355,0.054606387074989576,-0.03463846426792967,-0.007836741237270876,0.09106230147093837,-0.1293888600783333,0.09430194964971962,0.009849717783336117,0.12620719954192444,-0.050386441841552936,-0.17979208084638254,-0.04065866675895665,0.0318960626340661,0.18671918428518686,0.08062619986974909,-0.02029296768896318,0.09425083928446441,-0.10302697775245162,0.006012851501188727,0.011379794726926875,0.12655227170103148,-0.023155612279515844,-0.127758849035973,-0.05711723173623397,-0.028584399704477417,-0.030087371040700472,-0.026621891319115902,-1.778261518636903E-4,0.03401615845245298,0.16771016038041237,0.028592862712082952,0.0725619706507131,0.042004256436216,-0.005743637970411207,0.11972491786032108,0.15971834448685193,-0.04355374590523117,-0.08469635405270387,-0.06659255027724781,-0.023336714961300936,0.002903891991417922,-0.004445550258362433,0.07734955527672684,-0.029620961847816984,0.07703144208260995,-0.0039478283887192074,-0.003735335601278704,-0.07360205846017967,-0.1613270678295,0.09379699457261334,0.015707543830635946,0.016918196841745187,-0.031949096218535755,-0.09794543180313979,-0.08078839652490424,-0.2601228753447413,0.1548298015044093,0.0861192120489928,-0.10364469042876924,0.17266740210309986,-0.005355265017596393,0.18279482243354483,-0.07260835987438931,-0.015833401062505616,0.05006164331743308
0.156584974744374,0.008287515571728393,0.017583750802302407,0.06486030218020027,-0.0746788477005792,-0.03980578091709814,-0.20061573698573376,-0.08096423952379485,-0.030750278110239646,-0.10692798726875381,0.055881857156005556,0.18301155845868072,0.0245433339395826,0.0923298904421172,0.033738722655043615,-0.19550229109555625,-0.0289456828361532,-0.1133904729887142,0.11290461985561222,0.04931840868260425,-0.03851565231602675,0.04464671828676299,5.378199511064689E-4,-0.010736199153231077,-0.06241159157033037,-0.21311953640003856,-0.021229872310481897,-0.11288442281409522,-0.11318974884449924,0.001836787841235598,-0.05135153212168267,0.027747143659946665,0.05457014725911634,-0.04886983399343869,-0.06516339513065723,-0.03731684685489036,-0.08810330456374606,-0.09791332456296582,-0.017014556341048516,-0.11021106939577788,-0.0031540309917951334,-0.0610081789212112,0.11657943565797249,-0.04805387139397481,0.14667732694324642,0.039178581841492775,0.004778871911805607,-0.04165049477278953,0.1736503566407833,-0.0201386088218367,-0.17826119621179745,0.050004703888676234,0.10666514499847576,-9.37148781994459E-4,0.04371423810810417,0.042382329258532185,0.14797575571141616,-0.07913626518642412,0.12168420459651057,0.06781591690270408,9.178928432952888E-4,-0.06764306166823884,0.036637797129053976,0.019590957670963215,0.034533816278464094,-0.09991041971819672,0.06206537831713314,-0.10403156311548727,-0.1432695460489226,0.06419097735331251,0.05789884008975117,0.09929435783680506,0.07221826957824364,-0.08247634958906686,0.08646192540717015,0.1277498275069959,0.003909217871393758,-0.10455199331655349,-0.019323614511586908,-0.06614461196496632,-0.051549050076846244,-0.03627040950609097,0.06276324346343864,0.15368068572432833,-0.11049474691058277,0.10858744998073892,0.14696107736977052,-0.2131464821803406,-0.04156393920568324,0.006219848584732523,-0.0628457912812079,-0.07153042839090298,-0.06084673630808481,-0.11323500492314048,0.044216764907689436,-0.044474970726029156,0.042534138539546094,0.04018525242492968,-0.055166047935781864,0.028848818341975186,-0.26395405825697515,-0.05443114197754314,0.031497216297835154,0.04285492231757612,0.14075209919908452,-0.021694097523898163,-0.19874292901264576,0.13245900140163935,0.15711320164392664,-0.08626705393437926,-0.06317105896762877,0.09707228235669003,-0.0430755881461009,-0.10835612235194593,-0.1016029306594637,-0.05510421744288927,-0.02344888219880003,0.04755181579374401,0.01700289822564287,-0.05651167597554906,0.08493630649679161,0.08286511992570271,0.09603137004527165,0.015475177336887832,-0.1184461750985361,0.08529534840295476,-0.039990529715709086,0.14754696598467976
0.032864884266815844,0.20827978358973642,-0.04747220915488745,-0.15913881231808627,0.09153219333706225,0.06283107015854168,0.06938029377383118,0.022721939071088923,-0.06639826607589032,0.011284255938142147,0.016835702712303887,0.014540167503859896,-0.036600634181349574,-0.04806792677605659,0.19253690490614447,0.03117010498820744,0.007053698473705242,0.0134102968432549,-0.06854069215703074,-0.002389942419550991,0.23679378637653026,-0.12093592815482748,-0.07858228378136271,0.04115377668501179,0.01492140087306514,0.0656139568527504,-0.05532080493755547,0.10689165930718876,0.06401205469977844,-0.09026517026528369,-0.043466918458531935,0.09685495493304433,-0.020090736169540303,-0.2080499301272526,0.05515147152094227,0.045078984391470164,0.02435013214544324,-0.030283829122531324,0.02674836790909103,0.19405658258381264,0.06496139553718401,-0.04147536504805298,0.02439734158354337,-0.1169283747042722,0.034423293915625444,0.0649486994135055,0.15584949519287083,-0.005433707242734396,0.1478629077665645,-0.012431865284859732,-0.022431729421141713,-0.08358769593376382,0.1253496842052669,0.19606158726693088,0.08288524763551845,0.11586333975420329,0.02367823457476002,-0.02844407576113324,0.04469577874316576,-0.033388976132291755,0.05249302206577128,-0.1288680164424274,-0.02174943880308876,0.052775725711476984,-0.07543742285428187,0.16881594244848627,-0.18355748169828198,-0.008144340460769435,0.029124524951781208,0.01264252237349434,-0.08322464779746346,-0.17435968081178024,-0.23404570490325904,0.10317388682734054,-0.09827652070004694,-0.04557879186904349,0.12900440040683211,-0.044176201697276464,0.12087092806053018,-0.02094529641302685,0.08497399711143615,0.027621410733280866,-0.049273717628023905,0.027014791039346377,0.052471068231959093,-0.20590535601484464,0.03899974863958874,-0.0037133116302207215,0.009202985713376154,0.16667653292503443,-0.024994592551221474,0.050055035378747996,-0.02499243175647417,-0.058143394709490336,-0.1265261991528456,-0.09467212954395542,0.09306275616363728,-0.05843751082416475,0.08502383592007164,0.057112435129923325,0.0528621572423337,0.030097706888102295,-0.00927812046998677,-0.10671444018827866,-0.015466653906853473,0.09264715088282398,0.06176122458713208,0.012796237280836469,0.158067450836545,0.05769831317006018,-0.06542626549523108,0.018553472229784256,0.07363675589064475,-0.011311917554091661,-0.07218846720193337,0.06425732243372109,0.08615584938617664,0.09596482743569869,0.04164506914768387,0.0402106660904331,-0.047875252593790565,-0.11501949718561687,-0.020187588119353107,-0.030135486478288148,0.0032826144275715486,-0.12324887353426647,0.09584038145000087,0.06873911991491526
0.04779408067540508,0.21934772175924966,-0.0818633040358745,-0.04410862036720433,-0.14305854158712894,-0.20107510422314875,0.018086858221350727,-0.09709582488976462,0.058926221899770974,0.04278827597556464,0.10367184717501578,0.06751739081491873,-0.012559798242795451,0.12320109794420944,-0.1502866414242649,0.11417518051130171,-0.023711379058045295,0.0577659338087528,0.052061340108714445,0.12909105734428694,0.13759554469437835,-0.23244309632680166,-0.003621866434709751,-0.060692586810141384,0.06132809008671506,-0.012273492145105376,-0.020289862163272596,-0.05259582035557435,0.017504973198562437,-0.027751258396843878,0.09005386765759665,0.053062941839186764,-0.054099596106384346,-0.01573761781003247,-0.01600314944858394,-0.21867220890329267,-0.17552480746430604,0.3038570590404196,-0.016407720442740692,0.056143226006375065,-0.03249395476561302,0.12544462374717683,0.030892997235713406,0.05484260274021341,0.08158059331814171,0.01694335316095036,-0.14230621220101305,0.11047534898874849,0.09793784759865526,-0.05558354398161659,-0.15306112799049015,0.012992723151449729,-0.05417305031925235,0.07198641846366767,-0.10015879090069923,0.10909434255011415,0.0435895277591749,0.036579082329327384,-0.08220774514966114,-0.13964765704589624,0.01710243664667911,-0.04862012930482079,0.14602678341164388,-0.08294813142490373,-0.08914856205965899,-0.09017745129595707,-0.1049317172435261,-0.048409071609556154,-0.013977026076183613,0.050744026011876615,0.06397719610338745,0.00806467104907991,0.2357861550683209,-0.10415245048850712,0.15010083591196163,0.05152597239851641,-0.05373839336358225,0.19265280720889616,0.1462692501437202,-0.12491170453033201,-0.02438897408280599,-0.14157317472330957,-0.15056214124827616,-0.05081729814952728,0.1518682515653507,-0.18056083765543732,0.08307629786118083,-0.0015896351787546936,0.13470318785104302,-0.010810217002765353,0.0953918662916156,-0.14207578214863367,0.09522801457019202,0.028539963947131486,0.05395223954494573,-0.08887391039990784,-0.13522590810222665,-0.016371002272210704,0.03495750490192681,-0.06041844876668528,0.028175847600071295,-0.07460902557854315,-0.0054231632774877905,-0.01632883391391005,0.12189870323633183,0.04904592358035296,-0.05216800591234382,0.06359825870160016,0.0021299647526670275,-0.12157686551111557,-0.19302518505082056,-0.19049285357234064,-0.0693090865394689,0.05877306644189788,0.06012113703649796,-0.16033347450134042,-0.03805448556260261,-0.035424055732682966,-0.11875322353162011,-0.044371403622803285,0.1366919285811495,0.07199810077940508,-0.15737896062582743,-0.05580910442095566,0.0066699219818290075,-0.06128073672372165,-0.047711815690419525,0.06022689320098835
-0.04177083161436117,-0.15221110690857909,-1.551304580419562E-4,0.028259675803491043,0.09430745749141367,-0.028220632200618358,0.013657002438480632,0.09555702546152807,0.03040700633328211,-0.10776843400704016,0.08425758784344045,0.1517412452834126,0.03023862030403235,0.024306854707768163,-0.03500541706111541,0.0460339518448572,0.046696194840754615,-0.05282071871918725,-0.11227326138606267,0.07650770946558509,-0.09111910296879622,0.155459155723628,0.02380839209456039,-0.0015743856350416377,-0.06208223860097298,-0.006649631499258936,0.01751016016458173,-0.004900843505134697,-0.03371948890167982,-0.20905035220877163,-0.05453782910493361,-0.09913126032957524,-0.06275843823860135,0.13686051933783985,0.13566176969710547,-0.010672648276686614,-0.1360457726932214,0.0534686794642942,0.014030046932637576,-0.07146669608268871,-0.03290374928991881,0.10071768410139169,0.0473948723976607,0.2827605666960957,0.19169622622907165,0.07442459245043,-0.016719598774440403,0.057334669799970504,0.013324057828322418,-0.13345500360166423,0.0035497543279074156,-0.051150836768716096,0.10577745633640648,0.015382291075544986,-0.05165541258592295,-0.028348395878248323,-0.018664173618828134,-0.1742754486646718,-0.12727729591920336,0.06422875429883242,-0.028442065536999715,-5.614469514347718E-4,-0.03642331410179852,0.07007744291311932,0.09960988616579661,-0.09908132243721716,0.06866437717618167,0.05719777337635361,-0.048720666333600414,0.0506805837173033,0.1847203181223431,-0.11614522364653149,-0.03229065213471719,0.06905875053450096,0.13377510264336515,0.03518755375153144,0.03864302193452665,0.09324766317585383,-0.07616092377641824,-0.07830226220921653,-0.07146433868707537,0.1129586646917339,0.009495251403355984,-0.007011108394420293,-0.07399627551474638,0.11684450730714727,0.158136730535538,-0.05672256575853559,0.034582919269689434,0.020118582609324816,-0.09424623730961428,-0.0018500172359297708,-0.16862101658790163,0.021918001153395258,0.09519733423985491,-0.061048434872686456,-0.049823213619817154,-0.1461505130448387,-0.016188740154460476,-0.0258833490107916,-0.20807205301990359,-0.1507906832817875,-2.3720201055533888E-4,0.014170484530181703,0.04067493651904738,-0.006968814282127632,0.07026502630612654,0.016230080195201238,0.015730852702402792,-0.05146073934180805,0.0923601546475614,-0.002497746928926981,-0.08071571040402017,-0.004561931263614868,0.0040656081352523086,-0.22515190874531762,0.05712966280989373,0.06523940933828928,0.021279614027049528,-0.06682726732166522,-0.11718683174723413,-0.12077330354399964,-0.09536705991196383,-0.08599024996031163,-0.006253195526703569,-0.06007301962772482,-0.015027024856373515,0.09131626494737387
0.1663448289116047,0.08585006870901243,-0.19627014178403107,0.17292973952580246,-0.06161471471989947,-0.2216522219417368,0.1721081681437148,-0.05762760627316553,0.02827314841956445,0.03879098902517404,0.10825121029688223,0.06654280854812177,-0.06261173094766236,-0.04081735874338844,0.17033089993246886,0.11637739419621489,0.08121864232639528,0.011347344377149349,-0.08521222934791188,0.11555209117276279,0.07813917950557067,0.0180252108640331,0.03050244538989938,-0.006275824013306174,0.24220978439725308,-0.014176464613930115,-0.05965994105849929,0.1356200135650281,0.11003678533070999,0.019641385670680547,-0.14170043234957208,0.06128811060767226,0.10067819377937724,-0.06196886627801391,0.08608695347813206,0.1281163818583114,-0.03245221437020807,-0.023105179729216056,-0.003501010538319028,0.051480580754610365,0.02180415137778063,0.01302806933765774,0.10507271549506186,-0.068240706117384,-0.007949044892657315,-0.0775507001173031,0.1250799217266685,-0.22702249794971036,0.021178108169497376,-0.15808128415148773,-0.040243571319466195,-0.05064530273571423,0.12329650864859379,-0.05014793963852916,-0.007949417794496306,-0.07880795926961146,0.10694624163663599,-0.0247420490674705,0.12625940997600413,0.12319125954165865,-0.09166320089510173,-0.005502875923753392,-0.12751443713894975,0.03575114282570508,0.04841484008086428,-0.02008918779391387,-0.05578800499976984,-0.07311590420246787,0.049046089822396124,-0.06887519712379642,0.0736048626786485,0.018771479728427368,-0.029715144321973145,0.04920266625217527,-0.00885661857360533,0.01078634905029957,-0.0051522481113163866,-0.03667513386012315,0.10621943746821921,-0.17585505361673426,-0.03079931077027668,-0.07871815828398136,-0.061247616780616354,-0.03568853337956424,-0.04436080283625271,0.009528118133169944,0.09368605614812069,0.1232147421636593,-0.011355130312899928,0.07138587807274573,0.14527456699145352,0.10420004905825649,-0.10343990502349927,0.10356278769544022,0.1388660608102894,0.12834659398939754,-0.04497311302406461,-0.020539197635185264,-0.05754413207919646,0.07449972581526548,-0.031424397895246925,-0.0262027974766256,0.11954177512772934,0.02723364679464416,-0.014629733303849823,-0.037289204262597034,0.05750763252954603,-0.09824424891271605,-0.03583560876836928,-0.08037339966462179,-0.026014916544674003,0.015729732197335818,0.10648299701783959,-0.03140104597371089,0.0898026058063374,0.1362604653529615,0.0515196623692338,0.09151182902797962,0.07276354284334297,-0.09342506131543502,0.11327163755472765,-0.09105060040854511,0.07336210207751104,0.03869683125034611,0.018279607243185593,-0.18652363682741863,-0.15496739060983508,0.16803042998882478
0.028768586287186274,-0.07910000474669472,-0.004631238734106417,-0.10013955662207842,-0.011486983831425386,0.05172901682982262,-0.08496785999641471,0.08952918142668802,0.0143949693179772,-0.14791577049897667,0.04003213903445617,-0.011059888532029652,0.002891978618128497,0.10148065321225273,0.1671100182989664,0.07272984360994567,2.103383460897129E-4,0.09311630622385654,0.03866362450879852,0.007880390130957336,0.04752088258317457,-0.12327847057158801,-0.030200401031009363,-0.09748742121034078,-0.06676922373776259,-0.029696043681945544,-0.0348510417482759,-0.06111016425333743,0.08735648301170562,-0.057323051967347105,-0.0708338623763354,0.047944217731047026,0.1700131206291732,0.061758973254528865,-0.07418164517025408,0.05190970832450753,0.10868664139679861,0.006941275433181267,-0.03721430900218948,0.06651639489617774,0.09457488680316849,-0.045692752554724575,-0.12978334735635666,0.1632920838091241,-0.08249834082056008,0.013326115483409666,-0.17617772512738838,0.07642901978676163,-0.1635125861459412,-0.1085109128728749,-0.1269887588727066,-0.2500388078661302,-0.05367210934922476,0.15064817503800532,-0.04880943237890058,-0.1311011763149126,-0.056441430195969734,0.10536554649600399,0.10163784170141892,-0.10697522808658798,-0.024623254731286966,-0.1426117963667262,0.011372402718969995,0.1096428186188979,-0.15767258904861745,0.22524526708180675,0.22650676476289852,-0.037017121180426396,-0.03010000129608414,0.138412822739679,-0.22227779342837808,-0.009098873205846039,0.04900221319585153,-0.08897070995138083,0.09883610230483447,0.016763134499854497,-0.0018873130673393768,-0.021600007196545812,0.1861907729038111,-0.01576762411002185,0.023254404696611226,-0.06880918444044616,-0.017795437036165655,0.11924395396604542,-0.042059873809905744,-0.002726370111997575,-0.07960511668787584,0.011301919802219824,0.06215536167128167,-0.08740092678313455,0.05360902507890743,0.0195082144983271,0.008224961237334454,0.0966568807877213,-0.05520197471575226,0.018053192530461518,0.10670950062869015,0.09610160808634663,-0.12528622624045405,-0.08492397215861562,0.021701683110291907,0.02371019842060285,-0.09173110114841815,-0.0202614329472409,-0.03141341808720709,0.09212052921642364,0.006424831302160176,-0.129992434768782,0.09579189216013502,0.09560994784500813,0.12725883205964436,0.07050452210763174,0.00946118631364562,-0.22935620585682787,0.06511204598162999,0.011035543739744193,0.06045812857247325,0.15548856945652648,-0.07772327081734906,0.03615590571169018,-0.04355545195645226,-0.05144310820393218,0.21454020196904425,-0.007633659125788237,0.06863261865020819,-0.17734987493642287,0.16971559916372944,0.22186068389389746
-0.09274954874765538,0.022513260888085956,-0.02117299700811853,0.02635779340529841,0.07770262817839083,-0.014541974859244522,-0.06433797706139717,0.006037582598910059,-0.0790830614924877,0.1704013590842154,0.1582737970480873,0.012023646018014813,0.08623924365804582,0.09022474528712107,0.08809844653040708,-0.16788494845423318,-0.033906766161677426,-0.1575430653569884,-0.01702295151115498,0.09120079303982871,-0.03446558798323017,0.12376194813471392,-0.13615751225795064,-0.008817049886083847,0.019807939223467734,-0.008738296216029937,0.1140448665006353,0.1127364831263363,-0.1135668674794404,-0.0295970296673232,0.24210158383724517,-0.08027121174808585,-0.021056947655625234,-0.046337836351286465,-0.03627895130020231,0.0796167864612816,-0.08008142489672672,-0.03122325374459804,0.0889460136074753,0.04529421421292405,-0.04803348263478913,0.04809462629057382,0.052836934492730366,0.08974880897482423,0.0166322436069524,0.05854077220798122,0.015803503630578575,-0.0247172435295022,0.161520573304273,-0.028071340228897877,-0.06794862768243798,-0.01200215611977431,-0.08278235416554233,-0.047219276566294786,-0.028987138861695846,0.03859341001686065,-0.018558741319472122,0.003376717064475406,0.04687114428198314,-0.02138171982850182,0.01386548237857731,0.0263468484606151,-0.10223139778034539,-0.005958801685983435,-0.013099448849287439,0.16877426400333198,-0.046629121256064394,0.22440749234339688,-0.2620303280224143,0.10393831673386839,-0.01647901497887385,-0.05736433616687266,-0.2526399218892428,-0.04868029034184576,0.009716752121896714,0.05219627953266472,-0.13857785868595346,0.04397713589570809,0.08835283488245209,0.07083758181474148,-0.024489923615709525,-0.09644884224379417,0.11331271016142466,-0.14550185991325115,-0.053634417892016444,-0.033973358123264685,-0.06469384356992004,0.14640613117936999,0.06993088900055397,-0.1385932775927139,0.08096816850391148,0.11923537072335365,-0.23362972879281904,-0.057105108123114146,0.21755241051673016,0.15358864685785914,-0.07894037095932212,-0.10962629160716866,-0.016138055281425583,0.048525239605027776,-0.006971220597297736,-0.1789423654517475,0.09091630035133108,0.0405801360933414,0.13990612610564887,-0.03028011071733228,-0.14346659420127816,-0.013748778614302523,0.02601541770839604,0.001041603941646989,-0.0027618166265965527,0.06614114416554494,-0.0772343952543653,0.13775363219305187,0.14584954507397327,-0.20336752672429265,0.01403260065751815,0.1574352594559819,0.012420039985486287,0.041649443044731456,-0.06343719972708559,-0.009426662501966153,0.2255517078394319,-0.07707565740445609,0.017183225682092226,0.06443559702789689,0.04081095723692032,-0.05121285863763178
-0.09737019682973848,0.12893167813277623,-0.008355318633705882,0.06993698617124539,-0.024560982396934168,0.022091391630949916,-0.13466752218239442,0.01325090122363469,0.10460646830004008,-0.122121923848854,0.05819723934199237,-0.024712563948998192,0.12160776016670098,0.050511909538764665,-0.18539891532262004,0.15698319293657834,0.08523550005022607,-0.08385998003698841,0.15974097386800765,-0.13629664048189905,-0.05584880989642281,0.03834232227255597,-0.11574612688546361,-0.11998448023937701,0.059778190080123,-0.16553105051999834,-0.03101026824672691,-0.23764486123621417,0.014433002216557005,-0.05729434062150289,0.06722085123484561,-0.03244761917511937,0.056594251355333754,-0.015077248032255908,0.17227259432975484,-0.15327637135987487,0.07628639176899679,0.035440490129124376,-0.0936542009330283,-0.108754983596859,0.05017319776654758,-0.008801020428011955,0.10974715162528527,0.010582514045246946,0.12579598144979892,0.1376047839915997,0.17951730261348126,-0.04309514856778091,-0.06157614562646527,-0.01688342999203031,-0.04548672913805499,0.09599717835611767,-0.08238700314773202,0.008394002086391954,-0.024340521632470146,0.06767036560505374,-0.004220858442050125,-0.0635055731140676,0.1190494371326408,-0.10510235119349123,0.12556749022520283,-0.19783126175145133,-0.13567191702456202,-0.006565880908595275,-0.04289564879536272,-0.02888211583974175,0.03898722530246291,0.07942573783735779,-0.021105335460591006,-0.06676300119062871,0.08162826976264351,-0.08802570215830126,-0.04054817105694802,0.04596998958826433,-0.1619546986404084,0.06472772568175181,0.07418867126646946,-0.0016067886179097742,-0.08062546226361335,-0.18283392624002268,-0.10474677577871916,-0.01499029861602208,0.12107768728512845,0.05133071549251353,-0.15864462967926835,-0.01787837015930412,-0.04567572383461433,-0.10095350405856295,-0.14208891990351954,-0.11915368425393001,-0.0736857630039828,-0.010013484156187531,-0.12008649675304328,-0.23867431295799468,0.1456487358292039,-0.10093505948823686,0.07949234977874284,-0.15880337323511304,0.011487690474306918,0.1446482740571263,0.010513232411433258,-0.08947251675308525,-0.01246965763507551,-0.24824353939024615,0.1563182309518943,-0.05456851319570723,-0.04776376396946,0.06819749162010656,-0.18131614592241943,-0.09296098799684217,-0.18189355324381268,0.06122003154964615,0.07376729485258793,-0.03396253583584417,0.08500592006870734,-0.10094654832132102,-0.03757103668755408,-0.06382933569078392,0.09556417835807618,-0.17707163699662562,0.025023520239421122,-0.10163981953297341,0.122071957372512,0.02447832358523634,0.02290817085069869,0.017031176067794897,0.13009059820264843,0.06253347257327244
0.05080212585804477,0.1054010009271487,0.11085343371129229,-0.13080658730671466,-0.06589571473866315,-0.03534556561599863,-0.03055392093006456,-0.0713445579544521,0.04473793882616655,-0.05058749886163833,0.07348375229340344,0.1695074053334795,0.01922514303155782,0.011167456961409337,0.0782510409658449,0.04948321378031811,-0.04905327772234509,-0.09589974536167371,0.14834407726804028,0.06054011271984738,0.04432880275352206,-0.054892628333074144,0.07513912417781728,-0.03910213594217925,-0.15613263447112116,-0.14028061199031455,-0.0573377484781971,-0.05658162696098882,-0.11957192701569348,-0.0076954936849548405,0.06054965918087061,-0.024596225520658342,-0.0762667556801185,0.06408842162934822,0.02975579558557588,0.014403449129063467,-0.02027771632682215,-0.040242978500434026,0.03550902141237055,0.08932196576585807,0.011169467256881473,0.06493516942626085,0.03828002069323882,0.12069710967824429,-0.09010235363948418,-0.011303817094054784,0.14287487864090087,0.0638054944790589,0.011196335420180507,-0.053630295411296845,-0.07948199161241275,-0.06249015935540111,0.028997701416971954,0.037709262186411005,0.011501886666228301,0.04077900999804617,0.024839190906995087,-0.028014390552511072,0.007691606436387307,0.02367177970557052,-0.015372938018970944,0.03879874627181162,-0.20602410897959358,0.09307837554809623,-0.006393166564958197,0.00454574674572441,-0.12250674389387721,-0.10895665786746872,-0.1818156473056053,-0.036418603067654085,-0.056668557259989656,-0.20819223354402996,-0.04662415904964623,-0.028459087775374706,-0.16195505078689798,-0.03767060572619599,0.05628963894246899,0.031156369978153145,0.004603037816736008,0.12686771628047083,0.09260759014817149,-0.21033663483153114,-0.14298287311500885,0.19427972531908266,-0.05482014562123186,-0.12874694121514108,-0.09743157497303004,-0.09470770618759412,0.07037627267198814,-0.07800964639526288,-0.08661067014209792,-0.13473333265687581,-0.047454722382474966,-0.09375444700810097,0.0400514513907967,-0.10128265050481917,-0.00576110643693071,0.11370335828509627,-0.008027003165063582,-0.1253986050828541,-0.031245743305359765,-0.032860925998641426,-0.22353616491859715,0.04116133169449953,0.015414005644639506,0.18593878272585374,-0.09133416572674351,-0.10184699948459713,-0.07668536545339417,0.046068175732496365,-0.13024166702288614,-0.05193858169660124,0.03710813338366714,0.1330219305850647,-0.007254206147780318,0.11034172755325024,-0.15176345040955566,0.07339856084466248,0.024059071304852436,-0.03681167133950695,0.09386979212687799,0.034746216201323336,0.10746305778448306,0.06428400861392627,0.1479717774997621,-0.008580882079132874,-0.14956648201210435,-0.03985945347106855
-0.06359005410745448,-0.08719706697161281,0.06038144534886059,-0.00419370604874001,0.04565168651639558,-0.12715699558777707,-0.05021356463297237,-0.03586321988671269,-0.028212316939568716,-0.13760677238480357,-0.04412123607482432,0.023040080798157413,0.021734791964913486,-0.10135269545029878,-0.10565472451120046,-0.08004225429654072,-0.1141449384885741,0.023885100805260732,0.038202106390158204,0.13426194319191417,0.02722020286380975,-0.05457662791443345,0.022204934478277503,0.06274444880449441,-0.08864564386463106,0.05088130947042949,-0.03597729516968968,0.16143541688337643,-0.08476297767368325,-0.20214652894498034,-0.11663701235304601,-0.317924937957261,0.13780775382383445,-0.051396194822457095,0.028033681890975683,-0.03734761961878689,0.024335578445691824,-0.18039834670299496,-0.00793368972430259,-0.02065216696061902,-0.023100673651484317,0.17357200520725402,-0.0976749190623227,-0.002957446150774082,0.047034109122773025,0.01766184785997761,-0.1084961378791575,-0.037778284351159465,-0.006038187012191299,0.004854194081783013,-0.07996391650682448,-0.0829575099925246,-0.03847665936130894,0.09322324107257084,0.17280513997822958,0.05347698240020353,-0.13304723603355542,-0.096840199782807,0.1474392525003991,0.10286487222887056,0.02559445591320257,-0.06370793470709588,-0.1195277054163803,0.08207625830904944,0.17032701522707103,0.02154604780489361,-0.025705890729825598,-0.08388204738565895,-0.05442009293753429,0.05412637409484048,-0.026254538869159214,0.04101265365540517,0.0392384226858687,0.10933652447643355,-0.1303788710011904,0.0028952439252631747,0.027755630886771986,0.0020669796326096748,-0.04956147614428117,-0.0717884678813575,0.006779693441214656,0.10261033853042865,-0.04729945414415967,-0.0398695617653665,-0.2466783290727805,0.028828362137702346,-0.019831230810181004,0.023020503162768702,0.042760973375658644,-0.017384654237303412,0.013351220555254291,0.04639189711448783,-0.0072750563691364335,-0.07146347331102876,-0.03297637894550232,0.00689392723276537,0.06438360286781296,0.05380788289179965,-0.07007862277069929,0.03716502933710648,-0.04714153248062597,0.04887524888346396,-0.19635791755964097,-0.04310930309490237,0.04080017772567592,-0.005304122330386235,0.05088555366089198,-0.07530244041881383,-0.016055857750730276,0.06746681822514096,0.040781226991785054,0.059494500928839913,0.023124423397974804,-0.0625918832100714,-0.1079765302030112,-0.06061623931965789,0.012328005718356296,0.04849996000759112,-0.026459125641747745,-0.014394372824210735,0.08907750761413473,0.1016676093852842,0.03996859428528558,-0.054467295947115156,0.22400553773812254,0.025658507214206084,0.09770247093055172,0.00894848921307784
0.035048611737794416,0.004161148141052847,0.1266197231830707,0.0335295683290918,-0.032726280240055944,0.0035228676878964757,0.028799449868982873,0.029175492911505993,0.06540212188266892,0.06768333379077579,-0.05185416577839534,0.052258423923156896,0.09769213515906039,0.08436972908243949,0.07111314650643878,0.008148774873822352,-0.23060900203093979,0.0038756032799742933,-0.20233245285691195,0.11750454730201565,0.05421702933383924,-0.10929259178748393,-0.06880327968105443,-0.13710096463314828,-0.24611501151197127,-0.0031535700206539075,-0.03224444337929307,0.0928847254765739,-0.11292355860215482,0.028766505977487717,0.22390538288495823,0.06585937749420384,0.10908866642735715,-0.04340710314020341,0.05162617454355144,-0.06353311978569097,-7.717072877190261E-4,-0.015497627296699948,0.05243801649936831,0.06544454434543069,0.012256214450301476,-0.024022099252274665,-0.15964194353448277,-0.09797428858638273,-0.1546636680925136,-0.05423645787487832,0.10045877359791487,0.19843199164974562,0.027047163697060277,0.05846424365068838,-0.04507589952589813,-0.11929075681596696,0.12982355959439648,-0.029425453725087137,-0.07889809975655693,0.13530545591573973,0.1692257827926131,0.07838288018588714,-0.03843568438828882,-0.12341631359396453,0.025916084912905295,0.008356019244420695,0.10368575328218119,-0.0297482594180494,-0.10170154070899476,-0.06796999283248498,-0.08532714688625445,-0.06291679288931296,0.10869369046429272,0.06469981860217791,-0.07595162795673972,0.018758044862928855,-0.014181864231565828,-0.06580015525232781,0.029361719523592116,-0.17166179040896937,-0.04128804120988674,-0.12857003447895626,0.08734932079384028,-0.07609422584473882,-0.09336395546083905,0.06481641715495877,-0.09370123773231255,0.08188271548573325,-0.09880734701512882,-0.1149627433869197,0.1069445700802183,-0.09010779202679428,0.012154827149333072,0.11660353525883468,0.043963519020366,0.029505946299264195,-0.0455761054951283,0.1313139361506622,0.1826577500909133,-0.09086235805839545,-0.10035791510932474,0.038481511284016674,-0.02643659341001053,-0.20471385180735652,0.06284436243383898,-0.19915529773406238,-0.09890817135848416,0.11002201484882268,-0.0669573830527685,0.049534921774742835,-8.801932430319145E-5,0.06574239101261099,-0.03303063939892309,0.09181652045903134,-0.18102075864505834,0.042963899454568674,0.05624905676451356,-0.10100842086919265,0.022229661498387697,-0.0020012860396693517,-0.01797645416180991,0.02050210403924748,0.07530787498310082,-0.2000741137042543,-0.04420820605708687,0.04936796373499982,0.0960878503323572,-0.10160713014504379,0.02570224990578811,0.037487555934541804,-0.010002680251061914,-0.11124640969890336
0.03284680930933618,-0.08858103738255477,-0.05818921533622818,0.02686389786646678,-0.014239014965794444,0.1842368685751285,0.20937382406003563,0.06190887142058788,-0.021826081068568655,0.08796677129070109,0.03515649219829819,-0.01930402962166699,-0.04017878769694919,0.021430408098447047,0.012009427194627366,-0.1809346343763454,0.046753849301328754,-0.039827736022460286,0.020593810697662758,0.014590874760322173,0.030452777563165747,0.09652151819791022,0.051096885582792254,-0.1515464627124692,0.010758129199951434,-0.013607229014595948,-0.06422023926809667,-0.06156389920931258,-0.1406094645221788,0.21779070795339278,0.01902441615439852,0.15699606645176653,0.09092171992423788,-0.07942001877897308,-0.07236132106994628,-0.022620214097639337,-0.033775823987172576,-0.03940680323113491,0.06164321644270243,-0.007476378905687427,-0.0070952372912220585,-0.014079314684107872,0.00107055991317433,0.10075209639762697,-0.200009054463202,-0.09777717698169094,-0.07357824111134544,-0.13666601694130112,0.09520599384552586,0.043726598306887625,-0.04170944815154498,0.007393427664195836,-0.12224532561832911,-0.015836212133931004,-0.13515308909425822,0.022536179662531363,-0.1196564760895041,0.0358610679116906,0.09780005127017435,-0.149101911570121,-0.01218629271232791,-0.1020505409550799,0.04167247373337832,-0.006593670418403451,0.03826035527345629,0.07225446055071935,0.026201258481896625,0.023941733006933703,-0.1359948146320769,-0.07018161748278032,0.005842443393944037,-0.07589974586962533,0.0017257222180842632,0.21126982983042503,0.08635827541029203,-0.04958797610859686,-0.07347664634434682,-0.04030566848882477,0.15732114256702953,0.14879060018153886,0.12883754853057605,-0.01961825790466852,0.02734756768348404,-0.05880237040257851,0.044641656229377734,-0.07472248669566357,-0.07406298857163228,-0.17214448134003482,0.016608822118906203,-0.11286326869298381,-0.09107942687229369,-0.019532827378443432,-0.050111126909912304,-0.13559449294040912,-0.17227028020078985,-0.024435838364877876,-0.03054480958936066,0.22876752560595115,0.06483291386909948,0.042713440070475936,0.01928685200581865,0.0847782726363287,1.1164720505540179E-4,0.1023561923953187,0.08600024805082858,0.19072343836130362,-0.0010792687098863025,0.13752182674733263,0.027058476417803567,-0.15444429051299555,-0.21267498947366267,-0.11473833594211938,0.05677160389205889,0.06867462143095564,-0.035345364449323145,-0.11835500163473905,0.15640682026447225,-0.01494101915305693,0.10118352975022545,0.019872641878284608,-0.027376790218727798,0.07329312699411607,-0.0627893535470974,-0.009204228762628835,-0.11126633593815986,-0.022092686241288215,0.08231767549995386,0.14433574745113467
0.015197924594882747,0.007517012537034462,-0.03494557957409026,-0.014070909706820428,-0.06791284583522772,-0.07352299703950636,-0.021612864290495405,-0.08384056899565277,0.1779720909462328,-0.051725142136020925,0.07863988931761565,0.17461828790112988,-0.1302102527505512,-0.18014621462786778,0.09295773910635609,0.04521096919803107,-0.0316094659286226,0.0715522121785443,0.007928990511800075,-0.05265535900302286,0.060864592761855865,-0.1360820496886023,-0.1603869164380479,0.001991467915294128,-0.1335637384305597,-0.008411934506293378,-0.01302481785267678,0.04854848501867322,0.16950354218075359,-0.08408309016223817,-0.17968788990967008,0.20220891478090489,-0.051790502158908326,-0.007449694669812424,-0.04150087565046505,-0.0472207705455776,-0.07980388528998549,0.11491673898333989,-0.0016202013024688767,0.06474469336683929,-0.04244058563839127,0.04862823330988926,0.14209002255079647,-0.022870892279771862,-0.1365511362735098,0.07671484769287602,-0.0771264642498182,0.031393356114921986,0.19163270033764543,0.05474485670664426,0.057035796939395755,0.0775288764784956,0.03270854990164894,-0.030837449162069912,0.0758348608450083,0.1175254736539989,-0.12351158042558963,-0.014211499173997564,-0.13163317531400814,0.08040146119515235,0.0865611524739738,-0.03973206569146033,-0.013183366290689218,0.03931198546092901,0.06859057794421107,-0.017502333463529023,-0.05019888592272445,0.00181901673203458,0.07719710981021438,-0.09757978707251044,0.017283097850194065,0.05524220932387488,-0.04163596275004193,-0.10786814811823761,-0.013996518521188973,0.08685304225011206,0.04613206351284772,0.23729206922817267,-0.019714500975854934,-0.07963856370627002,0.025269136771430365,0.01503837512991135,-0.1851492471977057,0.10242930718795945,0.032054467813875435,-0.023114478504718008,0.05113342988928555,-0.039226287976957167,0.14189598015583646,-0.08827318806389138,0.1486757065539022,-0.1476268434102157,-0.02882665402407776,-0.060965099026094705,-0.066044547663211,-0.1326306094483739,3.696809681594446E-4,-0.10704774288814141,-0.04097976790451144,0.05371597200375601,-0.14773655221672738,-0.009873057216763726,-0.12088229083324017,-0.047727181642005005,-0.06428771359175307,-0.09021169632206343,-0.05611618622655876,-0.04179216797228216,-0.03326901994127416,0.03881562882859021,0.037419487914491435,-0.031366659975442704,0.020322906578750487,-0.02934629220566991,-0.031188802950387395,-0.1344621658126011,0.03655026794006098,-7.826518023996962E-4,0.03230073919882361,-0.08660737393168863,0.015280670801202684,-0.029786270245722363,-0.08694348480978654,0.1540687578654465,-0.01100643995850699,-0.030932837007920592,0.19261690085461383,0.01514918591961785
0.0994266162157484,0.18585747794462087,-0.11136131632236292,-0.02127656156670176,0.1367560405786705,-0.14272171174590526,-0.031948806509754735,0.001705652387741717,0.0018266193120829097,0.1354478192621781,0.15172570485735867,0.03068255203912062,-0.008806787530635582,0.07702205058475128,-0.003355491312431926,0.13395948078550787,-0.07032452905999916,-0.10772296078111687,0.15235676303412635,0.06345061690024553,-0.05017999141508176,0.04434004546134783,-0.04411395587438233,-0.09185091457202928,0.02950004468802705,0.21360017362665082,0.10362912234373983,-0.04691633785102386,-0.02064041652909143,0.0017558959991007058,-0.02976386184595627,0.05387557387600537,-0.0912656963679428,0.008668356471960525,-0.05729806118597741,-0.0051046208898772386,-0.0025517991478952074,0.061649638528498946,0.07370659590828539,-0.018931082248788908,0.007237020144756802,7.684221864204076E-5,-0.06945764045232677,0.20173915255508754,-0.28554015893239787,-0.08896278554346736,0.10962557944735016,-0.16538233178778383,0.05017563204607319,0.11679534917698532,-0.050264297285474296,0.004202592141868586,0.08000569956522681,0.1082671887463526,0.02760087032569854,-0.05339166434954844,0.05245585194428771,-0.023458939858179685,-0.002370506960571868,-0.004255964908355346,-0.026430569176786243,-0.06042414231245589,-0.11070158298600138,-0.17276039499350154,0.017130068238089196,0.0040500247017856515,0.005679561805337527,-0.15429059007218138,0.011382250326029571,0.014566864721343185,-0.08491542555284394,0.037714810971492964,0.13923253022317683,-0.06459823969942206,-0.016141385546981635,0.15404360301649359,0.013795239133810934,-0.017330889872379282,0.09155540839124676,-0.01174601477548159,0.04108250052577277,-0.025015911518660075,0.07716867743799963,-0.1503149948236669,-0.1629058695031852,0.012630486386584172,-0.13907663094141873,-0.19250171076346012,-0.03521449224403758,0.08482644259897217,-0.010954136188322755,0.06760705433452951,0.047467038328123726,0.08829706259729983,-0.05884065408861585,0.1048775031464741,-0.09257393855845684,0.02162884405120278,-0.15184392230461286,0.11825852126644418,-0.01972473762810666,0.16910074940954392,-0.12493872271366256,0.016206315303395637,-0.08119758194357338,-0.06757656951281964,0.048160987960718285,0.01793025803862358,0.006918779143760066,0.029580574043387296,-0.029118961858134867,-0.12981741532632995,0.06658562132475632,0.015477330306294498,0.10645963354901233,-0.0868216919240354,0.1354713692811903,0.1532170955053579,0.14665097379553677,0.016788358444701387,0.181914711270378,-0.12279066719397952,0.10064413924636247,0.053058543951483225,-0.06783407382156917,0.08238893466097769,0.0925865267544817,0.025358703337725615
0.0648224139100497,0.18229342312778943,-0.1482840691216324,-0.13437294432997982,0.1088566881690108,0.02670020202495918,-0.20584340552007335,0.01327717460135239,0.026075065579509928,-0.020702073934011064,0.0010522469263362028,0.09188596057803214,0.040430288100427585,-0.0707914271012823,-0.018035278475614733,0.04709304892116779,0.1785315059239158,-0.07813116441797911,-0.08684300376700818,-0.057158945890794115,-0.14105935026182775,0.11427374871014863,-0.02716455324044455,0.12268401887124357,-0.215888571008878,0.06743689765456268,-0.13522820525437484,-0.14131425615972193,-0.1397088113076044,-0.028743014957172682,0.07052465305887401,-0.10688257272830747,0.05993587754616075,0.053382161510647626,0.1713277253973845,0.011934416414770927,-0.01268275354604553,0.0851911687306795,0.10001700689141796,0.003987864444010857,-0.11267475224264907,-0.08086528073757217,-0.08536966865384221,0.0029478808279739125,0.0854779194681903,-0.027556333089377744,0.08039510084729211,-0.004104205722217081,-0.022149374512459775,-0.07169844258277823,-0.07321911851870976,-0.11967862834525976,0.10062924408134247,-0.1742016550489467,-0.003186460866013382,-0.19870227836941548,-0.0805349875387639,0.02248505118330109,0.003189961051515899,-0.05346339952601964,-0.024343057005825494,-0.13913563681157637,0.010653795640233044,0.12898534751364343,-0.010437501983819196,0.08050134909884762,0.04826209375888409,-0.07449110160322275,-0.11099518012595729,0.07867977478140581,-0.11937259050782717,-0.11693788150224889,-0.05184393803744251,-0.04021617492839263,0.14142843061714633,0.17595695733275288,-0.003749194367422153,-0.17061482444515927,-0.13193153112784575,0.002911185175820301,0.1367177287107898,-6.277614966268843E-4,-0.13328573294129412,0.025272301068667444,-0.17276965753856094,0.1188627435485239,-0.07897067528105907,-0.006569758895469826,0.0416375007374374,-0.002251004937412659,0.007614464030785337,0.12614006468868452,0.03039621742199828,-0.00368576924201942,0.015649298482395838,0.01936871184727075,-0.008133671725452735,-0.13148111790994269,-0.1093478898140229,0.01929643476031405,-0.08451816510172465,0.01205227966315554,0.0068889493293516615,0.06920470882801656,0.005412838143552516,0.08869637182268839,-0.02628949797799944,-0.1016808064888801,0.149290061868662,-0.06069622061069635,0.02561130303833077,-0.16161212435327058,0.07427094283638441,0.002306420912486399,-0.027205887740855108,0.13886940344723364,-0.026307694754669552,-0.09042624588473833,0.05247096564132335,-0.15879337763967433,0.031140367727383777,0.048186214945896116,0.0614322197200335,-0.12041525826469296,0.026207176416250855,-0.14244651550987866,0.0016610450969436023,-0.19902863402025056
0.06554505322977189,-0.015728107280834243,-0.20100525988551107,-0.055485340039546145,-0.08930470601295563,-0.10276362777723276,-0.01438499569477805,-0.00222700266889455,-0.06195036497919887,-0.06419932793250184,-0.03511096457295932,-0.09212748467759818,0.03419686661721927,-0.07542804688713675,0.034204657804066896,-0.004324677948398332,0.013589287191442121,0.049711675466645656,-0.16388742359420994,0.02678437516812822,-0.021306938251451343,-0.10395812137623993,-0.03998079530847543,-0.13296737349066387,0.038434580112258004,0.06462555967232313,0.09070484394245483,0.1941991876237857,-0.25967640114404883,0.10573180123781133,0.008372769002640595,0.10806346556736458,0.04313622205225791,0.13588247583860386,0.06232235761226468,0.005731772460631711,0.10208378263060498,-0.003169850360713624,-0.012998083459678712,0.10586228189978152,0.017898024016909604,0.036771266623224046,0.13464734486973792,0.31625418967660873,0.1522231015180028,0.18390764514459526,0.18147171037542395,0.04511259121543793,0.13030079466017042,-0.07971647299699718,-0.039535796510227435,-0.10115361720451248,0.0868722309330307,0.13842817743049296,0.013406858196244924,0.04479019559891924,-0.01713056806747804,0.08113602220079869,0.0057011969375351,-0.15432066836826558,0.03776765906532287,-0.0597189300072983,-0.12115790507406526,0.05944788636116184,-0.052111030070751053,-0.05753013636785172,0.1204316132245142,0.018768550704631095,-0.050064698265188355,0.07328021748473022,0.02461849121284848,0.15638536820856122,-0.022594946174601484,0.1019672334961849,-0.1287216237754065,-0.023890743332798246,0.017830336373207432,-0.009549949928752896,-0.03993729973608971,0.19886574746777932,0.054028236261952474,-0.17035828657230967,0.004097465449576162,-0.08380440428796973,-0.10421785792843398,-0.08610583925594902,-0.0054205870784123965,-0.07486225003277128,0.026958475247073822,0.09452113412807613,0.027064146521114597,0.1285783600854248,-0.12468633917664886,0.09813373478906012,0.09645728724759846,-0.053781332300051235,0.06366305910899706,-0.04301011561551983,0.08202518439389017,0.15087261711517838,0.003912197341028225,0.07412342711156286,-0.010586372842301992,0.05414502042900134,-0.01372837328546521,-0.11316045155562471,0.0515388432639685,-0.12016539362783273,0.1924116415909721,0.02180121920540176,-0.03121673387885705,0.18814867574491434,-0.04821126923231604,-0.05604066349102807,0.057796629215905726,-0.25309699271331837,-0.04834612199548454,0.03935038403159174,0.15142592404972835,-0.07868495740159294,0.15034400315140195,-0.007883849541742836,0.10217772429292919,0.022195330727823696,0.0614143871783243,-0.09637692723928624,0.1000474771805776,0.07540153598449514
-0.06051977631771643,0.21517336986864227,-0.02280446981253697,-0.0182224491786644,0.05642843332147167,-0.03305899444485604,0.01012852512708615,0.04355983631490897,0.1283167437095544,-0.08257493388699605,-0.09316333300847666,0.10866715333033085,-0.07106436088116097,0.06203206902765934,0.03360044255128922,0.12035962878798938,-0.2164010604938809,0.08132117466108085,-0.03082425811751206,-0.008915174868528811,-0.024934328020550078,-0.04322353830440971,-0.012190989728817603,0.04495066073538532,0.10135640895434667,0.14679773619350386,-0.01444178410735225,0.002654127442217538,0.05145789548673982,-0.04491232864332907,0.0873218772621939,0.0035210368804095065,0.022736423462758438,0.04968961532427833,-0.02933102168677896,0.06221504876895889,-0.054979945502530526,-0.019856035206675247,-0.07916761358832058,0.019548470552559906,0.09914689647854513,0.013678424603911964,-0.029523892524513366,-0.011060325558997657,-0.03621987482602448,-0.029897971543528835,-0.0035592640371713623,-0.0646913285904515,0.10198686291608527,0.011629661383098056,0.07731829503359769,-0.04240465674153018,-0.006000744346799139,-0.04077125832241987,-0.0748089340982443,-0.06601843490028483,-0.05271596616488449,-0.11395262510436524,-0.012613540023564627,-0.009624244074487876,-0.040285191328166936,-0.15630538920696635,-0.013927659066951295,-0.13800125120058518,0.01232110603359872,0.08115963776132581,-0.023168016267142905,-0.01949565836049349,-0.08107948569502231,0.07653471430080167,0.041794946705502364,-0.17518601146014187,-0.02086622735856801,-0.13828322413111394,0.04307303527148366,0.08212628222356053,0.1057125494293968,0.15945072042005934,0.08773600874192287,0.04489439742997945,0.068433737440563,-0.02153835482300712,0.2749223504482787,-0.08135018843753637,-0.05488265994903899,-0.08523085765960194,0.0027222794876756553,-0.03925285190785256,0.02681123571657192,-0.07860410866572308,0.1047856102646243,-0.008295831229630938,-0.03447887476071022,0.08134634897392024,0.015492726410082314,-0.15400446855307165,0.05978268323251874,0.007959430991544631,-0.1887554729442331,-0.2649798243259345,0.047609096169800726,-0.13988060479259717,0.11171836090145468,-0.026427921322097616,0.10757587879761414,0.05198478515489347,0.006062411329064257,0.15155928233504112,0.06852696901362285,-0.058456218942758494,-0.07919591392519539,0.03048842269303384,0.08769448489810534,-0.048849405329607035,0.02223625600542537,-0.014112937328381002,-0.0949641575022169,0.2007529402335891,-0.0832365005716993,0.1697494382014853,0.18152425869728006,0.027626165342923777,0.05911453619819689,-0.16247483550814368,0.06102230539074347,-0.10546889949025845,0.03166167076229941,0.05511214330381918
0.04519586746415866,-0.07344427438481822,-0.1595946973719959,-0.019734473977473292,-0.15593657380687978,-0.09873718155812772,-0.008615364791869373,0.017393633527577224,0.14737228639985175,0.08315395561079396,0.031134349199634693,0.06573209596514314,-0.026516378896140398,-0.21649212555735714,6.96515722719357E-4,0.020960675199509844,0.009393555485784702,-0.008654009934597914,-0.16388490532364866,-0.005692917259422115,0.03155025127602184,0.022141011334413842,-0.03528075690100567,-0.027703206491123795,-0.04990132435627912,-0.051800858386812164,-0.026276522594938304,-0.08477547156196931,-0.05929168745902824,-0.03703147702473043,0.050252892118767066,-0.021413113572297655,-0.14393623954297408,-0.1284251276308922,0.03421889442535328,-0.10774588624750718,0.14195489608675066,0.038119706521664985,0.09500524547058113,0.06606069830892976,-0.023526938064452534,0.10512661996150506,-0.12838976428870427,0.0531393610293191,0.09505585839589592,-0.10569777698692691,0.08620088849530276,-0.013832301245389764,0.03394503280817065,-0.03609606401491676,-0.11580462869340309,-0.2243955256622784,-0.04151446075008025,0.027752381159713457,0.03815701894124911,0.05237029200896036,-0.0015173464756344946,0.017257012200850387,-0.06625159296054191,0.06793424083229313,-0.12162991319077052,0.03530136099500282,-0.12244588002583885,-0.08835748240816499,0.08603905801181133,-0.049365360815251,0.0875830180792196,0.1325962551363742,-0.0911470552399245,0.01198775960612348,-0.08828118642069684,-0.13728618675045545,-0.20200216424759387,0.12243096366067995,-0.08348182908258149,-0.016736902478082946,0.03545017976195302,0.0017813790376402811,0.15652095018031578,0.02743942411972538,-0.02823216411671151,-0.12764421501078776,-0.12815372618140222,-0.003634600659427862,-0.15050720399993933,-0.19714964566641202,-0.03964282938335849,-0.12273531509144485,0.07641240902593625,-0.10381928282117373,0.031242260934822345,-0.045023036933834644,-0.13906641205681355,0.01614766419100367,-0.008087441991849405,-0.05119363134548759,0.05656812661467208,-0.1315739645664093,-0.04243526627167633,0.04909695457050219,-0.07355372376385089,-0.10234310309825709,-0.009496995641165127,-0.08509807269507887,0.04540541338351942,0.021011813614800905,-0.16330151156986225,0.005749469068122874,-0.020573676449627324,-0.05413463325894837,0.037256826345830926,0.021464800820337426,-0.02519127042728759,0.009674326505654234,-0.031126981549808884,0.0794223078356266,0.08972797952966993,0.003967127742796918,-0.10109987260200998,-0.06345088726145626,-0.037170932658563485,-0.043841937034442856,0.040992663293896225,0.003831593256924529,-0.07365079996708475,-0.0032294806811242584,0.12026636107996432,-0.01954190540722118
-0.0841401306639873,0.0248103769244495,-0.24158777230380107,0.10629045045274593,-0.03099121711040584,-0.04091137808795328,0.028285422542870718,0.06510108844017791,-0.12678379889707794,-0.04450703926661519,-0.006359968502863129,0.03714558077968132,-0.021588011676771317,0.056100282451638284,0.03876446192679518,0.03621320489074812,0.029114474270295575,-0.06691912672722958,0.010064029648046298,-0.15516791682193848,0.043832483036476216,-0.09092331978805834,0.08954257545943789,-0.03573593994165664,0.04019481814936783,0.030332315443878797,0.0421010791368271,0.024651811804104695,-0.013276010913975376,0.06606393449845932,-0.012298950940510162,0.08683622472836788,0.018824847133473568,-0.06002674757713536,-0.09349643094110231,-0.05149865702634338,-0.021495335840171347,-0.08620649038585722,0.04538910367557072,0.14954275258662234,0.055267108235157056,-0.00248309059071275,0.07570095826875005,-0.03447250406187399,-0.08067434496200393,0.0873010753002673,-0.12613496100689406,-0.1639628883382107,-0.182244113671175,0.04587615077058184,-0.07578662194159295,0.02362577475109291,-0.0070720042367559775,-0.10679010346563361,0.01941205166033725,0.056486092620679836,-0.014973109720088328,0.09744272901428284,-0.22709146066291183,0.019084387076664343,0.021277071659873848,0.09714103677539912,-0.16344944203630385,-0.02356836139312549,0.25377364472590064,-0.012856836037464936,-0.007344747853872609,0.0769226542568382,-0.07978613177037976,0.038131777378848916,-0.16536823433316947,-0.03896256719137729,0.05854651900882609,-0.09673882908001993,0.0018489544121444873,-0.014100746556456503,-0.05388676660168948,-0.039759924745807036,0.09451337862648024,0.10245867640618156,0.05516663258363695,-0.11441425228328556,-0.052096139527609164,0.10217199400304403,0.06895266396646244,-0.17235578888479666,0.024359304414750635,-0.049979001523203004,0.23328546068683814,0.05020272738140957,0.08579917158928128,-0.0445174817670103,0.044387963977078726,-0.05450493043765388,0.04680009725803482,0.017064300592674216,-0.06679013048885737,4.1187893572938294E-4,0.08755015228621853,0.04313713301688371,-0.11567733395478602,-0.1765639485922582,0.010557855797132375,0.04588933527384032,0.09825643057889406,0.1412047600569828,0.010328948367753431,-0.04187879361529355,0.03264140808073334,0.059857585943697625,-0.1669118888908802,-0.03719832453894121,0.013958466148273582,0.1706699634880684,-0.018574356519405776,-0.09967957757945932,-0.1626330174170232,-0.11219276088248085,0.03406459474610716,0.04590995440698056,0.10267437050783357,0.08251109083304761,0.033771584828492664,-0.08079587201894561,-0.001462447320582746,0.038404826720226624,0.08311192533774182,-0.08313638650070704
-0.044726280758667254,0.09605895982609373,4.957920409826688E-4,0.17852079855595224,-0.145876193940539,0.004637345171328271,-0.004295678026232085,-0.11025966676524718,0.02434122549989931,0.04973449438446975,0.0708904732978966,0.06026590995364323,-0.19117833601554268,0.06435895625946317,0.16343031667084434,-0.07342887574587986,-0.02987924487319037,-0.14576514519242204,0.206031730747719,-0.015523998802200796,0.002059911232045173,0.05934323337679987,0.03263685223161551,-0.10443553930397773,0.12765996892558398,-0.12255097681163453,-0.04041487469212126,0.05547614197744722,0.20399565047461268,0.0712909183828575,0.1750051392781017,0.10853409189175141,0.05789916693932401,-0.058571259379294915,0.08615117246576313,-0.05676177691789851,-0.02173462002858127,0.007195345991417433,0.17802610328367063,-0.14135979794943684,-0.048474880247381745,0.0073873769423922625,-0.08725345910100024,0.07416174543581054,0.1962949423871061,-0.04084381305619671,0.14033381663619693,-0.2791518458493217,-0.06843193978911896,-0.07936487257331865,0.10982253630443689,0.07185455223338562,-0.02368746962868872,0.18464707198662478,0.05960563746863111,0.13451982810028368,0.03334689439979325,-0.008388238136009349,-0.04155931775952873,-0.041325793379978264,0.11785464297562716,-0.10619983478648495,-0.026833906731125227,-0.05640697471237615,0.14533892697979553,0.11185811742708757,-0.04212947635529014,0.057723090913328355,-0.002122352439686848,0.075520461896753,0.028075369925128206,0.04877131164776542,-0.04170838100164716,-0.15215361660160875,-0.07394665757034012,0.017240277428676162,-0.21384993722633674,0.01425832824418273,-0.04874682680964857,0.04581132482632738,-0.044723156976491325,-0.13145537654388526,0.026307188789654858,-0.009091320669482369,0.019660067810854758,-0.07847014723239129,6.198455665510092E-4,-0.009126456836890276,0.05022034400387856,-0.07258181552755288,-0.08087521618305318,0.08758157420631714,-0.009683883669360583,-0.08065619606944692,0.1326023866565031,-0.017757495715618486,0.02461741806054152,-0.013933307649433617,0.11924343311186912,-0.12592366157870363,0.010132516450823062,-0.0381334129073693,0.09280640988967603,0.15156807682595658,0.13936838139496185,0.14628989553979832,-0.07887149150571247,0.019711752968726667,0.03991318587534437,-0.052801821778533986,0.036551349427666545,-0.05747326817323527,-0.04471845267984162,0.17164691819868033,0.12371577563679667,-0.09159875871830961,0.07407705350816417,-0.1766054095471842,0.066333907246474,-0.02088327207551993,0.18336712630815277,-0.03540157862921181,-0.07601847356255097,0.04884881136086269,-0.12877978483568553,-0.008115001089717036,0.11098574039039229,0.07895328954444739
0.12779147909213256,-0.22854500052384763,0.009598261108963793,-0.15739973208198757,0.007445003662278309,-0.10329091681228711,-0.015934244551011324,0.08717669281016888,0.023257470518295627,-0.03132349703622935,0.1311840379216117,0.09969953912472433,-0.12707141778182296,-0.10980040658720716,0.05824237495129935,-0.0415212137920168,-0.05863018778139346,0.007210031688804767,0.013783146713089816,0.13632158042955975,0.03726671156343565,0.08205656233520028,0.00419675143805286,-0.05501049621098707,-0.09008235878413004,-0.031888979536887394,0.023726674441952037,0.1030025839081338,-0.07872048090263584,-0.16364988745770356,-0.040028389367958196,0.0048781886901972426,-0.04009541355877794,0.05429520807565332,0.0678810091045265,-0.04461462592684538,-0.0412116788027266,-0.10071886016048684,0.016056950305413112,0.15479338934106338,0.1177949116417129,-0.11165695898248089,0.07957009156063785,-0.031506452506275574,-5.445175907465086E-4,-0.1156036275194245,-0.021173556581849474,0.011777668171152392,-0.13991140664329807,0.08603439483942724,-0.03242362849607677,0.12550947977819374,0.08535729114235795,0.15360629378495022,-0.12463643762849941,0.16630134752977885,0.02552106502522099,-0.24214439826247833,0.14422725337239575,0.15025474787330756,-0.028442696255767466,-0.04987559022409067,0.10894122632006552,0.2544358135219471,-0.019369209219245467,-0.10035190915312103,-0.04383526071083138,0.05823148697226018,0.039253424857573965,-0.04829594318354435,0.018005745743444917,0.051008291529943725,0.00397176468252618,0.007224213542153957,-0.001775321710041152,-0.0339665567962388,0.06725390869825076,-0.0445127677321151,-0.008558501519278287,0.020307603562698028,-0.04507812013657686,-0.08217113955727531,0.17908630403084286,0.06637989926622104,-0.0748524292011589,-0.0496389771799525,-0.0486876182773932,0.08052489125652129,0.1276062852686992,0.022627823140489067,-0.08771409882324954,-0.06518217502196919,-0.0010260874872483018,-0.01427470099223189,-0.06497493064134949,-0.02273555510324837,-0.03861652853319616,-0.007760677365902909,0.02480741376527816,0.019573572184424796,-0.09939022396624256,-0.09182208663849634,-0.01795488772920789,9.282146111130058E-4,-0.026754806483069406,-0.14032845666675853,-0.18078340121267716,-0.09066855305323784,-0.00882316491674364,0.1236147116011803,-0.04697246678729961,-0.014061826015407699,0.005128619891726555,-0.014044835280013396,0.1595143740726134,0.06138215134862612,0.054836263191260455,0.09436840951544288,0.09856523582262681,-0.08243637251472986,-0.06833126023437977,-0.034860871686301205,0.1677089751541431,0.1069769221212762,-0.050671615684378425,0.020337157229433172,-0.061392027207505515,-0.07736359383524855
-0.09611929467852233,-0.03826415785941857,0.024471714784069044,0.07179577523107505,-0.03728137645235456,-0.18519891455417223,0.15612481463842084,0.029978877637974036,0.1548590238875765,-0.03591338752672787,0.02559214774127253,0.0797097111872254,-0.10255167364366695,0.0425876543290606,-0.07310352622785661,-0.06435063995050602,0.15001640481001435,0.028822341815853948,0.05121962752032124,0.06141665591677081,-0.12947940430782512,-0.03019400449085269,0.034195590141619187,0.09970484914354602,0.0164767812602118,0.06471698985848659,0.027659799812399327,-0.006866494889459678,-0.024447782221632592,-0.16513502065954122,0.05323717650189518,-0.035828675924945555,0.04913877438158136,-0.06846965576836118,0.02674211995044623,-0.03140718827682697,-0.024272210209914116,-0.12028362308323572,0.041231793391454746,0.08686452107164278,-0.040228424597254765,0.02383075414978086,0.16385480098997862,-0.1705510047475976,0.19470294501507462,0.02233051908949057,-0.09837777379066509,0.07226710033365329,-0.05230398623297381,0.039222942558052656,-0.04393223563926099,-0.2999923993677414,0.08625040101476257,-0.06792992394222717,-4.7951375312310076E-4,-0.17166410148688416,0.011462855608706985,0.18990150631398262,0.11599199165982074,0.12048903542031064,0.07083209072934003,0.046896212781803684,-0.06901911410671024,0.025529523540828488,-0.08908135793099861,-0.08457041174083192,-0.0885929005182134,-0.06254859316603761,0.04338878551684759,0.16170860121362454,-0.03498273459385229,0.0579578747615266,0.0053415833623938315,-0.07419764372747134,0.07736969605425027,-0.061370636772650665,-0.035945639698180924,0.1217570247352123,0.04104045047305335,-0.047004346217836404,-0.003289916969568497,0.01616801732519222,0.0762540936967356,0.045448715846541844,-0.01982805903164002,-0.00305508709070587,-0.06889829251427138,-0.04764879923738604,-0.03015911683159062,-0.03544135734014363,0.06579324112263388,-0.03290766615103565,0.2037918012974425,0.028380033128901767,0.1251309459383301,0.007866854696803463,-0.006074447080664403,-0.006571625095340727,-0.04684621657933079,0.03961354258264396,-0.07471718337969645,0.13689085148303637,-0.008346937942692501,0.013284598496443933,-0.09098953446857812,0.140304684808274,0.02653619748000594,-0.10791761010984136,0.19955646628675014,-0.09192292628676801,0.09180085524407461,-0.0403108199617219,-0.13013465116879064,0.06553658706295182,-0.04449761929856896,-0.020836555731025948,0.07566287908298769,0.014343136785437915,0.10713998477351008,-0.08322200231356146,0.08078617138019017,0.11687852029761658,0.05212087002291534,-0.11874820302352777,-0.005301085739153737,-0.026694117925492748,0.1398718538037149,0.11332533081570348
0.011997423382769812,0.2019428985817577,-0.0833836917435905,-0.0418828797795006,-0.05635594545656823,-0.02096537696958333,0.06493011356467149,0.08275167895807674,-0.04938594829710653,-0.04179058975372416,0.13820279121128337,0.08865107538034298,0.0022601843769844325,-0.03784868110692688,0.10566029175204975,-0.028450809860670466,0.025907441356920774,0.06081842384570374,-0.040647106799326996,0.030290345309411014,-0.08437937036817657,-0.011765062082502775,-0.055643312779555684,0.04374048321151972,-0.02660464271400224,-0.2099936421650053,0.05273247700082348,-0.08533852002533346,-0.16551839060969362,0.09338516175469831,-0.010851098913916654,-0.08361494263481373,0.11245015557455251,-0.016908491022588408,0.021684018307806464,0.00992526993831452,-0.22975625774038885,-0.12254751432306579,0.06309641017061204,-0.014271032789740203,0.040504672810205186,-0.06878995297130805,-0.03673236990208487,0.020486403186226042,0.0543222264776846,0.21767348028515918,-0.013571826355182606,0.021473471007258646,0.016789789265592072,0.013501382662885282,-0.03727488628723116,-0.06736616851480812,0.08507593064835461,0.02490791049138596,-0.06561372987247976,-0.023149411993572202,-0.034765625580389904,-0.09672207088004334,-0.13302881011122641,-0.012711109042661255,-0.06862186999580604,-0.013551936291350635,-0.009710715107530927,0.09095852471761008,0.038079107293108025,-0.002739619583734624,-0.1108364715012593,-0.14688405809184585,-0.03077416568923053,-0.060926853574503226,-0.012629776429013204,-0.05718505323278809,0.028344563067983657,-0.09918123011317019,-0.08709765490769239,-0.0405714834732519,-0.0691639054567877,-0.11572990460705442,0.03736737550974252,-0.08279762605263541,0.016292894112597205,-0.019270120924046046,0.0054769875009285825,0.017150727147476275,0.1940687512271396,-0.11710253977358061,-0.06526674774683362,-0.061167901317395273,0.12571824920944547,0.06916806528984157,0.12854201174322663,-0.0214594307044174,-0.05378765712359568,-0.09363952209207621,0.031838859089453254,0.16348264708153779,0.13740195237452413,0.09880881068535581,-0.030101779550000953,0.0810945077952744,-0.02861384819594107,-0.05201783773955782,-0.032520462808077646,-0.04216928957655839,-0.024029172296024942,-0.04421310029148348,-0.11180630536503448,-0.1087435613032126,0.031218079984080424,0.05063031592839542,0.03696452757271841,0.08014732778181878,0.00355012122333102,0.15868667657845403,0.08477708863306342,0.0071371158348243445,-0.035292702607338466,-0.055225078409473154,-0.08242261897840593,0.020444855164363056,0.08700458059562904,0.1214094127955721,0.15150654726602314,-0.14244053853633684,-0.057664742045138426,-0.052356260452944496,-0.1075684247523362,0.07989358057252063
0.07252321238605626,-0.05184580594882543,-0.15881260397386038,-0.04859299313642215,0.14146192120053022,0.05149254320731349,-0.07571519090299879,-0.1674968246354719,0.05712891528656003,-0.054311641745860485,0.07648604252828685,0.07933303951774374,-0.02250186000164954,-0.060475304747641345,-0.022688556352910224,-0.0633962505631549,0.0876464571031246,-0.04984235775616894,-0.1581224607773133,0.23888751461667268,0.08051840169223548,-0.08355551667442992,0.06026568960628633,0.051013168136021594,0.02837014620548276,-0.010907070838482255,-0.014617150672663398,0.16104847737619268,0.08976998844023737,-0.0421250721051314,-0.007802296905347252,-0.06745359467455854,0.04411727786431929,0.08536587900815572,-0.050987828512767744,0.1285471430082458,0.06468472353810277,0.12635249413031244,0.07812572090797268,-0.1366226118339282,0.00932799958170942,0.1921606432096771,-0.14470081857408798,-0.08254168390968329,-0.0014101055418751648,0.050068243608428896,-0.1474769920254721,-0.077388504394766,-0.050779772680888714,-0.06504105030473228,-0.09704448220431061,0.0796594987346119,0.056840020099978635,-0.04027663474948227,0.0600434040190502,-0.013816885847543762,0.1604694319701913,0.014188692367898091,0.051583602388961126,0.08277540639667798,-0.0417358977329443,-0.09888810756941704,0.05216050330635943,0.07015404240951953,0.1588891738852183,-0.002886296381798703,-0.027979645138735153,-0.06710895506977244,0.06339731557921326,-0.019241852650857212,-0.0620432436999512,0.08535133964725179,-0.19000903224066984,-0.027253547041848743,-0.045179885529529534,-0.06261868845220037,-0.0016205280234089453,-0.02443391500809222,0.07533982661451878,-0.058301102816499334,0.01220008688612201,-0.1365448002982758,-0.23607972626850715,0.07717757668676377,0.11845135366110894,-0.15321066112705126,0.13088680416496315,0.01655410689839403,0.08667178438239498,0.0016818229723317216,0.08896367349519017,-0.02167888023765279,-0.01562354218751978,0.09896119917360921,-0.14311001543571356,0.01843683389741586,-0.031975956989120424,-0.0945840292354906,-0.04791410920412802,-0.1844577115843165,0.01403358245687446,0.0013149604806156272,-0.06777215724923219,-0.09897091612703113,0.031283645050488626,0.02859469059581401,0.2063100630943998,-0.03769011365177811,-0.015247065209586866,-0.05770845756700925,-0.06840380077692773,0.019158601227778606,-0.03676404851150654,0.1110708368484835,0.01574664568437725,-0.010383727613158736,-0.1148842473400643,0.005012674992510896,-0.10992304338345296,0.09078714879970139,-0.012982902981773254,-0.15933461527164489,0.002212895456819349,-0.05165742511441911,0.13093621053501797,0.052854165456989385,0.06627191912593396,-0.06389454681949643
0.04608934024651201,0.17565608639063454,-0.0329478753323145,-0.010333763603946524,-0.039238681345294985,0.05113958454202187,0.05462290139766965,0.05929448678032016,-0.13010811593671764,-0.039464654748594855,0.003994308340145078,-0.026531724047568348,-0.00710290926858477,-0.09320772085231212,0.09855455574799321,-0.12867503113545037,-0.04918085148534377,-0.07334524410502229,0.06897405761071991,0.021354846033233565,0.1814903527947883,-0.00827478985189732,-0.13173533147386202,0.10250618756463946,-0.01710644526717786,-0.04461826831899115,0.06569594344145038,-0.008111707119755762,0.007674734008683171,-0.053677980457829955,0.03356984274999937,-0.010890242411110763,-0.04444960535204962,0.05416320725514321,0.15125543897880692,-0.07778435962441939,0.07218877282088138,0.018768825878228507,0.16553999930515415,-0.034060206900172856,-0.018271201979547774,0.1474076951925383,0.14791847391728977,0.006618864850823976,-0.08438110410868388,0.04924042687867368,-0.04510671577599272,-0.05712844015599812,-0.10764269327643075,0.021275404092041737,-0.0059235611348029005,-0.04763224719762898,0.05104656450291441,0.052510390545693675,0.007060348064578562,0.006006111632987527,-0.010968879891209014,-0.02404106934377715,-0.02505465225721117,-5.441138528477045E-4,0.020952771378904972,0.10750130219443035,0.02850052684962716,0.02858020629664488,-0.07258541985823584,0.008825047839654154,-0.0725889846704941,-0.01745590568790698,0.04228345749671169,-0.06232410338151571,-0.01499463751520315,-0.06084086067256882,0.029049082096278312,-0.08054706591487708,0.03681568658824915,0.05601918346034267,-0.13385860115970663,-0.043007471940636276,-0.039111326338264765,0.15784104030777474,0.09224404148493374,-0.1521298741160767,0.04790222509530786,0.0516024275446666,-0.04185700898250676,-0.08636400886712596,-0.011672725648560138,0.030273543167829035,-0.058790188487637056,0.0486001219936894,-0.10611255507858858,-0.03424473381710603,0.07566379000216703,-0.12032953528475808,0.03219829241011864,-0.04381638743029812,0.16067748660138914,-0.1181361462758595,-0.04678043776687441,-0.009249908003828765,-0.009579878571566353,-0.009546789635492816,0.1749736901004777,-0.13192298771999666,-0.005552974391942473,-0.002407205429623884,-0.1255253451459057,0.15596097742318502,-0.04649973424288378,-0.08182232427049654,-0.04343205837260141,-0.0218434763686075,-0.04797983391962148,0.017496988813043974,-0.126721970899494,0.053663448661438316,0.09676621053657819,0.01797117021632206,0.012388648365473477,-0.010916136928779862,0.0926397434349542,-0.18609079620039404,0.04224349483566127,0.23979712826888508,0.051765489676820695,0.05803033821128853,0.13637029936641762,-0.029123195933867876
0.20766940866400804,0.006024943239116397,-0.09694344902338121,-0.21802534158180956,-0.0898503419436457,0.022020821795470883,0.04079949889057458,0.016397941480800843,0.01536468968636336,-0.0818920146493814,0.024051531494020395,-0.08013289134818762,0.0980107993069271,-0.0653984857997633,-0.03593764607735532,0.06358222175119473,0.023718015422796335,-0.09592198164223348,-0.12162809867582912,-0.04640593534203404,0.003447272389061354,-0.05172440371758873,0.1320934955390447,-0.022228649980307002,0.064718567752422,-0.2936701884059296,-0.15708745422186499,-0.03976422421840563,0.03993197461881158,-0.06046064094050062,0.11326458069082312,0.09433269658739758,-0.07154147115909057,-0.030960421504026014,-0.1484591181199863,-0.1167032090969015,-0.036360641997658,-0.03520681791436346,-0.0667356413306348,-0.045981264344250795,-0.011926350419765764,-0.06457400382949528,0.07936887873781528,0.07144623169135868,-0.006751944071221556,0.015711441826000476,0.11838198363331084,-0.0569852659666993,0.05277190320570027,0.12707574743161204,0.02326914019402756,0.018553053370432147,0.084569566723466,-0.0019225077792497328,-0.10163635199037764,0.047697045498575244,0.07062632094123565,-0.04947139938949765,0.011205116074613794,0.06530824326967545,0.04105503882679498,0.053490741557612985,-0.2405300990981563,0.07956207567376297,-0.03541795537564378,-0.03461307257277313,-0.058163312172650514,0.1138138296635423,-0.03595079366332609,-0.028974805293653035,-0.16470546882641848,-0.018812051887563307,0.0037662001505820936,-0.17971577266308597,0.10053868612084213,-0.011087621720429042,0.013481691274837664,-0.048851263606401726,0.23984100633963695,-0.03399018518664188,0.17323291178300482,-0.09176936303369645,0.11955932249134874,0.1927529120207846,-0.04133601915210513,-0.031184793368877306,0.1951754510577261,-0.022772842689371037,-0.009445948739140604,0.09125452758613807,0.04604076302297322,-0.09292865497466339,0.0044257390612468285,0.038897930301609776,0.11257491022569525,0.1525502487784045,0.08010175560724589,0.051676225619435634,-0.12757317724056397,-0.011409783233801771,0.0877411823835327,0.03818038436190772,0.001553232963115814,0.15803473037384078,0.015391993039086099,0.01676253433092133,-0.1717381506021148,-0.1075830314143068,0.021433903136150317,0.025208488072678892,0.03693966416014293,0.1352249317299418,0.03043746951473968,0.11747298276113019,0.04180111701016711,-0.09077847022873774,-0.0615242763536078,-0.08311999380127322,-0.03580909212589948,-0.04744812093985422,0.017507294414892145,0.12024800563602212,0.028042253889455443,0.10880455068354605,-0.05550687234139853,-0.1979949562151625,0.11969582848905697,-0.2482794866292675
-0.02174915455729267,-0.1187751215181632,0.002945534443504768,-5.999989579439889E-4,-0.1769208210615991,0.027616500499367876,-0.12705476811012348,-0.04567646848188874,0.017132671759092617,-0.06830175551066878,0.2996185477917457,-0.06168455263403591,0.08190750452548563,0.11312879357589654,0.11855086583337084,0.009410273827577139,0.09504990462263041,0.005181828241877781,0.09442043839924696,0.01801354889008939,-0.10944909513220696,0.042579681155913,0.14010599764387377,0.0664666618835158,-0.07504873994268416,0.018035904808021332,-0.016153104780861308,-0.08006475655902301,0.17556438862789614,0.07762907453717226,-0.010039884747613644,-0.12239653926094157,-0.004767568521682829,0.21788617793898188,0.09596913050620995,0.04685359635700853,-0.121230589452004,-0.05105095914226199,-0.1346692348370647,-0.041939396166470376,-0.003351189789592043,-0.045658237434822016,-0.05225542192372537,0.15014551227366404,-0.14718222090802777,-0.053456667973827254,0.07992789604412452,-0.03416098660798533,-0.002533104970056998,0.022000283106734412,0.06494899282429645,0.005856520259069845,0.13567948169447708,-0.05942954767600599,-0.2567798427502329,0.11353437515965047,-0.14619500128622115,0.07194661463917545,0.02935608302418439,-0.05176645052423121,0.06573662877320192,-0.07911776444223885,-0.10290097367409991,-0.018190311409973077,0.06186975621055696,-0.044911575641300744,-0.09826579148134547,-0.19688311207594597,0.13363427305129952,0.14661371451195543,0.008441017513759747,0.12535610609685383,0.031195927475119966,0.04652604801862105,0.12895756500497924,-0.013361475798407959,-0.025835019692474398,-0.02391746065607305,0.0013570280433130586,-0.03853234156780771,-0.005404860245390698,-0.07254789332556871,0.11558713590020085,0.0509755632278166,0.09358548150225585,0.015069292736982435,-0.03429226524755026,0.06231327734319344,0.07841304141029402,0.017314148640370296,0.08401370069912106,-0.047243743183201334,-0.03949542893026719,0.002905487687654827,-0.016848998989400094,-0.1770453726815466,-0.05365262730000669,0.07058979460606006,0.0037072655381309725,-0.07001505140167247,0.0053182108549153975,-0.03131855336236575,-0.058502907704140725,0.16377783024973372,-0.021092448977579868,0.1132058247055444,0.06441002013546092,-0.11082054973025887,-0.135444127657202,-0.030206986789154015,-0.16605546139226562,-0.10588044241348275,0.013543883793382304,-0.07628822735757754,0.10078516390093525,0.021227376700244657,0.10291154325971799,0.011814753522333327,0.045068782244358264,-0.07034516269679138,0.011059987346072135,0.013648225614315765,-0.007138348630552086,-0.07098051347742332,0.14231705167823705,-0.06638807504321417,0.17224671008653136,-0.0633309587243345
-0.03126108817129973,0.11111629775919164,0.010525860470530302,-0.26790626738444784,-0.07324278298165691,-0.04151724571888661,0.22709588635409084,-0.11160874171313778,0.009265259540881672,-0.03073082232874907,-0.06925964015683077,0.061373425821841375,-0.09104414876478996,0.17647623322070374,0.08527478524856863,0.16734579116124398,0.04843457384662964,0.1399051757561868,-0.042533068474593726,0.14895421562928446,-0.12735284497822275,0.04811098049015455,0.17769045412268036,-0.027318823183411133,0.03740740308710011,-0.10305715052340261,0.08920798277339125,0.03943985103054641,-0.169927131813138,-0.11174578394516722,-0.03145074388451163,-0.09587749908811831,-0.09174430761560332,-0.10504128719192785,0.16794838874692536,0.04537893700438395,-0.16937775178355893,-0.04013279355494351,0.1468678706685895,0.011685533732885875,0.09525191120997514,-0.07873186392849195,0.037534981661370904,-0.12643455275105128,-0.030740309668984396,0.05523745065926181,-0.06330836695141598,-0.10157963582321641,0.023511637577450846,0.11753426014793293,0.055279311819163304,-0.020845505976891925,-0.21080492197801198,-0.06574509552350327,0.09156094715853358,0.058832400692363514,-0.020082417836528373,0.12373452163903986,-0.03088725561778883,0.008152535647998919,-0.018883979923201656,0.023942346079207366,0.09514307191445907,-0.023105113564167983,-0.08637729928652622,0.09893869681682928,0.008149300019167081,-0.11737792563813496,0.13356025111829578,-0.004412769703209064,0.1510470848502263,0.055178593221380245,-0.010412612082199568,-0.014026567597615235,-6.822674821440648E-4,0.007587738147898475,0.0010623883323686986,-0.1254298366710428,-0.04672851657256909,0.039822144640482005,0.016568666823767286,-0.004343225483183664,-0.04020411246495201,-0.0763086753833802,-0.048807651989944405,0.10478900301938154,0.032448106237436276,-0.11220740564807236,-0.18921739345240532,-0.11419612281205678,-0.17525419544357188,-0.11503588526771574,0.06359759245062829,-0.01292172079372407,0.17689031376141193,-8.39907719665127E-4,-0.03969053366352338,-0.10545543402914435,0.09485855696689621,-0.0029214259170904514,-0.0024845334081080354,0.25325505124747066,0.11138878101950081,0.012519891037069969,-0.002383861974176737,-0.11211503972061161,-0.14952616179255057,0.061481554398306125,0.030891378288257883,-0.08921370265815184,-0.16487326026728583,0.13894638798140715,-0.13443440003498391,0.038385388118634324,0.05055089533225352,-0.011967525759544484,-0.13931815078665552,0.0025381680641578404,-0.04689444073620212,0.0408556189329713,-0.058507951526466935,0.008899600828098072,-0.007722191410673872,-0.026868853307970123,-0.11404256620435604,0.0897314285134227,0.029264880500961758,-0.19010020970915886
-0.12196439605588004,0.14864539015412118,-0.06599487848828639,-0.0838451391542792,0.1146920796782074,-0.2384310284973606,-0.02768668474635448,0.1428498583188329,0.16431644138414053,-0.07334106027810681,0.22882570191337429,-0.027408576369798147,0.06951135423002175,-0.0021592645520164314,-0.08634498834255376,0.05422670214810783,-0.06552615413837855,-0.10203469195076145,0.09039222638233556,-0.08440922688387345,0.01227711364991244,0.1350696621742541,-0.04776991914264058,0.032070159124331726,0.10634212357052579,3.9987870230917023E-4,0.07286700153714677,0.014247898136955272,-0.12377437164756826,-0.15215506645577337,0.07037612428571828,-0.1563650186287993,-0.03129445284885176,0.07323521701046362,0.1080696852960202,-0.06233196632507346,-0.1536164441830099,0.0729033504406993,0.0754297247764401,-0.010760011799467367,0.04827005475493206,0.04973218979669258,-0.09496801826802742,-0.01713109826484332,-0.13001930372044912,0.057895906015451956,0.03649500216010242,-0.1865130552186551,-0.02748831500691486,-0.14400240980336418,-0.08717582443538131,-0.032578201090690165,0.03872321049532407,0.15465842138968675,-0.11156092957785611,-0.09540497909681131,-0.025523105743362133,0.051142312199191846,-0.015919380935909087,-0.012597234030323916,-0.08838125920010234,-0.0753763399832488,0.050017397438427647,0.042379353290542716,-0.0216509676801551,-0.06597684104614637,-0.019529989046762723,0.07977436476106323,0.05758821839264404,0.1292525220120787,-0.08172201844196501,-0.004700256230456653,-0.06487344210916432,-0.19154099252268422,-0.12507312435223064,-0.011145455720797667,-0.2013701816014697,-0.06778017322393942,-0.008541257551123161,-0.0920664695912385,0.09526387903408212,-0.055101884599772784,-0.1367976393272993,-0.08282684022082298,-0.11911735960078967,-0.04563654225207477,0.008109679163827644,-0.09006209655311821,0.1044800859156169,-0.007199564721181462,0.006006677520444711,0.029285890729578996,0.05242061792916974,-0.028008317173458662,0.08203071008860068,-0.07460707435396585,-0.10546949495969304,-0.028860101285569466,-0.09696599820102243,0.03398111658320981,0.057986551731178886,-0.12741038268711735,-0.06026314077987497,-0.0449451161199131,-0.15278663512450766,-0.13215104635720348,-0.011014987154323435,-0.022446179346529604,-0.12004272347851459,0.0030542443932945903,0.01911542020454552,-0.0193130736340009,-0.025253374346952955,0.15034162953256086,-0.03252904766448909,-0.05872155118882274,0.07607790028562748,0.012077122384143745,-0.08258292488164375,-0.05377386929403694,-0.008786576817055889,0.07666388511035684,0.05163524879690246,0.07258623880527298,0.0410424683404508,-0.02707995114534498,0.007701995683952289,-0.01390727971621139
0.13659941219460897,-0.10561724667812027,-0.13351135901545758,-0.020839329208187433,-0.06576782711687279,-0.15004924226618915,-0.055202856725183186,-0.06588782616844183,-0.1164743842174161,-0.09822124798527267,0.028938419362212274,0.17092741515444618,0.08069218300342768,0.03593111954266654,-0.04761455679982051,0.037294710339624365,-0.03898094428678644,-0.03597379053267006,0.017253229605507646,-0.10830349250454126,0.02069417613548442,-0.08613438959595007,-0.07093555184871207,-0.2000286387800959,-0.07621577799335867,0.0012806340285318372,-0.0915804175910849,0.05484453547826993,-0.0802606197497678,0.036950575297840654,0.02433939887109453,-0.1305193560862247,-0.1858724031405336,0.02295173537787691,0.023562518478849562,-0.02789655167005111,-0.029891008427228694,0.043806664807952714,0.0055753210254641805,0.06386562148596174,-0.06547356201577766,0.017732977377547438,0.015142304931498082,2.884279497615107E-4,-0.0012951924480064754,0.08684961938433754,-0.16544187353080486,0.055825293061428326,0.048529135923237286,-0.09389515449983438,-0.1555224731053713,-0.07921217666000568,-0.01009433821759647,0.09491529853154368,-0.1851027962009577,-0.04641088386409614,-0.05702103019810379,-0.1078459744356405,0.19900878501204627,0.1241641932473728,0.04579000916236081,-0.023304400152429284,0.0019094122650982724,-0.052525092275148205,-0.043318812714964655,0.1282193555737252,-0.020240449086733902,-0.01938102998234553,-0.015895867382354135,0.03871644073497233,0.027735860966309193,0.03528807932720919,-0.13861309501531782,-0.06527724946937438,-0.039518844931600065,0.002590483819470405,-6.173078499700572E-4,0.00842033070970154,0.1281234677240182,-0.146311731693647,-0.0050833695239119485,0.14648265674183203,-0.062176926679816565,0.08444224948900392,-0.10515220279209767,0.06121168001765849,-0.027047356143262157,-0.09226679639689318,-0.011469479669501296,-0.014735878775575039,0.11496159611963658,-0.05119029819163897,0.04595247720925758,0.07433523705765092,0.011385344997786519,-0.09498861779512631,0.13795272778668927,0.02797444475875436,0.002349705913664516,0.16111908272845993,-0.11170712957871497,6.331360825419323E-4,0.06936752331687933,-0.16093130996352675,-0.0808210356713865,0.22432892919944766,0.08960453820451306,0.13266005119159016,-0.11381676579780681,-0.052813556880281755,0.0341746455895066,-0.06210015248672219,0.054462095708027784,0.14118010173475984,0.17130125318989387,-0.16417797653910673,-0.09650730152219932,-0.11651612551279837,0.031017558681782954,0.11227500737559104,-0.026797412810807827,-0.18750441118395667,-0.141861158331295,-0.02184981252512234,-0.3120593355022448,0.09679497564119202,0.03536737274203398,0.008965668144243112
-0.1346108998863624,0.0749211627921444,0.16603039779392198,0.08636920185414244,-0.13648935624274203,0.025858032004027136,-0.1527318692336478,9.147473953907085E-6,0.10360761586352896,-0.06727625990204729,0.18099297363195654,-0.10980674731520121,-0.07578579750383779,-0.023445017211080374,-0.060564167213939445,0.005346659940245888,0.03297750695287761,-0.041225433170872405,-0.020812001989068664,-0.10919057144276242,0.03350197285367163,0.113236893234173,0.095233318920842,-0.03717033274490942,0.06773909301272178,0.07261931256382285,-0.11660377488963014,0.02812092337993252,-0.039470060799133455,-0.08782011661577804,-0.05476475562399765,0.05281299568431467,0.05371286755894428,-0.060363681448958845,0.07343850224830069,-0.10144122274596568,-0.009453583889688385,-0.02649359084140146,-0.028126527488315924,0.061292809419500556,0.023192050237639778,0.07256858772229999,-0.03160104265222717,0.111630590083854,-0.1362665277358868,0.05647080243954438,0.030352585835385578,-0.04385930340270906,0.014007839615337896,-0.0011093560481833494,0.04448941226240947,-0.043823771882657576,-0.05358979520896001,-0.07357804324039073,-0.1990279658938575,-0.05426146692132425,0.056557685130663456,-0.0652498602650616,-0.09684192494392095,-0.06879206157205757,-0.020296220570771795,-0.08728230785858539,-0.010000792983166404,0.0700551460901748,-0.023326168124099607,0.021263930314549942,0.06543639409965957,-0.14618582368991986,0.052742264693266865,0.0805594507725529,-0.1421292727818857,-0.15133376911506066,-0.09283449913610971,-0.10712266490901638,-0.0033756171716903677,-0.22029801074669328,-0.08156205565618367,-0.023814710875942523,0.001130392113890189,-0.036626618786897616,0.09250548465243727,-0.16894847197797025,-0.08668260695421567,0.06291248725210802,-0.06249537696489522,0.1261067395131316,-0.016760261383551037,0.04926557244491942,0.06940255558266815,-0.03812982915243847,0.061601236965898934,-0.0312602185722292,0.003181500168709536,0.0621229120391847,-0.0751276117050322,-0.05716113663093851,0.12239089350093456,0.03861689452811713,0.04004100444921038,-0.03515209860890896,-0.039892899950054087,0.060305439456820736,0.01771893996053892,-0.06471849315233022,-0.11093725768432681,-0.010656636116427651,0.09050487868030019,-0.086505245107052,-0.14628993674734944,-0.051746748816201685,-0.19409125127577836,-0.05533241501514892,-0.04076701158524563,0.0466365878416098,8.138844254027487E-4,-0.07402848441310132,0.04544721542329285,-0.03989176744602277,-0.08915575595793604,-0.10027727075789665,0.016774610076041765,0.0507971934900517,0.05212707849313973,0.039780108857607806,-0.06393794296857777,-0.03882652605255551,-0.010217346265083352,-0.06830432727781684
0.03502088782034284,-0.016802312589918537,0.08188808726993632,-0.10215646092786522,0.04821799535265976,0.18324211020694112,-0.015347262969765626,0.11991631723839591,-0.018243329464121213,0.06642311170545145,0.10394746070143147,-0.1822755975056879,-0.058461594088872866,0.12627585430628768,0.12180237071916222,0.14928420005379137,-0.14033542312913808,-0.002148023956931745,0.06051954814276144,-0.0931438738256778,0.026449719973448915,-0.019917264301924177,0.06267761647715955,-0.004104902089080008,-0.10430772203594078,-0.08745891845105237,-0.18479813065084846,-0.09437621375390357,-0.10573572321696892,-0.07407531768327093,-0.03562382346108873,-0.06463188871386744,0.11882148789859548,0.21891358711691744,0.05437438642908865,-0.012611607589661719,0.07183259659288317,0.10901002894103377,-0.09027026494533992,-0.03451849850345078,-0.0735759544707463,-0.02989983096332452,0.2055812509973346,0.045052058126076745,0.06794523065492601,-0.0677550881846808,-0.010580752554269747,0.05447793354605255,0.07178313644404304,-0.006137702990022351,-0.03530879963965929,0.05072780838275935,0.10297888060930888,0.06554557128747425,0.06149036158530133,0.05231070491707492,-0.053785716633806935,-0.10136001006207496,-0.04179584587546452,-0.12167858214494998,-0.0511197083640753,0.09840411227566205,-0.029599215358011147,0.08145902122930458,-0.033396284877363125,-0.08592597895791215,-0.053024507286888206,0.022213473186517087,-0.09992620467315512,-0.07369295174580252,0.07360883576922309,0.04598737089865233,0.03642010844551977,0.14441915106575268,0.07379869090654963,0.06333104433917178,0.0492671561378467,0.16596205585289966,-0.01189514558156456,-0.065433335299366,0.018893108401411448,0.0862971647711776,0.05535498216604708,-0.039133113020270276,0.07079736624260766,-0.05129909315681956,-0.1708878473848426,0.03223455235016397,0.05495944813127995,0.006018007143243966,0.07211928671488115,-0.0029636783445259867,0.001598378476148653,-0.13267242167027113,-0.1292748772400499,0.05024684010443182,-0.06139788170365071,-0.026539296931846035,0.11877333731420961,0.031010115764718148,-0.009743892290113753,0.09471317093034659,-0.07223402349561225,0.051024290995395974,-0.008183509066753523,-0.05053351808424152,-0.19957678279046506,0.0031854163000975128,0.03856595672401658,0.03644019697061933,-0.15731251233297952,-0.014921420215310507,-0.025066149909758344,-0.0317031907166227,-0.011594337149508494,0.11192252141033214,0.02178557793346852,0.04301738733862085,0.07365740754191905,0.08882635700737992,-0.2143076999319354,-0.04040326703325642,-0.23555203595872057,-0.060020904547926836,0.10951174015313664,0.12991356598219214,0.04281532129592573,0.03014400602175771
-0.09727973834956029,0.25348362965771926,-0.1261186875285547,-0.06676724752420615,-0.07494708704875298,-0.14895416390255267,0.00675291772917127,-0.029499726385556976,0.06191825302751571,0.09598806764869405,0.19102485867724897,-0.21731400933712505,-0.03741255807569978,0.11782858116338292,-0.13877540500085872,0.15477014139604928,-0.05782207286861736,-0.07816332501024513,-0.029649675429540872,-0.0986837997802829,0.12805027800565452,-0.08338962707324359,-0.06424250927645493,-0.05591482671865411,-0.14062455841467036,0.07496655237806704,-0.14698402090700882,-0.1654539283764433,0.06332022345331122,-0.09491388126787195,0.0514183149794982,0.012459106338651858,-0.06108125859958703,0.1160894497354962,0.03713783856626424,0.003087716507679965,0.030651178904067586,-0.01660025740745884,0.011978688269250965,0.05326259964976845,0.036835913565550084,-0.0629706406161237,-0.05717124647408022,0.1551025088891351,-0.09781478229548599,-0.10786636771709854,-0.11330470021104659,0.026201712561440788,0.0204319089292622,0.16178297764361874,-0.021169120281104847,-0.03128024068812206,-0.07221961126335297,-0.018404288543229088,0.07281841537870185,0.16087203703076886,-0.08522166350902288,-0.27921559313917543,-0.025158628416207297,-0.13688348055306276,-0.09603493330038115,-0.10131205553421672,-0.03203427372731048,0.005387829872507499,-0.021508350728789406,-0.08656845427854948,-0.04111156251703118,0.1837448378779612,0.09077037235056602,0.10176884111685006,0.16813875342985513,-0.01109808143621904,-0.007742326199888327,-0.12095803476151899,0.04334101151901166,0.11892613612191022,0.06916458059530001,-0.16886349235806908,0.12451202254731504,-0.03343016029758333,-0.043186533529220916,-0.019884920494242873,0.05787049530620197,-0.03838681021902715,-0.11821379063288984,0.060127078259443925,-0.050986148097776886,-0.06301953517895778,-0.1823056055274502,0.007100849228814109,-0.08913983217659965,-0.13422899939080699,0.027077629580303835,0.10018109062748037,0.08682586808297893,-0.021293821420933626,-0.05891824517229163,0.18491436594082003,0.11714640956486604,-0.10189955293842291,0.07191591301170071,-0.030012498509593293,-0.13220208889909535,0.0148358137455647,0.03862437762126418,-0.05252863298615825,0.06052020018056543,-0.04750954856740439,-0.08790392858860924,0.02893857795968527,-0.06622131952335002,0.05673768605878038,-0.0799069352927873,0.1968276211986709,-0.061183826818006375,-0.11199581829639307,0.11818169560607825,0.056942692466482814,-0.031227831869151935,-0.01511748377838139,0.07253330250569807,-0.07534727040121174,-0.12562519656348028,-0.08784782139734502,-0.10684380810222815,-0.10543258023693802,0.1361020527629077,0.03432995345508557
-0.019922806784432524,-0.004273537007022942,0.12655842129564548,0.03402024830037967,-0.038243241527945636,-0.06511263964172703,0.058038434594135026,-0.08771543412071839,-0.003053378030749102,0.05875661338847627,0.20451496248437476,0.008079396776277482,-0.11651296133352203,0.013003107730112784,0.06860434614289339,0.09708084551484761,0.08076757717754143,-0.22075009145431848,-0.06407665940703873,0.12579900392467128,0.09567330118472911,0.0962103326547107,-0.030651101326026907,0.05595949011536886,0.14217395938359717,0.03506440021928793,-0.07209683668111538,-0.17237476672491064,0.02531536675820645,0.006659430943912208,0.04249064200237113,0.025245821845422376,0.045709412831208864,0.04627243558851577,0.17990420008641758,-2.538336316826764E-4,0.20749970696043887,-0.06815748659315088,0.1322486522065728,0.2200603883197001,0.09039042551755094,0.046999791880986144,-0.09002316745525682,-0.04430503830881991,-0.22273600812437266,-0.12169670477973198,0.018873025942029463,-0.1004594132987083,0.012172364981535162,0.11163710577384485,0.10959229674731215,-0.02460509143618888,0.12094248348788317,0.06496872045031869,0.08283872750454761,-0.019433181427131248,0.214477672799291,-0.007256984177405003,0.021386764485214396,0.01907504435801806,0.11753605875639803,0.11153258961491502,-0.05454711138517467,0.04755664720348182,-0.0662785493151458,0.009971280119033586,-0.014726766623325439,-0.040399978080594104,0.01469275918783157,0.008322824690916384,0.04171779784098563,-0.0946904029817512,-0.10995938681148225,0.05513489898913536,-0.008188991474791175,-0.045086788009060345,0.14167357581989828,-0.13770665478476213,-0.013339096425949513,-0.1519338098686366,0.20980629045548602,0.11276274447135998,-0.0425087390096998,-0.08766973199695972,0.03884772306566381,0.0899234312139081,-0.14489736536552866,-0.11710573048033411,-0.12853806091930212,0.07127122733286048,-0.10034167758836807,-0.20961584565466893,-0.092090030269217,-0.15550527552846383,0.11511514626762429,-0.07174296851130618,-0.05875762936486425,-0.11912692043431478,-0.15560901789392712,-0.01065020154035464,0.04911299269822897,0.028443219949051083,0.07762108725957091,0.052064806001256146,0.11600110269639076,0.06543100308077615,-0.16123573849876668,-0.1213534675051578,0.11614586008419354,0.08869895873656461,0.06585753731658787,-0.04837583870166792,-0.016278768024060898,-0.01857823492072421,0.03898517128576539,0.05898483843143535,0.05501866958367181,0.041913132014891684,0.011706811047411472,-0.09172950209302037,-0.025997202746995882,0.0016314815339323102,-0.10997165778818338,0.20433064893702158,-0.005889775467989707,-0.08339859742527139,0.13373517992548303,0.10813796886963793
0.012449594935434726,-0.08570585652022364,0.13653969592545362,0.01949808269615059,0.03414491347450771,-0.07961156086669816,-0.021684635940215153,0.02700844041397535,-0.04897160579767676,0.13673585844510922,-0.005054261223998007,0.13228636363229068,-0.10381712801216293,-0.13667116661171752,0.06620344445389302,-0.1373974772584025,0.057529070888044834,0.17052277469855434,0.11898586828184464,-0.07042879211613026,0.014897940391236889,0.038252601304932334,-0.19520360538821221,-0.12058462455613989,0.029400949847013264,-0.03073485405783487,-0.07275605670608237,-0.13803280839292964,0.0027389858217346094,-0.04667467849344145,-0.09301648652096876,-0.1088017123882304,-0.03746547480572489,-0.16231975906830873,0.04216924672119465,-0.03775759816963181,0.07274615659217046,0.050478363325925965,-0.0033494232147719015,-0.024465834506100136,-0.0665127948201403,-0.08312610690021417,0.11975824401145257,0.17009862072304613,-0.08684819376755742,0.0776170561925057,-0.04786143795379241,0.012085479896100024,-0.05336572602819718,0.10125427996060665,0.03711214953165804,-0.005836947490257248,0.1023396989713763,-0.12364927324297517,0.0408944982025843,0.04488334439298186,-0.04151657715814311,-0.05087064184531773,-0.0756716439597016,8.156238553744515E-4,-0.05004946744946451,-0.03198541515828471,-0.16405949292501013,0.029368381022623513,0.18142589963873007,-0.0013802901397095666,-0.15855851457545603,0.13686069223941139,-0.014382032944983233,-0.03330014916003901,0.1036254006143667,-0.10534147222599438,0.029195448109035876,-0.2743163610809468,0.013691629886130482,0.10424605141913464,0.15536970316511742,-0.08818091045097494,0.17012665880579933,0.014897875490328394,-0.15530884032091244,0.07292900508349458,-0.06140231138920906,-0.03708881195044805,-0.20316024664132135,0.09105762018958903,0.047134194572089436,-0.17354380237496797,0.09294377250033926,0.0813382415187689,0.09713649969577108,-0.054666216853916504,-0.07624407607058856,-0.07018441723722117,-0.02932080906377991,-0.10211719879085983,-0.2751877635687737,-0.16389055264188507,-0.028283596820874272,-0.03761874405383228,-0.04212215283007092,0.18001512239888257,0.025058407858683816,-0.05643331982415375,-0.07646209198021342,0.015336729848660233,0.09872895219981802,0.004970505349900496,-0.06896480785863435,0.03219682930470739,0.06087777941522509,-0.15962625771056843,0.04195386989351444,-0.11744454485506385,0.06635495946105238,0.01491750507063504,0.03770843362587128,-0.07541136131162827,0.019145639052885414,-0.10659301254078618,0.13810820146443348,-0.1243177817661649,-0.08101489060870631,-0.1330267652858752,-0.11187131596721442,-0.0041452350056879386,0.07507289378208169,-0.07435889067159326
0.10970109608889855,0.06126237497311084,-0.036418792894576314,0.04232597599623332,-0.04329102126150285,-0.027616707471351146,0.05047176734432005,-0.09695378062282109,0.10389418426151005,-0.01801122749425018,0.16996950612225142,-0.04013736481147321,-0.025595269121768467,0.031065857078929067,0.08886458302429688,-0.0679334695269963,-0.00466347260512503,-0.13479439009123942,-0.015476458579269863,-0.061171850080508586,-0.025448746607299465,-0.0036496062760029025,-0.1152776902988025,-0.0499556733846133,-0.11752930119242157,-0.07883789606574883,0.10488155384727249,0.18288385216969946,0.011028957926625713,-0.0767871331497243,0.2064536133263838,0.149141554116768,-0.08279480582635448,-0.1539317825834526,0.14439357912032771,0.10466239473788617,-0.017288531325785412,-0.1193716191715301,0.05426584795608316,0.029150223709792318,-0.019474376980079172,0.022369427177134908,-0.0021020778983535274,0.07393957857064912,0.02733828212953824,-0.19568053361009105,-0.14485913612004664,-0.003448154466227662,-0.034907890735393805,-0.02355752221875567,-0.06209268406847776,-0.1700691990860318,-0.014442062291460375,0.17038496422685548,-0.04409306655140625,-0.1588434501225188,-0.005182814986783353,-0.09173064341814627,-0.08540996059940967,-0.014397834269581128,0.09422860730210465,0.12489537989976289,-0.13394254559940036,0.12943776855558764,0.1599540426973286,-0.12545662519764753,-0.15019431494539637,0.031386306367046264,-0.1467054983310623,-0.053216567944546135,0.020709113199004536,-0.10109312821532183,-0.05440683156575605,0.11986997567058388,0.05574336468114746,-0.05144131688050886,-0.10638037069335189,0.018868783662990864,-0.023955111026413525,0.022275976431794128,0.023892305081243896,-0.07618925743726805,-0.11454477529347255,-0.10779603156115432,-0.08534393840924934,0.026435006554438662,0.0287900610111315,0.054878773310813825,0.05421449067001733,0.01276763039341474,0.16878941906635853,0.0679429456589584,0.058017051164142776,-0.05766775584068332,0.11398945400391766,-0.01299287547366788,0.10139289614221544,-0.08855083354216929,-0.0937722151586488,0.11388476410849116,0.08665313868246341,0.14853842194119476,-0.07580787598183389,-0.0025835349486932196,0.1319654757884802,0.024046588757780277,-0.09316255089292977,-0.26049596214117315,-0.16904735667181028,0.008324270199827507,0.06738646166797874,-0.0290345136937939,-0.04160183978477691,-0.12324035029421591,0.09845905779266305,-0.0493224667711105,-0.0236539461516564,0.0794056169125141,0.04077454532076725,-0.006747539892969516,-0.026897630955535826,-0.007907292166667888,0.19298504461949256,-0.005233548633084114,0.07821811084980404,-0.01864277556656271,0.09611575790106998,-0.04454282136848675
0.05363568827064127,-0.020843922476657218,-0.06268184201226121,0.08828827791868277,-0.008599895417470499,-0.0014531237561871682,-0.10667823098172743,-0.024019781689775598,0.052633615535680287,0.029794336061202045,-0.0016456575344485878,-0.070525318465213,-0.16262686291535103,0.08077099665846334,0.15948910900900024,0.01635763140634141,-0.01063051234024426,-0.1748485206358974,-0.1415276699193099,-0.04321417544678044,0.07220371264322963,-0.14968224646588169,-0.1380226766256223,-0.009467771582278937,-0.023047215450008693,-0.12470727034590867,0.15128543298033698,0.02224277798308198,0.04860882707929247,-0.0012353664190912998,-0.03716258024137949,-0.006519167460275498,-0.05230020408780998,0.012529112274009473,0.02422913714000417,-0.07248660661001335,-0.041301813685839774,-0.05497600194967489,0.1629306050023123,-0.004138422681756855,0.07285645161004281,-0.014460733562759507,0.062325693944772505,0.020336629414464666,-0.1480743922135843,-0.012413982950304483,-0.05169141914330584,-0.03158242923342454,-0.019982220894750696,-0.13300566225959232,-0.03504999979574403,0.031111529552236578,0.2179428982547491,0.1062524594937959,-0.17154133051138218,-0.07234221469485771,0.09198770447229555,-0.10715331553277901,-0.07374705398132433,0.10190957867957906,-0.069302606147639,0.11901876995946714,-0.13310807013606296,0.07343216626157444,-0.06522199086350802,-2.9607265321922793E-4,-1.6914702265456195E-4,-0.02072731725827407,-0.004823080033041554,-0.08323690263774569,0.051197965907583236,0.030722713416550654,0.05953969632161775,-0.048959495034981086,-0.03841919172357955,-0.1528845706054686,0.03809719991830934,0.03844447401827236,0.07480162813403744,0.05230159484608954,0.06770739073248089,0.03036674579935168,0.01853676673826725,0.14258632545358554,-0.03699125083453988,-0.07970462253899373,0.09470943599193445,-0.03520845425491331,0.0010782895072261214,0.0723995087976994,0.03671308110064327,-0.04372569464638498,-0.1556441039675785,-0.1215912704452554,0.13276085831793968,-0.05000025988766648,-0.019068732170196202,-0.11077754305871189,-0.024669832734263118,0.20304235648057992,0.09513462021050625,0.030315622448066258,-0.03225682934952011,-0.049111923679938524,-0.060120328121977415,0.15538974556278531,0.14297104196908014,-0.07889657081593511,0.15764475772733133,0.0349342105508788,0.07169003821099669,-0.0048138733668446326,-0.01425314619509056,0.00657705922861644,-0.0328754378741852,-0.05429892706859117,0.13589167662686594,-0.053733615097956156,0.021736490983415454,-0.012303321760065905,0.0617209940873627,-0.06091837382449155,-0.007002658785225956,-0.05004329687536794,-0.040557792891793155,-0.06727529463713389,-0.019378382594834587,-0.0782962223306052
0.02455739476553912,-0.007838470640597277,-0.015885050567937875,-0.046278466451631334,0.03718464351181628,-0.05379974689990435,-0.19387622607155283,0.0042857533116915595,0.10761858231270416,0.014102935150208553,0.059945764927589754,0.01997894908029116,0.02617297376874384,0.025342048188307348,0.058322222922618204,0.029613084379505883,-0.014450238587972208,0.10199327813479267,0.06962831182713794,-0.1166867685260242,0.15312311157875913,0.033919951425745484,0.08978736914574445,0.016205464387318406,0.10360056649218001,0.1204858398250899,0.07024439937592053,0.06851105212757681,0.021466213781305137,-0.006270145904621645,-0.09158459091530574,0.10953352938833291,-0.03765915210031597,-0.005411302888377437,0.26521765843648726,-0.13064499274752608,0.059546109575404134,0.028163515871260765,0.1323479110491547,0.10632791561868865,-0.035773894956873116,0.02448600574336781,-0.024387515813816985,0.2533153726571947,-0.13443288179888027,0.04618007598634241,-0.0939574657823646,-0.06396046556120048,-0.22475891299704578,-0.03802018795480811,-0.1634593726155759,0.13872836408918593,0.1498510075438963,-0.027140389327541908,-0.047576268404369154,0.13317144715747295,0.13602705869047202,-0.012262355025371884,0.00842098441398725,0.016417741011488223,0.05297546605048221,-0.022320081945821642,-0.06833775211140773,0.048713688065223026,0.04804654058530891,-0.11083656860174608,-0.18757113376534737,-0.04791567634283335,-0.24581978400611232,0.1082708894956529,-0.09906086733670345,-0.011926144598820614,-0.10826631358572483,-0.025120782151962784,-0.08924018211380266,-0.02316783061349151,-0.0819522423839894,0.05453034838217013,0.010850666856882967,0.01716018027852235,0.07642398878873496,0.08074261626906604,-0.09309586825368578,0.04343545144361331,0.05989044583560771,0.06981142322946417,-0.043217416299378364,-0.084676362843924,-0.021062355205489255,-0.08091165981767215,-0.21092041922087965,0.029308239704428266,0.1216610330589765,-0.09602622309318033,0.005508427741351898,-0.09991942587656039,0.14167626638959155,0.059918258459271234,-0.04163500166388798,0.13596410843363158,-0.004462319429413415,-0.14433082867636832,0.004917652685961911,-0.04509604493635575,-0.05728627165879339,0.0833869025816994,-0.08042072723075361,-0.04789895758006054,-0.194673116128624,-0.08940522589040768,-0.08930955448124253,-0.12583745893005616,0.02473098582874417,-0.143397938275559,0.061071344232654465,0.015276226253368202,0.1896143591137814,0.149977426370046,0.04967945812823818,0.15167626900428338,0.05134628915183869,0.043996911965239076,0.0751847471993127,-0.06253276788313797,-0.02503696009171435,-0.026439796664052648,-0.04916469835711912,0.10012260352682989
7.24576520370454E-4,-0.09993285151948911,0.09800413861964144,-0.11596681516459699,0.0013871846473070808,0.024327713540542487,0.028397902038196768,0.11749129013775622,-0.1355990865373525,0.036566411852659075,0.06960062090426114,-0.028563789921183948,0.15686157681897767,0.05130637588127881,0.029239038421080478,0.011504099992150173,0.08232878741338849,-0.11906403093093075,0.026190119989354065,-0.1044017012993251,-0.011252914930899135,-0.1622266324470724,-0.10541248134021644,-0.010882042511354377,-0.2100893329657221,-0.019258173477573467,0.18699963148514162,-0.004736866561953219,-0.02487366461138463,0.09896394191302385,-0.022724927416547313,-0.08037276645982117,0.038780402067161004,-0.035350219829503204,0.02012888847883134,-0.0032092692861652172,-0.023720798367892898,-0.09097821836556053,0.13553956687654567,-0.05862695970447086,-0.057752934448549065,0.17444397081334334,0.043929883591613886,-0.011945436684890634,0.0728507736684459,0.205801272682587,0.11454664913299326,0.028205163833881466,0.011392180154885564,0.040923491819625936,-0.02388423169101471,0.07245108454558548,0.0931261641477169,-0.0016643697852103622,0.09158730770272759,0.004477736399480245,0.08027353142061638,-0.02617295431280524,0.049142328771817574,-0.10616285246142215,-0.035989454822946666,-0.04354758383713264,-0.12324985169567568,-0.23162542926239937,-0.06716915928334836,-0.07807671558979336,-0.02172952925694498,-0.05035203814232145,0.12664299641623078,-0.05591908698887718,-0.11467177598684743,-0.010985712804283352,-0.014887921984710353,0.02225759487970127,-0.09719790857018391,0.0618985142896546,0.10214202545066879,-0.08637540418787486,0.07950481129641372,-0.27555067290376806,0.16627014172466162,-0.1175470049641721,0.07319174984330908,0.08170635582310502,-0.017615465375019776,0.0026794142730147408,-0.07813892957104716,-0.08634903561995773,0.03272252767446292,0.14588285774504356,0.054172746269828924,0.09494192743642225,-0.04309807856682912,-0.1384691762624242,0.1229354800437331,0.020014162694338335,-0.056729635212730674,-0.008563802340706344,-0.15137845297804836,0.12297259777082115,0.20958840413477522,0.03916327260684957,0.03185857719128648,-0.018285079048795012,-0.2189623898058929,-0.038005326400643635,-0.044901662471005854,0.08748117984086543,-0.006704468146669327,0.09726325377097948,0.1186893147800438,0.013896130095909388,-0.13440131069324335,0.052080634732963094,-0.17915695494918943,-0.03704996679524939,-0.15166049760558706,0.06328993052408466,-0.2032370530716553,-0.15228335768948326,0.012122790751494856,0.04494606243776719,-0.07097463066801032,-0.05077622728541767,-0.06532165788467482,-0.002381891653354302,-0.013699430785766019,0.10643234990642933
-0.024698967950127187,0.05713601208782206,-0.11033049483152331,-0.0036072470843077006,0.02681177367597288,0.02607454259319822,0.14034733165429294,0.056978141006619853,-0.12987960040008287,-0.04482915039573815,-0.00857614978936343,0.021579618988319862,-0.018849539333772185,0.12527433144607392,0.0786648302545476,-0.13531796991252537,-0.06359184510923103,-0.07035320345549093,0.08794180749672853,-0.09899333515224819,-0.17658012989461966,-0.02952682413882585,-0.10691917962333004,-0.13521025536830888,0.011298014618252472,0.024612797928930785,-0.019453957149140985,0.1637276264707894,-0.058963342861788365,-0.16909297927741987,0.19420977578028048,-0.04233649697438271,-1.3172538320925216E-4,-0.09358785330790995,-0.02127938024883433,0.053323326218237536,-0.16569970577751422,-0.07744503349825574,0.03562040693382708,0.09503402811341025,0.040478719768661305,-0.032164762104126304,-0.05605269140342311,-0.06888089383674185,0.11170926900999455,0.18173431596636772,-0.04692857229691104,-0.05610584330859019,-0.014497347637831648,0.10085690360863106,-0.06830574108548462,-0.06365931839855804,-0.06398455467451457,0.054212175566130644,-0.10542123115700948,-0.025319228944875358,-0.04180947253410905,0.020157314424969024,-0.007517744421162692,0.029231066768482476,0.046364577479724764,0.01731682225924182,-0.061540276677570095,-0.02446995601081295,-0.1598284169667402,0.10398566733207705,-0.002348654254463866,-0.1699588199414573,-0.01997367873237291,0.006374858516989357,-0.10874186545134827,0.06402920394900756,0.027243959139428408,-0.01620045246789592,-0.0654317725833464,-0.05535466678903471,0.05353742081273624,-0.09763138277225895,0.06324451454465578,-0.00752713352025699,0.046749229684246475,-0.029665291380215824,-0.0650624882700009,-0.26446729060395324,0.038568781705607985,-0.054936071318050735,0.1344192238179131,-0.11596260893043142,0.02066121436692384,0.03118526240945503,0.08608178238337012,0.18443002235229766,0.05607307172797314,0.006771088300775031,0.19863243970742575,0.01628082122324632,-0.128204508047018,-0.06884729974505631,-0.05759579500818074,0.044615583535430006,0.1122795264367919,0.051693433221947,-0.07991371964680574,-0.12246319661271407,-0.06411525144753892,0.14502068009331132,-0.06154805647958785,-0.1938531616147744,0.02464868641578645,0.05914927989795946,-0.12605476178453517,-0.0046374255161005275,-0.09670851178951378,-0.05156939439573297,-0.055273985482037366,0.03941701987972586,0.2906814241072872,-0.05044773654382036,0.13475336789488276,-0.05167529784382101,-0.028563973409993594,-0.08004659094505587,0.04766212210910268,-0.058510293626322055,0.14044728491976133,-0.05139360743939034,0.002947379770169039,-0.13998321950496606
0.036067899443037524,0.039110973224112305,-0.09019514398509414,-0.09575655879410586,0.0604569480634686,-0.07449682635758052,-0.10421081050198494,-0.010280475772232863,-0.031121432972977668,0.02307225382652814,0.09378996552127879,0.1837658370793599,0.0100188561569673,0.11202215224713566,0.03722342169657506,0.16053315125656353,-0.04208944807528076,-0.031245506687892062,-0.08297059944405154,0.09137051667798102,-0.23610930252443324,0.13405851580870504,0.03153219166671725,0.02809308746517757,-0.022231143262032384,-0.06690768947235073,-1.0503585751671157E-4,-0.11563411578680297,0.151804218828535,-0.10701773630739354,0.09647938583364164,-0.03937785860766604,0.015680077448745985,0.0063193641356197195,0.04569240674370624,-0.0672420522681963,0.13062619444118476,0.08772173982862096,-0.1812138822069758,0.0018411862445909563,0.09674377854431652,-0.13590738422353218,-0.02480267439795306,0.04814322591012207,-0.008581309562534974,-0.10280879505219896,-0.11425647499412477,0.06070251941713501,0.05727131603967317,0.02568874209111357,-0.09809281916314326,-0.03949173789545292,0.01800347834338313,0.038562044763437206,0.13509058855117942,0.06317887263823378,0.04670859814709126,-0.04679877768621619,0.01559907254629415,0.04114084003155774,0.025720165597536964,0.023946868509641152,0.06433997201836991,-0.08479674265611299,0.060613566072834205,0.07427313233700746,0.02962968197447172,-0.133192482173825,-0.03275188798004922,-0.013067103877104934,0.11633726936190104,-0.06596411667964883,-0.13869687501879735,-0.05694694978104209,0.2185822442315135,0.05845850683938349,-0.046015277762151384,-0.020401097799586904,0.030776555760144514,0.021420614376678318,-0.006017317878527625,-0.09772635122062728,0.05210751496347528,-0.0945307367179188,0.021061828185601844,0.028362833184211216,0.0765766676940693,-0.15278891292976415,0.05789246916181872,-0.006060083144423729,-0.039840352642907896,-0.10781226091977668,0.20463172757856282,0.04383313703392114,-0.0012655170676059593,-0.12253434415299212,-0.007576908214123703,-0.08607187782361812,-0.08704747705017662,0.0114640479605413,0.029269228088350425,0.05379212885587454,-0.06426103773705293,0.11287782708954276,-0.03809466736741741,0.07425766472661634,0.029093297566081422,0.04525230637184472,-0.053832927878295446,-0.11071865982115031,0.06025583720392177,-0.13007292636442075,0.0014672358308806437,0.038438671718227485,0.12559776421003377,-0.1909801866608769,0.005369174388386824,-0.10181982845068666,0.07002559990536911,0.1431101064854967,0.07585162961147802,2.66145036851452E-4,-0.1047897863150954,-0.009605839919238569,0.12343618380267549,-0.10667314105268035,-0.0042783630784670665,-0.05109156032368529
0.04426514481912546,0.08531786856790968,-8.293501264073615E-4,0.010834440831062055,-0.0737301510695273,0.06417934238550611,0.16529720823378702,0.06918714949569843,-0.02094716722407924,0.12691900754762409,0.0863345665628327,0.04696452738677737,0.0016751110460943137,0.050150189821409674,-0.2307329353980084,0.09268191680925793,0.09435240992544215,-0.12324591666474807,-5.956552548074222E-4,0.003208629082157177,-0.13074549026253385,-0.09107286285206759,0.03276259291936483,-0.15952350891846032,-0.1115974918452686,-0.06382029214414216,-0.10216769434221441,0.0024907881321361916,0.017069621634378675,0.014020494105960755,-0.030399392488742752,0.1898606530329626,-0.0425259423330532,-0.07882555288910223,0.17160991747233906,-0.060225212921345514,0.10159759959538944,0.022230233140654487,-0.20284034578696053,0.006287252648420652,0.08425136624160817,-0.15170226842789403,0.018109057301982447,-0.02944367191696496,-0.19235068756684812,-0.0987187004743895,-0.11148657723829779,-0.057375595086008,0.05771397892428984,-0.0646676615277991,0.08215025161473993,-0.05334664507470611,0.10682822633700204,0.07616414378209872,-0.03223161218643042,0.06664492038718697,-0.004122400055467162,-0.09938110348670322,-0.1665354452962987,-0.09507473590868636,-0.01321734941183171,-0.1547803413696986,0.004501252740174532,0.05157761219851921,0.11878068582604308,0.044736750604941304,0.13573779727228735,-0.09948033048678347,0.13067730711902922,-0.05199173665425023,0.03114664123596809,0.04937343737224148,-0.02570260860779238,-0.04533032845536769,-0.061485249301386,-0.14376738427257216,0.16506809395978242,-0.0581857372914358,-0.02060197209242491,-0.08833724059776747,0.04370496857948564,0.03810436697253763,-0.025081750504594744,0.04838454852688301,-0.024371680329295122,0.16540991703347036,-1.168407476450509E-4,0.15039122125612953,0.07516264391553319,0.06658882688537596,-0.06781930151903343,-0.015693283620947088,-0.07669643741220303,0.03385840226373638,0.10804187790416844,0.006635494764215224,0.1662865325687104,0.0776122393189418,-0.05735531388911863,-0.09367712021232204,0.021518900405455076,0.151772641699056,-0.16036654590716518,0.06343141573450996,-0.13346740280836591,0.06560408736915779,-0.05193765029408285,0.04943996557707877,0.0983323935664099,-0.0013391290618635764,0.006888181817891066,-0.001048789649173822,0.051506900819619734,-0.022728672029975094,0.24196330500742508,-7.750111993450937E-4,0.036985023091467374,0.11984523273814576,0.040070896472789816,0.08470118428233225,0.05478218930283637,-0.006383714583727506,-0.09149297894724132,0.09671909748876634,0.05040728482014952,-0.04397461201139938,0.004321825488903854,-0.10761624452669893
0.09397426287432267,0.13746364032079708,-0.047355728932929116,0.06298321991686966,-0.04006126804301214,-0.12790845642178675,0.0032993979931311788,0.023340574180188114,0.09469986935055141,0.12004527192427239,-0.06974044699319432,-0.01802551034124677,-0.05509397152004035,-0.209441383821504,0.10223625471668053,-0.043054486545544716,-0.19205535189815995,-0.03214686851156442,-0.15440620559962853,-0.15801782334492778,0.0985659190622427,0.09566788080030728,-0.10641291219357242,0.0994730292884294,-0.03922928545804832,-0.03462847796460725,-0.0749253751139346,0.15375086014034403,-0.058262821686413946,-0.12154021250608,-0.10963586005402991,0.10826238787149049,-0.11244548437400725,-0.06331972562679254,0.07570265207386642,-0.1522343782250253,-0.11897468568424507,0.16264882871758135,0.01703538012353357,-0.006633012169924077,-0.048193534136586384,-0.020337067307657768,0.09617063456817306,-0.03076383472921009,-0.020937734003945958,-0.0655856177228403,0.11323521880628486,0.22362423832973427,0.008615266256070314,-0.08712492971644016,0.042370610486240155,0.13560754612664727,0.11115733263446279,0.08705034863184091,0.03274211528852317,0.041306852189696416,0.1706630314194911,0.041254533131406146,0.020049732173834413,-0.03286271277774776,0.153097168002922,-0.10163180549192545,-0.08446301395287772,0.00938642958150631,-0.04193610989067946,0.15925980015533325,-0.10824228749882758,-0.03715457816307518,-0.02557065089609267,-0.07898023322844917,-0.013495232798005574,0.06700293525530708,-0.09965615203821568,-0.08769707736190462,0.04241950581783228,0.02776630806132183,-0.16786158112585817,-0.12472108363065856,-0.09754612778324376,-0.10029777182788432,0.07391735823433908,0.014905934784663762,0.018659248571079624,0.09310175305555587,0.09371054819824744,-0.2263972372889808,-0.08969081348900608,-0.143306343918621,0.11683694011143075,0.15573267055824974,0.11899476414205926,-0.06446083315045814,-0.16144286100900074,0.06490121286804036,-0.04457273708434591,-0.09925269835383434,0.08126972945044596,-0.09109372345247542,0.07782080797805714,0.10435166372315342,-0.05559738656527347,-0.10246960890716507,0.04264647523955374,-0.16268640842426269,0.16221668654704913,-0.06346045543575007,-0.0923547967386265,0.013956683832641023,-0.06936529245279908,0.009058044987944547,-0.03059572194679753,-0.1107310871763338,0.029694016128854746,0.11063151780720039,-3.8959137120184043E-4,-0.02962791980648548,0.01383708606324262,0.12502053612245678,-0.03016301099788601,-0.22824140550301908,0.1378582456789248,0.0517143075783118,0.04844258201125282,-0.23410396206773212,-0.009085740369341712,-0.11322393879460396,0.2471993749229468,0.27330108408374054
0.020443999825408798,-0.08558242536977953,0.03297686254061445,0.03206323606800713,0.11238037667103025,-0.016971678065673686,-0.12637275272282467,-0.06771181224325153,0.03772096696043686,-0.06655892273097123,0.016176492361044216,-0.017557867760608067,-0.013323289806270958,-0.01564077561951545,0.039530053971082245,0.07333435689526925,-0.06809142606120507,0.08802076825243049,0.01701600582774287,-0.03261193628881033,-0.1239359672689644,0.020531993606864554,0.07824068653595662,-0.048740308257893876,0.07942041084514669,-0.06780373245124052,-0.08030830785568861,0.1294471791307851,0.04734758551205512,-0.09605420288975028,0.2024415347847461,0.022636986600902773,0.04891593003257972,-0.028118908574352536,0.057780117233932136,-0.03078937170517402,0.05996231915462277,0.11185384455394212,-0.1068633965454172,0.06625142447634211,-0.012662612512791549,-0.08338897057404424,0.1334034162199708,-0.07423832713518608,-0.04706041464864135,0.10534247431294823,-0.03381337742113312,0.11782042191997247,0.08336661853582526,0.03537408530580401,0.16870091812208196,0.04068218353596451,0.12062033291481354,0.01942395304088917,-0.1208866846466656,0.09610669366214988,0.09169903055476467,0.16380912447800824,-0.1905273917604858,-0.10710312302273908,0.03902018735404629,0.06347349018074643,-0.2507675937881351,-0.07933567245202366,-0.06061810587853826,0.0705058622099624,0.053779807078397496,-0.02303083476378723,0.017597929326161388,0.038507139721338415,-0.006670264713304569,-0.15020213901465163,0.06835584694496315,-0.19868421236562653,0.1313399993846573,0.1663851369006646,-0.06875356326904294,-0.03899518753425294,0.06410867102869852,-0.04106526998198212,-0.01955615241825267,0.03490028727451884,0.061617008818724214,-0.09067787878817157,-0.031971927143638106,-0.0010624840924917819,0.01745614074317861,0.012495584519723208,0.018879359050620735,-0.05006847136001235,0.09840610123021763,0.05394379506316917,-0.06146800791512077,-0.1111159564238821,0.0541177167824579,0.08319164404097605,-0.021771033486041584,0.07840977390153514,0.03310482546859925,0.062353341138533525,0.08601501319930335,-0.18498125289392475,-0.015748023001648855,0.046599000906439834,-0.0757468396494602,-0.06846257905656748,-0.10021409650409763,0.00590098117413671,0.11148097205500622,0.034104427810077435,-0.14307626432014403,-0.1338168847255839,-0.10589587391886335,-0.004041928544390175,-0.03746505612907255,-0.011774679101974472,-0.04577902954538427,0.01285108996804067,0.08284389449066797,-0.049247790184649615,0.03710693867036225,0.03179286223871536,-0.042704442671844575,0.17911018325530526,0.07890897934818689,-0.2098414150243233,0.0011626465275160276,-0.07326297097406347
-0.0038586569297576973,0.021975951910025517,0.16781155747730236,-0.03217968816263586,-0.0025975223718308032,-0.017210261403540577,-6.030837737708386E-4,0.08271919002510367,-0.17536318258529668,0.12717511921045316,0.15405062409455342,-0.01645115426720648,0.0969598130767269,0.059085498510755285,0.044087628012651064,0.0467460726322273,-0.1875238824466858,0.06420878089744296,0.12431990936014145,0.12708316656144644,-0.04271552708028399,0.05492886895834839,-0.12355750970607077,0.11370460412675851,0.052787923288215126,0.015975536320907452,-0.012831312703695624,0.0733334585160609,0.09690062997737237,-0.11709898392841807,-0.07959814252262394,-0.05118596061220064,-0.052966990048828246,0.046555863941796796,-0.02882659017105237,0.08886420031380265,0.03448480300871178,-0.14359125743452955,0.03020007473279782,0.09504116433026702,0.20327771196957692,0.19787175335790524,-0.018040173886342555,-0.015415952425253775,0.024581858446358705,0.04491402199958246,-0.021699527686684,0.029369844947569813,0.0633390231062336,-0.13591288217955802,0.016282385516580497,-0.14358493555641852,-0.05629260664961785,0.02948965134599954,-0.14394622636123464,-0.0365499985890355,-0.10397463845411929,-0.010780934102010142,-0.11664427810076539,-0.04022764049747466,0.161605460262521,-0.09335809664471346,-0.09223104828427162,0.12953117056609403,0.142222284640326,0.003724705748323398,0.04956893244441424,0.05580526681215639,-0.010358038559801767,-0.06365325737395638,-0.0365279285569234,-0.10293166684487827,0.0261760418443999,-0.06407316505387478,-0.046301540052209565,-0.06666281433640305,-0.04229778570540029,-0.07920046919723854,0.012985970133586293,-0.044540017679111144,0.06127597820465937,0.04236265495714226,0.044499613501618344,-0.010473772817952852,0.03132614075029463,0.01001212678963452,-0.004211720936024314,-0.033661667853127124,0.11298694930633822,0.09723249446376778,0.07574036603870457,-0.023127740949677688,-0.10996849935111648,0.07904117219853674,-0.025648937070911086,0.08746899850499566,-0.020823245993442756,0.06766815674587388,-9.539236786187924E-4,-0.008363078812811427,-0.14413679916170732,0.008967330815328531,-0.08473159560164213,-0.06330758228990163,0.15226822058748848,0.10510936503512655,0.020353225646752158,-0.04121652161904231,0.07462496470995,0.06171394461885987,-0.0707004336951408,-0.12973394386613657,0.07713025596386054,0.08229099526086665,-0.038091565118682544,0.006757073689343859,-0.04745293966322525,-0.0353702314571304,-0.06971282614409233,0.06278554463388332,0.18703232096804806,0.11790184695638409,0.015284874294913636,0.08724436341850268,0.0413040634456685,0.02190972170022392,-0.05751611076493923,0.044143460486968364
0.03695520460521285,-0.09534250819149648,-0.10854678179433802,-0.032832212786570614,-0.05195038696701066,-0.13298015071671163,-0.09870399523243045,-0.01695668179257155,0.0848381778624747,-0.036270171026404396,0.003456550078612745,0.08620405049592196,-0.06253609531822044,-0.17081659770310983,-0.18329161592736412,-3.1786658120043325E-4,-0.24483970026883228,-0.08565811014646883,-0.17451797767685107,0.0715689580284897,0.04725972895431302,-0.024388186428372118,-0.1610893100294487,0.145051293241846,0.11075628498790557,-0.20269210681671682,-0.0024343295463199067,-0.031555269181816975,-0.16911316072254456,-0.22683504418068734,0.023101989708518927,0.06345003974591354,-0.03165743299176475,-0.018194145053737457,-0.05109379437317474,0.04240795502653195,0.06860847048230494,0.0734816442609008,0.09025978425639666,0.10307102810603497,0.12365705762290646,-0.19794966614501658,-0.020378478908232037,-0.10946369908978974,0.04638963837028137,-0.13364550074705595,0.04498531800687102,0.008624301446568556,0.019852561739593554,-0.10305857378797792,0.026867968383180164,-0.01826473857582775,0.04557350324014049,-0.09694016257738035,0.05053600214626692,0.029940354818557287,0.041845639464605004,0.06404762659349394,-0.09601824457513167,0.12499223132237042,-0.014135834360731778,-0.016436530050722244,-1.0694212072234104E-4,-0.06862249599899917,0.16583832871057366,0.04005891026811937,-0.06451266064298086,-0.0660621839486811,-0.08963213959487613,-0.06755251018448583,0.007811283497657785,0.03723643376539143,0.011014112644675708,0.02555691561860645,-0.03871945565449179,0.004047157281972467,-0.0024509990122715073,-0.12473219671592724,0.11159536594153233,0.10512030425421152,-0.017368209515599912,0.05940998087676757,-0.01110478894078129,-0.18948898459130448,-0.026943190089033935,-0.1274117186916374,-0.051268868874945576,-0.15762688659705296,-0.0032591772982028147,-0.022270769094145826,0.254682722764328,-0.01944503986356688,0.10873514707050795,-0.11234254633729797,-0.03555293359536507,0.10127274480057331,-0.025912783655639905,0.05154583932097651,-0.045950649237426165,-0.02444873136774774,0.0973417355960341,0.09848909682912538,-0.0692538979070898,0.011290942521345548,0.02248699460805472,-0.03254139896166661,0.199285013375761,-0.25640878773782494,0.017070374622563084,-0.05662303462382573,-0.18293482649196183,0.15417896960892172,0.09577585599445711,-0.14669556251114235,-0.05902717591597261,0.2099991306548534,-0.06609277931896432,0.036207619690090856,0.005953352692784268,-0.06778588870700672,0.05354659518489034,-0.06128559350812182,-0.06441622517289719,0.023593412031588584,-0.059867448249881744,0.090437399259055,0.059980165095555454,-0.1568750850706482
-0.13434208951827004,-0.013147077642858596,-0.0011327312511330836,0.10730351200822795,-0.07963335825998447,0.017378196234588618,-0.15195772258647078,0.022043209791075703,0.09426619802521645,-0.09037001929761931,-0.15308291274255562,0.12117017613652437,-0.04448267483983557,0.025680127124409514,-0.006787498225809294,0.047735348669725994,0.08389337007629441,0.052923469634568246,0.024305700815605222,0.10959600053832387,0.058738359792708764,0.0029638277146783326,-0.05636496155350973,0.010896985197141558,-0.15628190420159213,-0.06187371506691691,0.06288045570177113,0.08183233548341659,0.023217604877639495,-0.1276225791618221,-0.029083847403504275,-0.14507616614581068,-0.04637424116760833,0.07088303952546696,0.12759408274712772,-0.018542051528887084,-0.025989111611927393,-0.020191039125852905,-0.0033806194973712038,0.013901552280507372,-0.048456011095220866,0.08259467853097133,-0.05412913335324827,-0.13881874512346032,0.07633524975071679,0.04670066006006027,-0.054829967541551505,0.24827083212626067,-0.022935910704686206,0.06752926929341117,0.07808579269695616,0.0265010923387672,-0.0696326549366027,0.1314207421714934,-0.10825177369697571,-0.017453173666873923,-0.09275109576936436,0.029485096471225818,-0.05203194097211781,-0.031151108093367196,-0.09979779677418743,-0.07099152091586731,-0.026929163670320982,0.0781874794613467,-0.1037173741910326,0.015529351845624179,0.2518858874509071,-0.005517520108023901,0.14134444579838815,0.2511462918131021,-0.006948952014552862,0.06096247092719261,-0.16846461843131336,-0.11373762426203882,0.005370723597931423,-0.10863882912043084,-0.14886293548514673,0.08015079671049562,0.08844489053163676,-0.06981689827449247,-0.14453909223793832,-0.11580637535094516,-0.013784675315028186,-0.01659322994723431,-0.024183585346579578,0.0788484982910459,-0.048022863129359626,-0.12862759452222428,0.14977426973111405,0.053249661970425154,-0.020362380207713273,0.030929908744044676,-0.026626894406066238,0.030174876246910426,0.01961231886795898,0.006419597700925783,-0.07745428251719956,0.03974610497867004,-0.05115968796606673,-0.04071784655638999,-0.0449451049734828,-0.13602370639006506,-0.042154848134028956,0.10726199537667229,-0.021913044461395075,0.043258296835834,-0.0244074601434848,-0.0986451339661494,-0.025509189023910306,-0.06308093123661797,0.11497322838400728,-0.18476693080713016,-0.008291756378751663,0.08650173620263643,0.03399955715054423,-0.014769736604694854,-0.13294449057744837,-0.11560614778219025,-0.028368965928745563,0.09055347919612203,0.07406296261650636,0.013614733970411443,-0.08018944781179906,-0.026690838697273577,0.05692538314224568,0.027835375186825276,0.02394220873229844,-0.022545190147326352
0.07138105511530718,0.04903401331561824,0.056736144235422975,-0.0012440364025382775,-0.02405297039210413,-0.0036801582937619178,-0.05421925573443067,0.0020075177694025502,0.18236947865600023,0.02418631721218335,0.07715953692106511,0.06122067039480999,0.06610955663463851,0.15627456874787174,-0.01298385977297695,-0.03748796992283326,0.060327887206153764,-0.002839606691815733,-0.10869456904214672,0.10258881104799493,-0.15065740092868807,0.10987227125009524,0.06104003102745232,0.014995109183377686,0.11101365073888533,-0.06125697970505248,0.0040296642157685025,-0.12110935858735174,0.05809091264395443,0.01799624982542151,-0.06860487919751777,0.061589821342857926,0.1480997761563102,0.12092940007281326,-0.19650477151751655,-0.12607651376470744,-0.16047432132707057,-0.00232836419786657,0.1340363188454371,0.08015718529683959,-0.13739548093079454,0.04462061189311139,-0.03466248565315522,0.009273846630089282,0.0017696535405397657,0.05949420990603112,0.08666070383261348,-0.11700847984569558,0.05500974707648388,-0.026307109433104138,9.010001650380372E-4,-0.008519502171204509,0.12524737652709517,0.0342824536933495,0.018046465979662515,-0.09481446038281677,-0.0650550522127231,0.021829382822564337,-0.031956973266545514,0.0033808536958593784,0.03120227660954145,-0.03695546296535975,0.01501601286241222,0.22377055611100136,-0.24018117254336585,-0.20211288847676287,-0.07555824832892263,0.06255281244781609,-0.0596522693412249,0.01016074721220589,-0.08116664033730145,0.013979616597513332,-0.11469303637752737,-0.06512529666433713,0.1513753033433295,0.002429319438840133,0.0013381186699426301,-0.03887153810086744,-0.034332003929458045,-0.18923383116695464,0.07414313043228667,0.0025930445486652834,-0.10721098933234116,0.07549168818170564,-0.11598195732434244,0.1608480641361353,-0.052021924048927436,0.013918606988365603,0.13681564840846405,0.02773599454644284,0.2632376811791397,-0.018812245427137483,-0.021597834222632513,-0.13918704166856874,0.06609291062214726,0.05042562257664926,-0.007232855093933486,-0.040846680577617,0.03175871888906779,0.008669250765274495,0.18654110531299767,0.08056980986195753,-0.015623235189346085,-0.02513520386385836,0.02056688422320807,0.021746667829912466,-0.11983823217136041,-0.04492617768500216,-0.05579105733018547,0.02836278750086308,0.09379168794695802,-0.1860527107398892,-0.10574749246334433,0.05530792217337848,0.22547110495426972,0.01978436531882519,0.24973098730913104,0.08999633205293325,0.1196052382253915,-0.010185324721545423,0.054099137669220455,-0.13617879113980894,0.0818688511581678,-0.002849366572865891,0.11113317855462915,0.054404425607737374,-0.04495562239452583,0.0337121548912969
0.1362823694173697,0.07233003631555392,-0.026358391052786166,0.026568380705217234,0.036496051001708794,-0.036404640266366126,-0.07926732248099998,-0.06178569042105344,-0.06351070430412309,0.047243613094626914,0.13976431565894262,-0.0648439495511999,0.07886178526789404,-0.056058064684544426,-0.08458088864513605,-0.06026254471453747,0.11597855943326123,-0.0032244261746806843,-0.03697139462871264,0.08545172749217389,-0.03441375241851617,-0.08530647423105202,-0.0786810071463579,0.03221185155248718,0.10405971422046294,-0.029431141442438736,0.009565901398472009,0.009796864189280963,-0.008124268595112599,0.06763608211727844,0.11907321334478801,0.0559225932845397,0.053765565804327106,-0.01799218584840891,-0.05858696616788954,-0.014614206799896563,0.1525381101485243,0.045223468754044385,0.03735608196485655,-0.11283554888663644,0.0697991268659505,-0.14473407060020516,-0.03822473783687415,0.08411557405112893,-0.0864922930659285,0.05116599603999374,-0.05622968401307616,-0.006348442575349434,0.12547629494535628,0.0340950135001431,0.014308142560714854,-0.14862440942140187,0.061165408137576614,0.05419025096346877,-0.0013111133395162563,0.013231571710435538,0.09386354576088421,0.10711921519431017,-0.04044235111758698,0.06830684055151306,0.028466438873876218,0.1322571325440804,0.059916005262699426,-0.005317558160449423,0.005830917383019507,0.038827418929294796,-0.2199644815549817,0.03984863637870791,0.05846276421008478,0.07105917246198942,-0.038308157732375905,-0.0978292876644454,-0.031279986606967056,-0.04133467020890576,0.09620230412312708,0.015466061998142941,0.06598483551236588,-0.0713385410341639,-0.1262737001585731,0.04986344982658349,0.02406295360656979,0.015155279728923304,0.040573898811281234,-0.09922947665088651,-0.04112218833101533,-0.04702609027707254,-0.07997194870788915,0.04487847169744702,0.09553982298606183,0.007952304213066494,0.18760236189558213,-4.893272244487698E-4,-0.05694745860886649,-0.04685084120968351,0.0458758850982567,0.07630350486404698,0.09946033803387658,-0.07624142038041977,-0.007988230564158908,-0.04485139387317616,-0.005700367212701032,-0.0751322078415088,-0.03144584538791767,0.13966741759872836,0.035773581969752596,0.22734497596469788,-0.05419735210630459,0.012437877411506138,-0.08488372760138725,-0.03270033004236424,-0.17382657192815032,0.012033021876353113,-0.09893552874164663,0.09726099744676112,0.22707416236770867,-0.0502461342268022,0.20638016226109182,0.060067633604840624,0.08887625594929208,0.13438847666498166,-0.08309846935709789,-0.04791666879916474,0.12647604089930164,0.0048352478224920935,0.04278585515675878,-0.1781914315747089,0.15173073802073558,0.02421429208879504
0.0313640881944463,0.02681289337595215,0.015909760922229437,-0.051770023414806146,0.12101132513136405,-0.07209818400247686,0.009129303792931365,-0.07611714124782377,0.12010274099069129,-0.2506810598014382,0.10060769699127438,0.053996159586756215,0.18729505659255996,-0.09878053772028966,-0.0057671537235468116,-0.04921336172361689,0.026567955104376914,-0.05314234447247966,-0.06672316454173136,0.31810154599375756,0.04359498465327426,-0.042245061929512676,0.017755201278086406,-0.00804889374264341,0.028671070347095248,0.01155666715732628,-0.008963870472607893,0.05073349994637476,0.1162870147903738,-0.08699206910166751,-0.04693686848870533,-0.07831918927007994,0.17386089320501685,-0.026729387748453508,-0.16179396568618215,-0.17597907377722033,-0.04930634087607898,0.09406627499642366,0.03697250921975157,0.1070121255811151,-0.11590616487455944,0.1408351997411113,-0.026507232294382316,-0.10470903812062064,-8.457428971731184E-4,0.031045730237571196,0.06789988272385981,-0.04184181282088627,0.13788352196331732,-0.0722377253160786,-0.1550907092010429,-0.1235622582729099,-0.12534146260667103,0.06807182457787242,-0.05406604768269754,-0.06837686429215141,0.10685867949651193,0.007269471821477462,0.018893659156582414,-0.07252546526917672,0.012358492922061575,0.029103177400518758,0.040366398587029687,0.0863714185663017,-0.021121390962263176,-0.0772979774887281,-0.03136721557763194,-0.09657333506411822,-0.04462792170735093,0.003289091933276955,-0.002424300441409311,-0.13917085282671,-0.09610545955101896,-0.14752481349805893,0.097636311525629,-0.09922706396806498,-0.03429956216188096,-0.044925141333878704,0.08096844240431404,-0.047555051801005,0.14016788169824557,0.0054767435056626654,0.02299050533137468,-0.05741788256507993,-0.03908465550822474,-0.05121546577968279,-0.07550196822151381,0.05125953326652724,-0.053045843272819616,-0.010819955532815957,0.017431554445226392,-0.03254274573548295,0.02039035943666568,0.15677452568403974,0.18999261188548622,0.05958589980520486,-0.061205139656222006,-0.1428744668379877,-0.0669375562172449,0.027157854854583028,-0.03186803522935417,-0.06179405281929981,-0.04457339710209106,-0.11840498053141815,-0.020882023067007337,0.06921094792705754,-0.14278456664400604,-0.18436783285208255,0.06236521851989298,-0.0491470006058819,-0.03378054266075514,0.07539250878140298,-0.10524526896472522,0.04951656970944469,-0.039993085814298834,0.10381571691577379,-0.11725351242310456,-0.06749134459587167,-0.0623398603827513,-0.09766726110850552,0.10061718120791566,0.1307099081384166,-0.0747904885627511,0.1625148040495502,0.018615111637511284,-0.009587193720473655,-0.10803232213760845,-0.0731732204305289
-0.04850741730163329,0.04376289631890301,-0.07089027392229105,-0.10171076306713668,0.017058233942802096,0.01755758718484142,0.025651081223211265,0.062432568791901566,-0.10464715478516542,-0.10238412078573306,-0.14540785228422437,0.09694368653235698,0.050731810061041535,0.2579427289342053,-0.19146432459307328,0.06624565100329699,-0.12907342055821816,-0.04699576878896516,0.0943498357048715,-0.05440818436188882,-0.06773322333896942,-0.206437220638123,-0.0919710452827593,-0.059108955594254664,0.02295086014141059,0.09023936059863516,-0.06607493146129871,-0.04444341630586431,0.05606541144263421,-0.012573428162050364,-0.060564319180916426,-0.04685485203502652,-0.04984688623650761,-0.008703199341813836,0.026233875769391034,-0.011691323198046718,0.13894952307338837,0.005021599516938816,-0.05398107526790243,-0.07285881361432862,0.10982750023597804,-0.08218138257145505,-0.18700604307335672,-0.09132871660322056,0.038611896854347544,-0.1275671430342646,-0.07726425028537368,0.17782283976819213,0.04110597960322893,-0.05829788307272732,-0.06417921198408869,0.1617422700671605,0.06702734374774406,-0.1213515256671966,-0.12280356869011552,-0.16904721151929325,0.15192656360068815,-0.10786098181349837,-0.14702888993394647,0.0287756737035418,-0.0606590768366882,-0.06806097287308299,-0.025893553884687795,-0.10968441427527383,0.13050141350661648,0.02714509796069062,0.011342066773111914,-0.005576723105850511,-0.07352232766692923,0.012423071582230116,0.029042996194107357,0.08932688902816543,-0.04549640850753707,0.0015871187858928814,0.08890627883719007,0.047060925323370965,-0.04906751710438045,0.1670026495696404,0.10990269851671847,-0.055250417786237176,-0.05386192311542983,0.002293909498710902,-0.02570214215388938,-0.014790557708802375,0.03184415031296031,-0.023434382412148153,0.0791668571699089,-0.010817214122654463,0.10704856657702716,0.12521225459643467,0.009542657674786747,-0.08645726462839767,-0.07477507842977665,-0.06654429696900858,-0.1310689790392206,0.0719647897843853,0.07409269388161716,-0.01096830785624556,0.01878890853573712,0.1547049685734856,-0.04193017560128392,-0.17938598025493022,-0.04178017269797842,0.010913195976108956,0.21904216463127077,-0.003470875305637802,-0.017478459772730704,0.15956016683096005,-0.07983928849841898,0.019370316814472103,0.08610634533865441,-0.18362240151966652,-0.019051545817715166,0.010863107887803985,-0.005793998691913296,-0.07565643733222376,0.010503122000829219,-0.06286652189092608,-0.009894626908695157,-0.10669523355448739,-0.08637789612866455,0.014263399744260516,-0.0733892324307018,-0.023778785960728285,0.1536042565458208,-0.09109462709267799,0.05369945356482466,-0.18223518098861935
0.23239605459672802,-0.02693023356380737,0.01944016126634543,0.07934522052873204,0.008358641973763865,-0.24088350869087574,0.012431258313403396,0.021670460106788084,0.18318243052533553,-0.03697753699219948,0.03198533433392791,0.0806261926079142,-0.1914997896269093,0.007150420960781464,-0.0816978575677935,0.11749129848057768,-0.02956169868701402,-0.1318324103277261,0.012822270321977573,0.015181539730541961,-0.020982381310688115,0.10172367843190451,-0.15557311859823492,-0.06365166033482282,-0.09216945236465787,0.006920608347537125,-0.035899152759951085,0.08551173398991788,-0.15307231691286097,-0.07140322275036225,-0.024560653961724976,-0.04470910385612668,0.17511105861179263,0.10648798734869167,0.14565202030627475,-0.028087876372318785,0.04022129393756518,0.04826840158409423,0.11005904870313782,-0.08888317034315359,0.11460780279048395,-0.09075381651736111,-0.10559414351960263,0.05609811642566764,-0.06585246503225307,-0.15551075881819656,0.08746335233368957,0.15962681916564567,-0.08746549792087152,-0.06849406974025578,-0.04664586477414954,0.04382635800909566,0.007663017473456526,-0.09219062992400642,-0.016360967582915276,-0.07736307194711813,-0.2511275577070808,-0.12805543266915867,0.11251361742614528,-0.08182624745492939,0.02087197541272025,-0.0023294306914847535,-0.03304679631608159,-0.004621248565188033,-0.007513313392260133,0.16927732266045192,0.049134843411974036,-0.07233813503567722,0.11491053679654228,-0.10950071446126616,-0.17316197034424452,-0.10956186935195635,-0.02596055525565348,-0.08876421855137037,-0.15598582244050457,-0.09755578417174199,0.09361535260593021,0.07617710009739152,0.14365641429345444,0.05129756838822586,0.07504673174503648,0.04499982716895296,-0.12526116321916797,-0.10445330996406305,-0.1196209776717945,0.005998116867971019,0.0019350527268947315,-0.16833026756415356,0.08817323999345773,0.10945767673124777,0.017084233389135985,0.04637568308819558,0.08389352214671975,-0.13871161065356497,-0.06671181263778825,-0.1972849877187686,-0.09524057933584146,-0.0061884147550126545,0.04260220829626094,-0.013335473106772355,0.08416957137222039,0.16930484160748943,0.03683423747734874,-0.06309148553674336,-0.09294242705480373,0.03801076484343392,-0.023961314753727744,-0.10300507277401207,-0.10363383480245482,0.10431219644308427,-0.040017270476498654,0.02614891655725801,-0.11090339839916584,-0.09214524679324403,0.023785640253676268,0.060240436249646895,0.004151109936586411,-0.0206240110448127,0.09146766340089146,-0.07277087373989616,-0.04127872267263757,-0.03255629475876272,-0.15306004194897038,0.011558853899427068,-0.008655716422131211,-0.13833461947701506,0.08424368007487101,-0.041721257114802214
0.23054189332795427,0.027017295739621257,0.0024054102593141814,-0.0075716904282326185,-0.10683882436044259,-0.14146082466986676,0.05711615888857805,0.006030597480741225,0.11201179546075421,0.02235519439724719,-0.0020327763320542487,0.05464785088692301,0.04721049240478055,0.07238384024490198,0.07646783986681074,-0.049431662069050114,-0.044105654028759024,-0.2069127861891067,-0.003917259292284014,-0.18685755191225434,0.030652424872058853,-0.011507643907376606,0.15494739678079636,-0.011222492974560842,0.1014021795967575,-0.12091186090041524,0.07352563355600478,0.0688318820661276,-0.12865785600733717,-0.020716353424611745,0.014193619263963925,-0.009016336364720788,0.10644225238497874,-0.1100607937736986,0.12820956194324537,-0.03927862677307327,0.01755362207607777,-0.08632498313427557,0.2958780588333581,0.10136134974366273,0.01656369204994235,-0.0800695677799323,-0.04104881393655496,0.08083077424565333,0.05640170109789032,0.03402331682542871,4.108105443489298E-4,0.0646738086527688,-0.12006752068407725,-0.04503715560225862,-0.05710968866030646,-0.044057994232517925,-0.018730965915125904,0.03263685388956469,-0.03577818478200515,0.04110566824872493,-0.0011817219349080444,0.06676452333547594,-0.1649002637532624,0.15273086496374655,0.11190775439294841,0.16730221819281918,0.061776587142886655,0.05049031212954827,0.11234930705982162,-0.07340267807424816,-0.02860505811777165,0.04786564371088784,-0.14216856761636437,-0.036108442308165366,-0.11802669911279323,-0.031580425464347216,-0.08536515080174091,0.13322184311322224,-0.05478533276024537,-0.28489718805207503,0.06859554672150568,0.051611353710894536,0.025640817784662387,0.008428019637827576,-0.05004685855607625,-0.07241723097447358,0.22244221077509527,0.08327099420384348,-0.04244031516413799,0.15510070421068672,0.11689148744673836,0.1486320824196901,0.00516085472178281,-0.09284882786913438,-0.026024631850047802,-0.06157473828987953,-0.09531983187874818,-0.1509777895179885,-0.02773080297690449,-0.09582820913367363,0.13274303171778798,0.02318924894815822,-0.06564308634171981,0.03613022053073062,-0.12270449113333243,-0.011678692348582424,0.1603776808565182,-0.029283451987652073,-0.08792223622128,-0.005278662013180663,-0.10145812377579835,-0.17519067584150766,0.0848964069145219,-0.2517235965515217,0.03769443456074167,-0.05584270969500218,0.084079466884666,0.031006542127875562,0.18847364448701756,-0.03979903418585925,-0.15555979909798684,0.10406162873919822,0.01433513762861114,-0.14655902273178179,0.016970116935174893,-0.007077671200233218,-0.25792753008872926,-0.01388585236809873,0.056010358545401207,-0.0315243362497827,0.05864936164373072,0.03126490936203274
-0.06168381798434968,-0.0345616715821184,-0.07808315780944002,0.018172908717250046,0.018884263432652256,-0.08719525306002349,-0.04627944067620105,-0.17795173957064336,0.03890931735912902,-0.15565752209540948,0.15152589820563084,0.028131192442898287,-0.11629282429727704,0.2693486501704819,-0.01778923511963936,-0.08264220572179742,0.08672007258064428,-0.08022962914849148,-0.014063439785523263,0.09648388644540772,0.052356905429233255,-0.004526596503456174,-0.13597981205473936,-0.07055423103558119,-0.07108964015350043,-0.010969347747601017,-0.11064456096519569,-0.1568758275806698,0.168412974017967,-0.15709324157884583,-0.23485170140947823,0.08690385423984397,0.02340767680307371,-0.18968891307879832,0.03196819749127432,-0.09400461199413317,-0.06254986532602193,0.017844152748507085,0.01741679537369849,0.11731352631535515,-0.10281035493462945,0.1445920954388639,-0.004971214842707814,-0.08283151675174268,-0.049629874872406415,0.06712776278525004,-0.03609374716455442,0.020697581344246013,-0.002781252899441396,0.015911737194101848,0.0897298478644882,-0.011605350241734709,0.03896681925153449,-0.07803010613862352,-0.18522020356597274,-0.08547533808180084,-0.11294934760145614,0.004878098569202075,0.05232937857620715,-0.060414531130953845,-0.018699426132181684,0.002310826015326521,-0.01414262672046845,-0.035904423594294854,0.22831628760340672,0.08076299486673477,-0.08542778620742905,-0.036158682469961775,0.03272916310022593,0.05715973883515245,-0.09001201584440184,-0.021398634980412834,-0.12949188069439163,0.0065860381473446476,0.13124357182892082,0.04006285711640753,-0.07894975869024065,3.8066960869545443E-4,0.2083871399712324,0.12464606745163326,-0.004286849423154196,-0.18983922359984248,-0.17148620194586872,0.12396047767746102,-0.06594325957207006,0.00986426693786755,0.13409930934061565,-0.05401687684196395,0.12184318404663382,-0.09634940124002526,0.15253710748978816,0.05540399523128623,0.19078711535819073,-0.0629533230443323,-0.054980859553288866,-0.1413648312936647,0.10050633152234399,-0.13816117980914383,0.12113990259688384,0.05270206370071279,0.03622994477350245,0.03509073904555526,0.015248360518365943,-0.0822101383356331,0.0823314940264011,0.06230826677457783,-0.0058858554804244265,-0.1281842663517504,-0.16234157064211618,-0.10237533960088402,-0.0802755456656682,-0.02952698142803135,-0.021173858640411162,-0.058207590083604925,-0.10863599979881698,0.03526924775797601,-0.17668599348824218,-0.0793763321497115,0.06892953327241891,-0.06339052875559029,0.1342140842509387,0.11273543777880986,0.029131584391223767,-0.026110900344423427,-0.0030857630842669355,-0.012386472685535251,0.07320593636710145,0.15774747252725557
0.00645647940586648,-0.07929795295526862,-0.14160774137297524,0.021051113659817454,0.03158839617039258,-0.011327851750359323,-0.11814959295581728,0.09079990505089289,-0.05475700373459921,0.07917879425836223,0.18417486010495748,-0.005171604850702425,0.028274939030974226,-0.06115052256104857,0.13588815803300422,-0.012784389089779951,-0.06816014397600688,0.053209830337613465,-0.09111473257431724,-0.08386689376619835,-0.12420089712541174,-0.040984772906028984,0.033477062187427804,0.19882841886734764,-0.08487846008512141,-0.010178553100859435,0.026190014600471094,-0.09660837561734442,0.04555265671992431,-0.14615179215636784,-0.00929814380624446,0.05726608302553076,0.14257824346101575,0.07742499748449737,-0.20655417596182837,-0.021703485038980997,0.07786205008962695,-0.028074567788133425,0.05971192509827966,0.03577159944054907,0.14405398200703123,0.03620019114885566,0.0462755655359002,-0.1395285692448727,0.029193241596996333,-0.1596642808404558,-0.023481183759453166,0.10180606018480601,-0.07179751873983965,-0.11488204246143244,0.02101701311776905,-0.046610318384165315,0.2195764703455506,-0.06835750440809978,-0.08264304727590155,-0.010587955446619389,-0.09258260302721914,0.012783201501617643,0.041351560292438375,0.05567047328577844,-0.12791178582033882,0.02747331272701528,0.0738217573537263,0.08612922712689054,0.027461057720865,0.06441533648740347,0.11441695528386536,0.027682988381599473,0.049997155573212215,-0.07100402876122645,-0.05333001078147243,0.034117775321518315,-0.09122656190062658,-0.07946821571479572,-0.026184553754026806,-0.1647872160166558,-0.0739697646800618,-0.11562651421481285,3.9743500597722633E-4,-0.032553848939239016,0.07645735103926252,-0.04194411933318373,-0.08431468755424706,-0.09511095002165547,-0.0336628403624588,-0.0903187564412258,-0.0489816161025036,-0.05985002448551108,0.06582794390433017,-0.16850045055915652,-0.14285362772083482,-0.12054062572122659,-0.112480479871285,-0.09534528732464118,3.558967531682184E-4,0.0012075834143165276,0.07321104005451023,-0.0032220921778280506,0.045714908165807824,0.06930981701110249,-0.00607106407327978,-0.028040803218077646,0.0365162972144585,0.0718605547196033,0.003060158879674783,0.06649501461790758,-0.0038316403215048105,-0.11358331450652902,-0.010422241361059525,-0.0037844745330968704,-0.024624023775642184,-0.025756666792012755,-0.09550987300739361,0.04963752189690305,-0.16386285461326097,-0.026858315430557445,0.04582434392736153,-0.10252639411243508,0.09529537430357626,0.07683548583674459,0.14395498500925286,-0.09767509971035758,-0.1187054613444001,-0.0031617678311625444,-0.007950482755665268,-0.16481679291192866,-0.027555863559279362,0.11874444705254
0.02870036216348981,-0.07197313484977004,-0.041939861252783726,-0.09882764891056528,-0.043453563589836916,-0.13495656223352878,-0.0759021820365976,0.04296916856468983,0.04548672529165598,0.04913156013259298,0.1202750848249502,0.08915830565267938,0.004204654502338016,-0.17347243371342655,-0.07130660115071824,0.019994266487973908,0.06966956175422788,-0.1574472517409262,0.0019369146642449315,-0.022456496779514338,-0.013463023802016836,-0.1822687881979611,-0.024906312099918476,0.18607994986832924,-0.0689108312867368,-0.10011548032972814,-0.008466270141017118,0.14792914345604483,-0.18740182584230408,-0.1896467150796067,-0.04880037207467325,0.09286340978029321,0.10374906687213076,-0.04301215273017964,-0.032652032418984595,0.056850468771214135,-0.05393264658233209,-0.0015524495570871924,-0.07822176886575169,0.03905889749628278,-0.03953623028046397,-0.05384797950822912,-0.048599556168512074,-0.14580019808884412,0.045524407314181364,0.04240538969810221,0.03391682117312974,-0.04916586742918021,0.10763537855690218,0.05068618645228835,-0.05744311054833621,-0.042795374143626934,0.17348007744155175,0.030284975734646745,0.0245345217041106,0.056558570146993135,-0.09977611140572343,-0.12969820986546488,-0.21360399194902693,0.07156176431942494,-0.043859135184491436,0.08817177583095298,-0.009629068535041639,-0.001661561070435903,0.012449102532442032,0.060205621478083636,0.08046410796681021,-0.06840717424307349,-0.13458776778168113,0.020221237293463035,-0.10141620318052072,0.007663787155221323,-0.11925590720388858,-0.08456095618157544,0.023570816134258602,-0.08919676782527579,-0.2109902502292484,-0.08686191743423687,-0.08677883227373402,-0.025325141934523114,0.08402321498434193,-0.16363314123627845,0.05995246737414827,-0.11338475518869602,-0.12978271706704456,-0.05524141079920053,-0.06987958591736575,-0.2410662003951772,0.09578498565200833,-0.028091599808610625,-0.10270399241270176,0.003894443103165681,-0.1539177533765625,-0.08965216345183848,0.021926065279990185,0.019244193087481987,0.05182667168928212,0.14987005415373506,-0.07956259299772157,0.12221191137595548,-0.04347239751829982,0.0971334044386982,-0.037817706302529897,-0.11193031204946104,-0.11957469409102055,0.08990255471435799,0.042585668817830005,0.0736788970304746,0.030432302916126263,0.1555997091255111,-0.16614632780356228,0.019892163467686942,-0.12598902181584878,0.032352370015989465,-0.22124125321773155,-0.1193600093196324,-0.1839029869135909,0.25687237472312274,0.013760554143426439,-0.09022886503321742,0.054176615584651214,0.1446513465756941,0.03313882560722594,0.18726830267267236,0.040562702148040364,-0.17163380110930318,0.026197933611884983,-0.07700557668235278
-0.06693461431015515,0.07748024270873438,0.14875103242698934,-0.004433307311569616,0.07653563411144886,-0.028482723238304863,0.023208738584716126,-0.05257257684208446,0.006351315277091428,-0.10121567278507397,-0.2173816521296079,-0.10838294478427692,-0.10090138994646171,-0.09644283422840479,-0.03147488751206286,-0.04278907980509343,0.049527952299264474,-0.04821621832356566,-0.07768117955272642,-0.06621320089328916,-0.08958400724219492,0.13356312938155224,-0.07129863167798044,0.03887187613386395,0.08751688838600606,-0.02287504081691689,-0.14344333642746857,0.048226850237964865,-0.213925864791055,0.06172618351007609,0.06541006309243814,-0.058421064070491344,-0.016848735734160146,0.043025824891525316,0.09254200859266304,-0.023863735789139178,-0.10111308117802026,0.12107395256218668,0.018676088356997838,0.005689628516397723,0.013290032753933622,-0.018227338173633503,0.1910519934497684,-0.060451953409278274,-0.11635421453607592,0.11182380350854694,-0.02127611957440439,0.02143526602039855,-0.1285523264539872,0.1620308169476501,0.24651393950885978,0.040504436492110864,0.07712213754948612,0.015812998349931197,0.044469172438685846,0.13019959225820904,0.02693491858945555,9.986163359630672E-4,0.09059858694349077,-0.12011299584032792,0.13871503404282778,-0.059670103525467505,0.033093176399986324,0.020976002852427476,0.10472957650808784,0.13902022395523742,0.08782890279476153,-0.07168006868402267,-0.05083920999843857,-0.13629155456232595,0.010564341305180943,-0.07603015335153859,-0.07072404408332136,-0.040234428671711224,-0.06978644662578433,0.08304060975243943,-0.07979262075732162,-0.028173608263779404,0.12412102591049448,-0.09539077658990575,0.10669244618801263,0.01901651806986789,0.01148539208203326,5.978222270801364E-4,-0.08540189958844345,-0.003346512918941698,0.07914312759888341,-0.02553450481076602,0.0776096048660274,-0.08892775921769497,0.1310565071590725,0.14400878195761133,-0.19508204590190448,-0.12384928861018091,0.09524575229642802,0.01206487576285916,0.01751887198152185,0.0042658235689517635,-0.14127525408234945,-0.10161612776352884,0.08621409655179608,-0.13842851249987112,-0.07681449593969103,0.1460774429122151,-0.016857335327812445,0.11258438417640768,0.0233472525538437,0.006885475678114076,-0.025866212629997398,-0.15378002447995917,0.11794418958185508,-0.12888746475992224,0.1106060944174578,0.044001815267092445,0.14697183603721034,-0.06121694194634849,-0.01565654835334843,-0.03228828877650337,-0.010030534667372104,0.07093118039686014,0.13356942917698675,0.05243993095413581,-0.17203798166994258,-0.035925918989136926,0.060448546801910676,0.06846913615943478,5.201716369213594E-4,-0.0571955015257737
0.20041480027002032,1.5022567781326074E-4,0.1506438469631332,0.07953718811869595,0.0376026699685153,-0.04389076348720071,-0.08552237888929169,0.027326481745109436,0.013197075016569065,0.1384138941953781,0.027663025296662435,0.07322346809162918,0.049987253036006686,0.13562877459375192,0.011276996711557975,0.10945077268179076,-0.006269467002723536,-0.08215042658735616,-0.08875382786556052,0.08294432868948934,-0.1858633308590762,0.1012378306328071,0.02862417311574975,-0.16075685383211813,-0.13174010059980007,-0.04585013935931582,-0.16566256857026126,-0.062351973205905895,0.07723405986849734,-0.1332043031150277,0.04230541097554012,0.02669376929997004,-0.1243029096452663,-0.04861450784100761,0.05963251840609071,0.01132791797726555,-0.12379345574992921,0.1158293912240668,-0.0033143100643307855,-0.12148943295615715,0.07624985623213688,-0.05099696760114107,0.036353949810908455,0.019233130046388623,0.1347028589376955,0.10514737804360928,-0.06281354372488701,0.12468733675773339,0.09430099342237842,0.13179606666684346,-0.026734175038420908,-0.04666056795646344,-0.017182365143395353,0.03416126421293336,-0.23968694203235905,0.059096518699208456,-0.2273512834736884,-0.01771474300725561,0.11361568714178033,-0.07234147915019944,0.06104175771624196,0.011177711326297933,-0.08995108692057546,-0.12300583961796271,0.12540956631413785,-0.14148120680574222,0.043328787398719995,0.05311705532093073,-0.09896960292653134,0.0959527358456552,0.0924333171942195,-0.08412504553568557,-0.024797210791499866,-0.04535239485691766,-0.06566861419145346,-0.12170135188218284,-0.1494894991110632,0.061361623107433386,-0.13866417122119515,-0.12782003005399753,-0.07643961136413233,0.007113990026560539,-0.04415464726088299,-0.0042144824119647265,0.025158797995131932,0.06278322792503993,-0.006546187610840923,-0.0038831644491492067,-0.04755722432038031,-0.009489015641315676,-0.005775329376314727,-0.04160024798441753,0.01728627389966995,-0.11780014406360337,-0.07166182083661672,-0.02244470624157106,0.06577625436849739,0.04161978038047418,-0.024923404645756896,0.03880611880526682,0.0012438898943403385,0.020459007728801444,0.01954324311427261,0.07479591535965095,-0.0638842585123305,-0.029159866257330625,-0.00593221625284717,0.19061718937735556,-0.1285618412742315,-0.12161530500372635,-0.013991232259207988,0.13117379073419522,-0.050564298510359595,-0.0928264679458227,-0.07140282261294853,-0.07532903187411567,-0.16751022560460835,0.10734992055654959,0.13145817480280209,0.033506122814876985,0.06750564226430143,0.14140086881639352,0.07790875602442733,-0.18272604506847745,0.14078962423450211,-0.06901956792949282,-0.07175190073815779,0.12005677969774645
0.1015455511269976,-0.014463455040607932,0.050584691232311754,-0.01751620614454912,-0.13723148036582475,-0.11811656222160817,0.06936502978784634,-0.16986161848379977,-0.0581735826164327,-0.08535937511549782,0.058023620571144546,0.06691755199205558,0.03212322030130262,-0.03122105394540373,0.07821654495141281,0.07801799670580745,0.09884518141059469,0.03780804334204473,-0.1319391661984053,-5.206301219568884E-4,-0.1059343669014881,0.08817098872667933,0.05818737287132218,-0.08150457892100446,-0.10852593641776957,0.02926447166282704,0.005234323322469126,-0.0687125047974697,-0.0925133090161448,0.023674605362829386,-0.04090594296855338,-0.04214352411395636,0.08030137026755615,-0.053068581545443624,-0.08586503003274744,0.029260174823123177,0.07916569672452387,0.11208187705465955,0.03128953439708332,0.10641507805110183,-0.022109629759478736,-0.01464536951463428,-0.05267640023079339,-0.015436514286651243,-0.03263709610320522,0.19061901745202633,0.006395227615084874,-0.030908634949451626,-0.03452240397753716,0.03683264935894792,0.034053121626592804,0.04737329042551429,-0.06882799825184722,-0.06374964059633147,-0.015413439087862829,-0.13670187537831957,-0.008527558176126899,0.023258648931244186,-0.08113877136250092,-0.05235658999093321,-0.08923840314955835,-0.02565538693651192,0.07891772554006299,-0.06279363681663566,0.05967101484177217,0.17771537387291833,-0.035042593927182515,-0.08194203702775568,-0.132187900042746,0.18599062703502683,-0.005857091477510533,-0.1899833755215543,0.08023863601201749,0.08578466701581755,-0.05895674860445847,0.018291068505346172,-0.03053231797783069,0.2058312382895189,0.1899725841813754,-0.01994274450859418,0.0857864653480823,0.10804685323213256,-0.06660239315284543,-0.003029747635845492,0.048131141329038646,-0.10934843342661561,-0.02354087884603364,-0.13139227122531147,0.15280822126422638,0.2540000326612159,0.12850469212230498,0.07287237341138442,-0.03424570804796054,0.048548158170511904,0.14135915486011452,0.008298253306887732,0.03254297199043561,0.08246820929987222,0.011937874397588172,-0.04431566093533362,0.054035701680067244,0.15184008662216847,-0.21277034812033452,-0.05092619993475081,-0.04305375547554445,-0.16511881082551924,0.004455815829308762,-0.05308903354999615,0.2368235930379125,0.0029082211815113293,-0.11636490172944808,-1.0171938048031577E-4,-0.03922983705116503,0.06811210784420034,0.05960794893594413,0.01230507980137167,-0.08948164464565384,-0.10133234367244276,0.2080169740353969,-0.017934065723815666,-0.014914829132294239,-0.10306411024376827,0.17939411799755672,-0.07445101530152393,0.1444932859036322,0.19800739422163643,0.08644485141557162,0.196570469259219
0.0033791404760555796,0.1442227685202522,-0.049575373260863934,-0.013742832385176908,-0.07319175246796468,-0.22480152540989107,0.08639135607352551,-0.06620137520946573,0.13686878747955736,-0.008942930695662965,-0.11542594593635794,0.01390081051888963,-0.0998204770641531,0.05764158806162892,-0.018338574888077143,-0.014501619444055163,0.09029071640188589,0.009856503497447966,0.0673587222078663,-0.15791659253405954,-0.0447176165548434,-0.027318466522284063,0.06247018618598574,-0.26917841663574166,-0.05393414008438703,-0.06334681267357946,-0.06184430150163852,-0.04203588524546002,-0.014177776712895258,0.02888590388543871,-0.00731609485638636,-0.0717048953783844,-0.10568285033511594,-0.09112700225434175,-0.0475713866523189,-0.12230992080899257,0.03900064507877214,-0.05336124901941416,0.01048015307053854,-0.0076024506555642975,0.030846139646591744,-0.09491772537889405,0.16843950302641086,0.02068117520745988,-0.018904677459998548,-0.06837779706055938,-0.13108514735583865,0.08157149623651702,0.10395012132260033,0.03569277532105272,0.14289318914348764,0.0021183291623790906,-0.11852332472520632,-0.03181985634843879,-0.028468854709748706,0.026125353308569597,0.08597135998201363,-0.02705905690651505,-0.07715060116094632,0.024970914841748758,0.13454070909696428,-0.08845728618377759,0.16374455987674524,-0.15606197893534493,-0.07217311567203008,0.13658428192890323,-0.07802687174657774,0.03400223580975387,-0.011282345017658398,-0.08229103483580688,0.09193129045645179,0.03328076665749358,-0.08976924374419809,0.02970100955623113,-0.06674954922718174,0.018662732932049505,-0.002869362378209829,0.040673520418097006,0.026387436273579083,-0.006263484760936161,0.09129757042803456,-0.045627680393607505,-0.12589898569633312,0.05676869066891902,-0.10858608838866649,-0.09459021075556973,0.009965355974053076,-0.11876394106087299,-0.00763665836349608,-0.08103262520011509,-0.05645112765474414,0.18084010536857947,0.03514460462166715,0.02607410750460056,0.04084670486507406,0.18975105762024394,0.20196697609329084,0.17419580086659206,0.02092417260298267,0.06340732577021338,-0.09358184336802812,0.01894044503932907,0.06883808278907838,-0.01974655352479335,-0.0016713946671352209,0.03994889548806979,0.02524691298985088,-0.06567072430046626,0.09875785660759523,-0.12476830447374214,-0.08301934564980802,-0.04806850150798391,0.018570647987560425,-0.07981580915517146,0.013076420750505696,-0.07077227239623986,-0.008270979101612636,0.09437547469653731,0.0646988146085333,-0.014794623856515851,0.037384635234140394,0.027102354136125956,-0.037502767662320934,0.06332538057640856,0.004987246916153076,0.04786676277283951,0.02179664250998033,0.19441690984714047
-0.03842973158128527,0.16437658863324003,0.10023394028937024,-0.004818936959225986,-0.0791908571809171,-0.13284008220652763,-0.0923490718288008,-0.02587919268901841,0.07615417678346413,0.014989217142458407,-0.006272676968922228,0.04704310649664021,-0.050479440137924804,0.06027561276672558,0.07547681722967144,-0.06723115453203009,0.07541159198799545,-0.05100493233126449,-0.0999060457202461,-0.22078072439772176,-0.034785078299422685,-0.05397084674115741,0.041541051033575915,0.19722733626875452,-0.09878320776919303,0.024743329872737387,-0.023940153438084977,-0.16015253363157167,0.140510102662338,-0.047285648873536104,-0.09944080966172357,0.018645131201664444,-0.06855372127472949,-0.018987078031992947,0.22463262140503354,0.0510876928003098,0.2235116873928067,-0.05547906358057095,-0.09054868015718888,0.05310153457561502,0.013538194670762208,-0.04203048939204276,-2.0695282968263926E-4,0.08674264636954947,0.02436025189839803,-0.005605750840983151,0.017778208735907092,-0.08965007689609628,-0.06449215313820413,0.08053704527165124,0.11412116355583753,0.06566579698984482,-0.06436782066091846,0.01877290232900741,0.14964557991527955,0.08224312482089556,0.12233921723818748,-0.07370521783783314,-0.17236074920390207,0.1997829455776487,-0.05256701709573537,-0.016411848571002474,0.019806709360677115,-0.11954189362240651,-0.048337130824560856,-0.06848140841351587,-0.02337379807036348,0.03793923681761005,0.05191254589104411,-0.06905203084912112,0.15941294035980796,-0.08030337903681554,-0.027092872189015352,-0.060657889059324434,-0.04036321180403858,-0.12967954550672006,0.13470770128459938,-0.025136370559777733,-0.004668622826682275,-0.1202613291574163,0.09612962641603336,-0.00133591228177441,-0.0024418287097812334,0.16826950723742695,-0.18076184285828556,-0.10543410327278584,0.10588874429539584,0.02017722848456967,0.002158626226410884,-0.10966469350745152,0.05293294249068039,-0.15926493861095267,-0.07605598286289926,-0.005828204040588459,-0.07389448696014099,-0.11610285418927092,0.007182878714604271,0.07101061893515852,0.1364583102301087,0.0010570358126744098,-0.2297716902068538,0.002208757457359034,0.019887416472603052,-0.12227527434461095,-0.1248889941190747,0.019593288488380604,-0.10483491832469488,0.13556367805253733,0.05009334563634016,-0.048318075067177536,-0.09629706267603053,-0.08908361224519959,-0.014068473182864622,-0.1157422309080381,0.12489819578571869,0.02851645235415032,-0.052706254211029424,0.15926710895799326,-0.09481848034823649,0.16476224616359653,-0.021114570521779816,-0.20246110062829145,-0.07693141440853993,-0.11430213207499818,0.038621750917520924,-0.10688868713439943,-0.01328481198723272,0.0692978020926967
0.20198442329075955,0.003583011953363433,-0.016641277772590307,0.04288251385254097,-0.08447087101372654,0.030944992340643795,-0.0272219660138416,0.07655664446647681,0.156751789792368,-0.07290877086534384,0.03588827095973196,0.05473527437277487,-0.12696833484711753,-0.09019123454251958,0.08632685036593188,-0.23576843855271712,-0.07965150020821903,-0.01613178485321365,0.07863420972634091,0.08894122124042506,0.09908601417662338,0.004108456924288463,-0.18404064428770522,-0.021328255592655443,0.010670107101479937,-0.046177217492974466,0.06549976804725363,0.062725230250895,-0.09818601008294539,-0.11772710695440824,0.06861691273858606,-0.002706109351230788,-0.07502750793620272,-0.12748288721431913,0.0013642190993931984,0.011569338367447347,0.02064093462388875,0.034869917864538955,0.1787439406314223,-0.016870118793471327,-0.15176641842242472,-0.03370569056490861,0.040406459253732825,0.06407978635151648,0.06681569080954221,0.00934363552035616,-0.05631463728403509,0.02119495207364379,0.008548529960720922,0.08349509582593717,-0.2260577561711155,-0.1097031468309232,0.047924707943510406,-0.10598780734886673,-0.04390004036980558,0.04392990731338337,0.07427785544685181,-0.02019203964082231,0.09491872997174022,-0.04897874717986286,0.07040961843646533,0.0012375588413969436,0.016328854220755543,0.012473257405327986,0.01273342497938219,-0.029602817220928206,0.01646330162803711,0.0500804587096159,-0.014956311292119964,-0.01387565367147815,-0.005411727234480048,-0.04419056068430822,0.0038815092443243316,-0.02519984900185071,-0.05405968174043029,-0.11448972213204317,-0.059083457948118555,0.030234477154000714,0.01959419790933048,-0.034841885860520415,0.016806865928465572,0.021777932674571523,-0.009774411376355298,-0.028506836180641107,0.046042708446145206,-0.1668577236640545,-0.00850227526964778,0.03742906986586089,0.0379680760549906,0.0295828768013904,0.0864201934500262,0.010258901195557354,0.011426727732563069,0.0536838841898762,0.08056133166187963,-0.08730367531601,0.10209683187058391,-0.16104379133450944,-0.08405397807455905,0.13835692494076252,-0.04774719621454778,0.016777716689912445,-0.026398108195747578,0.04364814461871864,0.06601026553405555,-0.015842718090625672,-0.16036009045522231,-0.09053626107248434,0.07392834207616851,0.011803460448236807,-0.06313767586329491,0.09224590408841633,-0.11698823259758782,-0.10027441406112209,0.01344089151282268,-0.03498391825340407,-0.137707380095183,0.08044070664950735,0.0794889488165155,0.009933644864521033,0.02063798138146845,0.04432851673600026,0.008599368773686902,0.027376793090619057,0.01224921152835539,0.012346941454762134,-0.1302426527870208,-0.022867101289260817
-0.02899072152689161,0.28334984539981645,0.014753248164814069,0.031153656304160175,-0.12465361005443146,0.18059661467725358,-0.011601155718986199,-0.04285498531476645,0.10071973951601493,0.043718039372774284,-0.06499907500620493,0.03927637196519958,6.81741850352878E-4,-0.031078773098395362,-0.012929887569764582,-0.02613062129000958,-0.033160629834185607,-0.1815612766857398,-0.00304526997763113,-0.07603141585224925,-0.05704044805257845,-0.04934439381728309,0.07586392644968608,0.03170876982288317,-0.0036811974884237387,-0.042206184504678904,-0.035750719019738426,-0.03264143155178178,-0.07195290688026831,-0.13477629041904923,-0.14410590641256169,0.1901452297954549,0.22517179535550144,-0.1380875258515114,0.09995248136295465,0.0318669012633227,0.014440478380776882,0.16122751618820153,-0.017717276172025002,0.14397512845456514,-0.045575659214483,0.04535352679764253,-0.09403292544040939,-0.05673324931322016,-0.0824965990861716,0.07698438957596374,-0.041855868772440824,0.020465044772152444,-0.09970658781744103,0.14946415382894118,-0.12982360482464658,-0.06224433347994649,-0.11297307959881342,-0.008091035501264962,0.04174667732675894,0.041835864917954865,-0.07479113260627199,0.011334727716110526,-0.07666894659018963,0.048810101447061854,0.08339398984173345,0.022012368949557038,0.028086712665653043,0.0219797583408355,0.05937877012581418,0.08524818783584355,0.029217564283838787,0.0683105975551865,0.09342617144704013,-0.0035803259209283515,-0.10538406548121804,-0.008633228849687445,-0.07632387647785215,-0.1322356473172113,-0.046426346834729675,0.04645142507952202,-0.039414565427367015,-0.010476863231181747,0.0711260302783272,-0.09964497021062933,0.018397699530849423,-0.06493308768522556,-0.15493343577270888,-0.05786770484644555,0.011292199814563367,0.014972998223925107,-0.17528164196347545,-0.17943841969865867,0.053612866916984185,-0.12354243163864612,0.006180662689059932,-0.049214365644980954,9.227957096791493E-4,-7.084290689925807E-4,-0.052979722948092875,-0.004796473658053807,0.06690280880283375,0.048315381630816945,0.09660055347970489,0.04394303198074612,0.09634903149949531,-0.009554020716540601,-0.06327975744296674,0.053253705774756084,0.08258674168280078,0.02346379465639587,0.04855384401366816,0.174797789122719,0.06712150792092318,-0.07177072847916097,-0.060418731764018,0.06739354025349131,-0.11259719052982434,-0.11382572786100695,0.07416926972888273,0.12419120505882963,0.09812509027397025,-0.043348589706595775,0.15749667492275526,0.0986247384665134,0.015892337931466015,0.029395015292411224,-0.025182050669858538,0.08916166335698274,0.008123067640303457,-0.06836199904582067,6.486171322806604E-4,0.11409910515954744
0.05394291166969211,-0.07835151170642156,0.04927268945969883,0.030352092208195593,0.03302724094043226,-0.04895427324169772,-0.08084052441023745,-0.02934770162612957,-0.12157956098144254,-0.030965981312315823,-0.06264883454243804,0.12764489884000524,0.007464185770037329,-0.0344438259215245,0.014047049897007249,0.030480735060785347,-0.03615682194854588,-0.11023474376080747,0.07637657276728253,-0.025104341898909144,-0.09126182296409754,-0.029525999869200417,0.023842327419097992,-0.055346544435573686,-0.09345435726587689,0.006326174963617747,-0.030028382311090104,0.09791365907905736,-0.010797090968500166,0.07230366859033395,0.16459113431727607,0.015465317721686623,-0.009401257797715615,0.04716856752994524,0.035982357388071665,-0.07660273936174575,-0.0636313917392514,0.03207466455200678,-0.0029717007698644047,0.22308761213066122,0.0757388663208716,0.03565895490317584,-0.07163308398876136,0.07824782630194912,0.06557185018973385,0.09391463336451486,0.14733707026933227,0.08052387792631782,-0.12443268783747571,-0.18804286188903238,-0.04292077344123869,-0.023820794772121266,0.08537653228048776,0.12160929251910257,0.1072563273967773,-0.017925393069170754,0.022793072721245995,0.061820806706586025,0.013203888591752387,-0.14197430527213448,-0.08951512729229333,-0.015042545872127687,-0.13747930624553453,0.1555836371271722,-9.914183823129842E-4,-0.05897527924999809,-0.04999652834472614,-0.03772597159143939,-0.09445809000721324,-0.04652751617876917,-0.08676134508882909,0.024165365201009988,-0.08074857530247768,-0.009957981120518685,0.12501352148653214,0.10655895470425278,-0.044921517088535215,0.04911539996611866,0.03579179901307887,-0.11778747053285825,0.015045618720226427,0.055737249455967135,0.002199120530161844,-0.040426298950325734,0.012305012460228484,-0.09865766879846097,-0.08538977264766245,0.0744574398400977,-0.005932961689538611,0.04245457553906614,0.15367317181538365,0.06380021587455176,0.0473781727357051,0.03405948135321028,0.09938915931694584,0.008699810568426426,0.02773070838766385,0.01282984606481525,-0.11510509535740567,0.2074992868572042,-0.10550834541337517,-0.08131277245859855,-0.012631028264367421,-0.05861722407642328,-0.04824127282561004,0.05918215404864509,-0.07006463015680935,0.06495589251008907,-0.06373351023354082,-0.11672330342680365,0.01950829366832403,0.06049627992741932,-0.041602799784539485,0.04883772097558908,0.12924932336722494,0.02113256311767996,-0.06683075010743188,0.05631060174902909,-0.10501746251101565,-0.0036235668397782105,0.010652164808509763,0.07399379223249701,0.06048493672599067,-0.1598114171081813,0.003096830126319221,-0.025209262783264647,-0.0732681576866388,-0.07007400012306068
0.039293194146116095,-0.061273899997064854,0.010298915174000197,-0.24823164848375442,0.06721695237599382,-0.059445647166308214,0.08884616359639534,0.034972422097911876,0.07896114925004938,-0.06256386272004898,0.03811457224470745,-0.0639776460795097,0.05435389582923,-0.10317759313070053,0.10326810505244112,0.0391841898091956,-0.10089732462439939,-0.1882760945097328,-0.1161073123401063,-0.06510956558952528,-0.12499070756088261,-0.014571579701360951,0.009133824383080863,-0.08239462100581305,-0.1957325191037146,-0.17827225515633377,0.14680486618892874,0.009590329421045023,0.13137844819814748,-0.06890965885818232,-0.10891834936790575,0.023976357660858268,-0.07860249019851753,0.10047397295905476,0.11210961752462793,0.09664076198627257,-0.08246823293040009,0.01882269293416301,0.16814778476987458,0.05383967636681455,-0.11539007060055062,0.021676982963625708,0.0734393205449853,0.055429456424586195,0.0504120034157414,0.005087783119692493,-0.11170061909410038,0.07061118668003247,0.10524583786656024,-0.040596291169076135,-0.09226165068197233,-0.04811652524580549,0.12524326478108727,-0.04828942019010536,-0.014398914584043326,-0.09282560176793543,0.1353583195392855,0.07009669103923069,0.013693512444740175,-0.06789952896655857,0.06207613857194883,0.024955923147065556,-0.06934870627014811,0.02224573879004168,0.030051094789168634,-0.06977936768567927,0.06458535267570595,0.0834216683342803,-0.055173963893224105,-0.08968142159826938,-0.02688352626623392,-0.08228544911462539,0.019758284261577306,-0.09524544913656229,0.12133978424014225,-0.004500392779058706,0.052923042417678874,-0.0276168902581967,0.23230592511286974,-0.13153262670500004,-0.04347198126734787,-0.11413797222977952,-0.056451868790476645,0.16038664725696467,0.1481123472523717,-0.04176369989999909,-0.08908936438781122,0.006860802356347887,-0.11233948273673959,0.08652095247703953,-0.03027324936882451,0.16905972840049355,-0.15669709420242786,-0.07352263648769082,0.12307732567802623,0.04634966283517479,-0.024262035886019207,0.06728748142885041,0.045971387217547094,0.012067986802663038,-0.012068702555041924,0.008596415993600826,0.006569221558214157,0.013115491537205294,-0.13649640996636186,0.15794636829677022,-0.07377933818441425,0.09186976110935728,-0.04652907412963866,-0.14139185908166668,-0.035955299218403576,0.0012357648913123333,-0.1607427967836468,0.07347726872547115,0.039914057850174905,0.02401048918380097,0.1114452679532886,0.05263288941022894,-0.22992644089689918,0.11023257562111527,0.09733906199517192,-0.13225844589575936,-0.060820799832894075,0.05578346776017547,-0.08968950721057672,-0.035596233342417065,-0.05876347071570217,-0.03922223726336911
-0.0510578284068437,-0.033954144980640574,0.10605810845559657,-0.010329285190734604,-0.19800084443565835,-0.16163416968681538,-0.07404205655803174,-0.11650571703598304,0.06379586758543258,-0.11487303211203716,0.09080369591929563,-0.13406047808532962,0.09965805306642754,0.021793201089337924,0.04311459132509948,0.009038922977761776,-0.011224698843978089,-0.027548976560042175,0.05787726584833313,-0.045190207971958316,0.08078197309427676,0.09185238421028424,-0.043344315595021124,-0.0022417690378001417,-0.05814896477494062,0.09423901824745354,0.06201785885870203,-0.02203645185292858,-0.1279226397846871,-0.08183598205656514,-0.06019357458916201,-0.08129889730974658,-0.1457543467582089,0.09916599324699595,0.0577302111864592,-0.030643165545342407,-0.14721026497537446,0.008941858978712176,-0.0376592762430711,0.11534028632637362,0.14143044795458726,0.04697481389120476,0.08432612246148499,0.033896259665964205,0.01914763776154739,0.11537172701559274,-0.13858643591293687,0.08715366731032204,0.02848437226426627,-0.21089439480374372,0.04483897004990939,0.04507105957941403,-0.013303472831088743,-0.09543253869876432,0.05597112604307698,0.04854289329305445,-0.04222757890561348,-0.06707515831227842,-0.010116071244482449,-0.13710537201681247,-0.05514359091639217,0.025684617694133424,-0.09664200095330933,0.0607254180361771,0.0960339795627048,0.08546998267925046,0.03868050132773927,-0.015561462815036401,-0.14415138203335928,0.011923549176790452,-0.02480345941479676,-0.1398049367676051,-0.15822409867352072,-0.1470916739181781,0.019816211456488254,0.0019120666134597722,0.013335515212967775,0.02333880505920245,0.03429710329993528,-0.03493412155765886,0.13371803193151557,0.10696069262483154,0.06919700007506628,-0.007042677470476581,-0.021762759560596354,-0.144836171905137,0.006069967269667351,-0.12180032842750703,0.21685644342563531,0.1349831635414115,-0.01458842739908613,-0.03219425971024699,0.008810904264926166,0.09633147540792313,0.09227195356035321,-0.13593696261338095,-0.2835751243369874,0.09209540857143676,0.17163826973296753,0.0761990069056743,-0.09192101868726998,0.045007143995685846,-0.09335713229628192,-0.023206654517390794,0.012763514638392924,0.06757919377763412,0.10470033045812258,0.015583868532867102,-0.2370579937749612,-0.0671748521269616,0.14894608529725983,-0.070269637094567,-0.14654538794548277,0.053916441953934795,0.0683280578392552,-0.12074908321509024,-0.10476412792294695,0.046696879727266494,-0.04888619038076163,-0.04927486730289225,0.12114960269533738,0.132237073188283,-0.14935048246533364,-0.015078345634761485,0.03920505007131267,-0.1287802227768518,-0.04366137958439071,-0.07752107555371597
-0.0015877744631234206,-0.06014580088998292,0.08165508530669234,0.1068769992428156,0.1421923522482937,-0.08895444955916323,-0.06348546236990674,0.0347555108093296,0.026798742570875146,-0.009923887292530707,-0.0389813415399835,-0.05642208085632705,0.06480535774708304,0.1626323387489629,0.26093828039481676,0.1420208792023624,0.09829710783929295,-0.05794522398733717,-0.014553177336221582,-9.202062634826738E-4,0.0332017628913784,0.07525132288378857,0.023084866900167967,0.05125549024219154,-0.06493948949260386,-0.14861716803868447,-0.14151229059771797,-0.1667302989447818,-0.05740699523109707,0.032576366007766776,-0.004658069033958162,0.043657793372439635,-0.1019670147590472,0.014167307930052258,0.17268713357980978,-0.11336907773263208,-0.008854691955339524,0.10727792544984693,0.13722755198743145,-0.04412023939506033,-0.17776506467647143,-0.13934187749129626,0.024972954252212205,0.07046367913471153,0.06275161909316235,-0.06979649360317601,-0.17819626994222307,-0.02744582170538403,0.04013444344911416,0.025748723406099294,-0.08729239500900354,0.006030876522007855,0.09300812617298561,0.1634084371065198,0.04830567669802469,-0.031340337294289436,0.010713145245055414,-0.11233154954572012,-0.08294318020991841,0.005535109471533745,-0.015383743358467934,-0.07269734694781481,-0.02990641123590542,-0.03635350162765722,0.009225559429589598,-0.03510641904180218,0.12833531118602037,0.018445630606554155,-0.10381492262770985,-0.0050962516685193245,0.012255377458145129,0.06288523735690853,-0.09093224525973072,-0.03783306554125457,0.15745051878892755,0.006420010005462787,-0.014725173420604018,-0.010719811026662794,-0.07003315150362642,-0.006686525650881547,-0.024124204229736983,-0.1144732427912874,0.08008816060099058,-0.132569358181743,-0.02498396960121618,0.06932775946858803,-0.11816557034123625,0.14835611391443446,-0.006917777975001862,-0.14518534840116526,0.15021627972365986,0.14318282670685614,-0.06183991668889384,-0.05555670343268705,0.08948888727267039,0.077744134433344,-0.10995306211715833,0.015028758280200583,0.07593745479936981,-0.01073351737681024,0.07794928877842756,-0.09516793106569338,0.07051631074925917,0.07018898780006738,-0.06609728805561392,0.1188628865469867,-0.12636811479535986,-0.007555028923631724,0.15517039325612084,-0.03771797134856234,0.01473708959328618,0.08849206519201758,-0.20526180732423172,0.0630115389986193,-0.036120505882200483,-0.05778270614092826,0.005101511237216803,-0.08754658738374958,0.1017021951715456,-0.009934589117096194,0.07782996945557112,-0.0326210103658813,-0.17489024926743832,0.12067285699440805,-0.07182560811910149,0.027460325212631018,0.011639031147995563,0.07151026511218905
0.07715013179652994,0.10398365466725402,0.1043125807354632,-0.0527682452534719,0.0029142572114166185,-0.036585208817888425,-0.03709660314542431,-0.0010436921088737491,0.18715606484884698,-0.142433745402578,0.0672872565634836,-0.10399215202739288,-0.077205783938223,-0.039677710484211315,-0.03792265244985277,0.0414491441501139,0.11673672594186767,-0.02505148828438983,0.0954384659873307,0.15082067387386877,0.024738242009067223,-0.008681024490010122,-0.1420384221632399,-0.008303669015165537,-0.020959033852016085,0.0449755961415841,-0.1313771687290914,0.020609387709865548,-0.02307068958618665,-0.015240550429328323,-0.10736077749818362,-0.015390348483928541,0.025986938989522614,-0.039916857990410774,-0.03595249111115365,-0.012047064139065328,0.038881689638640485,-0.08778134039863826,-0.03526815510352364,-0.05098945938457111,0.06354372810650656,0.1031194806826503,-0.11191980674138849,-0.10514399468151958,0.07457719330097821,0.10681091881944235,-0.015129889027977121,-0.0018247718112311762,0.10013724016945474,0.0207913944247341,0.09029454595116668,0.01892802674646596,0.08785308665782801,0.030387382661615458,0.027781568409013434,-0.01133454630038927,0.14340705640677504,0.13415061063933154,-0.05570475574382697,-0.10886765755030983,0.20425937890667611,0.068135104944612,0.002427802701780364,0.042850082344416764,-0.12347482026839718,-8.175218503917048E-4,0.10779327291736757,-0.08838798974090552,0.022998904182923448,-0.06770709249647876,0.10773988208801762,-0.04334587878439829,-0.024039149726465127,0.06895617856658008,0.011415420769768191,-0.03892323920601041,0.04097690897065474,0.006104532541658039,0.0036585436394935104,0.05001517472108491,0.0010834416167023412,-2.2460937566110787E-4,-0.11961443305062643,-0.03966572512205958,0.05448275295734913,-0.02541114332854324,-0.03759781078272728,0.006147191527701719,0.09420174601742272,-0.07925364593952007,-0.05800569746969473,-0.12636505732759884,-0.010227541761022741,0.07185725513450794,0.04512586391943422,0.008826004452379764,0.05243610168333163,-0.0991017179568191,0.024296560924430336,-0.036235020837982516,-0.13133306466636582,0.03279536720634526,0.08780099935268194,0.11781124643294692,-0.061044753020148605,-0.0591893605261882,0.14612510836833267,-0.004960404413060751,0.015060837048974153,-0.07752826421173362,-0.17816994488203597,-0.07638474223767962,-0.04350095965110441,-0.05223794118610115,0.10900978056683759,0.07967371758213651,-0.06782714425379699,0.018133636031081694,0.062671335231547,-0.08705672854265552,0.06187264868858064,0.148528329700422,0.07537198259666408,0.028409214707810118,0.031147834048280632,-0.15972183935574968,0.23512551100656437,0.04576482450885308
0.10659455138181974,-0.06397918876085587,0.12451828452867361,0.039951751367898615,-0.036042404842643434,0.04100364160057378,-0.04072467089585251,0.03561751677613906,0.13362104211752565,-0.08233526666412572,0.10499862583205616,0.01441372599996735,-0.05786757838709667,-0.06801520677122526,0.028315531040606287,0.03183408805143232,-0.08684547381174483,-0.06332693656989828,-0.22901293147720594,-0.04824955529052499,-0.07368087394059405,-0.045835051242504365,-0.07970389069558517,-0.005177589764647767,-0.11738000658141422,0.12270095814708806,-0.04834994023168201,-0.006211386760229418,-0.05546473244212349,-0.054886657209250095,0.033075392667376975,0.08929186051427968,0.10365945919709026,0.08266243263241126,0.10937521131720644,0.12523683556450863,-0.001465425286507679,0.11738378210682382,-0.025724087133632362,-0.12291345079626828,0.011868813744781308,0.032489295079206386,0.01707819456703703,0.049784862658763265,-0.08428231854360317,0.029697587482641733,0.06992685392281678,0.05834000804215708,-0.0620346104525575,-0.05697271371446606,-0.027490757041303236,-0.11970947876331202,-0.024707230590508174,-0.1067630532814683,-0.031488470109684585,-0.12838271172179927,0.12546126469520932,-0.03237686654100138,0.013357496951537998,0.06683627220127414,-0.05134239809839239,-0.01110766254384105,-0.06451023143023987,0.01918541431366414,-0.026778954802936843,0.20201386979219052,-0.017710733317754614,0.10229261176090122,-0.06559132404171501,-0.07760589861459824,0.13321958734034747,0.023302076104022015,-0.09878118242732585,0.16985644342601108,0.007488546973196258,0.031140447498965457,-0.02741365451333137,0.049502246407373954,0.09849255779190595,-0.06541687575438494,-0.06590298691226995,-0.08221305921422095,-0.005891297621046856,-0.012338829119130947,0.11819667012614771,0.014224428621827557,0.01026390695183923,-0.0867365526593835,0.19888299627286607,0.1749475632288792,-0.021011392452177327,0.058016000742897755,-0.14119402550795684,0.03736812194136455,0.060344791257947616,-0.05569901284874927,-0.07898179046833335,0.10992531952899098,0.05401307344339478,0.191242141575238,-0.10211202815172446,-0.14956448992587842,-0.11614882929838473,0.024383633761486383,-0.06192619327484865,0.07639191339269485,-0.0780347689963973,-0.2659566202897564,-0.030662789378307496,-0.08613952426832719,0.07970347970274935,0.07694172104272254,0.15560722374750852,0.01701267685586319,-0.027248617012097125,0.20696596175683388,-0.08872540868239344,0.048412878879442546,-0.09883348310656496,-0.026307792950218616,0.097515567938858,-0.07686207434404184,-0.08717727476382692,0.05496306663481066,0.11252000550374283,-0.008340657506870436,-0.05711650985475614,0.027357944648291235
-0.1445673399280756,-0.08393645063203845,-0.21415551089147866,0.14130304284106995,0.06825281343791924,-0.06620661307877926,-0.06505473851226987,-0.04540660100963813,0.09170125733252665,-0.02514469561898708,0.045344245393803634,-0.20300709063710645,-0.04877207522523706,-0.05992436603996338,-0.08046180880826503,0.05276530265031816,-0.07541224435992731,0.0295883606562556,-0.013835267449653682,-0.10676806938091804,-0.18192111613613057,0.04352201704932569,0.007793794477948391,0.06859552643382584,-0.20960661539468536,0.039356006904288324,-0.1756839250086849,0.026876392876668008,0.10681932271352955,0.08827959814187689,0.13028775324437375,0.004190642761968331,-0.04168686815956317,-0.09283134653480456,0.030979783613715863,0.0014050228618637229,-0.0770696450034998,-0.052997450545958266,-0.009513674825066355,0.12686773180038238,0.045035044038154615,0.04405438623883709,-0.05403809107322257,-0.03363518194417139,-0.15113735512004753,0.144571297491243,0.07547686682094305,-0.004143255577479401,0.030409880291392428,0.02480445915699586,0.11131792216209042,0.00709719117692933,-0.0994262626812156,0.027985205206346776,-0.0706232675515027,0.11356406073505312,0.07697265891268365,0.12417465417503074,-0.043838127464453966,-0.03674379768874134,0.029280775259992658,0.07097322201710249,0.019770356541465278,-0.07255200785717404,-0.13951377794029454,0.08176901976852753,0.03483851558908607,0.18632955061218986,0.02426193288655884,-0.0286076675302917,0.213190699085691,0.05477553898837974,-0.02179638734428336,-0.03419621030929891,0.04063511583706548,0.1166758919992241,-0.04444846900506513,0.07714991218136959,0.08782749522608968,0.1106462756205457,0.027801814211732404,-0.004861112583905487,6.171827729587536E-4,0.17119595675894989,-0.028126516708049547,-0.03615507915621355,-0.192106101939029,0.08849460674267623,0.1021235048675293,0.29187410915810835,0.015124511290773072,-0.041240303622450805,0.015973839001124854,-0.021775517756873974,0.07183492094777846,-0.08533426157262211,-0.055164865369656105,0.08860484681814737,-0.15385643386192444,-0.025861978001985714,0.12962768230024987,0.02349367296172038,0.004622894681914314,-0.06329383120875512,-0.046688234677292974,0.09872837035857336,-0.03409809050292137,-0.02784878538916294,0.02970824739983922,-0.17890560559910312,0.13611767036553868,-0.043767573816265254,-0.003261741034881949,0.041714481123673305,-0.08619210112350263,0.07881413662042128,0.08832336420864674,0.19849416899672143,-0.036054020703353375,-0.03538039613220755,0.10944709850603017,0.06737855573098786,-0.009765860790528588,-0.08133162481556246,0.11385457481846266,-0.017349036066029194,0.016279969264046228,-0.03634658199488623
-6.761670447673813E-4,0.09787045899079737,-0.00353452518874479,0.013631796962959396,0.004221508699861386,0.07120931403175512,-0.10389905246935205,-0.09703042740795995,0.051923582393272515,0.025459960104268056,0.12372617717667583,-0.03473032830849222,-0.09753465705501495,-0.05734058045436983,0.013506717322579966,-0.06591270236011532,-0.08875808282968822,0.010690101664481307,0.018067253168823225,0.14608860770710466,0.037416335193321,-0.06211365250049087,0.022555566810123304,0.17063274718101004,-0.0553483157754358,9.139784300051181E-4,-0.08082187336093226,0.023063541884331497,-0.07340216987280462,-0.10002959805203819,0.07398594134761954,0.055297703442719386,0.08596854323166024,0.0807711874009124,0.02598778605330846,0.018056366506015095,-0.1647827946405187,-0.030647750682377083,0.19820374058954693,0.07750554934340338,-0.022903679952213495,0.06874127223721303,0.05050346621370186,0.00112490384482462,0.024863904841950116,0.1373838096812395,-0.06545828396095468,0.10861694882094501,-0.040158820166669155,-0.02714880632567212,-0.01409031718065044,0.032861908473506556,0.10886830496633722,0.03867320373377205,0.09921624913286989,-0.07453832257501795,0.0889045008507205,0.012240380442307188,0.01916566490108265,-0.0633907382176805,-0.039321337852450795,-0.04021330391821579,-0.10133153402259303,-0.021805851964480778,0.015023687836085846,0.012690109965915514,-0.0690831513608776,0.004923126651929528,0.10894938123493368,0.03670726354932345,0.010950009846478342,-0.036033824210441955,-0.041412523192448314,-0.04002908336195592,0.010545352606722853,0.042658429974270856,0.06966756581536449,-0.05278954994293982,-1.9967190333122949E-4,-0.030568245340376166,0.03818446284816745,-0.09105758634793995,-0.017451587947666942,-0.09622479604368499,-0.05840334257829319,-0.22637771633093062,0.07663047153470467,-0.007181812325624004,0.10484729176512393,-0.04309302064114891,-0.16718349678578573,-0.06624729089323951,-0.04795068954494153,-0.07450184605533852,0.11211285857515635,-0.08521983984337378,-0.06311942985856035,0.09664282959157108,0.1886169381799769,0.17552330904569588,0.015669180225174197,-0.03512685459735862,-0.10923405069301714,0.01607106648632406,-0.023125657456338412,0.19575708711667766,-0.029829794012792905,0.053593125694498756,0.03320129350709436,-0.0505194105740319,0.0389875776504571,-0.1703431045171479,-0.06331180594156578,-0.04273939438064445,-0.08278563985293702,0.03531698151478782,0.03194117462933231,-0.047498086129224536,-0.09044162637292842,-0.07323312983895235,0.021445320350059898,0.0749693260974605,-0.1587075610293629,0.04004174180364996,0.009787350870280603,0.06848571770277091,0.010538024881512354,-0.0056418341995610076
-0.011159043024687601,-0.060933567227995526,-0.2394587657685669,-0.06704003542467755,0.14112001247725514,-0.14830585184020653,-0.0014984965475512303,0.02034838206462529,0.09913132840720056,0.01647372279586281,-0.0012775144551731583,0.15321910745173437,0.036240217362470295,0.07252477080434241,0.025649693651545482,0.01248111914729153,-0.09968754880834414,-0.06053213452973933,-0.02849229356445506,0.25377281218716347,0.1277998047352898,-0.16526392123611006,0.017837372213690115,-0.09427019615290091,0.031805625874001944,0.09792625097261504,0.04401129642223231,0.013844734881546673,0.0176737994388636,-0.09377102318121512,-0.06872626847462525,-0.060208582406511064,0.08974172520023932,-0.09927048480520316,0.04045416815553118,-0.026356179120976913,-0.05762453353878521,0.052909732312668586,-0.031491861588210636,0.015532509837219169,-0.09228596183501596,0.1595852277658095,-0.06743599811383458,-0.06876640120563786,0.001575692391473666,0.015479537906299717,0.06568118898012443,-0.03407508130336665,0.013606092435801026,-0.07369649731593467,-0.018312400936870234,-0.06529382063560894,0.13271830442052654,0.0030537475521166327,-0.028636815762936755,0.03728578242122817,0.06706507632642517,0.06489014827488283,-0.0018770791634533466,0.02175574191878916,0.25467687047806187,-0.02382028768463469,-0.11848351132227458,-0.1622457722004142,-0.09450005076564558,0.09221866721674986,-0.10771550478826854,-0.01526958099542639,0.07803849126520154,0.030821196359211774,-0.013587934095058658,-0.03770288799497411,-0.0870907798106998,-0.19173615070657568,0.023884229444808232,-0.09897467254941833,0.0517539101275552,-0.08179074232356146,-0.019433627864435137,0.07737850874390845,-0.04199260535131824,0.019188934108253786,-0.03827101429500439,-0.00165743872541943,-0.04352458268496412,0.07016055073601195,-0.1038619153785138,0.13580944625489597,-0.09810506437230547,0.14578996091572802,0.1437839411693516,-0.11565176911465674,-0.053266087669890785,-0.11182868267014108,0.17089532612574107,0.011138907615071515,0.1632714722381468,0.089693402888517,5.570483878927629E-4,0.08173715230218376,0.0037887987457932994,-0.005102934357628659,-0.11957651395367451,0.06332034718273154,0.12974485565027133,0.1407930048365762,0.0025136893146265175,-0.0035965143669577275,-0.0311847956247953,-0.005399156036746996,-0.059207976387904766,-0.11330999706719175,-0.1086055582119465,0.07729453739519142,-0.08054775925156447,-0.03927004631797366,0.027388700948650563,-0.06723876103664143,0.06871150734567116,0.030173982238604166,-0.08221472681201666,-0.04953864041184567,0.14107087108187927,-0.004839081159719196,0.0701772777562571,-0.029744872119247322,-0.030334978069672662,-0.03186438177685054
0.09319456999354256,0.11773504382979018,0.0032245903132916455,0.04420471018333333,-0.11485713968407212,0.12145476766960502,-0.02258368920262597,-0.19595830464417194,-0.03523330486491367,0.0036349298629818846,-0.05996834012680964,0.003804862639464596,-0.02701780478608153,-0.031490632807251936,0.030475898667883538,0.00214755221058979,-0.03501152430226725,-0.03566087265829127,-0.10839843521563655,0.09439516889332317,-0.007651868119316144,-0.17454883251932973,0.02075451347578162,-0.11567687919407295,0.13121845827267148,0.0363793759430573,-0.03695715012779322,0.025546014205924415,0.018109652031478744,-0.16413201437402905,0.15241145243570078,-0.11206904033046107,0.005125250987696766,-0.09033001071501626,0.13478200123649137,-0.03225317281530932,0.11182443483302243,-0.1600092884460464,0.04890235795558843,-0.027249357776129024,-0.01829276747534452,0.03515238066688928,-0.002355640814955688,-0.019029648608861485,0.07221338432091647,-0.1451961320143447,-0.041470574529212205,0.15193003798415697,-0.11812457669003051,0.0013283706396537854,-0.08021687514999434,-0.027563470176234187,0.2543586790731101,-0.06927210106717173,-0.02311481958320831,-0.0067539546884240334,-0.00802260861466315,-0.24846790845739528,-0.02114642586161429,-0.026567350043411066,0.005074057612532563,0.016132751290503698,-0.17989890422273022,-0.027737717464849744,0.12260510629574009,0.17136565429341144,0.19523071722760976,0.041923494238337924,-0.06672943358512275,0.028829538845148217,-0.19592243509151433,-0.11820475639527774,0.22096609373946738,-0.15050642468452433,0.0011387735345534265,0.01836826314448766,0.0036627143686186474,-0.03839846470778579,-1.420827490800896E-4,-0.07145154280333318,-0.010800251282748648,0.08227728203269351,0.012450922630205584,-0.08462231467675538,0.07581164336467086,-0.05037416501993938,-0.12450792540891192,-0.13720078948508588,0.1258477333935321,-0.16770759125009552,0.12570845393909338,-0.029784661969827837,-0.10280803181624462,0.11533924782093571,0.12233774594992095,0.04465735388374655,-0.07915777969333783,0.09647602525195573,0.05222023718401122,0.0647327631219271,0.17938849105749402,-0.05023117840897375,-0.07702750543634473,0.014571558094201074,-0.06785576575923259,0.03126313738173596,-0.04500587266753781,-0.27430680183083056,0.07086853794793858,-0.03767965807597855,-0.07470984581463248,-0.061818678615193315,-0.05496119327796916,0.038079204360429116,-0.09698951365015902,0.0556639341883022,-0.06358876736890867,0.028521056810208115,0.0473662506042113,-0.12481811108011746,0.09809377469356652,0.024461999316507176,-0.014171810448263825,-0.02210437663111702,0.034352744910353825,-0.0887669633243653,0.014713071936308332,0.04601596773274539
0.07472863985490351,0.07969181335319885,-0.0768481043744054,0.07405065961866125,-0.06709666608801865,-0.04313720252956995,-0.03490999093745977,-0.0732211093862083,-0.07522671978517131,-0.035948806183063425,0.08734238604164697,-0.01293491033285599,0.09326389286559018,0.04418923176512781,0.002516420110482674,-0.018523316173368096,0.032052144334951925,-0.011304414121296642,0.02220089304796652,0.005284196295971974,0.08480360327100622,-0.007787282724731917,0.042503373216151254,-0.07042781486718366,0.03266784392152362,-0.04112959302361851,0.027725864934766947,0.054212299759407424,0.07509049785436697,0.03182576091231348,0.1326361426383556,0.05897276081291468,0.07420932227844648,-0.10195096346746625,0.13369461555553636,0.00402133783452744,0.09843638371501741,0.004283299554414226,-0.054130343800989314,0.1334132846271686,-0.0577350514017146,0.0807268252501174,-0.05679990008990684,-0.0113524649669915,0.11936658176390033,0.12756040386716286,-0.021111787392028267,0.021415584397811757,-0.042287109395617334,0.05411341734151431,0.006886721045253866,-0.04725766211025461,0.013142462849475327,-0.0420975640932149,0.05453052942128122,-0.0062726339074557855,0.13414658947402378,0.046177168459778886,0.12201584086571768,-0.11296537694538883,-0.0061711468886766156,-0.15488580946737457,-0.12578288062898885,0.16462538994178752,-0.015167619143103174,0.02886771384760732,0.05859241098050903,-0.18060769560323586,0.09858163442029631,0.031075062037742508,0.011367174997305348,-0.011646170862422487,-0.026070944230551105,0.0026432249388456588,-0.004824971140331449,0.060713530774750064,-0.17746213496970328,0.09917039271791542,0.21625688911808846,-0.033112541212300436,0.10721592935798839,0.05879568719553555,-0.013449187081663967,-0.07866839596831784,-0.04239722978891207,-0.0683842216214888,0.05382232149426463,0.11784960821201755,-0.08657852197222002,0.06563575966765463,0.08178740160709012,-0.03399573683993413,0.02355033826565631,0.11207803060743785,0.06998104319830241,-0.2125196400542392,-0.05471501250243804,-0.2315182230763015,-0.15033381229642326,-0.08352766232114564,-0.03191208911713301,0.02367740144697726,0.05218227246100982,0.05991393848667989,0.06835323430853842,0.226520217288576,0.12347829512324478,0.020581524585635214,0.04886914506874756,0.07239904003359987,-0.03876613481748128,0.08741653765046672,0.04021350283609549,-0.008148812711495935,-0.02795771925863486,0.042781823414609337,-0.023649154891712175,-0.08033630926824185,0.03822247173904696,-0.05579240099858663,-0.036414426430146335,-0.006084679368239146,-0.03894852562053746,-0.01580092579124592,-0.1131280257420779,-0.09264211027274405,0.06346024604698913,-0.10877028842968915
-0.030284839733266657,0.08292939916187933,0.0030098648112474157,0.17261381724967298,0.08394292123678358,0.13095703888070218,0.014437867233637058,0.13364903277866,-0.03718742307394404,-0.24664077384234293,0.16341008194482393,0.09742023749403422,-0.07773275925459817,0.015049714058148997,0.008432515008804138,-0.007896251233193562,0.09803285520626015,-0.0052983121740878755,0.026410027279215438,0.2758585219731247,0.14900962302261886,-0.0033162846439886403,-0.06795838550281195,0.0023491914720387913,0.15577651386201355,-0.06305946782603325,0.07540242682744458,-0.12950646813708924,-0.24428164981944678,-0.13050069104584933,-0.053630269748604124,0.06885451807139699,-0.16725034651243498,0.02102435587118864,-0.0719290859918973,-0.02840600832916254,-0.06130463970502969,-0.05974987170005101,-0.0029624485078757652,0.10636657135375485,-0.04547059233789129,0.03921986096498918,0.1399545551005264,-0.008726773347075334,-0.00965167744969092,0.04094499882844804,-0.02569904186419233,-0.05308166185012597,0.03269104262387022,-0.1520255009050662,-0.029965452618321942,0.04023761684008206,0.0058111839332679665,0.06986248587908848,-0.06598559208815825,-0.11878764257641694,0.10067032647877754,0.051414233008077286,0.09020486006686239,-0.1567212591919767,0.18061788612798163,-0.07696313349865397,0.021569547557391183,-0.09770463844053712,-0.005572472791757142,0.1273380697807764,0.050015608503405196,-0.05077260233696763,-0.11598721718949316,0.11541870172529704,0.070210320068005,-0.08873133024704191,0.05332846914940978,0.03210621977567777,-0.09268339728453757,-0.09696640468977703,-0.02829309053241134,0.07654398661408708,0.03807623153886427,7.573142625548483E-4,-0.019524955542142435,-0.004952077112506724,0.03657915783522753,0.08109976162933757,-0.006793540415748508,-0.009821305825785819,-3.128649539031981E-4,-0.10745932706302146,0.04896613590698567,0.08598190527864875,-0.03881519150432916,-0.039470811553608265,0.061663968543431626,0.11879015355730972,0.048842551878521434,-0.020571215684630936,-0.05426494454950146,0.15766573934547806,0.1051481443068944,-0.04165629003422305,0.05151364800019363,-0.0388040397936467,-0.03182178113704128,0.10685099561404789,-0.0589432285466257,0.10161235527978282,-0.08793281823902788,0.08016524075068857,0.24101050066808197,-0.028752613937369588,0.09532153406570992,0.15251251547860356,0.009659275702715747,-0.09154012400610943,0.003747019332967746,0.04075490065754097,-0.011016151230515255,0.04873456700736533,0.0722789542256431,-0.04126398944054727,0.11177541433175618,-0.06550881004315774,0.012394492216361125,0.12847260787742598,-0.10715937262636444,-0.0997090846112727,0.2637742293983147,0.059215874370560466
-0.044808010625187224,0.09934222369475658,-0.04177317591113046,-0.2142483551201099,0.01835769966180738,-0.08046187528901583,-0.1628417507991367,-0.0869666350227314,0.03180298128788499,-0.083149049534429,0.0010257907457729906,0.006721312917926287,-0.025661057950880698,0.036673486970471736,-0.040833471192528156,0.016893614578561502,-0.0600621920018367,0.0403025615521876,-0.023627618089917073,-0.006115761503613868,-0.040832392710845725,0.12807609289229993,-0.19841436822610162,-0.04907163583852869,-0.11631394211876853,-0.0792418741392596,-0.022758782230704745,-0.08275681744178498,-0.20867781548239106,0.01264420716417956,0.2128086291582168,0.02586795511901642,-0.0804063861352153,-0.08108116091477445,0.09766966256005973,-0.04810506915752227,0.06932285252507447,-0.20718030141566618,-0.017125208152618594,0.006641161515179308,0.11237482648454201,-0.06921342791869738,-0.17541330511202016,-0.0744242682586124,0.013756145328757175,0.05143122423087726,0.014414223741812279,0.19787740955154293,-0.0137363486895649,-0.09852846690361586,0.03279060485502476,-0.029789964487216783,-0.018515238557482074,0.11011478149058895,-0.14223974444204993,0.049610258561992096,-0.004895820002004128,0.04056334061093155,-0.020221034474963293,0.07435466689055437,0.027747773220474663,-0.09388073284114055,-0.04069144099528155,0.16139840093904792,-0.13109790520972908,0.05105825914266381,-0.025792859214172695,0.0661250446852835,0.04209368365007158,0.16404005622985118,-0.30267345327144407,-0.05898488328737774,0.1374507778658715,-0.028968988326252863,-0.027343256085303747,-0.12685337818694534,-0.16628291616574847,-0.1460135735155255,0.05953898582335194,0.09158616466341113,-0.049989849389368346,0.011276057714523053,-0.026060136567194088,-0.003805938411906069,-0.16814789670686883,-0.1693106917221991,-0.005601460185767451,-0.038470412587937,0.00993250346959379,0.04325695385658302,0.004833168516294447,-0.020174534424785777,-0.08925302592489212,-0.1596612581737737,-0.026038818263392407,-0.1465482567431506,-0.02534151709018917,-0.03918444255200234,-0.0689181126189827,0.04869718456151262,0.1356481522555068,-0.016185157799774582,-0.05560949793915413,0.1000877764227333,-0.07943654799455344,0.11229987744215424,-0.1141698268382118,-0.07171801332472551,-0.1163853503684641,-0.18290068040637425,-0.03790943568273787,-0.04488314326440952,-0.1938916378739882,-0.0529641213328184,-0.0032984098113823046,0.03459109193745529,0.003773482064474018,1.6009842010059972E-4,0.05444870863065721,0.19646618635117824,-0.06245683361425447,-0.055540864857666045,0.02355197928324953,-0.023708041786740276,-0.024225280584504162,-0.10650053187004026,0.10343967360971687,0.14757004418739567
-0.009866966142707372,-0.09171382383406568,-0.04274011602559503,0.03457075478345975,-0.048593368379359084,0.025961399227376662,-0.05298885125389975,0.16418447632315714,-0.012313008468124043,-0.012780747199329565,0.17898875407113615,-0.06656717670298891,0.12764498342164968,-0.13448994044468948,0.004713336036406218,-0.02048395974914544,0.14044892714304438,-0.03607756678804524,-0.005650267590770412,0.08501171469273174,-0.051667896113895946,-0.03506244438109347,-0.004837880868670522,-0.06920871505270688,0.1978539993544965,-0.06755268265957252,-0.16199561801560824,0.1641024836126099,-0.036219727297480145,0.032866585850801135,0.09618776450484783,-0.04351579113232856,0.009354271208929841,-0.02538279827328279,-0.09107058260722788,-0.07220922623283003,-0.08670055615188191,-0.0036625900081368517,-0.016966882559865677,0.06683487421950768,-0.006774986643483499,-0.03584632005483127,-0.09195759808898456,-0.029355915812282883,-0.12279774695648155,0.06181832182571191,-0.052922677587008804,-0.029786818131729828,-0.022163875453252043,0.10829822872726852,-0.08117477620315722,-0.07783709460015074,0.007658199394075614,0.025193081677318683,-0.15683645248835176,-0.05721678665493872,0.29437115118682317,0.09723721490289401,0.028270676244065228,0.10508616229204162,0.020906442388678396,-0.1532453581742332,-0.07916342090104786,0.11080946849831205,0.03241225336222526,0.006145156112574985,0.03389232997181698,0.16727000816522838,0.029417569392247035,-0.10868579377792975,-0.03244542490622611,0.04297092913909168,-0.1250017287922041,0.03920825533376049,-0.12680787313748246,0.18812389137328264,-0.10976574327128291,0.05946034166844382,0.15591383734685188,-0.15888504854130978,0.1933040515461462,-0.04877875900358016,0.03863565183842709,0.03766678335719428,0.0844401208461684,-0.02021275754690196,-0.0044608729350468675,-0.12879755514957641,0.2508855821047196,0.006909795908559349,0.20510846050510287,-0.025069889964765436,0.03649553825183294,-0.08303941732517581,0.004616214979601479,-0.09903868986111865,-0.03574939710215805,-0.056261154716620985,-0.03451049503261553,0.15797611392088626,0.13741034214958345,-0.21241699077537465,-0.13636141751204958,0.02508285901263306,0.05517793546245223,-0.08255749777683846,-0.11606162096582594,-0.09439748248042536,0.018301652815866945,-0.1460760624983246,-0.11804196470190506,-0.19547229475054967,0.0756711577457381,-0.032160819300054794,0.07290316023346285,-0.01802083380344106,0.015448185868197553,-0.02114046281587334,0.07535128686022848,-0.06698565400478172,0.07674681012951325,0.01318658375164744,-0.01772199834138599,-0.0729510107067488,0.0587591750790323,-0.03522046556912706,0.0729233970318039,-0.0232528394014057
-0.024542278145191103,0.024931873678602546,0.04105439936079418,0.06741568763289174,0.013040953380975773,-0.03654541449277251,0.015656486836669092,0.034131346700753296,-0.01009640161813746,0.030320524264851167,0.0445568927569943,0.1482696432489071,-0.001612891153876252,-0.043451068319407773,0.16373761965087089,0.08599606138408054,-0.00521092133105938,-0.1148125579964467,-0.07771036729206718,-0.2075055991784342,-0.0353105325783346,-0.11743860602977987,0.01261272058756913,-0.08255613933457967,0.14922396171592725,0.04173043152027103,0.004433945279044555,-0.019344973257707263,-0.018340357988181146,-0.05186311306496823,-0.06175924446578251,0.03377072387305231,-0.031869734256903086,-0.059502696490401116,0.08842431454325372,0.031510387386998365,-0.04764657323895088,-0.11067454159992203,-0.007916748233468053,0.052792638847083476,0.06476522072041492,-0.1434866657731787,-0.053423670495696594,-0.10028561767614119,-0.12951397651864072,-0.02469369957885548,0.09549633951857821,0.08840136309257016,-0.07341277524437591,-0.0917068002415333,0.029042785507052873,-0.008337561203985235,-0.0904759588000894,0.025581232405775717,0.062089880864971324,0.10283762309202522,-0.04308526965263913,-0.0399226476264761,-0.12009272482673845,0.018219623334292112,-0.03861436626739363,-0.08036818152350127,-0.02273994710267417,-0.0249473533478904,-0.04547325857459325,0.031223202669127023,-0.213403783107949,0.023345521930595657,0.020340469644221114,0.048638082100096326,-0.04781873327600717,0.0027185498744258805,0.06834655131816461,-0.05401547171626361,-0.1475230460988528,0.05979489131843352,-0.063040063021864,0.11698423135377242,0.1092916492775306,-0.02175840103298907,0.06439745350778152,0.1013880230908474,-0.11817497427560972,-0.013200494055200275,0.016092446102443276,0.015728853977476618,-0.01790008189076564,0.032905315424245546,-0.0013633459073290558,0.1357509766800264,0.15730881487075454,-0.04854403391485406,-0.05573351767059182,-0.03641184642603042,0.13951842750439772,0.07312439767470946,0.0863079735329734,0.10404953869214349,-0.12942875678129398,0.012571640470251267,-0.051590643413195615,0.04893989409889579,-0.13130415164295375,0.025814122604972647,0.049804045981879444,0.07605185094713753,0.047647638498002416,0.18538035587494095,0.11083269778402136,-0.07308759662695596,0.007415473039144187,0.0049967761614111116,-0.04701701777838904,-0.03611861938338827,-0.026524857060216997,-0.008124928433314192,0.03989064605632933,0.06265735888474784,0.14247772563786987,-0.08175687629897663,0.12534215768736998,-0.14129163031543487,0.03133872750616962,-0.13069192469867894,-0.04400116264051832,-0.1599193589528299,0.07639803645661171,-0.018515812711949273
0.04716052651352594,0.13297093128224455,-0.12562786147912963,0.04080231173963619,0.1013858575386875,0.010931503802232373,-0.06777958846678321,-0.05339433203715637,-0.061299728571018695,-0.15003825794299783,0.06806486248727006,-0.03496125151767893,0.002040593380818318,0.06769758301581204,0.0015159506099819918,0.004656886715684955,-0.03372257933271607,0.03006704628815659,-0.06725678717923048,-0.21582952998223695,-0.021040263612400214,0.03944566229144036,0.08238941643107824,-0.14337509663207484,0.09598836428903783,0.053372084705925284,-0.13280817127167494,0.03358779970790008,0.004356209347768121,-0.02709807973690224,0.04703857198103398,-0.026002471716337544,0.10255262134727591,-0.14085012980600464,0.12698014156495951,-0.15610193748776535,0.0447074654731716,0.031106274130060157,-0.016389838395344462,-0.13738696651799262,0.004113311631829578,-0.10754704685353972,0.12535668811706563,0.14335977583979,-0.051135173348302365,0.17878153496154925,0.10816769664193789,0.08062594069918874,-0.06133918431493951,0.012259979806746504,-0.0532422481377223,0.05092006972916496,-0.06672565445998206,-0.01670664583387772,0.018321254987196767,-0.013840917733316692,-0.05943210292389645,0.09162051380266549,0.07802349919313055,0.007276190942506778,0.0954741281871975,-0.030730967530458928,-0.0506685740906514,0.012531116265373914,0.059187665844844285,-0.0244060313893997,0.006834064696502831,-0.08190052111301799,-0.0472781713471067,-0.04387249400110799,-0.026342393770190015,-0.227897179658743,-0.04471542968324518,-0.009126319432307803,-0.18047109123276406,-0.05061915402370141,-0.11025730042383045,-0.1454287577143239,0.12557768122599317,0.058762624358191344,0.008282813533265515,-0.03073824292889522,-0.03397346674995583,0.028219048967931433,-0.11120520425496157,-0.003307072525500523,-0.018471590467248403,-0.040699944508009483,0.16550725225743215,0.06814644039430798,0.027443540298748622,-0.14332923252476334,-0.016648836533297712,-0.16147484241195484,-0.00845718525474904,0.09565977217095346,0.021348916439023716,-0.10673144604484552,0.002594044433771334,-0.021881906964305815,-0.014660811528179872,-0.08927365024095824,-0.18376856370318312,-0.052265222555306655,0.10228191011803947,-0.10783756328515445,0.06574391420749548,-0.16752650542318998,0.0032606535468824383,0.012686554474409216,-0.11089008732004658,-0.006791850077484941,-0.013293706054866081,-0.03372696891302798,0.04597675912715773,-0.023171643239585933,0.11884340176056452,-0.010591883730272738,0.054602336984090845,-0.21040813935287703,0.08271793421479867,0.07166459796729446,-0.1054823311297545,0.040931872031084976,-0.16258916163756532,0.07904138025356001,0.036874237313766454,0.07753734152478535
0.06269674231550024,0.15841983014217167,0.0014611598552658261,-0.022344528745303828,-0.04258997793434246,-0.0988839490640504,-0.09145048958883424,0.11999978241199588,0.10891175458837334,-0.05927040048254258,0.001145764732406622,0.06233190803529345,0.005980467103924838,-0.2380409359559206,-0.009640079885170799,0.12091244853533335,0.08184673085972123,-0.030326780330643243,-0.2342358906203244,0.03730815106473606,-0.15206225313373128,-0.09704159845302923,0.0947331526882102,-0.06726037408174174,-0.13959204624042326,0.033301461110837684,-0.07131213637703607,0.05677472368942826,0.061365670035715345,-0.09742304666230266,-0.014010137346638472,0.14671201036775597,0.04854327741019717,-0.1370069291440778,0.04185534108152178,-0.10713586681248373,0.039715588576949575,-0.12890790930647725,-0.0019774844282509293,-0.06955075014756341,-0.06382566271941464,-0.12174092390252717,0.050985168108665685,-0.04813190671097731,-0.04825403381885975,-0.017378022906444173,0.041750202367708045,0.12584616723692504,0.19262328434621753,-0.027145522914217096,-0.019006846469685413,0.038214126038937396,-0.062075829070671336,-0.06283268359584052,-0.16322080996582897,0.05134461979643908,-3.3860421375611887E-4,0.04890684254026646,-0.1286397027996794,-0.06562624247940288,-0.0961384435567152,-0.1090079347815968,0.021279783434842943,0.01836680362853511,-0.010379392531174045,0.10674851687463453,0.058234037037744,0.08653425586944609,-0.0943225230015465,0.16506379083035683,-0.025813694880660504,-0.09582950978051318,9.821212088869879E-4,-0.05075021911049092,-8.751059354991848E-4,-0.12755792732496954,-0.1152643166116795,0.06391986868105476,0.14696012153236843,0.0028887048111312604,0.026543797352302233,-0.15220504399949442,-0.18954029911112444,0.1254409880232782,0.29824354611485154,-0.001251051155263457,0.08327342609023643,-0.020466636293969213,-0.05107283464639672,0.006244097633358826,-0.0838964299276738,-0.04125559522113212,0.011480640396786874,-0.17380176765358926,0.07797430191959895,-0.10615682088967485,0.19658703488302232,-0.04051951415555946,0.1200466193213881,0.04963412035406884,-5.877059614632283E-4,-0.013177599615694938,-0.08592142453043036,0.02935688362026053,0.06485883530253915,0.005726085681011187,-0.0019741305925020103,-0.018913060730798084,-0.11246587095004383,-0.051412655964141754,0.05006531623267939,0.006541429151017935,-0.0921684441005193,0.144206146912862,0.008342963224367391,-0.06709025302587698,-0.01649575327437118,0.04319921921342595,0.0444432178081027,0.07200147000331297,0.04814033944274357,-0.04504095400118032,-0.12919112232757504,-0.05113190910368806,0.09647540182577208,0.05406577349882478,0.013572652947485045,0.006049530366795751
-0.05961094065735723,-0.13156050525956192,0.0653834188567143,0.032123643547241884,0.0975257500858937,-0.03513222748545709,-0.013505863733128488,-0.058376668621520564,0.02115787918319929,-0.0977095901899819,-0.15591660618729372,0.013338557431247929,-0.029112863100653422,0.027632067301397265,-0.11301318658583207,-0.12323289959911139,-0.02812952044409971,-0.11634353752860996,-0.05750828702921478,0.18207033467171205,0.07450082272146524,0.12444173800671075,-0.05950962728536698,-0.02712971455191473,-0.11533178043567725,-0.0891050399838488,-0.06234525737351176,0.15384350147267065,-0.07239158909075878,-0.18439983761388937,0.06673599729557929,-0.04087878645134206,-0.14519380115678665,-0.10676976404488399,0.015444311527064918,-0.01704989260505532,-0.010106980951740941,0.03029269383659536,0.11999602920115683,0.015268434672554562,0.1659541510589299,-0.019460021814994635,0.010298312741096148,-0.086258016835546,0.07919783170731093,0.06190098614587518,-0.005518172141986523,0.11196549820629727,-0.10481890329491438,-0.014185392698724172,0.06475343548442618,-0.013392073185024889,0.03568003863033234,0.09366167975739183,-0.0454327359745477,-0.06326954855967018,-0.037154282097690214,0.1424814676056005,-0.04219229273378988,-0.016019412171452863,0.15505574645567585,0.05507137130432951,-0.05150981314857655,0.14285552845499946,0.09700864494229042,-0.04558430916690649,0.09397857933869186,-0.04421094460320555,-0.07494106338698346,-0.053417099981939,-0.08295573115310072,-0.08537411169588323,-0.0645707027570378,-0.009777991817151464,-0.04718389013807717,-0.07178007989976665,-0.17543683445999883,-0.11141378924054898,-0.021421949484183328,-0.03593678041947605,0.032812267509212935,0.042525682108295465,-0.06670730644846584,-0.09399393503852427,0.18067457500534365,-0.03408080670419491,0.054843436106426675,-0.06536349376664834,0.015950014826346115,-0.024646696928652283,-0.032152366331946625,-0.11096958294023988,-0.09633338241878041,0.09190345247216156,-0.11031795443725657,-0.13196188728997443,-0.06533402300450654,-0.0962018256772613,-0.17040720055009786,-0.139931238970997,0.14666112483043123,0.05417725716333956,0.08873447352096446,-0.06084788154605785,0.014091042929884482,0.0185231654598588,0.03474126941358391,-0.021270599975411638,0.1696460285474568,-0.0402698594639632,-0.11139237821250622,0.13556501191900053,0.07520788891673393,0.13414420781990258,0.11916817597375944,-0.05181403395271196,0.06748854058812993,0.019199035324554158,0.048656077501408455,-0.04078410712873295,-0.14688895704855895,-0.05772000578455317,-0.033250926203137486,0.0018702556222958463,-0.020319358279674436,-0.04909573414877565,-0.027547474827301844,0.1151291790031123
0.0029358938486081657,-0.030870355344682198,0.1757777956890378,-0.0521835412184963,0.03772348118666942,-0.09628260612019267,-0.21351484794496994,-0.08778634762423672,0.03175918213014343,0.050794773066687685,0.08297013358333626,-0.022217202861218862,0.14045616072453299,0.10621222097745515,-0.03252646671214054,-0.04451834502340148,0.0244705932141405,-0.07590195348552554,-0.10139917977253951,0.06824894777298485,0.1552353116447319,-0.01636989386090051,0.07273018147202773,-0.06324809050191862,0.007292125138144031,-0.11300056106784855,-0.12180833371762552,-0.04211986182309745,-0.03655795813878136,-0.10657955890453655,-0.009092245875871142,0.01942823946839603,-0.2974652039660014,0.1258513903185801,0.08703436220681773,-0.1621458691973877,0.07797955290947586,0.1518020614398355,0.0069437243976728244,0.02972190209174018,-0.05143834081419202,0.008313829044780655,0.005342618953661733,-0.13927305834459058,-0.11923448079716255,-0.08755746504473828,-0.12855360763951193,0.002278516241024388,0.10084836419879248,-0.04983632317870233,0.07899827375706024,0.011242133646317327,0.060357916192843614,0.008212190115380685,-0.15375430882790608,-0.016098185734205295,0.13597369744301907,0.03296933238623147,0.08430617657842314,-0.12615225072668074,-0.06126478901935296,0.09295952327550416,0.008965401242345974,-0.020783865674264282,0.004040868558049331,0.08194957416798558,0.03321385479781635,0.023635351154491085,-0.06092091535067674,-0.02008931112523648,-0.050070347027079666,-0.06737390804628828,0.04766533048758883,0.028939880536176764,0.11414099685418898,-0.02855566356653195,-0.17285584985051763,-0.12337726124966092,-0.10004920408085065,-0.040597622968052666,0.09963693046856122,0.11215368832372027,-0.025377912205833332,0.13771412378318054,-0.046574147016864686,-0.1361087658174323,0.0631086256934684,-0.16692660082714925,0.014959296072664111,0.11014865653125597,0.03369028532005894,-0.019809349945518633,-0.12997616078074772,0.019525784375790577,0.07839555035348,-0.053726104147568704,0.011697701482054316,0.09221925926848053,0.012648605062014031,-0.06440891255795517,-0.11086666708697182,0.06892364296493143,-0.09026862005076795,-0.03194483653557816,-0.16826058116911757,0.12922319889624,0.20182732742409543,-0.0628527830170051,0.003943312198528301,-0.07124074482072096,-0.01734767787991416,-0.0261401080042677,0.010021028393494568,0.17195153266770163,0.06187282326507153,0.16236873663305273,-0.13104793136779097,0.06406828224125992,-0.06945705726293881,0.1120036894508165,-0.10981955441909681,0.011274326377447439,-0.0439278493928723,0.01763910704431661,0.07483330791507253,-0.14488343705339918,0.07183231213461318,-0.08388727127811554
-0.10177715178802926,-0.053662244530074024,0.0324305323241246,0.08734042585735441,-0.04347572784537325,-0.05180590220052095,-0.04438933092568991,-0.007546525044916169,-0.0823144980532139,-0.11746272609652093,0.23083095460499992,0.015833573148464487,-0.01236635829161757,0.03877956686053376,0.05743043879684134,-0.07963388793328034,0.12204248291994776,0.11031133072731863,-0.17514971524571538,-0.05595390934765636,0.10327954756931024,0.026871688718381012,-0.04934611583969639,0.08356644145567688,0.06307390481722511,-0.04876254007365707,0.06609129985910434,-0.059312299031846025,0.12205699286793628,0.01140025110472305,0.01245368045626324,0.2563781047589798,0.023285904462691975,-0.008352804978864231,0.028532072092636352,-0.11898429124243236,0.09351357046444289,0.010590704605363353,-0.04592463801407608,0.053148474109216526,0.025530150039464846,-0.017671043964553622,-0.00385475549439467,0.02468560288702317,0.09649764750968691,0.11514745894656107,0.08592025635017106,-0.07834018297005281,0.0068491208358607445,-0.15753752367444251,-0.022370262786766938,-0.1481111522896654,0.03685302545658261,-0.03292844491669365,-0.08794852689592685,0.03120978418291358,0.05708376930246283,0.09186035417995489,-0.016648345904765455,-0.04075472172549669,0.19564728318014823,-0.04283071793479507,-0.10169874374960385,-0.07741503501933748,0.22948519313181198,0.055613070144068986,0.12840281442606993,-0.17924668613648087,-0.04869060793479728,-0.03435667223895374,-0.002342486355301313,-0.0881795084616394,0.05054806728922687,-0.07184133896659971,-0.05617974329855532,0.07528182593520553,0.1386452085504945,0.03551289930839391,0.2104622225931658,-0.14454404506021457,0.10717555966899002,-0.06521173236963913,0.0851649936568591,-0.01990660049580326,0.07492712520487864,-0.185858621450455,0.1478535308927306,-0.049397693992319254,0.040552802551576554,-0.14119827119372563,-0.02850213501708837,-0.07858911655860558,-0.04282206742613167,0.009122507135043083,-0.10851846726605305,-0.0180589171002786,2.349102835306231E-4,0.07569152626120319,0.008600285300463697,0.08571214058295808,0.07658335538836691,-0.025832363475728294,-0.1504464713722055,-0.10207530003693319,-0.07786979668483565,-0.019319446889886585,-0.022568740287029754,0.038125330775724726,-0.11210095122711172,0.06158608585289261,-0.07694335432715309,0.0811126722541623,0.05739668795509378,0.14065276062898868,0.12034794012744715,-0.02724333310602565,-0.16205598650078343,0.09657281475778613,-0.03769727143479741,0.06417324007294947,0.18503160386449016,-0.12182448708311752,-0.030385463638443622,0.1673781033300668,0.0805712549408148,0.003693501838777755,-0.16192194595030582,0.08990238545431067
-0.05885063547880696,0.01612980426946206,-0.011504798688676404,0.0028403466532304854,0.020005576219481253,-0.14374591738062598,-0.10241606189096673,0.020666680643276175,0.09208916792878633,0.08824684601664502,0.00782952952319411,0.16224320575104473,-0.04231803187967817,0.07929908849335959,-0.21873732179908859,0.08726211170897231,0.12604079255822867,-0.17425952458142643,0.05946841155839222,0.03775975409287231,0.0359599211750712,-0.1631251153053581,0.12970727424799325,-0.11685656485124774,-0.16975569005009342,-0.0557734444997631,0.11884620579750563,0.07981176074947195,-0.020150576188609447,-0.019831206316123305,0.049269001092201926,0.07998985320102826,-0.06715413036135832,-0.1826779661148565,0.053624928370726806,-0.09382848270199291,0.016148689854627786,-0.005430741825753683,-0.007803106085693665,-0.04445419602077967,0.0019850927915236573,-0.079385789887667,-0.012376162339417206,-0.11234376896607919,-0.08820346439131621,-0.15312466607361458,-0.12394541981251277,-0.10373776240832631,-0.16272073190710248,0.15966793287319814,-0.160513591628057,0.002500203667891092,0.04431113738285015,0.08705414871526891,-0.086753121107263,-0.03584060588772538,0.13333138100052117,-0.0692109172061221,-0.134404944810733,-0.1230573143428806,0.2005265963020342,0.1089736888800434,0.06141782042673634,-0.037965516685269436,0.12752811108001674,0.015193376255777357,-0.014596627634224792,-0.0070496547428027054,0.041752922008692815,0.10697845371048614,-0.05366547149789791,-0.07511385436809502,0.05010736772829254,-0.02724222147351326,-0.010989216049020681,0.02211624157061095,-0.15299989940527645,-0.18316703302953727,-0.042514893087746156,-0.04108901987280987,-0.016923976949864472,-0.058797524686709395,-0.22697828714644513,0.07548838616381139,0.03883096453950087,0.08015323110873718,-0.09250337799478403,-0.021662209520003056,-0.03566328297669201,-0.11274031570110989,0.004006899421822683,-0.12125225704394096,0.11513724214822824,0.008771744271232788,0.03112026057909364,-0.18822780975507591,0.033218549075143135,0.149672864743934,-0.05315543556538755,-0.03106711309600249,-0.022165422801541063,0.05286033383139707,0.09706581824933992,-0.054308160546065604,-0.033981566133101805,0.019927235312329407,0.0342508003283326,0.12530845349815345,0.03984058166363733,-0.07928492457913822,0.06436122718461389,0.0024568982124377158,-0.025386247365337247,0.16384995278503942,-0.039954786964357246,0.03467352976270677,0.005849669352205029,-0.024354254831038258,0.03762583536467181,0.02488718441935294,0.05255026333411507,0.1316035787924197,0.16827936495813806,-0.05779049746815506,-0.028906387352912892,0.04369260274186828,-0.1209494148910181,-0.04118277610420567
0.015171095630553539,0.03214947056818739,0.07230982858938653,0.0845546748942879,0.017028106237463835,-0.03724085357065195,-0.029887382353149416,0.0593079640540623,-9.196207347748396E-4,-0.1228615271121804,0.05987602947444,-0.02389378143795052,-0.0027388110515729753,-0.0943166431890818,0.032566386943072054,-0.01605987331831762,-0.11956581703294086,0.05875994310007794,0.19032873438421313,0.0853096632881297,-0.10980406755541167,0.03169362357370227,-0.1853179421419843,-0.10041846564139345,0.083924425474483,-0.028249928999390442,-0.06926538811805014,-0.10879755232731951,-0.20824652746889344,0.07055667331516595,0.026259022758924083,-0.04169551167185436,0.06976273709158182,-0.02990158974039008,0.06046662273231093,0.010102355169454976,0.04130645520323834,0.049694674305548026,0.012193002829694797,-0.02637389005817252,-0.0521436476457681,0.06694707256660486,-0.09780353729868811,0.15623530817443634,-0.010838052307365788,-0.009979810927681928,-0.07435223117259118,-0.04245920113913745,-0.0028767280806280223,-0.035239289040987054,0.040209518625073444,0.057713465531674245,5.229070814337516E-4,-0.02236897632795571,-0.0922628241943505,-0.0695137447060139,-0.04764386750840744,-0.02885247881470046,-0.0791142912845942,-0.06329273973204859,-0.08155146546468689,0.010405307000448463,-0.10668376131830727,0.02093402034608568,-0.013639385077362322,0.06553329851842114,0.010274352002361197,-0.05809715421178994,-0.09128403404129239,0.06627327016993907,0.018209357089053267,-0.06633703945673898,0.2945086938190543,0.03930021171992623,0.022346422677271608,-0.05365473813009154,0.05868689572637341,-0.029629186378096303,0.25897719735175945,0.042590157929867284,0.050507138577391766,0.011052483437711213,6.661103150290607E-4,-0.0024263973160368554,-0.12234653012779625,-0.07453983036832211,-0.1233630953742931,0.02159151535032219,0.09874011933906426,-0.0544834895801304,-0.11583211584316788,-0.060885298416119095,-0.07896490611174155,0.01828355783188352,0.22293771183440894,-0.006447546841553917,0.10520570371607373,-0.058661098664129954,-0.03424728192805181,0.003417863174214327,-0.07415409091836872,-0.03962861352124152,-0.1748197243915788,-0.03099854398604813,0.0703398849325702,0.10279053718339674,0.05980941074228483,0.06716728320008516,0.06157297641824632,0.1046854556229688,0.10751754854441144,0.33120592648528835,-0.049213679575100824,0.03862723963717135,0.04156876819323515,-0.04741605847332913,-0.07454080409567815,0.15369664302201244,0.05546119738545443,-0.18782255229895328,0.01550573263056882,-0.04221174369397124,-0.15790264896862247,0.15436484680223922,0.15828304937504217,0.040364970455868183,-0.08670033886261226,0.13040067162049712
0.017817134585382345,0.02358380874767474,-0.1621455363238255,0.04988416921012191,-0.1362536139957297,-0.033933750014147154,-0.03528713461113443,-0.13738582401838578,-0.017692355493984045,0.14815000335680636,0.10295855706558357,0.023802766318863307,0.09409302661965536,0.02016273435688842,0.07402448422505194,-0.0748985365559099,-0.12794550931425,-0.011279996691805433,-0.12401594338483139,0.08762252339583008,0.019577831079404296,-0.12494151942349421,-0.046560351908006364,0.009432029212510072,0.0975401813444417,-0.0618170948125449,-0.10964087877817912,0.15977237423497417,0.019386692007899144,0.00197341632066342,0.06020520171831337,-0.1399442913367206,0.14972257149318227,-0.03078950126358313,0.011378153586794311,-0.08278797431693231,-0.0017907103123035004,0.10451418246210532,0.18288550684977448,0.08025588521404788,-0.13602824316426457,0.038345191550927804,-0.25642327741112014,0.11234730657944447,-0.0016851450514140972,0.036927736716127896,0.19687957044461726,-0.3158230645381231,-0.0814916969565053,-0.03458988507427786,0.013756568618912848,0.1423801790651319,0.14377054087509294,-0.0025811215139487404,-0.10582393163916337,-0.09987975350998084,0.05277219854190558,-0.016186328482586675,-0.08985410152432415,0.07594737794366449,-0.12244278108830553,0.03847343605571058,0.006650341175452039,0.20145447868376917,-0.062389393211740196,0.14856341545282134,-0.009535792775547232,-0.0373581327777727,0.06597528090709494,0.08168869302541586,0.11165664369387308,-0.22833324693859727,-0.020873941537102963,0.006573928764733304,0.01652407159572485,0.08174562360061358,-0.05384612206187654,-0.18947092720333242,0.10660048274848619,-0.07259616766814682,-0.08018102695223916,-0.11063060844420339,-0.05965209187584635,-0.05674446314341348,-0.0868608253444219,-0.10394608850810466,-0.14053038129427295,-0.1696208642173953,0.18597959074681364,-0.042093467506457434,0.004299133772235815,0.007936544788398229,-0.15091548907687619,0.04125752314517148,0.06944360078144445,-0.1150126582484195,-0.06650735487779065,-0.04348005204457668,0.09263773281621558,0.0803812963195255,-0.053958771641763076,0.06508927331918465,0.12150685700339624,-0.032421141105475414,0.1707963595536105,-0.11392079209238345,-0.06929775602180555,-0.12013052708641457,0.09648009701047215,0.021780775056279313,7.91755612583875E-4,-0.19911922246177158,-0.03779866111882382,-0.004823753734866888,0.05413531548746773,0.06303542703700983,-0.155950423253022,-0.017971778551015512,-0.06255841442484232,0.15931654615880675,0.08751769931458578,0.024899944670656867,-0.08198104566638936,-0.022401484158110947,0.08330522391534992,0.053468230506102596,-0.09200773034920338,0.005001012510887139
-0.06331493885528841,0.1449438779709518,-0.045787027360153026,-0.06030328921042951,-0.06846899887171186,-0.004191402938338834,-0.17502998586778237,-0.07947264207779756,0.1790486723551104,0.0243250938103356,0.10944938309040406,0.06432678383728206,-0.030414099098893584,-0.04326228916645655,-0.011799526221562148,-0.10500163572411908,-0.14975877034759608,-0.07178589647378851,-0.03565155700709458,-0.08280979944453715,-0.16758941011278944,-0.05148745201321261,-0.10554656278177911,0.09207718468766847,-0.03693141691553166,-0.10964468208219764,-0.17547318476544715,0.01348411717027259,0.05529374229823826,0.05581287458779769,-0.009603433117752308,0.0669962573052941,-0.05729992987074373,0.02697976580120254,0.10019494685344922,-0.0559799808514229,-0.11412097620912713,0.03778270570147556,0.12285767828136464,0.2274604429896936,0.058445161054921084,-0.14260527298789444,-0.02412366433396184,0.21799584785824486,0.0047156492998339915,0.12573833833967077,0.023684071837966867,0.1758081359444206,-0.03207036393869742,-0.24844429039425883,-0.08735973569956453,-0.013746182637891236,-0.06585623041865525,0.03842093118760241,-0.009834702072103312,0.00887245695507096,0.09467456518922512,-0.011102054592367318,0.01325788084296278,0.004479746324064521,-0.17300365853183167,-0.038690829224446256,-0.09953371323023992,0.16492559599890683,-0.09370150642472155,-0.055155625120311996,-0.02973935542066183,0.04690940837382454,-0.019996869454817504,-0.0416773298835241,0.10258246694916796,-0.026152369148841052,0.06977595994863026,-0.22878962736859018,-0.2698952497967749,0.078632336019976,0.036077375361099326,0.05521469728568459,-0.23031870064996088,-0.006051126981307434,-0.01655289665739289,-0.11074916129272813,-0.13146499022990923,-0.03942243440112938,0.051144092112608876,-0.14811013684115043,-0.1803520651020072,-0.15290672092884872,0.04796624857793531,0.11759700409259083,0.04441036790951132,-0.12165776268208238,-0.09534785793316422,-0.15724559846231548,-0.18602653833373894,-0.08213955477650703,0.04127874584900103,0.21776585330592263,0.050234826580630144,0.06749415984907972,-0.11101079083353119,-0.009490272863014144,0.0081147389042069,-0.21425597647114852,-0.2000508271887997,-0.003014245000358209,0.014491604803038155,-0.022515493384020736,-0.06856943514144653,-0.05388772159772507,0.019651569081729527,0.21966147159237712,0.11074246192145114,-0.007021004284736322,0.025474013856471626,-0.04094255248047865,-0.2090986925374257,-0.05078441817142293,-0.024313181854789912,-0.06873326948451167,0.06107328268198804,0.09422401482089995,-0.04903957690758396,-0.022911043678457886,0.1375102356108343,0.06105461394568842,0.06527431397377469,0.08800006337353888
-6.509786595075221E-4,0.040373342746355,0.014609324616754779,-0.09060952411731732,-0.13973594407107146,2.4582864949461956E-4,0.004422979430757953,-0.09226968054879134,-0.024123943540693728,-0.18424700026846627,-0.032896100439550956,0.012523909799097163,-0.22585985604093406,0.03619940349985758,0.004628141117182289,0.06645309574335995,0.046946186035472605,-0.23524162859458828,0.12402087716735391,-0.07184733152999404,-0.08160136314797112,-0.04814981149385579,0.03391097826054955,-0.07033493307248778,-0.08389006705014077,-0.1285578046377198,-0.05189906861826204,-0.03785600638547422,0.0019715384228462677,-0.060574902391682034,-0.010092716427578984,-0.08284079057663225,-0.0880665434695287,0.06433329452851012,0.014079736910241142,-0.08268351617476541,0.07040387538870313,0.048190339486995894,-0.059475150474977125,0.08917052537654499,0.07150507992465424,-0.008896205694483923,0.02070444147952624,0.17359683268674078,-0.10449126032457651,-0.014722404122031782,0.20510272518073733,-0.11892410849845518,-0.1730180466836388,0.06448918614603873,-0.03951013910662603,0.0846370578099722,0.10390578178908971,-0.03399041396298108,-0.10340002767268022,0.011337435630460725,-0.03554649154371624,-0.01721843791454806,0.04007212248475357,-0.1305497702858166,0.08519530451512379,-0.05136737185432887,-0.11474837352917792,0.026181325917872648,0.08709377140574873,-0.08429894295210054,0.060118419390837674,-0.07412704481135293,0.06494794378042218,-0.12920897785747698,-0.17183480305722254,0.02762981829748662,-0.05750157472983097,-0.1595517840825767,0.027733258222335504,0.11608673852742138,0.04226379764261734,0.010167026384553877,0.05977920346512789,-0.0848606058671271,0.0771373797218439,-0.04984941639951274,0.040827130423069784,0.01089578771803481,0.007223976433574618,0.07792128939939617,-0.1294018435422137,-0.046435922366014716,0.12802173214673004,-0.016366034635305834,-0.05229098859700104,-0.016135053999151414,0.02351959721211902,-0.1112828598115665,9.859682382771058E-4,-0.025124814259393075,-0.07615291980808961,-0.054197405272007726,6.19034743429012E-5,0.005709767338909374,-0.1260531018882173,0.052432616729427436,-0.1704276214994933,0.030315603226985923,-0.11858311146990458,0.08676400006191418,-0.0806365241131588,0.11799027507959955,-0.10762127059460588,0.04659845351666083,3.868171422427621E-4,0.0019550592996128114,-0.08825930329957012,0.042559745694375595,-0.04603565868297938,-0.0846354718998935,-0.20561408148676175,0.15440539739691955,0.10841886518762886,-0.13246907328873506,-0.02722312340694117,-0.026245186674394638,0.03411200178212617,0.19556259606322274,0.293204510542662,-0.06299235648484458,-0.11179253130357762,0.2047443623341008
-0.020647668360557904,0.11631124425505925,0.03325024747706952,-0.18932040306935385,-0.1449607954285489,-0.06850804313549473,-0.0942692289173683,-0.103252038604027,-0.050343359911889006,-0.06259145132495893,0.1325348709077129,-0.12388318197514471,-0.10315690225670182,0.1782863290115524,0.028796548634447517,0.0710433001758063,0.022268447745015706,0.10274735736863183,-0.15591688081497768,0.12566131630013522,0.1294383960031731,0.013473257975965904,-0.04889421295731522,-0.04695960957999822,0.016773709060736185,0.20401919906760924,-0.04055547022368795,-0.14990772605877417,-0.076206732211193,-0.03142757227081265,-0.02467747028103932,0.09202009935565786,0.04923273590432296,0.061707679426422225,0.20553102514884072,0.01716386715947342,-0.06612061498632003,-0.005620089141974323,0.06827486973534314,0.17861407239111762,-0.13648649074238495,0.09785813358940221,0.15981382052775245,-0.09301424426917042,-0.08376113270217189,-0.16641019077468933,0.054489451804608374,-0.03969681480077633,-0.037438777935447566,-0.019559588807109084,0.11885433532352975,-0.04402968071492734,0.005187106240751151,-0.03902231902453074,-0.1286546464280108,0.06558017838513282,0.08217894782262132,-0.044442963740896485,-0.1321457973396912,-0.0807914892158996,0.05811904062036414,0.09046876052903093,0.006231028393097517,0.022569718048744858,0.054844898429728214,-0.05242783446196379,0.025242108499458987,-0.01439438478449423,0.0024511026758904644,-0.05511728444422506,0.04862435006472377,-0.008523285005696959,0.10528085804784156,-0.08860133273214829,-0.10732877865494053,0.12267421308510477,-0.10996858258267117,-0.1893886928284988,0.10115174406652552,-0.07576891216877189,0.09855931865992702,-0.18672926709309867,-0.010166726985956392,0.044944062868364366,0.003002262361393067,-0.02926711973801854,-0.01666056057505538,-0.07483665651953623,0.08096123357343755,-0.06280968614266698,0.0028755616229881797,0.08167599669438552,-0.163178335239424,0.09814734063813939,0.07895642783573142,0.008343514130349039,0.017485232447502563,-0.16632830538772123,0.01736303600692495,0.02411091070524048,-0.021280438026686596,0.03279472374497822,-0.054948261909537284,-0.06413689659374419,0.09120954022162041,-0.01829750424432996,0.10341022230127053,-0.01489959745897098,0.04701448656077925,0.0707264931028863,-0.01322373706832053,-0.08857397161348242,-0.03401408081961956,0.004412008268386592,0.0760040324282372,0.038197375069434436,0.14946598967486313,0.03817301515953991,0.1513956402410041,0.08221341273437142,0.03429524265958115,-9.054223719854979E-4,-0.12152821680952715,0.04050858286785608,-0.09210925331311108,-0.0992444362982927,0.09600190027113792,-0.009652007806559474
-0.0690461288833436,-0.14559679523131877,-0.0033381804918395366,0.05395155078196166,-0.06708678034698473,-0.07251968853387776,-0.1397904257600197,-0.050269168632030195,0.015715660319585805,-0.11785003842833597,-0.054926822805760084,-0.02721408502697529,-0.039576402528482414,-0.009785139360852199,-0.08925498167040902,0.022014485862748158,0.18408719543945623,-0.09576841310357835,-0.04996732526052727,0.0031126551544428324,-0.1359703178218167,0.05525425740889621,-0.1378929254605516,-0.05240796552673778,0.13293651413279461,-0.006458544514247402,-0.05458400591716837,-0.1000918704885406,0.10115779008837013,-0.060423137100347045,-0.11216282851544329,0.08066603441839107,-0.18453795124265146,-0.12925489677957913,-0.07111977515075397,1.3790556370901763E-4,-0.10966278389144284,0.11071099329465896,-0.004826694795437657,-0.07467822561195019,0.11259596045934557,0.037073266969030745,0.007509578706656871,-0.03185578953224271,-0.06823016120237373,0.0026871609630147557,-0.1399427756387037,0.0019619917757100866,-0.06042821687003576,-0.05848659722374996,-0.10161978458515779,-0.08170979124052505,-0.004363889538618049,-0.035838508541472136,-0.1672844468652116,-0.06874481410825542,-0.1968338217261415,-0.10493166200364136,-0.04019870194942874,-0.09775405710988322,0.09227056342194151,0.07970096156640938,-0.04386032131745179,-0.08285775203491962,0.009250880898123284,0.2025110776855862,-0.08928282921553911,-0.1737351427767857,-0.18494413608165064,0.010849295135965546,-0.09999854231887909,0.10805735069149293,-0.03359995881934009,-0.05224638827256285,-0.01337003465630801,-0.10713954951791282,0.09846194482828373,-0.019770453883724157,0.12219101715389519,-0.07875697386305827,-0.025911404225438105,-0.10072099792921892,0.06364313770573993,-8.744984255461613E-4,0.07273310930763222,0.22799208903349308,-0.01538160825337986,-0.061425119479890815,0.04253454270817902,0.025365933423628265,0.05927367134488765,0.023450918815524427,-0.07098825902133699,0.02601145957172353,0.03388559683738697,-0.06700452197943153,0.009711431826004839,-0.04948164401038191,0.189261076215345,-0.027085136329847034,0.16928247543173866,-0.030046736231955026,0.04690340872067901,0.03016637175955669,-0.19926996367938993,0.045604344225710386,-0.041560049593703734,0.030856294339874298,0.042293212516483436,-0.09412396817357058,-0.10688024522602316,-0.045997717114517965,-0.06760888216988206,0.10078904685544093,-3.616172021134352E-5,0.157830778521472,0.01905048159729069,-0.02267428416079089,0.11458711415172668,-0.12351307695950232,0.05318881179832376,0.1866188803111751,-0.021139879481508583,-0.08507841073025471,-0.022425561459576516,0.0041412002754729026,0.07840852392123776,-0.038787972651482254
0.028513875080280575,-0.04068222355224378,-0.07206160947218392,0.07885198960332875,-0.03700856215515391,0.042758990142170744,-0.11087375342016513,0.20910430178176204,-0.019484906439752706,0.09666404997413804,-0.07596113841897312,0.07837858245387971,-0.07887831883134883,0.045804967179495185,0.11053970007961395,-0.021031073532484255,0.06308195645838705,0.006987052655766695,-0.19860640390523512,0.0589947221207011,0.18728966638599817,0.07787901719607769,-0.03546167755934002,0.08523110363047194,0.06705490299850582,-0.2009147979742651,-0.10394926436830139,0.12133392985390827,-0.0684427499165314,-0.10384415943936103,-0.04380132332031566,-0.0769973409453905,0.016745515343640622,0.027299146879500878,0.020581202864914706,0.15386425310834376,0.09351200949624609,-0.053803991979622295,0.07639594510674783,-0.05891451248368066,0.0072228808938876055,0.019291903982857038,-0.055513340212158035,0.016693539734632216,0.019564977548760572,-0.03160022715897903,0.1862192524489669,0.0386606995896841,0.11358433965854482,0.1612929987342701,0.12984694168665287,0.04766227906027919,-0.15371069871065965,0.12396866579671328,0.18398207840345104,-0.1174647416357314,0.05211775644780518,0.0077452982111805135,-0.045526867212926286,0.07125253972349303,0.0011643749219854716,0.09958629797959623,0.11180434684537856,0.02562397908930231,0.01430227176689287,-0.105870912894298,0.017461146289031497,-0.11033583211272685,-0.018747107951417975,0.16971921689458608,0.0372192195887634,0.01397442825159493,0.16318313462403655,0.10642595030562468,-0.05456939302090943,0.15212090299574305,-0.0777952913379999,-0.01597330535957243,0.016203583327935336,-0.04447271895069095,-0.051696440813759306,0.04686805009765575,-0.10135282181014363,0.01716291025627055,-0.047472338128780774,-0.004122269328681498,-0.04343651248320397,-0.186834382253175,0.00360237076733715,0.16079663619209478,0.0726377620837192,-0.06617886639088083,0.030097927180592666,-0.05409899156338574,-0.05106328746755765,0.09922124362389596,-0.00532630248031715,-0.03933219251967207,-0.07727965444831503,0.012273695113716197,0.09686300461358517,-0.07437199416494253,-0.02576990911789341,-0.002321657447988472,-0.028717359918247486,0.16264466891141222,-0.06556346526830915,-0.00915043030219493,-0.09325806165958968,-0.08318469788632753,0.09366250099206058,0.14177546325203141,-0.042296041188437515,0.04534139164717646,0.115096602214012,-0.02152021872943489,-0.12182964254052045,0.11487567762697945,-0.07659478585333658,-0.02861258688736183,0.03490852034427765,-0.015648813323671087,0.06707525702990065,0.05460732618712805,-0.06944029988217623,-0.09247733027238177,0.03833506597500701,-0.1336617972534575
-0.12446872436948316,-0.08875452097460287,0.006854855969429575,0.010163401469280367,-0.08246911072450136,-0.08492476491918574,-0.02639986829018423,-0.05467539332842366,-0.07463784947986699,-0.11252732646370638,-0.04742896203428111,0.08084638232402244,-0.07474582209091493,0.06776628483690456,0.02872653450568822,0.07707166625259394,0.07052133690579607,-0.03902354116729196,0.05075274201628437,-0.051468074458025766,0.025166299624016286,-0.038211199577839486,-0.009171054575269972,-0.046627698150200944,0.010854961438670725,0.029916748632219752,0.08397506306926504,-0.037880716082438856,-0.14348841791689304,-0.07659322470501924,-0.11203388199038034,-0.13647710109225375,-0.10955621301314775,0.07256844973820932,0.03181783266800688,-0.16314043389303456,0.14684649456494078,0.03350416948370306,-0.026294429433901114,0.04782327089076262,-0.016384594063593133,-0.1722794395676964,0.043763252647247314,-0.043583779410264284,-0.16865714515575697,-0.060799811241777295,-0.03786883163882536,0.0013873289568839902,-0.09734582843388198,-0.11321027806142459,-0.014137555368178737,-0.10279432834353155,0.14438803556215662,0.07404684721725169,0.02636647930979916,0.12051660165188341,0.03985426072765349,-0.06809501999447276,-0.09778280241342382,0.14724862851745274,0.03137668738483369,0.058871612000175925,0.08539096392038685,-0.0818144143210034,0.046388143147413075,-0.043526455528949466,0.04827407631131276,-0.07962357888427199,-0.14165830270437052,0.20571254225254168,-0.09326610689324313,-0.04162612629646389,-0.1348799872067482,-0.17175966437603776,0.0015983334091214528,0.03716311053322395,-0.16383968049283212,0.0802198087428595,0.020210870298228475,-0.11451391560420221,-0.17903015666222238,-0.09746042747366818,-0.2260057395082956,0.08801768292945453,0.05818898596680449,0.12632512463103446,0.01372449936250881,-0.012812274610522457,-0.10322736478340222,0.06493449294233114,0.026428712408277186,0.06922195947296031,0.009066952288725758,0.1591314285993437,-0.016125617106658597,-0.003260816864168784,0.02622469591878057,-0.0186245410002676,0.10522890538701708,0.1718430412350158,0.01876624696543243,0.12257466091888886,-0.06512909814521632,-0.09960020129507768,0.03853796986181457,0.026416455658765502,-0.04108369704273098,-0.04730262848261174,-0.05087751483620831,0.05723683167197913,0.004011079732199467,-0.19592703245126586,0.0714018937457312,0.04446613238514854,0.10734554067159932,0.0599353560664762,0.03459875910282623,0.0032725850459659677,-0.013245877344271892,0.055761867333051315,-0.004928673326905075,0.019432742362104252,-0.06667478172059359,-0.09304921020913579,0.03500066500490087,-0.05552877929784604,-0.06468948204390927,-0.025900445943651502
-0.10429381747399095,0.0628360714993053,0.07241836077683705,-0.04549028641963915,-0.011731306789258987,-0.04209753041223711,0.1712510155237493,-0.09353914027219329,0.03334219101857708,0.1505634383017969,-0.2339785603347196,-0.03669193608290672,0.0636895816799208,-0.009232045960864715,-0.0532300339627282,0.16764439627646738,-0.18505509218263788,-0.08176918180137899,0.03922499904229082,-0.07128358406233104,-0.12740554145417998,-0.025516205996241458,-0.13441453127092667,-0.027074667708296113,-0.034749873739257836,-0.259561343767859,-0.10975581073634215,-0.03033702119420932,-0.045959884449932605,-0.262685190279616,0.15791722996874666,-0.1202562686909599,0.019020793912267978,-0.1983540808499516,0.059040042695699464,0.05833168813931263,-0.09571742891395642,-0.012099500661295903,0.10391039050743571,0.08056001258558496,0.00468370963555055,-0.014460645741420208,0.025361037736136516,0.11570587447452141,-0.10716741484997193,-0.048014993527465424,0.031021137873044745,0.09433203358221118,0.1041468948545064,-0.011327742012828467,0.07364736828483333,0.12807946790120148,-0.12828524116329937,-0.020969681199611685,-0.0842927994935854,0.030385462323798528,0.06961143250517607,0.0524966773774152,0.01993564880840125,0.04403588228906967,-0.030019057118485005,0.11035305745892446,-0.007984327776489051,0.011091151226445715,-0.11777507378005521,-0.012708755377540196,-0.07879913180397478,-0.026294147855464786,-0.02682228158668632,-0.014785347857770305,-0.1078053105678616,-0.07158373028737906,-0.07063772530790725,0.09822538472607194,-0.08348416705581985,-0.058525669221595654,-0.023922320384110234,-0.033236425188383045,-0.004063899647815914,0.014256187974114177,0.05575316505840545,0.040555920644632405,-0.13268612299724258,-0.10421989240185878,0.16464652555851828,0.058860505625666436,-0.026690830275047754,-0.1359916219855473,-0.030663280607409256,0.007616579920819671,0.06528700398203192,0.0534881595330285,0.17021561495107024,-0.07281433613325781,0.10792984920908151,-0.003990626120659544,0.07615108576493168,-0.08032073738509946,0.01746414166312476,-0.041935688152115014,-0.017766157338766204,-0.013766483003804612,0.005085256629491441,-0.1721272292276592,0.04625306514328687,0.03211313037993682,0.023712444999414543,0.0013871791446756112,0.02409140054146589,-0.07695436921385938,-0.01908508760280274,-0.10085655853562875,0.2535061811220382,0.10596833283118,-0.04885868614718551,-0.11699359469387129,-0.06733496281099671,0.034318463376118886,0.11678079045609649,0.10024910190588934,0.13321432111393217,-0.059233938523536984,-0.07651274416946352,0.194330499351326,-0.12260030787794592,-0.053924419536459975,0.07362520161845322,-0.013520205783363184
0.21190871831625518,-0.0486104914570059,-0.09241344823469153,0.05037297002257321,-0.023025249209794606,-0.08957445863902434,0.1278197457141593,0.10564668865988146,0.05246179779744803,-0.056275015585071905,0.02715623215491962,-0.02206884633892973,0.011497670419856887,0.07739297201909033,0.08350815889139829,0.08355453803113694,-0.011658617909436784,-0.09109083143516049,-0.05048662652092849,0.019731468634058648,-0.13493927949253703,-0.006612237450127305,-0.0910543470982482,0.2214571761981994,0.03693336563495632,0.017127576699296647,0.040981652863110625,-0.07068506547486789,0.02581276353211455,-0.16097789360778128,-0.10824812383808168,-0.08259542194888812,-0.05861411817170875,0.1075306357749431,0.13897830265194108,-0.15544529303269428,0.009596352869568078,-0.02268906313273112,0.05724834327690396,0.04344840076780487,0.12329853253027855,0.22417119310297803,0.011094900622286021,-0.005357601029123995,0.21826148629918368,-0.11568138741749132,0.03894585516395447,-0.07762677272020199,-0.08817547683418331,0.08893679916970375,0.025346125195575556,-0.21809013823450404,0.2915343020799456,0.025863657674774495,-0.0026352442866763234,-0.013398060972470975,0.06951912117555373,0.0669899334848714,-0.15319832864275984,-0.07856976199212044,0.08539026339752999,0.02698139844336094,-0.10894567237505777,-0.11475775470124672,-0.038345815974431166,-0.06929035234135804,0.17371602380608983,0.0660988337203661,0.015356737172238646,0.027891469567986257,-0.08963775598606544,-0.05681581459488192,0.05405196614402877,-0.05528727704410265,-0.08011095574483916,-0.05495750041634083,0.025851423650940026,-0.10726785775971795,0.16055725440692517,-0.13020516970271612,0.06858869976548335,0.12040763601792462,0.04668428857361332,-0.046655202587529206,0.05809682068964225,-0.01719612405358651,0.03990126388611103,-6.700723508511791E-4,-0.010978600451595499,-0.04303034403219091,-0.12545761158579843,-0.11374139158384658,-0.006278614609441123,-0.08313848906961409,-0.06725077417922853,0.08685556174646182,-0.0181952581011613,0.05874709953777281,0.05150024544695358,0.10439653142521975,-0.028220323785323027,-0.09955142883236497,0.03569830929851627,0.13230684688539743,-0.11935133818205707,0.027315797883769782,0.08671106256940052,-0.04826981247420923,-0.011883614561561989,0.0650654014092529,-0.006589779204155818,0.03948529591349638,-0.07838568444296776,-0.057003019113716746,0.06769805616713356,0.027910198380898442,-0.0035867350355919957,0.12063774180741729,0.0524609906635275,0.039780878774001514,0.13033595204949072,-0.023343204769710104,-0.014681536458433207,0.14602386897506842,-0.01942534743680505,0.03647757496011911,0.04358716399259911,0.043170342491563485
-0.028618568774745657,0.019193625898144787,-0.11401873944672922,-0.12250490822143467,-0.006582678392424615,-0.05508176762612149,-0.10275318081416822,-0.08578231539092145,0.15907225818095794,-0.03939353652818576,0.14668584598639717,-0.014850392464557752,-0.18444401058962076,-0.08839347082887036,-0.0665213064345217,-0.08490269844383994,-0.049042682460839294,-0.0693115437153506,0.02842545668216328,0.047675894883855374,-0.10487067459545048,0.08682652601590425,0.04507736307148353,0.12624884780670745,0.14086035091282373,-0.2835729183284836,0.012261408332557911,0.08103249812106735,-0.1352000742409806,-0.0606333539105438,0.023738103418332407,0.08845782266818969,0.0017865227485900962,-0.004205343994702134,0.14138780230985643,0.04053094852486285,-0.1482192587940388,-0.022264257788093808,-0.06522323047012756,0.0864541737150723,-0.0561191926381393,0.036217568985393744,0.09145832016721525,0.027353315229744497,0.0636675484606153,0.15442684129676665,0.17968233562886052,-0.08176650649519777,0.1862521276199533,-0.0018947561521517387,0.08098016795288786,0.1402380917671568,0.21893944348204805,-0.07239854491629322,-0.011734096727818227,0.04061036376854931,0.17143158062810604,0.038004364367957885,0.06176642726286204,0.03569483886306927,-0.03556330087533309,-0.22176515453378737,-0.15947602739802938,-0.15942821062371787,-0.10461035190172005,0.03313284996260503,0.00285617757048887,0.08581042668136861,-0.18793548386717127,0.009791423234829195,0.15231449029395977,-0.08809926775997326,-0.07271446209819661,-0.06678608098443438,9.557243097423759E-5,-0.007988069701676925,-0.17411051812451955,-0.03007748824397811,0.08046731464966785,-0.015513906594285495,0.06201512999651766,0.04541335216154211,-0.10900732429474824,-0.1573530816501081,-0.01470170958018841,-0.10383312902027723,0.009223620934543066,-0.17468861055376034,0.07740857482718021,0.18971832207965558,0.10913904401326789,-0.08306153810730081,0.12933602896703877,-0.17747435234791015,0.1439965704412767,-0.11411571779539792,0.059478845400208015,-0.039970972645784274,0.04081573118628143,0.04489053449631129,0.12404768445387102,-0.06693301188640262,-0.01212538608801758,0.01124928046678669,0.01688323024111692,0.10498661093214481,0.13483195589100674,-0.05409960034476538,0.16650040892115373,-0.06870630040135418,-0.020082638741449072,-0.07642411196832531,0.001839480177262166,0.01428793550651649,0.02450886625139807,-0.13685799451515585,0.02226689974441866,0.015682806772751523,-0.1864567299417853,-0.022697390046487475,0.030705933630361185,-0.007012095089720874,-0.10643043943990034,0.02998142862275809,0.05492401924666311,-0.09478309952607819,0.11197500130700952,-0.005879411651075344
-0.041920000303159025,0.1588309903976313,-0.04785906327381357,0.05292347577216893,-0.05661980418862142,0.0759266789511692,0.0880237137842265,0.04566031067779137,-0.01387347365081203,-0.15702141118915167,0.14931655256838647,0.07833043900521879,-0.14785664774715293,-0.10347621288442158,0.06826371706607097,0.16945183007733092,0.03316456399100422,-0.12023085180458566,-0.09819388557367878,-0.1974948652924701,0.022281193097418887,0.0386483579592678,-0.13384204738433797,0.06377731088063009,-0.08694197067232615,-0.10285281449002587,0.17200607356713765,0.046853356685725316,0.0030401393256195243,-0.10441155976680726,0.14105583495333374,0.021035563363747803,-0.02194197633014417,-0.08642076646404681,0.15570024311500885,-0.0443116835784636,-0.004810875504683104,-0.05560753718533812,0.05037656724033153,0.11680248543376416,-0.045317946866456106,0.07901449653100996,-0.08851907361613166,-0.00980866533356214,-0.2025836866148779,0.04101759568874295,0.04860510065901119,0.31181360373395567,0.10410800897739854,-0.12186837808541202,-0.06795925382779552,-0.01772560904011357,0.02486274882546479,0.08965258305635103,0.04568093742804583,-0.08180718240894756,0.01146420308323255,-0.0848937123367932,-0.07579600669300435,0.07771021949558604,-0.02775832512254118,-0.027081068430686778,-0.028797955579955892,0.09996848236095238,-0.01459911374705178,-0.04185546356613448,0.04186249136033486,-0.03929151254701474,0.002971282617448513,0.23470162037197395,-0.0956012743849186,0.0548985108866825,-0.004499443848748308,0.007540719386952586,0.14545706131495906,-0.16750965806443446,0.06492329293018867,0.02494767630553193,0.04929306769351616,-0.11772280252444552,0.13510572103595586,-0.28576427134718674,-0.18874404821212912,0.08287958211742,-0.07230402978217201,-0.10995195707096062,0.13154188536776287,-0.028475519433899504,0.05578056798245442,0.0235716036137416,-0.04201662953080067,-0.03469387982827502,-0.11127699369397455,-0.05386744869589775,0.03958220501258444,-0.06084793931438259,-0.03499456769273117,-0.051631283638327655,0.11325079587768706,-0.14740521152288183,0.05242902206174803,0.06930304977462408,-0.020482538561111575,-0.028253272070877737,0.0065262341254976,-0.09370373191454652,-0.05506526121443395,0.1043900866994549,0.02238085472178977,-0.020601003975953058,-0.06282090691032771,0.026556340393474945,0.0022744104259657186,0.08850895155898562,0.11980006746519067,0.07726573690975355,0.04361431370114857,-0.07002596438967217,-0.0015598784454857817,0.06487941556153337,-0.09009401839071783,0.007546385519496642,0.0058648297264583685,0.02069121595870839,-0.07399258816001555,0.023111528546220495,-0.018145012275237862,0.1771884188702927
-0.03748386442692725,-0.0022414404255254243,-0.04111069261360292,-0.059380639003454604,0.1882754387018453,-0.10360505982255548,-0.03346885914145902,-0.057878219606107756,-0.08947808501099289,-0.010503801169326464,0.012635437419599278,0.1069842835437415,0.05908517320120808,-0.08735619151261959,-0.006515025201364695,-0.15598806855901903,0.05936588085809327,-0.1131030557031562,-0.060400165954885926,0.05785757988132845,0.11795941423328517,-0.06714688272863757,-0.08407038919169081,0.11934462206493826,0.0011065485895910064,-0.04412393457754675,-0.04506290723145919,-0.07552430667175268,-0.06401605384528175,0.022426418372014548,0.2903223177111073,-0.07226150592163216,-0.04531379419271666,0.014167761843911358,-0.06323014961447555,-0.16953383383345508,0.006752005685505108,-0.17975451991466232,0.05902231255159452,-0.11210626160453994,0.09691705149223073,-0.032088329817162656,0.014790149753965564,-0.11379428484336206,0.05676997385541858,0.12294624438473743,0.11891202815951263,-0.02950221702404607,-0.041161794899303356,-0.12773615963790577,-0.08715183437116802,-0.010474290643760892,-0.0030263623501259737,0.025827483506381987,0.052386746210050794,0.0949494171583113,0.05297415632368488,0.0746591020040446,-0.08600330446096278,-0.060257404549601705,-0.12849913228341658,-0.09981500471881162,0.057866695784777954,-0.07792449489541817,0.10814910966092099,-3.3688564820369936E-4,-0.041850106531376295,0.026496180992991638,0.03312519569585978,0.04653353532444529,-0.1321798203474037,0.07938695648227934,-0.028000181608256364,0.03906937328150725,0.019609974068323377,-0.1545169296460664,-0.007558073838165114,-0.116315560250306,-0.12388980439275656,0.04831558756034884,0.04768435093201881,0.04038391818845693,0.05059844548030897,-0.030325853663378796,0.12100789770816789,0.08909564004843495,-0.1292697494433866,-0.006403017545398789,0.06675975055450026,0.04363226299694045,0.0684304616096083,-0.06631593127772853,-0.05257361758161225,0.046893435777748405,-0.012009475888059246,-0.0950597485884612,0.004719837754837054,-0.03566752441986618,-0.20467175515230582,0.014340074354758559,0.07328079119620581,-0.015077349898304629,0.046609579985708784,0.06767206703807657,0.07988900504503554,0.023369078271481446,-0.08112341047547748,0.01207072026351151,0.13296489551682156,-0.07391047799380498,-0.06843679859042315,-0.08979563761423648,0.022059076754412224,0.11912093127308908,0.11069527211531077,0.012864565598990824,-0.15782898036593848,0.11375343702814443,0.08719182874591673,-0.16060899236687087,0.030531774837924377,-0.01402820864089548,0.0801669959830781,0.25559788304008013,-0.013053327675761077,0.10602390036933258,-0.03584204647324694,0.07042443082493664
-0.09704362566874865,0.1646979819546703,-0.03338643393031171,0.058849314235747914,-0.05927528741688468,-0.06944789367762422,0.03617463090406194,0.07550953283133059,0.17164651283709256,-0.02629814467071638,-0.1145038505872001,0.036648758501399065,-0.09248484091250528,0.12670451681319225,-0.04647180369460484,0.06480285701502905,-0.04342889726803682,0.026008378741694073,0.1257387655239982,-0.08031891480066891,-0.08830576888929448,-0.2029529211418994,0.004248900263388043,0.04482712700774267,-0.10586152899476672,-0.1653510669226622,-0.06401139707689954,-0.1824306417658868,-0.042954622707722157,-0.1836203692013126,-0.026638540406315515,0.15640259673789847,-0.021514055322331374,0.03348710571262517,0.2199706614903921,0.05531399404091214,-0.06135107800143724,0.0854437552067093,0.027916075161170367,-0.07172761213077972,0.014688065520738163,-0.014031793642128336,-0.033229933937461584,0.06420856750328734,-0.0881861228192816,-0.007322730597621246,-0.011326635657864657,-0.010816076411940635,0.22122721715404378,0.0018090946309290762,0.06365633219180628,-0.01291382887536406,0.08770102144899612,-0.05352146885709751,-0.16720266567009348,0.1006791526610182,0.08419927478153828,-0.0841366363244518,-0.24180358180892486,-0.015937358499509745,-0.0823608454469178,0.0674824880753226,0.15622990325773137,-0.0234937012798976,-0.09767912011578277,0.023408999959472685,-0.030007704412199427,0.1416546408413978,-0.06535274744251608,0.0023657954179409314,-0.004597066281856158,-0.17862533555085486,-0.08900326476357556,-0.07746033591570474,-0.09120129203031743,0.0804914122289957,-0.08450986494815346,-0.008807657359686145,-0.08404528229190256,-0.06269969129349019,-0.11224228096595444,0.045233592441501415,-0.007561709759327876,-0.0920896910857535,0.03774896814572459,0.26578575519347114,0.016148603813248254,-0.07681860795497002,-0.008160522050769219,-0.13123490690672174,0.08562956251008319,0.0990840178940373,-0.035215924170926685,-0.07995419700242715,-0.07500198692075494,-0.09888686268130328,0.20475757719902368,-0.03559443380755258,-0.001390761091469639,0.015886361233976864,0.02857094455926706,0.11346245181951273,0.12903388750179193,-0.125302192062825,-0.07624438688283891,0.03139108991284117,-0.04355691847372548,-0.02563095454604847,0.12130507725075408,-0.08632105844128767,-0.026005078894273982,0.04869152163973055,-0.02273302389925965,0.0841611744222625,-0.08281143256504432,-0.059812366434106874,-0.12889207659162324,-0.02906653289771502,0.20750069954255257,0.05010214199568317,0.18551218058589197,-0.004740924134609087,0.0472356917217385,-0.17575778419597832,0.050409579117202015,0.12608522834947108,0.018110035380258675,0.024045436666282796
0.07513208977347528,0.046676024058012106,-0.14970622106945178,-0.1634373193917248,0.12064227602753175,-0.17274849303753373,-0.06603620667386106,-0.12206346596613223,-0.07804361071668464,0.03172901216848524,0.009152741136972693,-0.007961600950715842,-0.01686259475352892,-0.055142704464647835,0.034529691496337965,0.020899542321850612,0.1684106843891986,0.044060106609690806,0.11663584160450577,-0.06454684324213546,-0.021628768504435795,0.0016351951813436058,0.08040805464697641,-0.01279913287937488,0.11422311489822322,-0.05125338133377402,-0.03570294281619453,0.03221209249727809,-0.12270797426745049,0.08866426577588613,-0.09553612785025538,-0.025118742824074895,0.16806289372055297,-0.1561689229716204,0.16704590497503685,-0.1420148017860912,-0.01989377282284805,-0.0482261932959763,-0.04053247060047489,0.1819216322869184,0.0402991730384895,0.15411762146301755,0.12520077724178003,-0.0649740442674327,0.20055405550059072,-0.0509798933132216,-0.02675963941547632,-0.021459762115549227,-0.0537836148136292,-0.16800035864655177,-0.10031178804744417,0.004499928206404144,0.00269867264721055,-0.03164511786973817,-0.20458084288593034,-0.024480643393358665,0.007942625988439063,0.03967978840906392,-0.05367066961785551,0.0024269431773667654,0.05699187162464474,-0.12512605851202482,-0.009422242769085811,0.07835355732668572,0.03335721317447275,0.004006082699250163,0.05402238153101189,-0.16360843791725732,-0.03560571935506176,0.11126416646806168,7.335907222736338E-4,-0.09084685496520009,-0.09281148003859911,-0.0349880582109095,-0.09083381458165206,-0.06780855863925322,-0.0354256876375927,-0.037238355522920076,-0.029233532990989575,-0.045680593164581784,0.08916931951365643,-0.024000861071825263,-0.07659860729742055,0.11162886939186532,-9.934590426976912E-6,-0.02585395890681955,-0.03236892275725127,0.09883231368266504,-0.013884377805652192,0.03186430892427976,0.0293783408216026,-0.013275495595317315,-0.09233366292973658,0.004400548658771011,0.2273019890818541,-0.03525350786204806,0.11464625995574489,0.049316276915158636,0.08501381442965075,0.0960699768272323,-0.028153474559892637,0.05589582444901994,-0.11520547108026036,0.04590320523506869,-5.630186284406326E-4,-0.01889887467368387,-0.09647009732805055,-0.008179658946501283,-0.05413091041016366,-0.03857008520327595,0.10333525674133864,-0.14610014638565066,-0.11045096738033988,-0.03148015158017847,-0.06133338625520677,-0.05220744583874083,-0.004894866284998169,-0.10125527028515517,0.00541865350401473,-0.07245469687344332,0.05485988067597885,-0.2165684175709491,0.061346480692308934,0.11023220431134573,0.017372252324794328,0.009059147602079431,0.06186797260213339,0.024138737862816263
-0.002326685721250522,-0.08025095530973965,-0.1478411861654242,-0.0813351893975537,-0.1868338307432021,-0.22143250874383308,-0.11227255728956825,0.13293772698959988,-0.06689145775535227,-0.1239882758146013,0.19622655530775346,-0.030561416534252123,-0.08605035971915442,0.09664474205297698,0.1493796735421911,0.03043710262548619,-0.14274520750296024,-0.06436528314913832,0.06639196144863296,-0.011535155531503256,-0.14290470582922177,-0.021120253257989392,-0.05541747708958638,-0.24139085765756282,0.05382001673148956,-0.11469704916094471,0.07993774892437144,-0.021786506369788915,0.11262882267016334,-0.017998643843071566,0.08652067017521625,0.08180575346753578,-0.0016972200218171745,-0.0637233729839544,-0.0498703298309324,-0.019664946916256327,-0.06772208589882274,0.11231744891238406,-0.11639831241999181,0.1420382774549893,-0.05386431367726249,-0.11613513589711377,0.010095116706814775,-0.1433343974020199,-0.09196015780460744,-0.08573971119070478,-0.11248273686492609,-0.032253747416664175,-0.09468273351409326,0.02675155826558069,-0.13408938921839028,0.04551320566719509,0.03866120812592157,0.01961709632838148,-0.02253678688604416,0.005824622845306498,-0.10550046787060688,0.060584486567794735,-0.08126855814691787,-0.032320332705076026,0.032490025437876636,0.006008746325794638,-0.18329913836046344,0.025614644621396784,0.11414448931620004,0.02411966680202699,-0.046043332162069545,0.13939458351448278,-0.1045300696713527,-0.06688647039025196,-0.06967135671160281,-0.09685893565862219,-0.17985653308842312,-0.13703280679977317,-0.0919610192828433,-0.12880321747341722,0.07639351684010037,0.048216288638205644,-0.01969246087615629,-0.040377891630575743,-0.0023715038169105224,0.12637152559664486,-0.023827608015141333,0.11233798013574918,-0.009076357264140633,-0.11365454702333683,-0.01918005493860048,-0.07331226787429573,0.0035269941606157185,-0.046651742617051926,0.04031076668990147,0.08103160263659898,-0.10885975925075878,0.22525747510362365,-0.1084230694095427,-0.09117789288443749,0.024331317127628843,-0.06613183771368938,-0.10735352919734652,-0.12273394683156931,-0.10061171099230752,0.0029009847053799737,-0.12770385901372952,-0.012248424596886947,0.11330714143505495,0.010232688468129789,-0.025878343580074147,0.004358534293451029,0.09181134054308389,-0.11585740961575655,-0.08044304533320726,0.085493423579047,0.13993059056784363,-0.022921043317611182,-0.015478649053548964,-0.13548240270398448,-0.0015439228861493241,-0.11296328155460475,0.03206964460265739,-0.048642779985455964,0.06359357101907702,-0.009110077835405196,-0.1129508992695384,-0.13661978349769296,-0.2102875546752243,-0.10353292914453371,-0.04477520866137664,0.09625285404321601
-0.002524920192559319,0.012965004533313944,0.056877246189159666,-0.14258974659972978,0.051276762681329205,-0.11499666802955387,-0.033160002926593664,0.06648314005228655,-0.037483555618859785,-0.0850128066782072,-0.10268458609040682,0.051070862282258996,-0.0168102997145952,-0.014987264334242793,-0.0524017255907935,-0.0037027560343284947,0.07221745038787547,0.011274575817616267,0.08514865219415821,-0.08013681271424994,-0.10807671360309916,-0.06187492545633079,-0.02891931089149886,-0.13149558858306276,-0.08339616346118342,0.058076023467531136,0.03893925646537543,0.15641532229938468,0.02431681900738738,-0.014422841322564151,-0.012395164121537313,0.06942958062784797,-0.03653993660945614,0.03866517873344683,-0.06073775844819279,-0.05080874648510991,-0.06840413941925828,0.013520472670210497,0.0541737873369606,0.03594851148994876,0.17022683818549927,-0.060344460190529706,0.033350458547192575,-0.055383179899600316,-0.05628520647090917,-0.0216806602698453,-0.0616676970289549,-0.053568045464949435,0.12323462062138961,-0.1145079190613982,-0.038488198809373354,-0.17036003561762866,0.12699332776497482,-0.07706047047725686,0.027203725276584177,0.053194366039757864,0.05107443471285992,0.11604792112825708,-0.1021489894937397,0.04489415753836827,-0.1401246771234024,-0.023613747072534528,0.07977296165112555,-0.08969049059939857,-0.16861751450555906,0.06633583744095872,-0.12784422534357287,-0.06122598467687473,-0.0018296392308676758,-0.17768549906934855,0.1372089614298512,-0.03303553437814402,0.023888259923882993,-0.11408422422933862,0.04584576484629566,-0.18307748550001976,-0.07868342428989665,0.012354029748233821,-0.015570401165656304,-0.025398910591810306,-0.015675899686561013,-0.05985332422314088,0.014553805112584589,-0.11734289473541312,-0.01263319033929568,-0.08534375514673143,0.02035966398194642,0.10670353253577458,0.03377248562849268,0.12890234556134134,-0.13784364811402813,-0.09436234321040883,-0.13811247519214978,-0.1113372188019133,-0.07529954063760058,0.17305217268897055,-0.032494662485981825,0.016907921332122135,-0.08413125548560103,-0.011255757567429563,0.024602293207828592,-0.1378580507756554,-0.09535035642783288,0.2081204739201367,-0.08248058847382968,-0.047010756458365145,-0.0732848626305839,0.03145100024430357,0.05237635789550469,0.019441889924069568,0.012047033485356561,0.09606223483889394,-0.07195016958367126,0.14549747090214563,0.016277845121758554,0.025025672014530872,-0.01538403369823569,-0.11050486995947117,0.19398608749652654,-0.0027884091736496133,0.009158388363548091,0.08418612556373876,-0.07554649877340856,0.10657018269336935,-0.03505210160216073,0.028162563760334568,0.1641350343782905,-0.18989275316920906
0.02853981858883881,-0.02422808910989634,-0.015470169638942405,0.0452194224216126,-0.026427500267532072,0.09821023430055231,-0.01424725346605501,-0.07587208231347393,0.029617065608893604,-0.08536280497305183,0.13949622132137277,0.15051866417532805,-0.13784567279134383,-0.029424460937358957,0.0696532695837534,-0.048695261999676,-0.027785002413668047,0.028509447796957115,-0.07277878503594103,0.15408233219214454,-0.11841823074297456,-0.05108790709199918,0.02560989511545853,0.0827859961160522,0.05457316342354106,0.003389499864201631,-0.07869726211854192,-0.11982804381648941,-2.1953583912144537E-4,0.18930343481589346,0.11875767458872731,0.07292121603532326,-0.0245544872463935,-0.023275826616238855,0.09016729336231286,-0.011982325986745854,-0.10490845931085903,0.18200218038310684,0.044220665871246415,-0.07840506247612192,-0.1250682208453529,0.03759577020911874,0.20813324213862147,0.007488449544021359,0.012218838500390615,0.03438918277400422,0.07289177213448801,-0.16834040520228952,-0.08723542225346527,-0.1605308457365067,-0.060164239094325445,0.10447543068683389,0.16442315067272226,0.014469966250163002,0.005663728798552683,0.1739956038737256,-0.055867771822336224,0.09882356366693934,0.09002165182878619,-0.08248068213285754,0.11987956624917373,-0.05173081040509229,0.06407576095637782,0.17768480344596174,0.05720147818383696,0.10210363049105015,0.059795871083246036,-0.014455247226007559,-0.013975827484796451,-0.015972462742967555,-0.0974745789692829,-0.033451914203142766,0.06591333664272543,0.0241661197554816,-0.06875879930474484,-0.10241270116064807,-0.05523456882369269,0.021015151267914076,0.2720634754567446,-0.1804260416009065,0.14995012529323534,0.12314268009105547,-0.03545014182421733,-0.04257796811073981,-0.07351151813584862,0.01964514671827178,0.1393633571073416,-0.1147236725015541,0.06796702269140052,0.0743673622058634,0.009663174104170592,0.01806461007948474,-0.06394026678033293,0.05465297676658587,-0.05579546183421421,-0.09102669278353082,0.18692963459138842,-0.07710441012966524,-0.0810227106226193,-0.07472552841080268,0.09979642289288868,-0.049266545836434424,-0.023508515972942044,-0.04292988863109804,0.11719262237655405,0.03962288507582117,0.023488580429384252,0.045235478753989755,0.015151048577887027,-0.020518820115011282,-0.02206739704687294,0.03792061240233146,-0.08432363222695333,0.03239957393552816,0.02861914450655971,-0.11475735762313612,-0.06458828405965444,0.01897255759300579,0.021488799231127124,-0.10283361146915389,0.007948021491737062,-0.11431351756139597,-0.07425586073885429,-0.038030352580041386,0.07564753313448506,-0.11087944679734829,0.042260461312266906,0.043470760719244605
0.09574394438016892,0.08582778950725192,0.10466793361531837,0.018627904208253897,-0.17260967459003296,-0.1774953690141462,0.09556967149280521,0.040313769290976326,0.09138979491276372,-0.1038520961905509,0.04004743116797304,0.1469173753723373,0.028091942543211408,-0.10794034491061374,-0.021540613521640307,0.086991123788027,-0.08155992499008005,-0.003796517069594085,0.07333957620509343,-0.10597653541565383,-0.13433548578291749,-0.04001786711442394,-0.22119469085125046,-0.14509065408198296,-0.10014628864552838,-0.019502364683249264,0.03263662760325886,-0.047533287780125506,-0.13305898189999696,-0.10775846138314153,0.032153866761035085,0.11115640596666437,0.11502852263959822,-0.10548103306001663,-0.10113423055528079,0.0360221701124064,-0.08779338131264748,0.1818882118061725,-0.0634297086400244,-0.005531757397828704,0.16692779314241613,0.0018337481707261687,-0.06657105450210411,0.05160093982666694,-0.10719775473579934,-0.09434882693151765,0.14156979578651815,-0.0027507294700307456,-0.012098132016187861,0.0962074474871643,-0.1239372288075547,0.013471708916312247,0.03552058278427899,-0.05596990715566366,-0.020418175246170216,-0.11166686451394427,0.07009723838500824,-0.06105662994332875,0.01846130418203728,0.009688436242976658,0.0030771705106348995,0.04390276920464916,-0.06627761958774167,0.05424725768180485,-0.08051761202284247,0.048127509348810646,-0.08014645873550895,0.028573785160589088,-0.017370236289423073,0.09929332120256343,0.03975512038597803,0.1293388695330821,0.028785571756914936,-0.05164047478628838,0.04433543304110087,0.055513265790320565,0.005664575126941916,-0.08766242838752313,0.039405994305491444,0.055747699770677214,-0.020324653860629083,0.024571120493982853,0.08989493134928346,-0.0983336142527221,0.11032411301281579,0.046287442457295255,-0.11304841982878276,-0.20032083341283255,-0.040897387106458634,0.1524557356356581,-0.12056479903097315,-0.15284788044657968,-0.1103047215026299,-0.020703883187445947,0.13371990500469833,-0.04500864234008138,-0.08786522494759813,-0.0020796347796813467,0.048090770591922016,-0.1895650628362041,-0.030744772835485105,-0.07063285796803509,-0.08561814207597458,-0.12238697833867596,-0.19658631829135964,0.036073213330106615,-0.02864274375868586,-0.08085989174827284,0.08492441361122047,-0.04710102583563838,-0.23072777738494724,-0.014314483529932823,-0.05149243550191378,0.16930910665407606,0.06025993871768305,-0.05616848059831626,-3.1408448757304277E-4,0.11428362717901937,0.09542583630264097,0.06943180866226263,-0.019649706961355547,0.13106660956873548,0.08013456575323008,-0.09002855798916547,-0.09342414512318678,-0.047565347498810896,-0.13073792889976435,0.04776512769082225
0.1357881975094429,-0.17407756062736152,-0.22295362860706025,-0.11591307193807533,0.0616019505625028,-0.047332281626762465,-0.008982926003841235,-0.24535905693482493,0.06220696282716574,0.16177566262730145,0.08462883643412801,0.32467507184496325,-0.1321637162304717,-0.13293935433605183,-0.11410638948238656,-0.09022236251202444,-0.10059440371121366,0.07644959533709317,0.07881629144723175,-0.01901937116643001,0.09679885351763334,0.0013634947348939493,3.595055860937616E-4,0.07651722279344088,-0.01757802843694109,-0.15292293937869786,0.03905496082515373,-0.2404168655866036,-0.027136639783488438,0.09029528967457379,-0.03642866419056591,-0.02122760901789723,-0.019836365570939714,-0.1523568645866684,-0.18343091691821126,-0.030065524304627757,0.26264404495268734,-0.0296608213825263,0.02205152236787891,0.16292605608127497,0.09892000407249409,0.0970870926273733,0.13367095899157455,-0.18589514599452123,-0.1551847631582075,0.007764681566238873,-0.08987836635048542,0.081987026731589,-0.16898682248236854,-0.09385421419576845,-0.12855593705527754,6.689665069527411E-4,0.061612665029225966,0.04301921134032778,0.056516953243939426,-0.05339296553261613,-0.03386662028945205,1.3871763135489198E-5,-0.03446635975582285,0.04049767600626878,-0.06364652138843514,0.16514151433919133,-0.007520002304123026,0.16285222529726676,0.04131798256146178,0.043543972703869456,0.01265426175942539,-0.013805156352269959,-0.054282283152905786,-0.06141751549064276,0.01454580458262659,-0.11821179396706535,0.029636707945939898,-0.044237249089915165,0.04997440261693066,-0.1312074028733005,0.008395422510686232,-0.17204329823992298,0.013532728740442257,-0.032290326480953,0.047208219500368465,0.0702654439100689,0.16512518091512282,0.22756576164667275,-0.02174384290399635,0.20472771746439639,-0.07685309119388642,-0.07813242957580853,0.2139678959988614,-0.027788390172370413,0.020163140670091118,0.049981030026506376,-0.019598893568997387,-0.06841662341249279,-0.14488771810586157,0.04093381894954167,0.10888791447245035,0.008368448725415381,0.09328921082593385,-0.12631786977044368,0.12836928028071873,-0.08188964141985257,0.09240646168235898,-0.04567557863605011,0.06126856860911222,-0.04880660349129765,0.03779194690305024,-0.07225057859051388,-0.12794617744574738,-0.1349028406023553,-4.761211303833685E-4,0.09554312367715906,0.09556654868068538,-0.07260207932081293,0.06430738368998751,0.012938188165390854,0.1396459648810065,-0.10309277359306838,0.03208914439872163,-0.008122175226707527,-0.03716005210606285,0.02782446298440878,-0.04247808803338555,0.03613598029564539,0.02718405478916284,0.004768184801860576,-0.007447337466939771,0.11636248475101733
-0.016355892069713482,-0.06445996528082328,0.038617627483947974,-0.08918931971717484,-0.14234810063534048,-0.08099225897665,-0.04802585314862914,0.04102123051535646,-0.08982010880902368,0.010580793226246159,-0.02751804947434069,-0.056748547425763234,0.08463191264728503,0.005007682024550564,0.1104438530856065,0.04505777556524898,0.021596030336431954,0.023224480916685036,-0.006863454975029827,0.10830291542690443,0.019157544325066063,-0.126062985598335,0.10511308693114207,0.09534075190886492,0.04827066618006104,-0.14069127424547848,-0.0707795140021894,0.1438471292256448,0.02511537150898622,0.06370482040129315,-0.19278455170469058,-0.12935845891321401,-0.08122226013441658,-0.035545892865587486,0.09068187379114587,0.07055530651818238,0.08506646247984402,0.14664763418425525,-9.785702327314862E-4,-0.0916119456460856,-0.1157754037019587,-0.1640778717843477,0.05967208575786999,-0.05834081563470562,-0.09020316874179946,0.029529316139299724,0.08872091311627789,0.1155144418690891,0.13225851666279106,0.02041938467119219,-0.05314659134402348,-0.07242000967332923,-0.01492361602318559,0.17281915157068883,0.012552803155434368,0.08328844142954366,-0.023343883733034115,-0.08201016044281305,0.09316016991787174,-0.07437040531821586,-0.14326576485742715,-0.047758618021967895,-0.023317788061953143,0.08958271843912032,0.12968332440980487,-0.03806766102059915,0.05544870286922517,-0.05206822642896415,-0.029439828842839525,-0.159017950207701,-0.01903676167726784,-0.03150084422981883,0.10175696553920978,-0.19591585110730478,-0.032254991054450004,-0.08229372002241876,0.06630518124497856,-0.028398659932748926,-0.015651778182897487,-0.004476312071414367,0.06592667429741914,-0.0749112140073088,-0.10550511204088518,0.18254063330735676,0.10828184562213802,0.08095827752168482,0.002165631011717464,0.004225809237339865,-0.029370220827834033,-0.04578528310832478,-0.01970328367383723,-0.009582470634876357,0.03451756920227018,-0.046900189008516176,0.01970754576491598,0.05367010506684357,0.030447025488752198,0.17006085002818805,0.051583751592489555,-0.10007718753796313,0.02086449961981596,0.03832119145786267,-0.2189063375986015,0.00463465079714914,-0.05360539704123336,-0.04582933731953424,0.05785820424500603,0.05417811843598303,-0.07004464684476042,-0.07159724846221296,-0.11095671667751478,-0.14652532828249198,0.060166944322580664,0.06407989903770606,0.1218904420194274,-0.0397069584316797,-0.17924189506015517,-0.07235832790614588,-0.06489432140283408,-0.0569621066155837,0.04665046901648045,0.043663108398566346,0.020966068551808544,-0.048948425053519345,0.2866980290135304,-0.2076202871911356,0.010085467617821867,-0.07967593487561332
0.06901279471105078,0.045980564099484686,-0.07258888024361504,0.09925710227304946,0.017045178863456398,-0.1211307442747212,0.07102046332854361,0.2638986324952636,0.027631209364431857,-3.887649186219426E-4,-0.0731517395015655,0.1741402127618628,0.11645637883233001,-0.011008670438545913,-0.0034940548340365446,-0.009579665249434688,-0.03471691632822495,0.07003437861771662,-0.02780383584226384,-0.01274505191108876,-0.2061518316393687,0.035760168952689145,0.07673682065226757,0.14133917628375978,-0.11375273694430726,0.016671967324741112,-0.03676099933823917,0.07804157730502163,0.12596251353996524,-0.07133924836164046,-0.020863749889068004,-0.03743967250545628,0.030842203111737104,0.04647339564946768,0.03481266707012418,-0.019504501150518522,0.17701522567427733,-0.03630867972486865,-0.062369221143351694,0.13640348307109448,0.17490496013463194,-0.04678416204734188,-0.008803684582998066,0.0854206438260673,0.019842572247259133,0.09989144838362908,0.015161703252785083,-0.07532025270464499,0.1155809952818215,0.04262792361286617,0.03781825434985265,0.040364769584031644,0.02122268695524255,0.022130607260855015,-0.10554516742055153,0.14546143554247518,-1.048386168885293E-4,-0.054050449121433246,-0.03816298167824755,-0.07061054518911626,0.059948316109168134,-0.156105633092886,0.01602584607388426,-0.021154056206231224,-0.10467327554399804,-0.10905181794546849,0.06392511653189789,-0.03930904409980356,-0.06095758169975311,-0.05158438597719784,0.01163107977620704,-0.029431131896994225,0.006508348501342554,-0.009832014418193445,-0.05044689797252781,-0.15761718569302746,-0.0169067794945989,-0.13972232067823573,-0.027756607254848676,-0.0955264709913864,0.183836110406575,-0.06976310302310994,0.01896765651629176,0.004510432548416929,0.12506997428840944,0.188909045078036,0.03072212612291659,-0.14617293376219423,0.09299656499259183,-0.18553609104714816,0.025325848443301262,0.03592018710719339,-0.010396547280169909,-0.01077575708441363,0.10445563469530177,0.07507457882311308,0.011362020911069432,0.20506719315889368,0.0871617034654643,0.013869499723475603,-0.0842971544093788,-0.0038813842977741294,-0.09089240008760918,0.04216252342373711,-0.07052967757899946,0.08763390689715088,-0.06752963636999675,0.04512845295128934,-0.01052526382399934,-0.07277047701661066,0.0241497450701027,0.052601807120478045,0.09140026157194729,0.060761414555678295,0.09120226013203925,0.04705208263282054,0.14808918723503356,0.015517558860579962,0.06740964889088247,0.09793012332284981,0.06585707062620234,-0.1207084508405484,-0.13106725840489267,0.01312250840718172,-0.027683001556093934,-0.024677570939685513,0.1819321217984387,0.016835262961358247
0.151995978050514,0.17013823554625046,-0.11404221401280057,-0.01543636896954561,-0.02543567813838525,-0.04689785776746599,-0.07702328161026846,0.009778085604571284,0.06361618004041063,-0.10884233667886312,0.03070242842300769,0.019553257218749735,-0.0015365567826291682,-0.029078517578039614,-0.05508885070030643,0.015994050242236078,0.21996634111237773,0.10048368912257769,0.12938948141132903,0.10310243483759655,-0.02067390770852328,-0.08184518622751376,0.026103136993364386,0.20428557455322138,-0.019876687306274368,-0.07393853427462926,-0.06267349183903809,0.06916472858703696,0.1411361901134719,0.048639519152067726,0.17854972713758052,-0.04529598836135245,-0.11407334357004568,-0.15858991145094065,-0.005700646411192595,0.03546302670316192,0.08804431006445795,0.05043607083226284,-0.0895705386876021,-0.06405944186962381,-0.036383563473933275,0.13429451378098597,0.06149818985178243,-0.1907127749453908,-0.20191144943263722,0.10501184525383105,0.04472203003623065,-0.1019154611947015,0.12891893745296001,0.02639506202349179,0.146472031328447,0.040317204570744565,-0.017443841236996896,0.08996262774952204,0.19257443156134813,-0.04914613533947361,0.033229906000069066,-0.03181924455944642,0.18183813694275128,0.04657638164037005,0.023783873856113365,-0.011726188099604865,-0.10072371942204977,0.008780843701276398,-0.1500676946214414,0.03425196622194523,-0.05861937591091552,0.021489328131015478,-5.216053656830616E-4,-0.13249341425820022,0.041127858663453476,-0.017409500242795053,0.04839966701901793,-0.03304585218666671,-0.09695041354336613,-0.016498945135885887,-0.08983158069599036,-0.029272346872872074,0.07492800880004101,0.01108104657990409,0.011208960318749583,-0.23108089004357046,-0.146815139175826,-0.014311761896008388,-0.10178459769201445,0.07031468090551456,-0.007871824821377469,-0.026377777921198216,0.02166365702402125,-0.0037353300152443035,0.10642236144872856,0.06661867248746625,0.007634719335725855,0.027207951996080566,0.10403678352631096,0.13291151312337113,0.040703398738994916,-0.14852344273154605,0.004260857253466664,-0.06430871461984225,-0.022505185323452533,0.07982782801645916,-0.0863376801587122,-0.24302552106735392,-0.1352072197143031,0.13012129393771388,-0.032717943011532,0.05137195437935769,0.058389279467569034,0.04260002996373985,0.047056902135969234,0.08709663523510312,0.02357640967441616,-0.021643966550104376,0.11524220728419747,-0.11576491488750888,-0.09471671274304495,-0.04833857078235129,-0.043370140130512685,0.005130933929337198,0.06107034365476895,-0.062030545711983326,-0.055159979149784606,0.017653707489875128,0.12419517818372025,-0.06756888067676345,0.12744917555506405,0.02078692059659517
0.05911942485381253,0.13836294088304293,-0.10297018276687396,0.09804369625266762,-0.006346104616056844,-0.16463840630318066,-0.023845277524141367,0.020289038032132924,0.1294832201451383,0.02173587135540763,-0.025624444379332773,-0.034892568514479166,-0.11088709938870125,0.07512635926047048,-0.09114865113375117,0.017533550563839317,0.049267508514043455,-0.055980130737878844,0.01410169818244154,-0.0077197387028222686,-0.11763561293646593,-0.01237776988836657,0.03777234672008455,0.09616765663518902,-0.16522583582468556,-0.002656402847315161,0.008802618084517533,0.02627055032099833,-0.13835459812467985,-0.11336661383342979,0.044211031791762986,0.016859763724276958,0.04386329827877744,-0.10585904438852453,0.052642882111210786,-0.0639149167702591,0.035776640862273515,-0.15082300285512856,0.11058586734300134,0.16708562135276936,0.06324998070642064,-0.04182427914232655,-0.16026399984306075,0.10655310723499671,-0.14350930200722628,0.040011513563356166,0.040845977707167004,-0.02459577548471268,-0.09932771762750084,0.02229378659386253,-0.07402399810575633,-0.07316506734380411,-0.07813701967403418,0.0065388673303213,-0.15243417287736055,-0.18979361952972887,0.091944195300466,-0.02994427038250074,0.07312010448607603,-0.11996314302037919,-0.10485946928371942,-0.17264178058350912,0.05676006851765516,-0.00399268375257508,0.12753978987966122,-0.026655119591069303,-0.13926297253623354,0.07631747337418215,-0.10700430406362342,-0.02291638445663868,-0.024060625933463854,-0.033401404050746146,-0.06793500827417308,-0.20918670782874432,0.0031326247820599746,-0.1269783624022819,0.03477050968038297,-0.17603004045251422,0.062415815250060694,-0.07703967396550827,0.1006461432095151,-0.11282327469518569,-0.1155693013255442,0.14796531455339745,0.08371816772257008,0.1313440214725189,-0.006625228583735199,-0.032393950407686056,0.23264890731988858,-0.034869401098814784,0.21324576784766486,0.07830894575372087,-0.04180005226261123,-0.047212133840720906,-0.12679511397649015,-0.14177687089885127,-0.0677162758483062,0.032729264722532875,-0.07020840989809618,-0.05057185307864376,-0.06052231619727744,0.05648053488407842,-0.09355939549485073,-0.008855401322491286,0.06969855756570897,-0.03970597246011058,-0.16463562436004517,-0.04449807366303009,0.12076446407050162,-0.19691766153591767,0.033657139830790876,-0.09628469035963262,-0.06739298046053382,-0.045051319068394054,0.08827046314922705,-0.00660052320274512,-0.0896257341305207,-0.17654087178380912,-0.04947066801470077,-0.0917931272698482,0.03228946459440396,-0.21483529335575396,-0.0018183992061737526,0.08686882237458138,-0.030052851852246217,0.061004190431374415,0.1599353778039376,-0.004383816695608166
-0.13380093669582035,0.0409673658166084,0.018257572993855234,0.06503291900207543,0.11073612923039139,-0.011488739831049916,-0.03260661293514825,-0.06843007179481393,-0.07706963734821835,0.11257882329775995,-0.002092531069155419,-0.04694071943919274,-0.08345554288535943,-0.14691485762769158,-0.08149314909366434,0.0501304664858576,0.08515673025846592,-0.011976558453043545,0.045656981861980375,-0.1864517893039476,0.0758997811267414,-6.982755479231729E-5,-0.06709701597009302,0.03689978318466614,-0.0368599818906132,-0.03039222472893583,0.10119543770965131,-0.0032788359912853714,-0.02664183394873128,-0.0556515291546704,0.1053909323126206,0.021049900110000935,0.055606898678940093,-0.09874080475595871,0.12781922252670835,-0.12058654295815145,0.06666525894539924,-0.05644684375167916,-0.0633393913922384,0.026056242094012763,0.10807222663434646,0.047625891407657,-0.1813154920277564,-0.2504809431352347,-0.053656622676840335,0.11923540051136808,-0.15768304982103787,-0.06471464756341942,-0.20458126278069577,-0.007916423338267756,0.009031747106121538,-0.18843140843593545,-0.12538848307122352,0.05074016019819092,-0.06982351729067857,6.624683951179965E-4,-0.053984026772712135,0.008567929856509943,-0.0580431791880507,0.07931048541948083,0.13664265951824106,0.11464381880118009,-0.06415572949467356,-0.0031894456957663473,0.04100805903837642,0.11956544322689744,0.09926615627212397,-0.08278485335397219,-0.03993004056081699,-0.008961538846537368,-0.004646902737612053,0.0067856911903712925,0.15123045213893704,-0.08308838100102685,0.059141177209530695,-0.06025164780313369,-0.021275201211259614,0.07151967974419292,-0.1307480245697586,-0.060529483917979826,0.026004531574049278,0.04009840171066505,-0.10928936468001918,0.08358096911518481,-0.05454513399848328,-0.04645228911925257,-0.007788811855581395,-0.0865464089223864,0.036696850827782124,0.11409885069918711,0.019225309069781482,-0.022233806818060253,0.058162107884138295,0.02921244636999229,0.09245745546122577,-0.07553972004281292,0.10868681536059005,-0.033068541179836555,-0.03847742453420194,-0.05950553043651988,-0.12819727945624038,0.0722759116864673,-0.062413387711042975,-0.04199554169078068,-0.03361183202403655,0.08078806765173255,0.024351591187575822,0.14320221982608364,-0.05562016054971664,-0.10354456691541772,0.042054649022479726,0.040189560411213875,0.031108425492825893,0.01556586479157986,0.04259944838480384,-0.14966512498129797,-0.03454531483819887,0.0018148975175384505,0.03068318327701172,-0.06177752184891548,0.038352382819260886,0.05868199821321845,-0.05859575587239201,0.04009503623324337,-0.0699729110766372,-0.03964512938344278,-0.04917663406033467,-0.08611267704624972
0.1168592825017629,-0.08919769991375175,-0.07990277818691896,-0.05584330453963969,-0.11237421375034047,0.014869533849990096,0.05322569245335218,-0.07797309153539618,0.03066878521670548,-0.15446769661501014,-0.14081576667924917,-0.01569549734053713,0.10370815956731373,-0.09228130070802193,-0.00696929926851509,-0.16635047909824746,0.14637285075420706,-0.0037324266327833726,-0.13001452979316686,-0.005834635072474957,-0.009752708107328098,0.055930484215713734,0.03457641859452253,0.05297618842462775,0.08925849839983213,-0.08899403026928131,-0.0391407709547706,0.043392551029410885,-0.09263568715627124,0.012389036133565862,0.002391289456847024,-0.018827293357351928,-0.04737936341342642,-0.07597022637901857,-0.028530221835932526,0.1216924019885254,0.07936127830980688,0.08094689500394003,0.18521451982004888,0.009506317655993293,0.022142109946292298,-0.06212529409067517,0.07558937695291497,-0.029732373644885728,0.07844602364551156,0.18566587651185612,0.10381967096754799,0.05945556348260764,0.05380525670888371,-0.1459285218770267,-0.07584499376800205,-0.04558365272163172,0.019846144235374327,-0.09802089821285852,0.12104792556467298,-0.006571051638886481,-0.026191090413250205,-0.0390801225724262,-0.05074795292719318,-0.1313861472616318,0.17317121655026815,0.008598347125799839,-0.0380526455819348,-0.1643119223841144,-0.0899293231362641,-0.03939047833179307,-0.04792810857356486,0.08343016990424836,-0.0243667192059825,0.23998892197757665,0.04217854197521314,0.007578369545711909,-0.07213069303874084,-0.033310302281001264,0.10785686299592252,0.009014540630570944,-0.16183995975165716,-0.08209071451256068,0.007546882502413779,-0.07433565515681874,-0.0039401453342868325,0.007136905494380878,-0.1629191142635631,-0.0020276734873473715,0.0217339887625897,-0.0032963645274079454,0.07811018691971545,0.04276465210872541,0.087769486639325,-0.027768806104122568,0.19504632817412018,-0.13956552140047804,-0.027811471010091036,-0.10920067275146113,0.17254938773617248,0.04583419014270891,-0.02890298367986959,-0.020426590934981177,-0.21773016184474034,-0.011833796895232474,-0.17367587696464257,-0.05167847766158667,3.0446463694740536E-5,0.04939182695916485,-0.11781925609747651,0.05808670411152775,0.1302573717491575,-0.12344900592560108,-0.06522526386014568,0.0010742605773329753,-0.3439820572231563,-0.16532556214452682,-0.09266282038286999,-0.027602650863592152,0.041595582688706945,-0.0278090808443513,-0.02027189122659993,-0.05803683364632935,0.08934931894211208,-0.19956965103165208,0.006366215802150907,0.006436105771173178,-0.04940616461237128,0.04940976361974889,0.023318814003884573,-0.12755578768503759,0.08183174857124284,0.059550028127426054
0.24728335588404315,-0.023337868550656803,-0.05638896790254859,0.019922294396212396,-0.016471822162391417,0.03393718036344809,-0.02958790133255216,-0.09797230134364318,-0.04831354090102074,-0.06227760890004819,0.10452809320979092,-0.11993322001856394,0.011312037669955621,-0.11529927120280972,0.16257468720609966,-0.054806487367346855,-0.10004819790931227,0.023206256969257176,-0.0768469815094832,-0.028245581062088805,-0.07691009669234457,0.056129580296264546,-0.039589886887423965,0.10309994825360073,-0.09999000131548112,-0.18456295384869995,-0.14324848905023646,0.05654064304877972,-0.07503742950361615,0.053575402288811684,-0.13211968966318033,-0.04446943273410761,0.08976147538996153,-0.09151974494293846,0.07502530198926126,-0.1172295366529429,-0.0023021304411895175,0.11432543803027802,0.06747882625388311,0.024255309431697764,0.03973174608012094,0.025909755785645333,-0.07627850999691278,-0.08870495512910322,0.04336856505862919,-0.08257696314806565,-0.046159197953942854,-0.08896109016327637,0.004417076324783291,0.018859185613788194,0.009511218756275829,-0.11955315795209084,0.11008426355986686,-0.049880489767107225,-7.459816524734418E-4,-0.03924856297238349,-0.09466973672431525,0.06885133292629804,0.046517382005639096,0.012361100608677837,-0.04840553172445704,-0.07824160377085923,0.07078224092261372,-0.07288239562876024,-0.01692967753784595,0.08670412945821884,0.10722650212412091,0.15334332301774145,0.058996807601923024,0.06113413568748419,0.01661395243297762,0.006534994179441096,-0.23254552210646498,-0.030615827690335308,-0.12664830320548573,0.027479147672348967,-0.019243183797640867,0.06202707226778911,0.1095939067845325,-0.06210754915781828,0.11448985906763715,-0.01983423498274032,-0.015901195105479823,0.01166793823698014,0.11515110055755803,-0.11247548189204998,-0.04501036972179158,-0.0887971811421741,0.13652278107023344,0.05441755075225239,0.20086057399424137,-0.1663863255917818,-0.07579285776663514,0.05638320190525141,0.01143416988154975,-0.06857962569872605,-0.05309466260733597,-0.08933320787286382,-0.044637186422839994,0.022844255400239436,0.004963870888950194,0.09830315245349266,0.0460733952211034,-0.11425804386086372,0.030385765759884144,0.0639088569234705,0.014979225925073529,0.15017676689707177,0.07370821965730492,0.011753309242576306,-0.030630157202615745,-0.05028280154203069,-0.02491000865112234,-0.014395929798566591,0.06267380552273195,-0.1512948668868333,-0.016105556348333022,0.035627449392439406,0.15310547073082825,0.020437468609549106,0.16025949119289776,0.06166918638787102,0.044630074761060436,0.10829324181609525,-0.054324238443153906,-0.07273192283209617,0.1130054528395618,0.007251521164742393
0.11806163425778653,-0.022268168428159187,0.08839488448428245,-0.016701862294893722,-0.17773983195605528,0.15760231748912337,-0.014947758270290028,0.07675284950252868,-0.04203622175558604,0.10696632375406599,0.06731573036957862,-0.04466643311800343,-0.13293443377673636,0.12275152708078083,0.0487055483501809,0.08254208168218616,0.014387007070319598,-0.08427362961994952,-0.06808598396645665,-0.08993523625250412,-0.008797587689546887,-0.06347746423153725,-0.14897727424585452,0.12345932193926454,-0.08699218560968817,-0.10701026955496913,0.0808635145995191,0.14940527997534925,0.03860730010919797,-0.07691598133924188,0.10518960835598906,0.025382100634297564,-0.07951161275462627,-0.11649514093280262,-0.21002182166783775,-0.1366745123601178,-0.0995831718875204,0.10950534746879569,0.0729897218624361,-0.10739162650878958,0.01299537109936529,-0.014620272641936377,0.047495305257002664,0.03931386138756144,0.11902251647893805,0.03588797259551885,0.19168988013201332,0.21766862502658912,0.02004943529990995,0.038061594479426475,-0.06904768951991748,-0.10180530574861367,0.020625616338814143,-0.08524228170184829,-0.010631350703425446,0.02175015461777202,-0.06101664490955143,0.12164385028444348,-0.1561493242178046,0.06821805842697061,0.021820444685193424,-0.1735808954276502,-0.01466458312490384,0.08031948734112104,0.0871614362516538,0.07997008557709254,0.0019806879709942673,-0.041146900347233444,-0.10466689999560326,-0.14031113967023714,0.09812779287175794,0.1041779927765133,-0.11722636117926324,-0.03935185946360493,-0.07755484426584928,-0.0785419608039973,0.012069117134624736,0.09408970170993713,-0.03606573557428654,-0.04445472641579433,-0.001874721306274094,-0.08044754705044017,0.002986990193423343,-0.012324652263695963,-0.17012227145373554,0.12827399362238037,-0.027969246105050135,-0.047361149183139516,0.05151131181924147,-0.15251168386542654,0.034033126515547525,-0.03596940423750336,0.1647848970207125,-0.010550698464838823,0.06422946529214507,-0.047976054070753865,0.10554574268304755,0.0073866246893437345,-5.465209864322627E-4,0.13398357160141267,-0.10733563109064319,-0.03302067859107053,0.011303979950857386,0.08521678966702378,0.10554365791031399,0.03476509509982388,-0.003308020154977822,-0.1243051092530106,0.047040920846925335,0.038818004564442725,0.1645416901309117,-0.049956157544731386,-0.09739604140717863,0.026020342919830002,0.1524695765301673,0.013458336818585008,-0.030510393411061886,0.09296489777107918,-0.08703613851895435,0.01848544088133454,0.045125412017495016,-0.11659721645332137,-0.12184045398967878,0.1363962047514871,-0.06683423899231132,-0.09327133936840765,-0.10177944234421,-0.03939204592944958
-0.08371109438472345,-0.013585294439681522,-0.03454893903503451,-0.02018672422892091,0.031747983159013386,-0.11366237289685399,-0.11612557264948752,-0.030674109929227332,-0.03435644637209451,-0.10092735674727135,0.18885931513568693,0.080083839980977,-0.01866369414570009,0.004109776180943232,0.0829427617482749,-0.09175648745613568,-0.021231466449830552,0.1242191868856203,-0.03216482977857057,-0.04996855301895361,-0.04661546242612163,-0.07907716051268761,-0.04074503753874958,-0.19470896798827755,0.06930659044413624,0.04539680454060771,-0.08511013728776957,0.10689117886538142,0.02636078602402013,0.042687198181197414,0.08061357657332043,-0.06004702827946874,-0.0886573659232036,0.11191691026809471,0.1656216696871892,0.11990371295443876,0.06099316950858663,0.0292867506536176,0.12603172364531845,-0.10560663550349675,-0.09619265081101532,0.040362782725051005,-0.03436559377365074,0.0442577729962928,-0.09299124177491143,-0.01775065786036185,-0.04259354133339396,0.12706444066056932,-0.07161077327139861,-0.1667256568272274,-0.09242985906636185,-0.009940148558590416,0.08715052742758797,0.17840698515131273,-0.06543067650099586,-0.03553200368489098,0.1733463657619188,0.028872231381051446,0.12202215804661076,-6.664864916981397E-4,0.13708049502120073,-0.04880129133032295,-0.02718385134948459,-0.06428307052080653,0.12664775631855402,0.23112633859710582,0.18877636388969127,-0.09271474858559792,-0.02268575822569599,0.0515337843709165,0.07218806703278476,0.0021113383288716434,-0.016348344643777532,0.16228786877270565,0.025419089622249088,0.11840518202227564,0.00564680558490279,0.13225143302051925,0.08188992386790252,0.02789224435038941,-0.02413129323615797,-0.11604125487855013,0.04016988164533447,-0.06250340338934551,0.04073209454348122,-0.09287652947529773,-0.09588678302430703,-0.06458044143118477,0.06770739708926174,0.031555112462008726,-0.15458215349247695,0.032231602352390656,-0.022061722638717286,-0.1201121711447445,-0.0018791622461868992,0.03231027815268098,-0.12510213914146284,0.07423868028598568,-0.01800411484110302,-0.0526126809288999,0.050423316487963374,-0.07746698992537811,-0.07466917183303283,-0.08495874497568844,-0.029893755914364314,0.10877304772440688,-0.22404880258510385,-0.05892639951509981,0.12568289611302216,-0.03418269064995731,-0.17563898638682315,-0.12791176579573826,-0.025558396728128856,0.04764417078482678,0.034605456636015886,0.026614504709321838,-0.05111358534929623,0.09370132014464122,-0.10085168159312165,-0.04018918314855859,0.06243672343490205,-0.021388464653702623,-0.06790309301876538,-0.0644234519856835,-0.056027101517571995,0.0468517684447998,0.06809754298891203,0.021487900511498383
-0.12588099743404252,0.11871083187191239,-0.0687399896539887,-0.0798660310158016,-0.07903779002925251,0.07582541182314297,-0.10030420995919644,0.010472786943454777,0.13260382131245224,-0.11400146390304476,0.060079268853151326,-0.005461209057692053,0.15994686299193664,-0.24261347617658735,0.04264346320416001,0.06623780987059147,-0.05925318372269062,0.07340085434896206,-0.03676811071846268,0.019947869770326372,0.0643655282257231,-0.15852594737140172,-0.05655798123537005,-0.007333313320292333,-0.048114056264951514,0.04047644785829098,0.11114331166955446,0.06639018070249231,-0.003420755093379477,-0.054418854230685355,-0.07169952304632086,-0.07881030160156885,-0.04463277556833386,-0.03340877597560244,-0.13260060744476113,0.022340295325108894,-0.024143758289408714,-0.10645200165361718,-0.04030632016334195,0.07910310113178011,-0.02058292080082695,0.051530649811761475,0.13136570810940063,0.12788736605932152,0.021690432439541052,0.17133161921418041,-0.015034429446228688,0.26249603987361697,-0.09789149523201786,0.029752166586486998,0.02620313487285093,0.03654570438503329,0.08628518348997467,-0.09437395287421498,-0.13035655275730715,0.08025561140645046,-0.05888540118520952,-0.19302831735567572,-0.07841893883181252,-0.16982874906711706,-0.07460884031495772,-0.057256583061830235,-0.1279679912393205,-0.05577067050079514,-0.12595111071995274,0.11144981665396349,-0.12622437849153634,0.06843567870274327,0.03377793730698766,-0.08715875191030785,-0.009957909899990831,0.08123418217786744,0.16662472646474674,-0.006639914920076234,-0.03322747917912252,0.02903394233536917,-0.19395680889885433,0.03127056958734062,0.1278663187176646,-0.08028242236331093,-0.054816617982304014,-0.10587638240439994,0.019850803328048762,0.08156764979113963,0.08187806493859137,-0.09672434197460685,-0.2540243042010597,-0.013790919419374614,0.0820195400316917,-0.11580345642322429,-0.11497217382572734,-0.02289085395061392,-0.07568341173773266,-0.07597589026210068,-0.07085975508157337,0.03076938787677856,-0.05724421131572636,-0.04504608285256211,0.06708639794024177,0.10724144886390585,-0.15009380743225528,0.024233688668573602,0.11362570704347581,-0.1846073066350265,-0.13269983241215494,-0.010926777396808604,-0.040897254978722805,0.13689218931930205,-0.10538047110110484,0.012042904649956863,-0.08983326915195113,0.04029538000323112,-0.1169893534352006,0.13716473314161096,0.032490018111788296,-0.10216478801554885,-0.09246195844001498,-0.004552836624780447,0.12858861692366028,-0.006392538210538999,0.019389778888355382,-0.09544198584575636,-0.03296248590916327,0.04078304968493899,0.04645396924940467,-0.023707963469076523,0.05874275518534969,-0.13640253237068037
-0.13002222955825202,-0.22179140822825955,0.0529184395276597,0.05534604607224079,0.05453516850882844,0.009012927116118005,-0.07380200274410752,0.03482642147908112,0.16635506131655395,-0.07224970426459644,-0.1076413105573052,0.07530602518057092,0.06887803178381578,0.0381326042122961,0.1475840585239398,0.08292723924312838,0.015580421247780848,0.0509877566964991,0.01024292279083493,0.1205011599924249,-0.09446417608556285,-0.03102097603358966,-0.09370538207156161,0.09399831250320385,0.007976316660625945,-0.08945189254046658,-0.10932274630483382,0.005007143076171993,-0.06503707641850069,-0.12605308509424049,0.22475650268928984,-0.030792219173420798,-0.043151301326532464,-0.1224872306161058,0.09525462075659405,0.01784965331726403,-0.061705976734847,0.007172021319335004,0.05417674379356662,-0.10597398220283831,-0.13835534428126225,0.022003556915340897,-0.01331800475552536,-0.0013279445940643435,0.10947061386906447,0.09240473774080213,0.03716410834091486,-0.07336737528613041,-0.06466844638570846,-0.06401728988360494,0.10505864874572161,-0.02955037550565303,-0.0014334180229595738,0.03966061824127486,0.0015924041733685352,0.14697607970009635,0.07067268955049427,0.04730451112147442,0.0026893982685013596,-0.08072403273857812,-0.005185762885808787,0.033793421224387075,-0.07106342065530821,0.024955008037247952,-0.09330329967819724,-0.04179070265645231,-0.06990592031375757,-0.0665150121896558,-0.092665392166989,-0.03373179425963695,0.20256674661661878,-0.12428293068707909,-0.06321737200422989,0.07105135055231379,1.3233199412480132E-4,-0.020761030395784703,-0.14791667607509268,-0.0112143784357479,0.06228870463449341,-0.10917144197301411,0.014182781604840027,7.768457466129251E-4,-0.14499100115964017,-0.07472386751638709,0.14793327801711406,-0.06079564200265884,-0.13071718609449706,-0.09026814242522654,-0.0040233652401782055,0.07478967010673591,0.04253897252392276,-0.05182039231941288,0.03203152639579655,-0.12717704044921377,0.02601633913284588,0.02090851772661822,0.058619298896273014,-0.08203363641109024,0.03445684403062137,-0.18143232194383138,0.05502723809468899,0.018747539407064404,-0.030733197623907468,-0.07699479315912208,0.03101636393709662,0.14684149864747942,-0.026226737307983826,0.07493566754569903,0.05211077276193683,-0.1746513861777578,-0.006897849379387718,0.09088853873994074,-0.14761771818663685,-0.07905847353073253,0.11544931404304797,-0.0024140507082180958,-0.1911463119523318,0.04312681299442758,0.014378313180571818,-0.09753304045929245,0.1097874958088284,0.0138232834137288,-0.004003758811341501,0.11837005304620642,0.05615131324897909,-0.04827899583582304,0.1285292889277081,-0.13173063516654218
-0.04073127939787331,-0.01753831910443891,0.1039953338458128,0.003274182722316109,-0.011257738069945893,0.0594308997316114,0.1519888944024746,-0.009032146983631778,0.05107549899823266,-0.05743126125556605,0.06781338645942435,0.19276633731386528,0.1683318107003393,0.09246155612807017,-0.11632448748949098,0.06114594525927656,-0.05666042779915417,0.12070405582212608,0.05525858978074795,-0.10996933490797739,0.005895736784336237,-0.06664959000047352,-0.10231764443990257,-0.009362979101885308,-0.0416939299204755,-0.14976591077494977,-0.008022256519072646,-0.033788218381174975,0.011925323091463887,0.01198330540972558,-0.015311308216595272,-0.11159900780352035,0.03364017350585395,-0.013242206078014195,0.10851906480589221,0.013428477618769712,0.04299993596055739,0.17373009427946834,0.15007852997293084,-0.04167799387986376,0.006428829146176072,-0.1296200076178376,0.0035003156467857703,-0.003421414478772652,-0.0821845723063565,-0.11746027864641796,-0.015437158734159653,0.058353869168717994,0.050261549364420205,-0.09944411614245612,0.11672484647230953,0.009849242341129296,-0.0028406149352950853,-0.030390941833068407,-0.15175218104487673,-0.06387340479466583,0.12203295824865246,0.032217099828011284,0.002004594720091693,-0.06519134668187705,-0.1205115759585467,-0.07621383031717129,0.08713118681856039,-0.09912150998492511,-0.0369064333211586,0.15839269974738965,0.1408018066903464,-0.09033050084196452,-0.17327410800443135,-0.09615731300474699,-0.07910375208770876,0.05997040139079284,0.21854171614065657,-0.06073286933626716,-0.024569979836875058,0.11985644398288565,-0.129337453264051,-0.07350588609410849,0.06957370093431268,-0.022765286901971667,0.2270395776823731,3.3661558007219705E-4,-0.025818241716156168,-0.03634688182567641,-0.07979880733067798,-0.13972020846542096,-0.11428110224228254,0.06587094025792471,0.007037961144242606,-0.06625754341274907,0.11934997499232367,0.04483773466135337,-0.13913077098264995,-0.009810195233581861,0.10398461212951475,-0.15867067440173413,0.06882183717904887,0.12461444540269799,-0.11821375590669449,-0.0011398657057673323,0.2015215512707797,-0.10067635497783319,-0.04026807002833691,0.040556632723093136,-0.16544107226744387,0.08994857240523949,0.1111764485222587,0.0551027356201358,0.07765093485758237,-0.10284316996437567,-0.15807551540558526,0.0925584704252038,0.0813659852866581,0.03070139552276186,0.0952707885489497,-0.021882599100302828,0.05646937356803644,0.014491409005676973,-0.08760787401243571,-0.035158632427026215,0.06730242126780353,0.08478718170558991,-0.05140779988945733,0.005850263608067664,-0.02554206040164938,-0.08812753152322304,-0.10166111637500128,0.08799911747359546
-0.034694091413985995,0.1159847213633586,-0.08523741510400626,0.06735839099540623,0.13753944318734693,-0.009129326659608618,-0.1044487265646609,-0.058661696582372504,0.06216320487756197,0.022650797844051235,-0.11946446073080762,0.14717039277687494,0.05137418876532175,-0.0848503967834194,-0.09636234826813422,0.026774144817390703,0.12898555988499183,-0.06940457355888098,0.030114787189428494,-0.1223576265516037,0.0817356026520519,0.002741909983457696,-0.041226801547116,-0.03414208870677292,0.06746191807674007,0.016113611268206984,0.025340851421132425,0.10267795321741384,-0.007498504808099569,-0.02795589037238333,0.05770917534200165,0.12816094624970892,-0.010529388557460547,0.030964595600635133,0.251197524491861,-0.009560377699190855,-0.025460772059288764,0.22359550841986234,0.07338531979904775,-0.06663415781770794,-0.09371682945480668,-0.052260135163573126,0.13778559406523858,0.1323864186372077,-0.028123136083255573,0.07236179958397364,0.055215484202871506,-0.004105880004623485,0.1348163656705757,-0.03241125583736957,-0.18111541491572325,0.09478827004248302,-0.08048838580438823,0.1620453602906472,-0.05993989025566434,0.08968919265687739,-0.030254281368256968,-0.12386895523768904,0.04464242336584396,-0.15531292696728644,0.0481787201361158,-0.03202816892004395,-0.12473369256162502,0.08722534118207849,0.009731108916066275,-0.038389908671947436,-0.07240466997680657,0.13022727283739371,0.11940150791924331,0.06553909003737712,-0.04854739209577378,0.020405613165799467,0.06766719289186343,-0.10068526796663349,0.017655876557694326,0.0065243205979792305,-0.025515690223504847,7.47189622962276E-4,-0.020321952157889494,0.039847987043927204,-0.009564221980337146,-0.09330429246625742,-0.13827392028228525,-0.02746436129630389,0.013110042157344739,-0.06676816053827671,-0.1080578375148272,-0.05370546026302225,0.12856482378138792,-0.06084479212431122,-0.007376232370277671,0.14573230946098814,0.022627478868898786,-0.07353864627122571,0.03912200413602096,-0.03602676734015653,-0.05977377789246342,0.08236426253141577,0.12569061115925464,0.10180692960946748,0.006830158975612347,0.03033213663638515,0.022043474563425272,-0.0667349269742937,0.05474718307901467,0.11252084009116387,-0.02968112938130984,0.11127941361716873,-0.21449770273344365,-0.027540854343114138,0.04619544668874782,-0.06429713378171523,-0.13859375890841136,0.09694086377829056,-0.08352005329782113,0.04914195115988705,-0.0913072878465638,0.13909990220331106,0.17985574093257098,-0.05025967179271249,-0.10481305859762607,0.05245415748552,-0.05510494392813456,0.029435826386162448,0.0014561800508729019,0.162930754665399,-0.04675772453760771,-0.04622671578529023
0.04915412318517435,-0.08461095025570821,-0.06239770834003599,-0.10601727136291185,0.0019012186676433144,-0.14106564091668164,0.10186046202189092,0.03961487465709169,-0.029100390595995593,0.05290569898150626,-0.027883429364518708,0.06693485224363765,0.05464587116012093,-0.007360864388144774,0.046646743855504325,0.10071209774661331,0.10623607991681537,-0.08460692386838309,-0.11398361561756516,0.06533667671096652,0.005123836775759298,-0.04229134427059073,-0.03835404156398666,-0.09541123737838134,-0.034419047697991006,-0.024680707304653646,0.03193342293541873,-0.03602583407019864,0.04426961722453369,0.038609878861960954,-0.013752821757195784,-0.05890288397188275,-0.14667177116269908,0.10845486057191243,0.2533609991380396,-0.08107250334890605,-0.022405457703837044,-3.7590616996043685E-4,-0.01001921940370685,0.11348445452876267,0.003624204979548569,-0.09419988438265299,-0.031447791307742445,-0.018120336907789608,0.07675831497179199,-0.08760559728370165,-0.008657541661029538,0.08523100788371316,-0.13002376982320393,0.11827620459177804,0.030982631335030777,0.0015115222619348678,0.04321878215197968,0.06477433401683999,0.08973314393356802,-0.022847093625224035,0.022811452679353448,-0.08236429448421002,-0.06395164367005413,0.04335121796046088,0.043619471464494616,-0.07527617987468199,0.036514608335273806,0.07391336130419159,-0.029715410406300886,0.0809664062750571,0.04288236291810817,0.07277997783447981,-0.03884930005421569,0.1416805422904843,-0.09061771792110637,0.022944525289409632,3.9681894411791856E-4,-0.06506344057196586,0.04081067578903296,0.01352226370936402,0.1011991914292952,0.1434712944183201,0.03865812303233739,-0.0823862597922906,-0.021275209165708908,-0.20372998077060306,-0.04662823070422196,-0.05244845825722021,0.20835942495768978,-0.18769682503172705,-0.03582988342179701,-0.1834324514333629,-6.680104462820301E-4,-0.06533681576060324,-0.03393358857227817,-0.05980656527320562,-0.00281908375357516,0.2074224658309969,-0.09498482959248845,-0.0027528597624784457,-0.04787221110381513,0.1397036851903123,0.029050436830897936,-0.0060267701979375135,0.015018135072731002,-0.02654479833869959,0.047609324615581705,0.01612341718831348,-0.09649198988177819,-0.10506847974036465,-0.08980494137618414,0.07342101600068239,0.052513066446717556,-0.04620906719340383,0.1030173856131311,0.12062928016530287,0.09538263668646228,0.02619183353287611,0.07123863692196983,0.1961488378028254,-0.01473998242812437,0.2096635345815781,0.09755720295119252,0.03112781541734164,0.048925605964775847,0.0289086447269664,0.018464887098456943,-0.18420431242017515,-0.03134878648409526,-0.02464031022000368,-0.0010366356003092517,0.045070202148166046
-0.04101812982795662,-0.09013159901121667,-0.0036068338332888306,-5.841738783127527E-4,0.08678829889764882,-0.12480332682029753,-0.0602088550836425,-0.12632828950803485,0.07141422994312589,-0.19673678604856754,0.16930041251139033,0.035720248280030065,-0.09661662001655011,0.04223002585382745,0.1577904523503558,0.02785757093187042,-0.06327604943024688,-0.044511656513364146,0.08469270698321739,0.006842285883215271,-0.16504511389309093,0.006654472497913242,-0.021943806427475634,-0.025612781820924867,-0.028320172565541205,-0.08732353241059726,-0.043274113692273214,0.04979853586523474,0.006541166952988216,0.029538414499869062,0.010790651210515093,0.022475671826908235,0.03243823155510892,0.07387977249840354,-0.14449557132010546,-0.08878972468974022,0.017861090071626968,-0.06448490821498984,-0.0021586553021418066,-0.05403920188100675,0.12129400967423436,0.02671348122884303,0.19784416970251323,0.027235938963199452,-0.03172923168786165,0.12316990111673706,-0.05409384458496875,0.0344995502627246,-0.1841702589063777,0.06063306490200846,-0.056404669936064494,-0.05917547300790058,-0.007857453065536963,0.0859197558878784,-0.06977318009667177,-0.11902742206109912,0.0686916216758147,0.028581825474576432,0.0013068123422392604,-0.05760628867720995,0.062218105710721006,-0.013710866278593246,-0.035486475590178715,0.06824975936393732,0.03069362063301698,-0.03993906779522993,0.056097154849924696,-0.10510497294882555,-0.028457712365771583,0.0247997981653211,-0.0955774901063495,-0.16064620559522666,0.05895403120210743,-0.08154309757030107,0.05993065630227145,0.06505786564469906,-0.018302031512450096,0.12459765169239928,0.26773826453639216,-0.0858741161372227,0.057128098996798604,-0.14373615033222553,-0.026516847927320397,-0.04091163190169745,0.026057028165225656,-0.032953207151567264,0.003990204227822949,0.0272483683615478,0.05588658674408159,0.02942416055093733,0.13413497010119046,-0.11637309231644759,-0.03307155333847003,-0.019567957019322787,0.15910708340113733,0.041375770265434306,-0.08116161627766084,0.020690490767406682,-0.044322207306710285,-0.008178865523328971,-0.016744850823435957,-0.09102975129108924,-0.07505878508394359,-0.02822313522234009,0.022288539061698243,0.06663154379326118,0.05610354152891631,0.07773059888089962,0.12664426810879859,-0.07842666121407964,-0.11213179376995047,0.21351606124447817,-0.0516178846347404,-0.101368135345511,-0.1735317955397723,0.05655167187764458,0.10162176194663253,0.08067434726698834,0.0028114833934252004,0.08980658688512788,0.16497242318673683,0.09343874057910313,-0.04143995504194883,0.13639104516006137,0.05847262034307651,-0.10467197973202348,0.026137000363381516,0.04470293225056512
0.07881382056498527,0.07721931203434745,0.07034170668532291,-0.0450701588614588,0.18004628304572087,0.07027039467382414,0.03858499571093892,0.20214679223857224,-0.07687896105445494,0.04919291634673324,0.03345341356208964,-0.053160239838929466,0.03391984863550154,0.033095233724311335,0.07516680367150669,0.1005170743796424,-0.04629927363170052,-0.1624882323486303,-0.12979193960150218,0.10557687498328053,0.009283945670250067,0.19135802134959856,0.11778194116857414,-0.07897489444736898,0.01072364653689659,-0.06880100027273572,0.016863390346825595,-0.009252315830549895,0.07814623088819353,0.014407519122328925,0.2354797268564112,-0.016106401995222428,-0.02522672143671009,-0.008510592877126195,0.0027689290225195113,0.0028298546313506034,-0.06323699218103894,-0.046893824600075545,0.10215974562644548,0.0031987362567074728,-0.008027686050508954,0.08082224140764903,-0.02518649818033001,-0.008325936450079348,-0.15729424570592,-0.013300258243670093,0.09922019914254587,-0.1549688897363849,-0.17178448612106698,0.049729698938959586,0.04235815151482371,-0.059533816249134265,0.03559080800035213,-0.10070936464913854,0.03860451723227848,0.007141812196094418,0.12752281475567898,0.005727072727200895,-0.13949377185932196,-0.027291583297460273,-0.1372038615615596,-0.05118251705532074,0.012630956503762975,0.02117035856432785,-0.06904713675381419,0.193318611599977,-0.05147447594318245,0.09318461936789965,-0.08975409215818313,-0.01513319385555871,0.07960649968176721,-0.04332494053921224,-0.0934408291027371,0.030625397290704588,-0.14387464086622395,-0.0027145774540941812,-0.043205167089329116,-0.09032669495207951,-0.20537057380556992,-0.05487274672979014,0.04509759327899653,-0.07781939753537494,-0.0030562717048122127,-0.06565839322279549,-0.034298172211232776,0.002058401158874275,0.031657800409045374,8.65075387880835E-4,0.17305769133047114,-0.038585759873432206,0.03484802932813771,-0.009009674483255289,0.031178700098104195,-0.14445655085628684,0.07355043647216229,0.10909986433866643,-0.008930929704111306,0.04966326227467209,0.1462333806679794,0.20617380640599672,0.054465123309255965,0.027686993695022546,-0.0012308436494168763,-0.11662509851879097,-0.05004469735839002,0.19091786197893804,0.14620794917024924,0.022728980259293152,0.15599075668211468,-0.018381861563281716,-0.03626122070580375,-0.19108932447481758,0.047364136010471555,-0.024200214536970244,-0.016830867760278284,0.01846909747813689,2.6891318475498645E-4,-0.08069654890926135,-0.030557047568907297,-1.6633614013585344E-4,0.20098322844227698,-0.10094056152696478,-0.13618711166731506,0.05558430697545888,-0.08644862100454186,0.024179746896705212,0.043267192761849975,-0.006409042440201902
0.045611510722347995,0.05482000847527878,-0.05778362959585744,0.02832561994315435,0.04006324741539061,0.055416516511044095,-0.1745971663189267,-0.06510999561885387,0.07821635713663817,-0.15379316583815716,0.17519798903761213,-0.011280904749938422,-0.16085634817182481,0.01800597773872674,0.040085462512457704,-0.02789174489698063,0.0010867074237890123,-0.045465991649946524,-0.10063702107417638,0.005794925801405644,-0.11732461823297813,-0.1522927311358277,-0.04822236605417972,-0.02741522002848136,0.08004802387322008,-0.05765695260719969,-0.23197289051188907,-0.029016079666950828,0.09923419160421725,-0.04006352688232176,-0.026533706766077473,0.33778762973101706,-0.03243144465475563,-0.019317542803007196,0.10452040664127173,0.019878414904552996,0.07771640368572708,0.01945852425108194,-0.10462730120006063,0.12022992144459874,0.16472432869488396,0.02683666783710317,0.20177884441470897,0.1590255896678286,-0.08362908464821599,-0.078547649427197,0.14488613313954926,0.10985866147223174,-0.06617236067370826,0.03953129300909465,5.203691160779001E-4,0.008959957703724092,-0.19339406227111924,-0.030044443864451965,-0.08339728745712525,-0.11917708758218035,0.053569479302213174,0.1316138910030756,-0.06661373408146218,-0.0969526326532903,-0.03369403392739034,-0.01703056514186552,-0.025118129971328042,0.11491601093892077,0.101518445019515,-0.15492238175689169,0.22983465403772307,0.04130977918743261,-0.0951717595853369,-0.04203065118440781,-0.09252737027734985,0.029972886319651292,0.24148626795414327,-0.15295065284398718,0.11348911736430167,0.0278329854019269,-0.0883561628168365,-0.11733187217652595,0.011804440230730339,-0.1399190733774329,0.172811498701957,0.19522996980904228,0.03554450511065575,-0.030381865687588615,0.04805744251607509,0.0825133602922821,-0.07340690914718423,-0.15356307388364493,-0.08969098192301594,-0.04259094916067161,0.08583539314646439,-0.09556752727141977,-0.043867587067099346,-0.042914258169427816,0.0647895510625984,-0.028364607605333464,0.21883746155619244,-0.09424125751823985,0.03172535715152911,0.16654014803263717,0.12701305506642455,-0.10726503708678434,-0.04218893651258544,0.03358452724801978,0.032311204566250695,0.04771067395346548,0.20219574025296702,0.04148012404045914,0.13742746665882363,-0.035727786904042824,-0.13638563833253284,-9.846878225129082E-4,-0.12402894338221784,0.01594130444178794,-0.022927530791281316,-0.005888153993718917,0.04412368031517771,0.03579729251863466,0.02635955864218343,-0.0639377838183027,-0.03337462621914705,0.11475709776233774,0.0646561833046168,-0.038631740519402165,-0.004565240893227011,-0.0451111741138651,-0.026874563128500145,-0.22583897010638737
0.0371633127164943,-0.1453359514810174,-0.07218721654813554,0.014664531209321856,-0.030023008783881228,-0.0356840788928256,0.07407237611260938,0.04237562201043472,-0.015786492268734735,-0.00946336651174955,-0.046042856980147574,0.03742638161923723,-0.03518705409065163,-0.06988828178639964,0.047265757131786754,-0.004364019931986706,-0.05627468137608958,0.0894182985402346,0.012190110001739935,0.06266301079037923,-0.13711881187630406,-0.16013156876928228,-0.026741968266150086,-0.050854145302624575,0.09355505710549308,-0.022138628981131753,-0.012616025158530258,0.041212487406322024,0.07340703818533474,0.0502218511054102,0.007363662030768962,0.023360603333973436,0.06660361304703939,0.05601973159567604,0.12779405731136384,-0.2498351794659593,0.12385772077786372,0.02409652918532896,0.0284493013795729,0.06951129612456032,-0.030462343779479855,-0.00907488183603431,0.060980861275653886,-0.11621206828121233,-0.09872566510175626,-0.27877839395805104,0.030397243244352327,0.08590476811890668,0.03250419657047588,-0.07318386379949117,-0.20787905842710008,0.03341966879348397,-0.01311297234312456,-0.02722874700190392,0.048857853792309065,-0.0945121945409516,0.023212884352693492,0.163315613154235,-0.008585290878535875,8.79540134302928E-4,0.16657439472073063,-0.04760106542368865,-0.0542747921617413,-0.02863993905225426,0.10691354672695924,0.04669538922567234,0.08540563235039951,-0.06071985115733732,-0.006097165955647666,0.036653643156147615,0.05397768513019079,-0.03624807551151199,-0.09689873706837913,0.05925827685131038,-0.05589751976005206,-0.04187360736375013,-0.009265617804985152,-0.07367208770329194,0.14670058614768489,-0.02950466844474978,0.09140495228516698,-0.1157331149015273,0.07278471240631935,-0.07121687501235574,-0.16733922248471725,0.05670769313720572,-0.008058931915033424,-0.06834334462799387,0.13362899314967333,-0.05710456973628489,0.05272055189611298,-0.0463389894820396,-0.10997317077471627,-0.11239847346631046,0.23010999387018846,0.12673491470148152,-0.12368818349010818,0.057804355119249924,-0.015795408424043447,-0.07391971522131732,-1.7300345237409448E-4,-0.04803840857940819,-9.753593615026757E-4,-0.008525828948632715,0.047745318833184405,0.03895351027672076,0.030527569045393364,-0.1851525153251041,-0.10921010263828539,0.06581261627859669,-0.08982917555364761,0.10207743368557694,0.10055913737915052,0.14044839351192032,0.030802429512988554,-0.036318992657666714,0.09343937746568821,0.04310049436368594,0.16529929404675198,-0.08216887488677174,0.14180867909561595,0.056554239654909855,0.012281260113725368,-0.02531418540082534,0.02011703937546806,-0.09837701307981869,-0.10955210628671673,-0.06009349992302959
0.04512709441197936,0.09827813766522124,-0.02383595292127011,-0.0028670497347489535,-0.11681642432650632,-0.01742694796133188,-0.05734279866600124,4.2138510254076053E-4,-0.09523677256499442,-0.06300834350399952,0.10520767947865621,0.05802860891283453,0.053775193511233554,0.043313839835974706,0.0801838964338868,-0.13330207738336597,-0.021922259831641124,0.08760431240784601,0.07988989550325248,0.014534459947357302,-0.06438999146577953,-0.009090077711130596,0.03284602712230429,-0.0057073319812744085,0.025718451521397064,0.204263973232836,-0.028169137480919752,-0.13225770284402524,-0.016667610974640538,-0.053226814916100984,-0.10870276170731483,0.22565268882378636,-0.026833530987155234,-0.08700167216421249,-0.0034574877511137393,-0.07616325963145011,0.2031761611651134,-0.01615712414239448,-0.08747598295022149,0.07678668705079184,-0.0256709961771504,0.0034023096560160805,-0.0402916844749737,-0.08746439913684988,0.12764227719347007,-0.002271874927899494,0.10825107225517173,0.026806240361634197,-0.10722534832170282,-0.09680736174274152,-0.06951851866522228,-0.016900728449423284,0.08975847073199629,-0.05106366603243543,-0.10942735354312201,0.12932774052838095,0.06593508131196292,5.372842270886234E-4,0.12998535706034128,-0.10367147360285903,0.03274470117518388,-0.011675468319540533,-0.15793785583003686,0.1306001688238855,0.05627199135503946,0.039258433478454015,-0.04225084087018252,0.1242052030138355,-0.21151442150609967,0.1877983336287226,-0.01627590460160968,0.09252150062328805,-0.06211980532030472,0.02789577151505373,-0.17199355597682317,-0.04748662259855518,-0.01117496528889575,-0.030964015891456625,0.038762717049984595,-0.024099822559451586,0.1380756194554109,-0.003461652465098093,0.08681328410241723,-0.020593169792910967,-0.08969073039263019,-0.04589126532568978,0.0739877541093586,0.06928075879292629,0.15761212629916424,0.06345427064642788,0.09582668580813396,-0.05708879718742327,0.0012943002054501204,-0.08454791581338683,-0.10114253329732295,-0.017078264281915726,-0.04223589037685376,-0.03597718315079966,0.029406504131844237,-0.04209794422428371,0.03410422154529376,-0.1534890470186591,-0.07422371273047897,-0.037132973955515555,-0.09932789198711425,0.15416891827382564,-0.024889887057462222,0.12169989565716699,-0.058983541804454406,-0.166866572502871,-0.027299073010502054,-0.06580488934640831,0.061806928382684936,-0.0803774208165095,0.0418828928539291,-0.16256868694754656,-0.07902027973690214,-0.011940301109020848,-0.0810430449508956,0.04671656911191481,-0.019234129033317372,-0.028906493485080773,-0.07078548422567277,0.030771619975104254,0.08691508388223304,0.04030282813399244,-0.0031898675014881855,-0.0177533315851987
-0.015986939464807403,-0.011631621740125164,0.00847228250278391,-0.047648874364159405,-0.0666333886636485,-0.011634689591569066,-0.007684819244133805,0.19452270954194284,-0.0671588532289707,0.06872807482644272,0.013513609420912025,0.15469320616723528,-0.08984010727874288,-0.06507369092327216,-0.15167045089390624,0.09696231285258629,0.007622450538588473,-0.041660898484669334,-0.1596649966227938,-0.11573204031352963,0.06547192664350755,-0.06650064671552168,-0.014166934150875497,-0.037730374059486066,-0.05139821156473086,0.04160277279920079,-0.10885037859805877,0.106006313779145,-0.009238658837681105,0.03327518583743416,-0.052742564947859866,-0.011116458583965592,0.0798599980742654,-0.07759833284442089,-0.1068232901424568,-0.014391846055240227,-0.06150255811235379,0.012593122428010691,0.06951379699526639,0.0611226120385036,-0.020495007580202226,-0.055363438155818866,0.03687100589045149,-0.0012581757859018066,-0.04571029236122344,0.003595546152716631,0.05672573121042797,0.08871457175592656,0.18672525173251106,-0.05063767493206352,-0.19663350106357366,-0.09185258235160831,0.018140333583156434,0.06429613777883995,-0.11256102940326526,0.0029419732029095516,0.07187019276653711,-0.14554070635068475,-0.041852153055760365,0.06435797473437053,-0.051705587336508804,0.07533578780114536,0.049369015693724386,-0.008622417849584887,-0.11807598431570356,0.0031561034661852245,-0.00666587054042968,-0.034857821993621994,-0.08597518223065011,0.17474951736941496,-0.08617141779796461,-0.12372134455094311,0.017526088478762903,0.008069224548487035,0.0437235421778029,-0.01602262263460207,0.021275275038516946,-0.06712614041184914,0.11243419965949625,-0.08579293824639173,0.035599819510085326,0.09564933003441276,-0.07648866288606708,0.04429129106677912,-0.0181164446786822,-0.08201978531653287,0.003733966005992733,-0.044494887146631065,-0.03261362437251445,0.15393635935383534,0.19296092703966314,-0.06607483761952875,0.03534778392005063,-0.04825408994088547,0.11236384420399727,0.10424897077476744,0.07638458369415366,0.004261362357266867,0.03402045395417117,-0.08379422873235087,-0.05072231272023152,-0.00867295234762439,0.0874761620391179,-0.053370949878133414,-0.11131596905703775,6.340784427697919E-4,0.019874314351036964,0.024891134020235347,0.10494850695684074,-0.1439027392717542,0.16274864621301624,-0.07954329800645345,-0.19320188969848884,-0.04014048610177288,0.017486700994233117,0.09771071623428922,0.07087140259057799,0.0754981902168499,-0.1767538636369976,0.14741838723885142,-0.1123510742628706,-0.1014939550745547,0.013141287221068741,-0.05133085213154555,0.1045432366244092,0.035002736159294195,-0.056032781979745455,-0.06246992307243087
0.07702025983978313,0.06523824179180115,-0.055668220640172246,-0.18120951097003182,-0.05630623563744402,-0.22547476145463413,-0.23998808611931263,-0.026690571215819584,0.12346195924329563,-0.10695049969186415,0.08370921117257317,0.024000745550732186,-0.18006423385336112,-0.11855722988101203,-0.07602610997149584,-0.08987704624304663,0.15608827383552712,0.035257064797697545,0.08582803519003551,-0.17378458754124798,-0.012805521523277377,-0.038672959856013524,0.04858045907696218,0.17170798261245507,0.01591748728498617,0.08788310375846205,-0.21157179962982733,-0.0021057502592136896,-0.15598998564290875,0.002989329656628013,-0.0471477454499316,-0.05102330934282024,-0.07225997283558079,-0.009128405508802001,-0.08839596281385204,-0.14888875666905593,-0.11992120724644911,0.09541380117737248,0.022648229569150004,0.1461470810700516,0.0033104031516346514,-0.046102817489233075,-0.007096083194109792,-0.04286134538201533,-0.06355697653446894,0.003186055805262244,0.015971823312805465,-0.15329620516665238,-0.2195917886909233,0.07448893275690789,0.003222481012595428,-0.09792418691409321,0.003992085643739308,0.05836234033367357,-0.018712704932921174,0.11313754983611307,0.14433553415631312,0.12634617132906145,-0.09308816435942736,-0.19036216562288646,-0.06842987080256502,-0.012543895411862972,-0.03543444992760188,0.10914938754261011,-0.07209127549063257,-0.07937006180372283,0.05508753533426733,-0.10020722527313354,-0.06673951684570663,0.04354462012806859,-0.09035012579906265,-0.11486402746559092,-0.11449770053787708,0.028752830618843355,0.040781345179196314,-0.16549799192995426,-0.05483784218741229,0.06418460337975407,-0.0234890679853727,-0.032733870547093105,0.030480310752243944,-0.04875325657299043,-0.2316199351531698,0.03459804956417429,0.0035399780522832624,-0.06892317604008959,-0.018368878411753317,-0.11646365235428446,0.16103788680743314,0.051343288667876054,-0.06949847305977865,-0.04590064663887586,-0.061857625266664246,0.018679156688159112,0.20362563302944695,0.010143334814562172,-0.03743557017524087,0.005387173551062304,-0.1511356316644406,-0.14946932956829945,-0.04012427256076791,-0.0464971336496585,0.03775916329338858,0.030239773269224102,-0.1081788247120201,0.042926699628560085,-0.0462825555283657,-0.06154167149780414,0.020698227311709866,-0.057421260694649756,0.06843306420279155,0.048019361021220126,-0.1688463504549054,-0.12763144963128564,0.05651122426373084,-0.02648997736964293,0.0885065275033867,0.1215873041665989,0.13056117518211227,-0.18663834126624682,-0.06154805412612063,0.15130054247969127,-0.06156474831796611,-0.17262119684511898,0.18185642647435987,-0.13979875923249335,0.05084058653131522,-0.07812234374321718
0.0027998801658816784,-0.011513531093868651,-0.025155081316681004,-0.05264336385786596,-0.12764227474359077,-0.10908706643316944,-0.020517052056730257,-0.08579098866220612,-0.07865006488215605,0.04741109483337131,0.06902741885634696,0.04966789352192542,-0.05452420579462031,-0.09518562604365377,-0.042887768531946514,0.10608947360722694,-0.0829250894939935,-0.02808746793148388,0.10534159321941886,-0.1122295210657112,0.05675674249367113,0.13261318199857206,0.04166536392584733,0.08369088917803658,0.18734529277550796,-0.023040551978951745,0.06000707534984226,0.14442044092617812,-0.10644889053603034,-0.17206927285288945,-0.15512309065942556,0.07118016150656432,0.048445246002635334,0.006696541165031114,-0.06857402030149734,-0.13051974937194816,-0.12043850654821946,0.1128051721366831,0.022903451184116744,0.21724519353437832,0.10151281831580523,0.16505387455992587,-0.02378885909040204,0.050223879531420636,0.035955396839978775,0.13315021721899073,-0.1670754675116975,0.10464647736484059,0.1876748057783726,0.04094703661626397,-0.2336608101657125,-0.055920773283858506,-0.1102453273079616,-0.07536152901648381,-0.041004783327634416,-0.22496909699580844,-0.1284216368596148,0.12057903129611652,0.07832330366349985,0.09115631594728422,0.047496385144080014,-0.07091195765825437,-0.004591246070826818,0.11938090927693651,0.056756047517672534,-0.04759314456745989,-0.10663147954765813,-0.051414575558443316,-0.06896043502764114,0.06627191662360896,0.05543662878909608,-0.1441273839783196,-0.18908209445141028,-0.08525616973833516,0.006571544335487628,0.06267516210130882,-0.13769065466617436,-0.0424003854628543,0.1935105255943905,0.08167763045962606,0.11619110783032716,-0.25584378660035156,0.1228672643414933,-0.0382029072817714,-0.03544754321369775,-0.15809358684806643,-0.09605401232735171,-0.0965933227321361,0.05776984860802166,-0.01962653122601734,0.03897421241284053,0.23336850922055533,-0.10898234216109674,-0.06343549727609718,0.008785990975399798,-0.019221311300346496,-0.09494504644525968,-0.024476150496630805,0.05310140504119342,0.04717290663558443,0.04981595183231929,-0.021269109708529462,-0.04061828597145865,-0.08683741589412781,0.03621396819298125,0.046714846693624114,0.07816276478731067,0.06191743836035675,-0.021237642845509976,-0.04358743295872119,-0.010727615838006603,-0.01842586662397276,-0.2467823733084233,-0.10217234694373854,0.035522308637429376,0.014796109322948588,-0.03880911462237196,-0.07273219472223705,0.17676152087690603,-0.11267947734443073,0.07274040257601373,-0.03962649953665907,-0.02950341853260294,0.10010748011187555,-0.01275618672544495,-2.9874435830763886E-4,-0.15303623579832415,-0.06607971362084357
0.02013813522641058,-0.09760743366758977,-0.1312051642394399,0.005596928435264121,-0.09339038535975314,-0.0994229608063411,-0.008576985673115885,-0.15066672353944258,-0.07715340675347843,-0.11794311240687659,-0.08308111080828526,0.04844268917420528,0.035451988892188945,0.0910129914511846,-0.15392842624503789,-0.043957127208557115,0.12439384641773873,-0.13328203011110187,0.10664176753925443,-0.2542485810859609,0.0381923715475829,-0.048500316178428315,0.02058327146026284,-0.009142304603265115,-0.04930121824823978,-0.2556620915982727,0.05965877640549865,-0.1399556558721981,0.11634137121388118,-0.022150941999589155,0.0947966239595523,0.08469048609563243,0.012724883749173112,0.07017124707470296,-0.07922004407375387,0.03339971417332587,0.11698621288820825,0.0502255056067088,-0.0065168865755837095,0.06302432093883431,-0.23281670632949267,0.08231101766020192,0.13392045916802928,0.08979146767549222,0.04796537737794858,0.0401290950021118,-0.13226205952110617,0.01522719745060451,0.0487062426075798,-0.001609232264333257,-0.02501434544175381,0.00702989794210928,-0.04794575374413252,0.15359236960034398,0.032719887584638375,-9.506071700466092E-4,-0.005117110728091096,-0.10008421942400172,0.12710113535545087,-0.1303537752632119,-0.01651004791261484,0.014337483954367493,-0.08130021962184444,-0.08998689650407994,0.028543888913382345,0.055259592143529365,0.13314150878513878,-0.04039563419243298,-0.11204444685708648,0.013052222786261086,0.038275436627370665,-0.11410018056522485,-0.15136979993941338,0.011563309601459019,0.06428702664050041,-0.10445073471073281,-0.08602899083909672,0.06909666047601708,-0.021601482772342744,-0.10009734546118772,0.026483704872567494,0.002787721876772118,-0.07454882644385763,0.03883153825205526,0.029472014561111252,0.02251696036805586,0.0029000832571334525,-0.0789139003220119,0.04563574528822206,-0.05947047169609139,-0.08105524302150595,-0.03997605998550736,-0.021575279404033462,-0.03762616958143326,0.058654083998954595,0.1100284960414322,0.02386498037856424,-0.09215170548384771,0.1295094574740109,-0.09962949295393765,0.12852610845270437,-0.1082758451272037,-0.005366864850696803,0.020338042021763005,-0.04667982496514256,0.15662389339843977,0.14459398795908937,0.24901072106989805,-0.16178588025828386,-0.06546597850745381,-0.0018239423427662414,0.138919867463131,0.05329940220773935,0.17371210383358332,0.12986514092643303,-0.1307069997728374,-0.15148563330488465,0.014075848967328355,0.11807738952774693,0.14215776188191181,0.006025346839996573,0.12993097249331403,-0.15293789155454188,0.0791304046899322,-0.0695457965386236,-0.09049655860226652,0.02743241410467287,-0.1457906496956367
0.003309115436400626,0.10604025112048204,-0.16634836115755103,0.04214382557665579,-0.04947673983821687,-0.0039786410556208514,-0.02835099026092004,-0.030360471127253107,-0.04667843924523692,-0.13298828631772946,0.16768416755418752,0.03819503605585891,-0.13512471790605649,0.06174649316509302,0.04904609816274604,0.14629774486333813,-0.03210561683675102,0.15231059731860302,0.13557898557231582,-0.0890901793843909,0.14180272838770902,0.07931018385607902,0.10832111092423452,-0.16663638545359477,0.10258485869168796,0.0470268098057876,-0.10600325649022488,0.07160876058323547,-0.1698574146072993,-0.004527132728017506,-0.09081749069571336,-0.020749660131930435,0.0991583262090354,-0.01189186539458318,-0.004167853456967646,0.11015596627118147,0.12550087840364993,0.09373903808030397,0.047262661401053785,0.2122926892042314,0.026968930279924388,-0.09733696577253474,0.07470005598603097,-0.108844233412122,-0.07225669574406669,0.06175008509446175,-0.03932522576632778,-0.10553161770299455,-0.14756675140886255,-0.041559495603783546,-0.05091192439619116,0.04958726928734731,0.03925405113058747,0.0588007250074418,-0.0772988977197738,-0.1363988029639882,0.08498674976051082,-0.008154126669938129,0.018974869277800892,-0.1299191621466475,0.008155569602309325,-0.08090891646825175,-0.08738512304165318,0.05140622192533966,0.02388071077714786,0.04876918373442927,-0.04642498221472859,0.05722088698728044,-0.2157536874161483,0.12448933082194824,0.1486391059712336,-0.028498927243602694,0.05003100360392782,0.08352100740768106,-0.07358517879059016,0.01688382769751151,-0.025366539173453516,0.09392628842636927,0.05213115509834899,-0.04410965896314014,0.1026506872675942,-0.14323981615505788,-0.029699297798766802,-0.03995664998584711,-0.0632387912550667,-0.1716079981524711,-0.07593355541030208,-0.12054729208456443,-0.04156643173584589,0.10455287794046202,0.13320080093623404,-0.10244751734295891,-0.01721816822198651,-0.094937799888264,-0.01896349295839525,-0.1516830761301068,0.06563813255131441,-0.014038089820477863,0.05707198611137452,-0.0873259491689966,-0.04265652747962477,-0.09259570935939881,-0.04768269737407939,0.07743450447996401,-0.04324324558004372,0.18652615242376439,0.05286523843828556,-0.16822377018599652,-0.02914318207436831,0.15767542465312004,-0.03681170082587919,-0.054158295687627284,0.06641022310756048,0.08055485749637963,0.19866980323863276,-0.08329475119942122,0.07070204565776791,-0.018109020195742967,0.05441302243328309,-0.17991875648490463,0.043662120276564596,-0.03498658053628971,0.046604411777114246,-0.03351718349147452,0.004411966540641762,-0.038700530516438965,0.10176193917226056,0.15025572193713763
-0.07613857848926327,0.008153132993779818,-0.06838227028061358,0.022452131176781513,0.09923030347719138,-0.0748033590342509,-0.08727913665136862,0.11606731081516482,0.1739846221984301,-0.0582307885677997,0.10634930625915785,0.08798951384872848,-0.05394722184101706,-0.04523984105404048,0.016424816577050957,-0.06491988343175564,0.1398339556062102,-0.16249108092757783,-0.1014579843398061,-0.07699419833350025,-0.07213785754295983,-0.017090370660415303,-0.18265337641425303,-0.03476585131997912,0.08852081873256447,0.050250446123416,-0.196482230823944,-0.051377443500830566,0.07917863174852673,-0.01812131028887435,0.06054343524257863,-0.0110879380324228,0.03915496113122796,-0.13403945889047972,-0.04604772015506486,0.11560671175201404,-0.021575640510580835,0.13167373775888938,0.15388806095880064,-0.013468537687693606,-0.14343160536339433,0.002737456649816313,-0.07427966749673102,0.011904653758380582,-0.18938970558749213,0.2899714812607351,-0.12990020740263267,-0.0690547222705527,0.01725909586879067,-0.07941597815723955,0.030280444463712333,-0.010468150469463665,0.14872820778380214,-0.04134056273999252,0.06049644756233651,-0.08100787403631102,-0.01681687700224941,-0.18388658279559347,-0.038729858224915883,-0.008226103605074364,-0.1829547860342765,-0.052120636357258644,0.07838607961458142,-0.049967819058931794,-0.10667146233087972,0.25406262076113056,-0.04602723858483901,-0.08036202683928517,-0.039736039673959306,-0.02728192887359409,-0.034202413295636745,-0.08283252706648861,-0.08449037037276648,0.02848897438672862,0.1487374237165185,0.13417215914947214,0.0620028473522203,0.08534340561824068,-0.19336316524355188,-0.08727356542007056,0.15505897357742807,-0.08164197686828514,0.014783412206309791,0.11509327796080421,0.04297356885149133,-0.033658261880126474,0.2829174342431442,-0.034482322867375154,0.055635875561267326,-0.04021699002133541,0.10928064783517971,0.07782522959882474,-0.10710013806791861,0.007757942476511567,0.048322812510296805,-0.0076163527576562536,-0.1675074378379003,-0.18969319493002348,-0.08646435979261258,-0.0208754245973685,0.10435167822185594,-0.05404588359356906,-0.12535582698722703,0.12583128989304662,0.06366381651262142,0.11308181873983114,0.10744739523571298,0.1206582257291279,0.15248486429005234,-0.014062136816055722,0.06859661701495083,-0.004567143841736008,-0.03960085773114371,0.03998297844880396,0.003703310114197087,-0.06495020742049315,0.09263199932987132,0.0034971695154162033,-0.03335962781590543,-0.020718187553210372,0.1580793244988136,0.1498773980443913,-0.020318731264782196,-0.04520816878877561,-0.039403911508157474,-0.20755023832071795,0.06318945063626855,0.15279200511824276
-0.04458467792537224,0.02770836037591778,-0.19505526312548166,-0.036676891384218056,0.0862292418163218,0.09005878992026393,-0.10451063538439515,-0.022054556950996316,0.032834053717321926,0.044401041889531034,-0.06918663544917272,-0.13895634125783995,-0.025110772173345727,-0.14343199234361204,0.050661920021771153,-0.08486360752348879,-0.020414274949477368,-0.03209398384978977,-0.024848514281749518,-0.11046963988331343,-0.13311508602833338,-0.08642401971363071,-0.012582902514909313,0.0026200920022542854,0.002427295317958907,0.026828349838551688,-0.0890156270741831,0.1163735542374617,0.06615252991438152,0.08545905462898322,-0.13761764181434533,0.014162640926869419,0.004410952696267693,0.18331638240505763,0.14632444894614147,0.08510905311350954,-0.10052803389000808,-0.01626379318649068,0.009996383017812908,0.1431608143602956,0.023679997710204886,0.1775286541673057,0.055789226737234805,0.2401621521959877,0.025805894452694135,-0.015506697402521249,0.14776158989966529,0.02325506629048399,0.035059918437337856,0.022593244673266948,-0.044016308870532275,0.10995104075629147,0.12773535133799327,0.12306168927190506,0.06100463260225159,0.050290760042574476,0.17868610735142806,-0.03826390229539933,0.12562019341017056,0.09628113328908068,0.003437224593773878,-0.07036178365187859,-0.0626370473252316,0.11569474055275046,0.17032448432558242,0.11288713438887202,0.18187509233232982,-0.011746601896649245,0.06371656380618013,-0.11385507401829387,-0.061208664268996626,0.029749803076743256,-0.0405501436823763,-0.13880831821936204,0.054920111033816776,0.05480104952276778,-0.21088742373173924,0.11128888779905591,0.019424244899855735,-0.014788277586456806,-0.07364553371493271,-0.028965900104439786,-0.07573734885347515,0.06609858209301431,0.10524002954461453,-0.006671075376949503,0.004586446120870831,-0.15127438020372005,0.09238352547902226,-0.0926997461420418,0.16588112793645382,-0.06196001568922907,0.07333956994140572,-0.08065583134907346,0.0624776450665331,-0.056429380157583725,-0.08269274794826512,-0.13385051960431762,-0.08350458991090859,-0.016655835499327608,0.02028524861264025,0.030157535592660045,-0.00763316645751988,0.09504845236266818,0.15650310541030577,0.10587881445229119,0.02806348917114264,0.11977284275486352,0.04422513998742446,0.19969824932802693,0.038705335889094826,0.07638821968306754,-0.091162468542725,-0.016123832567271314,-0.007956923629469013,0.04870859115672615,0.09419951979174461,-0.1530088040774793,-0.04730156129814032,0.07065960883291093,0.09442562210064948,0.12312100925993986,-0.01866412794365461,-0.16375578245821756,-0.04198070019194923,-0.1609702466620527,-0.17570079266845517,0.21162205299508555
0.03851658312968505,0.07392162150825149,0.05565075522319281,-0.04078366380867054,-0.06821868814779329,0.10063069646512472,0.0384185138696882,-0.08532356884316676,-0.21004375367036823,0.10130477212759592,-0.010154350069595888,-0.01409442797363143,-0.10072218608309523,0.038386988572289775,0.006570176695195604,0.09518084583419824,0.09964395198342782,0.052982388562914526,-0.09416590669106405,0.10057369384992841,-0.00748585493325054,-0.020782096231559577,-0.034711869776226444,0.07513080408441929,0.030702061061019265,0.029118735492950264,-0.11243879017058342,-0.039863018982004624,-0.0399827021141733,0.007308003204040687,-0.10096879531774078,0.1795836617556929,-0.041458955837259406,-0.0025206817269112507,0.023579786002522394,-0.03091438301419094,-0.006587545282687272,-0.008574218344859,-0.027872203855807007,0.005304830358355683,-0.08549109293502472,-0.11241314394656156,0.08643408275864,0.020537458001829576,0.1008286854290629,0.03191831153403858,0.051593265705145,0.052595698672278236,0.04441905150004688,-0.10460810315837309,0.012655592702982258,0.19427469780911966,0.12713126240723455,-0.03645937626021169,-0.1650927232446447,-0.05212928608130921,0.012007218543087428,0.028413321291344794,-0.043491563508285924,0.007948871992697148,-0.08514909213466247,-0.23796696288196656,-0.09693638011533556,0.025937504245097297,-0.014357071988713858,-0.03840451955497036,-0.06848737699654152,0.1151437417725736,0.07831156467745924,0.013815712541834778,0.1184536986146405,-0.10322818620900022,0.10792945177932975,-0.08849556153265041,0.00834496945789531,-0.13396151180584487,0.050103501542659516,-0.10627403176467984,0.07013339499062488,-0.04432475888151479,0.11773591439707146,-0.032676506726012015,-0.14128307299652262,0.13043840650817784,-0.058867919755515245,-0.1809122369780441,0.007659436311036498,0.059201045262314005,-0.14071161010028752,-0.04814228033863885,0.03574850928377535,0.05387207022167597,0.019162083426536504,0.17178786591535056,-0.2244318675071439,-0.01916199736779501,-0.06746525399389491,0.06960001099302315,0.010756770433807437,-0.16431609057110003,0.17309960816745784,0.167240119027002,-0.06205760920599014,-0.007010450421060202,-0.07303360847006601,-0.1543208278385129,-0.02308954048728073,0.025900604849404044,0.045885895377288634,-0.04343190692170483,-0.04567884108137225,-0.20338450620536433,0.02571858442921885,0.16726774840424952,0.1888259781469927,0.13874382679845235,0.16731136230391813,-0.10845523450697941,0.035147277785443694,-0.08291710829680102,0.14703107609012045,0.03969166803392003,-0.062230517965830415,-0.08361880170128555,0.03758262730253529,-0.0474356515744049,0.1873725533740674,-0.2398576659998691
-0.026249911760005743,0.010307234292019705,-0.050467905066003044,-0.019345160661508744,0.1315190176577342,-0.2367389462881674,0.10529326929394654,-0.059547142915182906,0.013650301508369472,-0.06647506616801596,-0.009388613128671557,0.1143526571561617,0.13435957568142887,-0.11509175377952072,-0.09024663682048813,0.10945031083246386,-0.11487659811281581,-0.09401784594478504,-0.0190664235360324,0.05244327127342732,0.03939357552827003,-0.0052266521836225165,-0.05710420254486788,0.08261154502819291,-0.0022916206914769836,-0.06472878552139788,-0.09402506396834055,0.08014332036518637,0.10352337129090697,-0.00687336770779342,0.022824366401285944,0.09866389106319157,0.17739365432465698,-0.07499523344750489,0.10799174028065549,0.07801861011957227,-0.06340883519361505,-0.004842948328624964,0.05067427220907417,0.1235891456825722,-0.07423163822033325,0.21632198501602462,-0.06964292425340271,-0.09669366265892587,0.17198221619182835,-0.11637682298365049,-0.13255690423231756,0.056894328465852614,0.17108190757064634,0.02765950407678738,-0.08255909763774447,-0.05591170103534033,-0.1588700220471541,0.05591268478518653,-0.09882205189427697,0.06535466996703991,-0.07391563580923255,-0.06511105644161658,-0.07331037342049923,-0.04908248991991414,0.013709377097445038,-0.0835497069298038,-0.12093478522708767,-0.04560391946094044,0.05745893993052978,0.07546999003896823,0.041431767347805896,-0.163132038361328,-0.029875621280469167,-0.036517152932272576,-0.17308815204890915,0.01422466509424309,0.007193426902296434,0.09837561329553729,0.06270219151594739,-0.11935424891273673,0.03363926176838138,0.1532545909545124,0.07537794458167449,0.1444800330638271,-0.13576455625408762,-0.023531256559704124,0.01864172857172076,-0.13186383315250147,-0.04406960170484651,0.038432181148384544,-0.029602630226579336,0.014420860964069722,0.030445510144036063,-0.029836231872498384,0.08917734011133371,0.05596695778314871,0.053789491984603685,0.12135903477571382,0.08762187604318356,0.17691477067597897,-0.06881754175313183,-0.0027228972522653104,0.06815664911294837,-0.022644518262360986,0.0392128193937236,0.02304566158667106,-0.0664080511104195,-0.09123868698316359,-0.03876883522700991,0.04131792175228979,0.05941952895376936,0.04059839666663332,0.058831219969373696,-0.1021655585153997,-0.09361429286457112,0.021835878989218883,-0.06295912278008153,0.22124086615064642,-0.05142738533787763,-0.10891705824183213,-0.016763422525543248,-0.0722115863123213,-0.02547312298328911,-0.1544383943211809,-0.0778278988292149,0.046743028709041845,0.04521147020082896,-0.019414574045436707,0.03384135078660127,0.18868693414475787,-0.040313713062697334,-0.1313858614105175
0.0697892886140422,0.014486105791178679,0.05435811037562663,0.1551222255592838,-0.07930775844368561,0.02597461336265359,-0.08412462777931082,0.14689193073229975,0.11372054025200125,-0.05870091369382492,0.17230452152401335,0.06968431003720263,-0.0028598043614378827,-0.010735910414878836,-0.028716050005459827,-0.06494039360311261,0.20203564766402163,-0.16476244074341442,0.08737643004849283,0.04004440489443546,-0.10583799048669529,0.08219601754645459,-0.09734252228080315,0.04170709941317048,0.005920780530413408,0.005027455376104906,-0.20025814273084158,-0.012988429898440365,-0.15618068454217254,0.14162830151847883,-0.24263922790448086,0.05672621753699163,0.04314236958924079,0.019451032675758786,-0.052369617494576984,-0.013432141187158162,-0.15393017329243075,-0.03032527671355271,0.03241796161177642,0.03515883562635333,-0.015992256111826614,0.028345959938084194,-0.04533658813997127,-0.09548360894045536,-0.03762205328985652,0.002866394340418939,0.09112033386025348,0.11188080533594102,0.07792952665762184,0.07667780890091944,-0.047026427147500646,-0.14652702551498575,-0.19120667617209072,-0.07263912258012589,0.08181377456539829,-0.054296686074094096,-0.04905894613057982,0.09393472892509756,0.012860862500046543,0.03576457530681831,-0.05503247419140291,-0.06971680973393263,0.14848703831746882,-0.06778739808541856,0.04867513049092481,-0.0829098669408915,0.09546848396725169,0.02116979556656181,0.08684080374187687,0.10246042606400153,0.03675654128276575,-0.05908895773728972,-0.10035761445713964,-0.04777650999562124,0.02487161728207804,0.02589688429298677,0.04935572478600268,-0.11883749015713624,0.08299456737337112,0.05734762447130992,0.10342619748580906,0.014394709290910288,-0.11536159003883738,-0.01791882953729613,-0.050139843544317844,-0.09158939153865399,-0.09239956296615796,-0.03740678199878762,0.009487245317731749,0.15451207469204864,0.0039011304609475293,0.0032638576931544763,-0.02585337866775336,0.11088039669247315,0.15910903378224217,0.07176888216806261,-0.1367364610314115,-0.10392148595798859,0.0254612037144114,-0.010772680437850258,0.04923512619645551,0.022034621933420668,-0.037405778598380166,-0.14977547069845618,-0.004624431943616423,0.08554284436930065,-0.2072103458869121,0.12335685897420759,0.12532177612608925,-0.13380456856799727,-0.13412100899036686,-0.22242734056299687,-0.13827886573054166,-0.0026263134154626876,-0.07104293194729154,0.02101816090770683,0.033405231902418626,0.13251910306481757,0.03192090389686202,-0.07609557212697611,-0.024048493432695158,0.015310903524374928,-0.035429519053062006,0.009041142691655674,-0.10119913457728481,-0.07542127172174483,0.14163389710433794,0.050530468233682665
0.1000375632842305,0.02018788472269263,-0.05479351054443568,-0.04329772083008679,-0.08697643330405529,-0.03264989295648061,0.015459840892972697,0.002058758736820791,-0.03155825475914456,-0.10212723239075251,-0.038772216609854866,0.015880421950212886,-0.19202095440402825,0.05185721145596921,-0.05962937626077567,-0.11266407811406873,0.1466831140546386,-0.17803365128815107,-0.02562311266611272,0.052827142610880645,-0.037358865933016794,-0.03952478147928225,0.03285539439810563,0.033847397116027876,0.08584234690640917,-0.017798986771563923,-0.1354928024730322,-0.08066970402475174,-0.1374576471291359,-0.23016038252626278,-0.11910220654718154,0.005775350510465514,0.14213603065038927,0.046073563868572205,0.11075193434675766,-0.08245280493658694,0.04428860625324628,0.002148033110505683,-0.040174733169778924,-0.11748072801802704,0.18227648765152557,0.006466364198203527,0.0164887305552541,-0.06097099566957546,-0.02162519571014682,0.15325221660202434,-0.06320476207603887,0.01183681333840136,0.12560814953341337,-0.05106744962477851,-0.060594137170796036,-0.06684628551634056,0.07720167673200043,-0.01617104126615307,-0.009952978375137572,-0.08404867070705885,0.014931724551878214,-0.18654228740785242,0.11790493690929926,-0.045481294432610266,-0.079666272117531,-0.1414434824680244,-0.01369696864317686,0.02042303102560622,0.17377932266187587,-0.05151491547091609,-0.09878099773585859,0.19574667127288692,-0.12035333454028618,0.16090879473732264,0.11392511036956432,-0.03135899995793658,0.15921770832717444,-0.06108367863255751,0.13798198953088117,0.034953329072778115,-0.02603401059766403,-0.10444375383541077,0.08329348409539808,-0.05161582799065977,0.06164420233519744,0.03539906353776232,-0.03250235025649396,-0.05527543072710653,-0.13028256200640698,0.08006085045291131,-0.08111673082392014,-0.07757649940521986,-0.09607685522315122,0.16246442392837773,-0.007622293565225213,-0.01768310393432456,-0.03537463028833396,-0.09464278950336694,-0.005512018880099171,0.07186169996318861,-0.049771872187906845,-0.03972044827880875,0.12043916922876947,0.03830296548528262,-0.07340618309069707,0.1684867362314853,0.07419915233185662,-0.08775721686928291,0.04489310618006931,0.10979377282321935,0.0010842840567219566,0.006435016902042153,-0.11904325961794188,-0.01961391423281258,-0.04231464208291663,0.04829358419475078,-0.0544562474496633,0.09136352878848684,-0.07549400370941307,0.011639997885528143,0.17232408479137037,0.11285167825989667,-0.06734076976709896,-0.17167195074319908,0.0171773488154343,-0.03694799435922821,-0.03866831610199456,1.317867596205101E-5,-0.003364144138432886,-0.04288948312503607,0.16392399149856438,-0.014095973260500591
-0.031771637616161315,-0.016111628555881,0.0185078712556926,0.05309666627086428,-0.035484532774943164,-0.06527095838579391,0.1478357940097479,0.07318805662625594,0.11904405304000924,0.020856655730903596,0.14056413349402405,0.038519298363811065,0.18579397691913316,-0.0837518166599631,-0.04640819392673411,-0.01972692471424157,0.11943107167425433,-0.03151441400342161,0.014957136730901877,-0.10358148081948927,0.007300559201067081,0.07944811197097375,-0.10538951063600253,-0.015482441576634247,-0.012170548402392631,-0.07349102721179013,-0.10455480455301681,-0.0163264953493936,-0.08392990682221066,0.09641900261210287,-0.05646649640424036,0.14195620077349533,-0.030038444775511253,0.006580191831536132,0.03824537766169686,-0.02996891147242397,-0.18147813588940617,0.019392701300991383,0.12655436083194266,0.13074941020592132,0.11425734273221251,-0.07007335302735078,0.10223446728800889,0.00601394948908641,-0.11433006682474181,0.08328912024874499,0.07141089400863228,-0.06724999869466376,-0.014848663542727025,0.11803177372733867,-0.006327368962803346,0.009654399234809763,-0.07670893345373628,-0.04603728322040319,0.1014733580850062,0.16540949114553552,0.060472563508525784,-0.08007161112062852,0.0034587736786849095,0.0225586067536384,0.01801624695927704,-0.1067479557431902,-0.05575301100273279,0.10797675785778023,-0.11536400978540488,-0.12403525724498178,-0.03494399590852765,-0.14524289003319582,-0.08571437162290664,0.039610959474133754,-0.11116216186606215,-0.1384498219559586,-0.0054288686155644994,-0.10123996610269065,0.11384619100826014,-0.03482332764347304,0.005111132085474099,-0.028034720037222148,0.10368465584097175,0.06534557387615854,0.11574557859238033,0.04864269375415362,-0.031235862947983854,0.11840334070034647,0.0017258690258696299,0.04854451199094135,0.08956976701082955,0.013079990797727844,-0.11448417850601432,-0.17537173528281497,-0.02378850277537457,-0.22575223757658408,0.0475990863111216,0.09835739573852456,0.01702609312993243,-0.15691094167966832,0.0943239942571734,0.028795191753607216,-0.03486496331735033,0.0730732197279056,-0.07832247450925066,0.09607355420355036,-0.1297230642210312,-0.12451390981624634,0.08970505380602091,-0.13279206156936457,-0.12819219667024492,0.05432941741758094,-0.07360426734240201,0.0316493737848972,0.10806379249878381,-0.07529404498190112,-0.021715217149904244,-0.06447632011535392,-0.05030130424747324,0.11734770973431613,0.1245184092690215,0.047317753139804165,0.03961745423259093,-0.09904338999545789,-0.08987941329354318,-0.056314263738549704,0.01074411908198749,-0.025815262639439736,0.05499917008296235,0.08059977613055144,-0.02134208037137529,-0.01185125904296708
0.01555476304487405,0.01093717842265845,0.021457729644534563,0.0689615986862001,-0.05701363714318975,0.15126298251831077,-0.06192945941339542,-0.01694479580426917,0.05221582631561433,-0.044757396920140004,-0.049241934664045584,0.1162611273680298,0.10941732363367777,-0.008012155391586062,0.09504798184816096,-0.1636974136820926,-0.09050906225404225,-0.22042875927989392,-0.011105750785757328,0.011240152690704268,-0.06083796312923376,0.1218533287729547,-0.06415714135408032,0.06558314711041824,-0.0877090013694393,0.049937419938196434,-0.041720832815078636,-0.009369545802149321,-0.03400522350428938,-0.16709826973039807,0.004970908888689827,0.12695781496029535,0.10501442452258834,-0.10220532674500164,0.2161865261710283,0.11873989088802088,-0.05598325025577942,0.17352952542567582,-0.12316580026920611,0.0954079514803275,0.10536777009938103,0.19395267424124163,-0.10710203755626772,0.060909495402156885,0.06907564688868119,0.13033481220319967,0.21963877341041282,0.028824152599207772,0.050581724675255846,0.037802810604304134,0.04180346526768415,0.019764203807440046,-0.025257478860303207,0.08789843265782717,-0.1968373155386111,0.018900055031105055,0.05602267664275212,-0.0658198040608938,-0.0998202132566413,-0.12539644743260617,-0.21576514707777578,-0.03099848279190487,-0.04661844568955138,0.12126339832192184,-0.02531267388475849,0.05297020440213239,-0.11752432718299258,0.03840136915820032,-0.15410468999770874,0.06244853457202672,-0.014014069637937372,-0.1265468672309972,-0.05147903047736623,0.1017050949188389,-0.13390048338052238,-0.08936406236600754,-0.1940969289697086,-0.05132300735967822,0.11305611013257352,-0.17700664494908022,-0.042014938913127686,-0.0032633334069717634,0.09612881066635795,-0.012043742484917937,-0.18298290112081464,0.11469194986810557,-0.04111039028503817,0.010197017168819707,-0.06755035822362061,-0.058914785220475746,0.038546876960415026,-0.1788109126448585,0.026952269962922756,-0.10147074091344713,0.21330826015407825,-0.06506588283258816,0.03143349277912434,-0.04043332841982391,-0.14932236697461704,0.03551061491492637,0.08025049629526886,0.024387058372558938,0.11092881208372771,-0.03218760133713703,-0.019607314776250665,0.12671869627534815,-0.0672172457856408,-0.08334365885618389,0.08463607989700486,-0.2611596302357005,0.08273121225895985,0.030408623955797933,-0.019205686034599836,0.05755102815586575,0.2291674803137967,0.03762467242739533,-0.16405328355624021,-0.0679905773263515,0.05815407454157697,-0.046042832174716816,0.08491390914431121,-0.09139313864339259,-0.02244761988583503,-0.2088215465060842,0.057042515978408995,-0.12181046292002005,0.07331464046082485,0.04118827409047585
0.098086222265468,0.033409123441389986,-0.08817874992815707,-0.0012844357522662775,-0.04977647805648734,-0.09803723628200944,-0.051275459642247216,0.025767772802508557,0.11269003746604399,-0.03178759714454742,0.15909420480349798,0.0646260236937374,0.016252401650551033,-0.07745781268603359,-0.04595376363130763,-0.24198394205872426,0.2301235923747017,0.060080581524990156,0.06114797009920847,0.13035878645412535,-0.14615990248837765,-0.06928344312608786,0.029620194258481204,0.011462718870972782,0.04504717757015611,-3.379032935663497E-4,-0.05229556126111509,-0.1631607230916879,-0.050760998562491395,0.055570708270584634,-0.09670652220261473,-0.21549266985056173,-0.028991002165216558,0.09268846671599044,-0.0846465476946475,-0.1352791904877335,0.05180139114679623,0.20131355856271535,0.05785939994955671,-0.11429571387224469,0.17473813286425818,0.016230194937797888,0.00413947612703597,-0.055868007220471264,0.03954113084238538,0.06683542943531366,-0.05178445526600304,0.0451821495812586,0.13461334125329782,0.020141440700463992,-0.09831783374511888,-0.1309448745376279,0.06006022093016395,-0.16661756419584167,-0.17351652753617558,-0.003874119297384644,-0.01957751318841148,0.0231952318695238,0.056004317362028475,0.009638271129757289,-0.09774493770102555,0.02182285585021668,-0.1135274487296864,0.05431958980214304,0.028275546378287532,0.05606553438447879,0.10792590269205656,-0.059577416355751256,-0.0710830509651804,-0.11713339808692719,-0.03683701369498238,-0.10768065207651215,0.08241148826345239,0.04820880085492,-0.10059645840306994,-0.05672788255414593,-0.1357803467459351,0.102671048764664,0.039488641198144186,-0.06231368869351278,0.07859490254661763,-0.031233957350374146,0.07444088573544176,0.13794863528923457,0.05209793693589739,0.1079752751647497,0.08919270969976267,0.07543490821365274,0.03183686638565586,0.07403330290335455,-0.04627574772608902,-0.14845527069321574,-0.12109987818457865,-0.11840467236767152,-0.007981014137520765,0.03544610549660351,-0.0075386969831505585,0.0852845504625142,0.027776374424474337,0.07922248604453161,0.09675378432665008,0.028689956650864146,-0.18449442009500502,0.12369615668351701,-0.1510581867244903,0.11457765034972926,-0.0668990146392726,-0.1218066968126964,-0.04089568331782943,-0.1714867472138902,0.12616702275615227,-0.14649989769060548,0.044177645853210476,-0.12855565381081427,0.1600675753384213,0.006313716009531799,0.19732166855195654,0.08124513812673723,-0.055082876701720504,0.0025217967826985203,0.07957489987481373,-0.021262384444338023,0.014839973455001603,-0.026766753260991715,-0.09433293088962748,-0.03247144809009336,0.027151506229321595,-0.12048807010172473
-0.030855124815257436,-0.0024322828453266156,0.08219207820086002,-0.09665201819251619,-0.02882461624344347,0.13472374512358368,0.07346267734486844,-0.025841253688002077,0.14579600543719193,0.0298369679766259,0.15543114631235888,0.15809450725097746,-0.031044350507051864,-0.008776629911616705,0.039553703912318786,-0.0749752378124749,-0.06767056638660299,-0.193401587725333,-0.01515888991028863,0.03102532688388617,0.04207153620826516,-0.0030864350301100987,0.006565806021093982,-0.060827896492760915,-0.0179980597838163,-0.17213578774864102,0.02873043388268489,0.01211689625040548,-0.15686291506801472,0.1030358226384749,0.07521969109145882,-0.06817226780051217,0.026038831656974366,0.0038714895552693367,0.15304753378113264,-0.08248507144261723,0.13280091315457745,-0.1785836735426119,-0.033800396420666096,-0.08710789298443303,0.03416826434517633,0.12714221555997943,-0.1262513196568148,0.11791141536864154,0.10542739422647474,0.13281808052951274,-0.10006763965025142,0.017545330780725323,-0.10741781154612808,-0.00859575649476886,0.01899586709646093,-0.0776272924895543,0.05175905961488607,-0.22822452341899105,-0.17796349712126372,0.06598955002198896,0.05983422663061541,-0.11367203768750718,0.023494086608450735,-0.013343946109543543,0.05251186422634985,-0.0784211175376599,-0.17692787149370282,0.02327904714127245,-0.02014596421379166,0.023403220577079976,-0.17007892986326653,0.068525125248305,0.10448307466691123,0.130608891082261,0.002527134314203847,0.052525218186733766,0.04183900626772533,-0.07956889402835705,-0.05514426624899372,-0.18117125866377481,0.13958317547540336,-0.02437030609435053,0.091844352123376,-0.24117963970233516,0.18718418913501012,-0.17706445596216253,-0.017486464460068275,-0.09767152988417958,0.03746454116364264,0.013194328741503242,-0.12070298196124772,-0.05724228815092593,0.03284369342493379,-0.0956158054806566,-0.01229641827054902,-0.05006039479869652,0.10213559412583928,-0.2567136465705534,0.1871512753835036,-0.09486544843154024,0.0015366240920583127,0.044769610917304296,0.03382288386509837,0.12831630967312732,7.002137616710581E-4,-0.10501874790267568,-0.0798433191656448,-0.04424144562615259,0.22923679683084758,0.056270591499672826,-0.14684470505563518,0.014442837683489885,0.008959077014278345,0.1009250909429483,-0.2140528534893271,0.06208966927373974,-0.0022977573358887453,0.08797306589068088,-0.12863095326129487,-0.05872544839708154,-0.1413002669491846,-0.05817949842385105,0.08218505093246671,-0.07204020741285481,0.02745335277811874,-0.07740483678976981,-0.058656285297086615,-0.18438038319424752,0.06237345135134083,-0.028749351903977295,0.017009947346499556,-0.136040048483083
0.052238176421204825,-0.12020106651174703,-0.07818140616441385,-0.049353820649234895,-0.025434187620929846,-0.11934647538948684,0.07443140839762419,-0.10470261482700732,0.1055329803651168,0.04745811584962623,-0.022560688017419433,0.048435597509698516,0.03384622311383477,0.13625937426757714,0.15465080144692206,0.039160188745293784,0.008646776345248713,-0.06473283595777633,-0.057920858944728745,0.069585435470869,-0.07596950840009052,-0.07179394289715739,-0.0763249318372229,0.009284146784753157,-0.15313620610180678,-0.043470444043662244,-0.0018229079440670276,0.03327659345977333,-0.1608778815557095,0.042112291673374706,0.17472428605776255,-0.017084768291223715,-0.011580515191018555,-0.0509934261737654,0.08263433648409153,0.05794039561359939,0.042443360198676706,-0.012890222132995927,0.13747057059057316,-0.04257231152940493,0.051929628818981444,0.01422755131752182,0.06689031443977889,-0.11070253340101269,-0.1594935578938888,-0.014440402960697686,0.13149840123090983,0.10111493667228293,0.02432458843669023,-0.11193376994739754,0.09497219798043313,0.07160383769205839,-0.004838189468125699,-0.028285047936990815,-0.006797817388958738,0.04764526885679254,0.04772719841517205,0.08571886055308688,0.09601865927683326,0.08236637413470187,0.06306170573730126,0.016578550502693773,-0.09158190103066709,0.04793067592974064,-0.08207070662139633,-0.029488457940233068,-0.08391477132044965,0.03674450957496252,0.022082154097323746,-0.0745621862294859,0.23889634199690302,-0.14943730423439552,-0.2040349669666129,-0.05267088386734292,0.12115652749014257,-0.06401569063685456,-0.07090332143972587,-0.14496879188435818,-0.038584003811969414,0.16183595838646034,-0.0075166443908939685,0.1285250479372829,-0.09952479192513138,-0.19317293092179222,0.0941598306687769,0.06640318677341735,-0.021930664506451283,0.03532303494614715,-0.024926133707105055,0.06419543278770448,-0.16343713071626753,-0.11435820334754132,0.015860266655192714,-0.0900237690754782,-0.05859067397866452,-0.08076160488359299,-0.043427386891272526,-0.14755524194435715,-0.055236951614990815,-0.18565195109696164,0.03363295251366645,-0.017491695829515277,-0.026868420232466862,0.13768094644247772,-0.10429030595959941,-0.018455234158632546,0.16171511263100138,-0.10249968793126998,0.12724425355610153,0.09849670961514076,-0.1286453338248457,0.08509189192691145,-0.0036624747066126223,0.041612241118814605,0.0038543111052742763,-0.06952634667224152,0.04486724202990625,-0.014525182287332275,0.06285328563721589,0.03725260479028079,0.1771434901644663,-0.03955187088338199,0.06129685493781372,0.0972995407230035,-0.010571782081508985,-0.1929285670643081,-0.018645548541917197,-0.08307036247335169
-0.04313123216038331,0.07123031389470089,0.017225520210746872,-0.21515821250227637,-0.07213539393399808,0.11776920382560174,-0.0795165401036727,0.02808807476507877,0.10580753012475608,-0.03500704199215848,0.006908756788338872,0.08935400169276773,-0.023657607185942366,-0.10027129706414543,-0.0204154086392494,-0.0364516690060476,0.06375764315681366,-0.0745731004713081,0.04227763795526882,0.21437645722710638,0.03234064396151521,-0.050926996214187274,-0.07264580949405121,0.04724170705729945,0.07451987306156001,0.008788288269704389,-0.056964626211611365,0.1482282499808941,-0.11698976757440964,0.019695813058520025,0.0017765974708250864,0.1653428641587206,0.07673763696748175,0.08033602694529844,0.04893571314330549,0.009209171318151384,-0.10085046642972416,-0.05697657170455331,-0.05913286893449529,-0.08575658986539586,-0.00269459815058615,0.005363719032045813,0.03958338581846926,0.14918881705834594,-0.05798217380485099,-0.0815982430883652,-0.015874352784226557,-0.18597187166322102,0.04293633480919505,0.006468537301930283,0.028117462211841717,-0.1834016821585233,-0.09831388109596335,-0.0736642903716671,-0.1911154912426937,0.17163056490425524,-0.017486613677746867,-0.007034523668795331,-0.14014500487040416,-0.0945909735904611,-0.007169647522910213,-0.14157375745428272,-0.2095128548744479,-0.14315628146364773,0.06559730376330315,-0.1301770378446499,0.08075174227142523,0.12181515127393976,-0.001272705212300258,0.008300464237672604,-0.12487523979196152,-0.08345913542148492,0.10529828677171649,-0.02817307072555414,-0.07638607024693334,-0.035186427890629646,-0.06762703159512291,-0.0805516144260525,0.03262050151155283,-0.017648844066859563,0.14411991787919168,0.02374936548339918,-0.08335109753702022,-0.11572654877852503,-0.030432829703632737,-0.054401888652261976,-0.031259510880819456,0.0049011387011023005,0.22955145181511907,0.1165569320171968,-0.01203601011466342,0.1577978998618317,-0.0813210572351909,0.13720218271012197,-0.002543004952930751,0.02899938982908566,-0.04746257652820265,0.11835836903112774,-0.06810533910037614,0.1806806883845883,0.07830970463740117,0.022475374131122473,-0.09802479416841572,-0.0585021638708066,-0.038883443966817886,0.07348796648036529,0.11858108388078102,-0.07045587443003862,0.09160835932546164,-0.029964491333408276,-0.14669998101182238,-0.14314059526214493,-0.227471536736938,0.0025197394906401015,0.1103104073321553,0.01997514088746308,0.03801040705096677,-0.0700522404076908,0.07993929032006752,-0.098511750611563,0.10277483942207674,0.1939733407331459,0.02587492594682752,-0.02927995077924219,0.0952020094602436,-0.04500239295864046,0.05804377188053782,0.10955667616349488
0.01493070779476886,-0.10175887688116408,-0.007546057400366622,-0.2800018869498565,-0.09348040121066725,-0.040451930814025795,-0.03002136544226894,-0.010982660200791574,0.07577192329145176,-0.04256459698240953,0.06947489384996822,0.002647040676222359,-0.06746095399684497,-0.00710638870123879,0.1452708078744919,0.11280211103552336,-0.058723330787536165,-0.09993469059524394,-0.06838591099005703,-0.21728018876955918,-0.1676958483169195,-0.08253561978307063,-0.05789168873559575,-0.010497837664655158,0.03966726469354053,0.030990429101995568,-0.0024562606751816745,0.026100201085314332,-0.03989194099229449,0.045027456594003756,-0.05914493399019108,-0.08505075030921477,-0.029970298769218064,0.19698961241160326,0.1248708169249365,0.06092133746965203,0.23596475892009108,0.014268196193826995,0.06908499142689778,-0.06644175434087347,0.14771824156187652,0.11820986922074876,-0.017927004486580914,-0.011037869772908618,0.06625109614431995,0.013917510647227637,-0.06488547745830126,0.07055538176475144,0.0037723123578970955,-0.0903384235709349,0.04189455402679896,-0.16354004936797173,0.05137218007794285,0.05732268163822245,0.04268144925638915,0.1886869959546269,0.010779132032282625,-0.04602662285401437,0.08601706735143061,-9.818604337251914E-4,0.10431810327653064,0.07703402525163207,-0.15670890687360076,-0.02640452032273284,0.03992094474152311,0.0744143101633854,0.057583910382070155,0.07286807609621444,-0.012113376386252454,-0.05859679101789883,-0.04990975214543461,-0.2535292829814485,0.0972480189122502,-0.13007158561603507,-0.023875242530913384,0.09237308216025032,0.07372839967710261,0.012519154521516073,0.03142389059896683,0.03536309362407293,-0.060719665551740534,-0.1674077465524827,-0.10591835071263858,0.14400957075555468,0.010456826257827555,-0.0011514859625846616,-0.12716962020063846,-0.15077199189775684,0.05841070391739125,-0.07728934847069849,-0.08914632653537649,-0.040681644691114446,-0.009773194941237991,0.12417662788314678,0.02375655421237227,0.012645102612345242,0.01801570792808634,-0.07149374233002491,-0.032569774294198967,-0.1205231914807497,0.07107546457176116,-0.08477440288089402,0.17527972130117342,-0.018062611573579107,0.08007952192021774,-0.004673330475876056,0.11683304541344756,-0.0821548980876321,-0.10553943819436178,0.009327473795340178,-0.017191296097601845,-0.041551142460466206,-0.13226135247897516,-0.04408137093449099,0.1200679320316795,-0.17362250912122826,-0.10170256920633405,0.07435773706250534,0.1345209221546734,-0.07576853557913196,-0.1411965811753684,-0.06645161537709798,-0.1823127994227092,-0.1799048498188541,-0.10015596439329766,0.04432860395453938,0.07377534339876554,0.07822565093754887
-0.015055803567891813,0.024455101061262557,-0.019843629869045268,0.11780496983524819,-0.01271675932958813,-0.1382938917340306,0.06665814265604232,0.06944333063936085,0.041266833692322785,0.004290881305493877,0.03658780992468182,0.08663143653000199,-0.10820733405470677,-0.1415942376231302,0.1735884717080336,-0.1557382261966832,0.11057889435544295,-0.020134311748763005,0.06880595189696671,0.00428748412987536,-0.07204080189774188,-0.0014244042900899388,-0.1340357574037441,-0.04384591766421031,-0.03956391495539715,-0.13788568981317795,-0.10580805608589978,-0.07815726783769786,-0.034411504274175664,0.026835440644900923,0.02182538952051405,0.150175835098794,0.18622428334313917,0.012310786127696796,0.055495398126358224,-0.18467178460318517,-0.002131290916506472,-0.08596845573893783,0.1418143787533717,0.05707675623252462,0.050968645720024526,0.1803845227280799,0.019974997201584428,-0.015974737240447047,0.008509682316069423,0.034887306545265874,-0.09291434560488729,0.13295560900893832,0.11536853869815636,-0.04701420110852656,0.06778740990252875,-0.0446404841036062,0.18061725266350007,0.003655918858741813,-0.05388266699025758,-0.20434530175399923,0.05608306059600141,0.08438466313130191,-0.017314415697525017,-0.15981264288101352,-0.1224868429064241,-0.008956464712567055,-0.132729621646375,-0.06722553289144961,0.07844581425037646,0.09578784016392097,-0.1690584142834416,-0.1680795426016563,0.004038044127585612,0.06361809230101372,-0.049319455548050554,-0.01043132273550419,-0.07830514330499616,-0.0999009067725982,0.21713283952728657,-0.04635101451318598,-0.08041792696639559,-0.1547242328144313,-0.14226977348896158,0.04257715794656161,0.03744808422653815,-0.006924044823896946,-0.07955677579088447,0.04095593656335537,0.1326720354241667,-0.12373626401107475,-0.02996917813725918,-0.022463382990173697,0.12687041221760115,0.032978113074068546,-0.14363792638135517,0.022571688306770657,0.018432328201914813,0.06130894627572559,0.26789283562936184,-0.019407737535503657,-0.012480006463654963,0.06620108064258552,-0.03959269295463006,0.016753063657652924,0.10522097316575832,-0.015328196330785634,0.03385113071484545,-0.05117771624388097,-0.16736012267497885,0.07343685261281609,-0.029510198312856426,0.05313026504111064,0.03999186332883096,-0.0225172320444161,0.04859207138448125,0.014962455237362983,-0.03035480650198865,0.015317802219606448,0.026150908155005582,-0.10280253144511026,0.06139081601931673,0.06421095340245199,0.1198276450176814,0.04073285386161852,0.05440604424343245,0.09285686108668127,0.018532190465421886,0.11997806648881107,-0.11734816165757604,-0.013782740328143748,-0.0022537921008543567,0.02311338470651523
-0.16246150346387953,0.20635660075673712,-0.03122967707801816,-0.016214463616317794,0.14379718768993333,-0.06756500107047331,-0.008968273118281762,-0.03992231432826215,0.01711480646834576,-0.05243047392832013,-0.026444596006512264,0.2265642074715168,0.01832934416544958,0.1579752274475288,0.03300505800638631,0.15922570414099882,-0.020334478742509043,-0.02791822750306774,-0.15670928355217303,0.043731459284611744,-0.2516159601646327,-0.047327194711975926,-0.16449132815683826,0.12468594490515561,0.03879098659862357,-0.09272369202617618,0.001793021943344352,-0.06993830459657253,-0.07022063838720788,-0.09865505263778312,-0.03431512839148518,0.13110720816276603,0.0206600517550168,-0.1671817989167037,0.0042570783299699065,-0.19419403029714294,0.051066447455606165,0.06208337766912783,-0.03445710278406596,0.03756464333141413,0.2123519241515831,-0.08104070320734144,0.07615915009742451,-0.05307266739900898,0.08470258608603068,0.030310999345152998,0.16209294889524067,0.08118363129581135,0.012611876698997673,0.07119061277702413,0.08873451343108109,0.0757299519313578,0.047673159933990544,-0.07176553459809643,0.017885763569664866,0.031369538092493834,-0.12589114117586553,0.02833565837833382,0.1668327949230422,-0.04058993679927807,-0.03008052116825949,-0.028653296417721227,-0.02254908111286334,-0.07361089109238389,0.013023426456296087,0.23888417436323045,-0.02242636084430187,0.1878830309774272,-0.23997514182905097,-0.1364977000787054,0.08093011771254734,-0.02202095155813527,0.0926204057580838,-0.09909195268884949,0.16191236556909006,-0.10278841984252057,-0.0987357682113394,-0.048825316054404065,0.11207039855385223,0.047430881270022186,-0.02274649124399034,-0.1100630315817783,0.013341586392216878,-0.011932466270351352,-0.021510974956449675,-0.02122631475282124,0.1915083486167337,-0.07329373349693,0.176820672877018,0.04112176572138199,0.17303340912758683,0.05314104549824801,-0.12436834430234821,0.1182440484146557,0.09753606229457117,-0.04849094990510008,-0.18142877258403384,-0.19120247497627238,0.051327413984338946,0.07308668234090923,0.042934719068177946,0.04978602086973817,-0.04579341307430898,-0.13732416436984543,0.09205611359911928,-0.03122918123384213,-0.006392568537149,-0.0032591689132727736,0.07065141119872992,0.0625887937650251,-0.05538568671825974,-0.12422258986310285,-0.1080282190275815,-0.0034692710037685743,-0.004436349466252589,-0.017877779809875913,0.013569374419485556,0.002331111085543617,-0.07933474214483781,0.020869569456409696,0.10815619915500041,0.19061800830723769,0.022667427472834473,0.07941400050128859,-0.11553031774143338,-0.25848339948235816,0.03359750419277129,-0.03120306939716409
0.01983330310847528,-0.0021934045353400777,0.005730593292083314,0.04423799561701477,-0.21707395998589615,-0.11532183121144848,-0.040199458206887,0.08271584323915757,-0.13741759726863653,-0.10398877245390539,-0.1389005774241731,0.13878768841227795,-0.13981890340655767,-0.004803051932853488,-0.07181523654849668,-0.11495305881995026,0.11788092926082552,0.0024301381226142877,0.14721459008882906,0.030459437855217077,-0.09834086775309833,-0.025709881867908728,0.1444285590936114,-0.04355702307427024,0.24213795384517325,-0.11643684572257278,-0.10279000151012037,-0.11340465360085228,-0.1798398535680724,0.011709097759998715,-0.08968515008762164,0.09566149942743464,0.08904690210861176,0.0025365180856645074,0.03557221303220398,-0.01170767818340441,0.1696967834744032,-0.19714711374910662,0.04822357460762585,-0.13611828038913137,0.1775093442412651,0.1262617265909842,0.14150123452106692,0.06498403142555453,0.014920588167440107,0.05436191638942227,0.033520781900378216,0.019224678290536378,0.18691577228612208,0.00988657898907662,0.04922269867910376,0.12780308428604395,0.2089934315071197,0.04923862158212423,-0.05663450150413568,-0.034792593528875,0.16307994632621317,0.07223285517592687,-0.036789317157504074,-0.07113165701927127,-0.030905978384136733,0.03346336519710234,-0.10605837315368,0.025372008427656304,-0.057699638607860544,0.1495932265521527,-0.03600994957902625,-0.0928262349062549,-0.10072168057986368,0.02418018851478415,-0.0027450628135890732,-0.009202290074159736,-0.014792580571267915,0.049294374558363455,-0.06731850845771159,-0.05564120444912186,-0.14659977971232002,0.03194091410507433,0.06361647150292617,0.13004154710794688,0.08993472620445928,-0.03983775905879219,-0.06280713424234513,-0.0258375568781751,-0.012449189977275874,-0.01411533868937353,-0.07375589048073085,0.011514251124554798,0.11978150707033854,0.1618104224910344,0.015058154575216587,0.05690405455425484,0.04513881434282623,-0.1576761813383038,-0.002540823230594148,-0.06656166012619925,0.1381700821871045,0.024819117777195594,0.04311406925387664,-0.0051187264096759786,0.07330168646640318,-0.01533313890496061,-0.1164031615239932,0.018150039539914682,0.08168192068371505,0.11618111924194352,0.04011404322774286,-0.02706022298422676,-0.016339227706793604,0.011886812136765837,0.055135027218676136,-0.09785693133207594,-0.04921531997570727,-0.022783186894230482,-0.0693196624293081,-0.06035918618168369,0.21008751814166407,-0.027373758386606765,0.067605311258132,-0.054886217936252084,-0.010713752594612488,0.06868924690082841,0.11130900152388043,0.19188892520161152,-0.032376272712807797,-0.15603901040886803,0.00787358081800624,0.06562536406775087
0.05973036525776242,0.053758021912988826,0.2047487543631801,-0.1068483471966491,0.10633951556749416,-0.04044072080806682,0.06496964940982479,-0.06519372155691487,-0.055161202254186324,-0.11058254153876351,0.16422578564703125,-0.05011907503823953,0.06715601347451826,0.12559685872518048,0.0330590543886206,0.0316339640153574,-0.15285465824013791,-0.1782652152784258,0.09744951069772559,0.10957258498843167,-0.09574946416210074,0.009725736504191791,-0.036312630591898716,-0.046068456534630056,-0.0792101061742586,0.00844094117142175,-0.03390536176880821,6.046441188523922E-4,-0.11158925226348747,0.13351207238361956,0.16983525708993102,-0.0625386143271542,0.19728394198480087,-0.1309285490465162,0.1418681846107304,0.07706253410028323,-0.07919458869529396,0.036497990074460765,0.05381281274437323,0.024953672810472935,-0.0035481752663426847,-0.061332766380450314,-0.056440397798954656,0.035560413788334355,0.046478916926319426,0.08974211352681025,-0.048793072418569,-0.08835720928119627,-0.10730569578651165,0.16336705884868777,-0.027079166776273533,-0.011902390174336738,-0.03324756263227188,-0.1355606732216219,-0.09869525500216489,-0.03208377200800222,-0.017258760175707804,0.011317087034630342,-0.1329344298526737,-0.10947522522459273,0.12819637711623216,0.07842859416670317,0.012311809726911553,0.06540662164688392,0.1264756647443063,-9.882646546068366E-4,-0.11352715109055186,0.11513453256845928,0.01116870595527426,0.04501613968312566,-0.18189185996478713,0.028659741942278626,0.028399991647248417,-0.03590707103109757,0.10077360805053479,0.12074679067102449,-0.14000601285994926,0.11830977466676489,0.008361446915241237,-0.15931086641075504,0.028380637328184924,0.15477610428343677,-0.018089902484706284,-0.05389578330615719,0.08645126685978086,-0.08433413301756196,-0.04437262610611746,-0.048152079500769385,0.005685892906818467,0.07503666509854433,0.0214904585334061,-0.11636419798157921,-0.025409616045463088,0.011087735511165755,0.24902055717747082,0.11670290604924154,0.05220184888795049,-0.06370475458213083,-0.09982668858552957,0.0984546869628119,0.2036617268966324,-0.049216574120369096,0.1193897504391151,0.042209007236903594,-0.051783677458976836,0.011983062469112375,0.0300807525956827,-0.16638867186853382,0.11224250943086163,-0.12081503616933184,0.07126976381763481,-0.09263109680110565,0.0190444914315742,-0.012364065419201244,0.0031253551109333175,-0.13216636449400831,0.09986283682957987,0.10979970933442149,-0.0056131242557022785,0.04278249850354813,0.02876604573042783,0.008325691894536035,0.011691641357208713,0.039139957474434946,0.047157759353702845,0.11591623305229617,-0.056363307103692854,0.0011776025402510187
-0.011314193946682302,0.10763660945560714,-0.14092194755270832,-0.20308440801440497,-0.07861299989929252,-0.10627151160628012,-0.06979530306915456,-0.015342608252817934,0.06294305124518396,-0.025202371946678112,-0.015968694403842028,0.07918990650847059,-0.10302507059903344,-0.07333348000856,-0.09289951664467537,-0.0023127870875020965,-0.04294094746036528,0.06927175636762636,0.0589444450084681,0.23858264615774485,-0.026824729775131975,0.11516291582799983,-0.001397099974643475,0.05042799163292583,-0.036721071767597396,-0.09992582899543677,0.08538646509405096,0.12812532323472908,-0.010774364293202214,0.009482955871580975,0.16871707216307502,0.10199379741219973,-0.13532962269407217,0.13181115505389418,0.07983563309977021,0.079312817554747,-0.06347146783953046,-0.024686683405421222,-0.13907918990977772,0.057900908562663694,0.061619108926365074,-0.07926090073119979,-0.03399921003918943,-0.022690264268388535,-0.06097546027972186,0.05175396698607667,-0.11147318855175901,-0.041192824935543215,-0.05032339375814145,0.05139770811111879,-0.06795057673979933,0.10887339627897814,-0.009578588712363367,0.025966402537405692,-0.10705362969237374,0.11604662867876064,-0.06380400270263324,0.08948395622904828,0.018419264054364566,0.1802883303133717,0.04667344077341093,0.08328947689874412,0.004339226128608171,0.05306745194588099,-0.07634342815739896,0.09516860279104213,0.052147539084119114,-0.08767425713378868,-0.1679181568880372,0.011412250493060975,-0.03950294575397805,-0.10886846790191176,-0.12202807873618625,0.07295329477237873,-0.07081944294943424,0.0598009003354488,-0.07690570017073742,0.10264983427200965,-0.046876990064909606,0.033488541636506164,0.053541525960149425,0.01124012878062964,-0.02359840000669868,-0.18517426487937355,0.02256004306102659,-0.11258595402828211,-0.021463783806549147,0.0015990871182413268,-0.01908391158870978,0.0999498732256448,-0.09248865914415166,-0.018879199277399967,-0.0485990278566665,-0.1406276173594853,-0.015176352623227106,0.02612537034556002,-0.11695597169242883,0.011387310507666578,0.031583017068718716,0.06523553766654025,-0.048684027927718296,-0.14347897641168797,-0.1146224358767169,0.011985780798187887,0.09774886993003341,0.1551965823084795,0.05010214128134144,-0.057912027872657666,0.03896928108055531,-0.030362620543826973,-0.014099142016242572,-0.2378652452103377,-0.01784569825610865,-0.05498810506864558,0.10212672214933424,-0.02919208317001448,0.11680516796091404,0.04983017756524756,-0.061004928388845185,0.10067024019421182,-0.13441554366785538,-0.052818516394783424,-0.07026722134856447,-0.009526210194524471,0.14730042161452736,0.058203242358956464,-0.12413422589846863,-0.16786060995380653
0.00458260267828068,0.0359764823429741,0.04878666373846767,-0.009959103763447386,-0.10196476273884708,-0.03258185450966199,-0.06697335966323094,-0.08098264391924961,0.0026743486376887586,-0.03975955669260495,0.1223689967782095,-0.07991038031166388,0.09236261525095775,0.015931250392435634,-0.059925751762659255,-0.07440430176452886,-0.055944612164650166,-0.09153400475176852,-0.0055855058105330705,0.14164243779387561,0.0021034034146487114,-0.04931303329908921,-0.0940254882020966,0.13325338214608531,-0.05368924151903522,0.015629432724749495,0.1492053993018982,-0.01003573789284501,-0.015806882083560098,0.0012427863257095137,0.04881003649965752,0.13511220800881557,-0.07899378760916155,0.018760900912233345,-0.07162898311760907,0.015406245337903704,-0.00985142952046324,-0.1516232923472031,0.0916704464961354,-0.012196748117307383,0.1375350478617791,-0.13307575149378123,0.057131475179985625,-0.16303069037230727,-0.04490932533622425,-0.10997676319575053,0.17018227983941567,0.07593750669724834,0.02820285024268039,-0.02895428252442653,0.13891729982834206,-0.042873204662242224,-0.15311451628597444,-0.0678723035884999,-0.12890236498704605,0.10242294345350783,-0.0736155655607892,0.08934588661231034,0.05163894482983353,0.0321873750147904,-0.02408393158812991,0.024061955466005727,0.10910503337968812,-0.10701626577070282,-0.057504235449502145,0.1353838534613395,-0.029257699844263994,0.09834980298698866,0.03734254639130482,0.08646965063974504,-0.10112355690137342,-0.06241482672820566,-0.05561400093428555,-0.11335223504001381,0.09643706300505249,0.11270543562884154,-0.10278587858610055,-0.01745692236728614,-0.03307028270501719,0.05293298867443019,0.008485658381513418,1.2696983283369892E-4,0.03563973678303473,-0.05467747472233441,0.10200492318216085,-0.17000727072609853,-0.010926885289693735,-0.03128937710626717,0.06527418105648015,0.1654968739622999,-0.0744348179225595,-0.07105257051495786,-0.12152845794233334,0.0652762032587299,-0.009627601095793798,-0.07174199136021384,-0.19395274391351525,-0.031827658600157786,-0.1780074160665867,-0.05416782175324641,6.954142840271591E-4,-0.17721570600683526,0.12126446689319445,0.013717593023126784,0.009044007175336283,-0.05137750979421685,-0.02700468051058472,0.006909871046398962,0.1925029090202479,-0.09815127191107481,-0.02801695507506957,-0.06211513518843521,-0.14652865068784016,-0.07612019453392972,0.003936678405902598,-1.245141513111907E-4,0.21907889674052944,-0.030471569482156305,0.13282357856527985,-0.12364995682074419,0.0848651318412644,0.16716493045681763,-0.14259356251031882,0.04692728658992781,-0.10794664800976055,2.3482286000825903E-5,0.03234442270125515,0.12598758002200414
0.10023177102275865,0.13176468676597844,-0.045206804075719434,0.08995184029801397,-0.13650023748513132,-0.09385574972219708,-0.08624516248117768,0.010344945480715427,0.13261223614158982,-0.16044838944718506,0.07169546893673112,0.15926952609459508,0.09489969742680895,-0.21545905607103155,0.13118047853198928,-0.22998710186830387,0.012050173498276702,-0.17181131201716246,-0.002371605912555229,-0.054735764575094346,-0.0022503901401683558,-0.15276826833646034,-0.06540559560679432,-0.04089964044761851,0.1378867437486279,0.10790813444922426,0.055393918997802334,0.1312358619756711,0.06984671687057448,-0.1725547819151808,0.07561935719790198,-0.04821069603706145,-0.051071124693023516,0.043498340046817824,0.10329899447674257,0.0067799288490130085,-0.012626631493357408,0.1267374257780558,0.02828938632216884,0.043300028931190955,0.005459434194967247,-0.06269502751761351,0.05402234388011062,-0.12969382436545598,0.14774707471808846,0.04636933295064989,0.07345312038196011,0.07116385085872381,0.01712660725842218,0.044523314578309825,-0.14290382839134544,-0.19751279075262645,0.10310211503983885,-0.11375994950362842,0.033587079016574366,-0.1817147343483694,0.1822910864959797,-0.06405448408325194,0.12821600195301255,-0.026888142208744633,0.02224466887489433,0.10386313994660011,-0.16578609436734335,0.1636918209078204,0.009998200651152886,0.08523355777231627,0.006944061186518321,-0.2382869690674114,-0.25803944054108985,0.06686442468431586,-0.055476513381326496,-0.0669117623729795,-0.04490188974698557,0.08414301376170819,-0.021047226097950827,-0.0033835228547294616,0.04288736062488378,0.13445775730242743,0.03282750183521159,0.04160163119553144,0.14276933343086184,0.07545939103615139,-0.0389799357758147,-0.020024173212390674,0.05098559004923431,0.01902687470922124,-0.07315784695235013,0.011323099833190972,0.09324104450953058,0.041818962167493604,0.013131676869479525,0.008696132156293654,0.00682933969389202,0.043846695583385824,-0.031004653784006554,-0.08803077283589704,-0.1824757086040826,0.0373548282885119,-0.18118032386133404,0.022072903188389663,0.033110586851494865,-0.2115500546478574,-0.02053970732958769,-0.06314772984798767,0.06969462193085503,0.07512607050133963,0.18686353013679324,-0.22082773767288574,-0.05675757924703665,0.0397099996895657,-0.0414960943035406,-0.06135750062170927,0.059882896443483255,0.1483641781125622,-0.0968423833253769,-0.1606722971595792,0.08005498794385607,0.021172485850337416,-0.051305242295607845,0.12358278576114122,-0.04198711036445029,-0.015982705679450385,0.04409185398836325,-0.02771799050913265,0.06468653362697606,-0.05285485062670506,-0.060355826031237014,-0.0581303322107458
0.007788048809372491,0.08545883179148903,-0.13895170045049587,-0.1440428922991938,-0.0844262476017638,0.012178488836967288,0.0497736226526031,-0.04984989695719444,-0.01438110908092194,-0.10749455682689799,-0.06502632212005988,-0.04009240793373232,-0.14804114318355793,0.04519474202401151,0.03488289757704183,0.05133355446552337,-0.024447307102684366,-0.13374114010075572,-0.02878516701694177,-0.020902348180272222,0.056287215102277535,-0.00413843760498903,-0.08742810064483333,0.0939600307757313,-0.12033472680895378,0.07650189432882964,-0.06778437767034885,-0.01180749188924785,0.13378452891156067,-0.06110400551873652,-0.058204526905580325,0.10854161710885482,0.05348688081207499,-0.028293155518037176,-0.020703157074336766,-0.14217320412713597,0.016823575042929285,-0.024608067673708357,0.23416169876021,0.06725891958960051,-0.0193868050326163,0.14882650459712984,-0.09099806930090704,-0.003358850724537876,0.07384277731890608,-0.11445286644527011,-0.0787971022544023,-0.05193871997726224,-0.10965447541482728,-0.06967009395024207,-0.006673476985429467,0.09503069234986547,-0.018195754815609526,-0.04396303091871469,-0.09372119783294297,-0.005010148802515876,0.24832293688671198,0.03333644864805541,-0.16239776352251037,0.07198230567846574,-0.01137241701557023,-0.01907797417703828,-0.004361500625538571,0.040865508162870524,0.09360233442213212,0.035425784825669285,0.13332079009358,0.17998354414849266,-0.12202512341315619,-0.020693913781976523,0.03773295086022243,-0.2134417638113015,-0.1193517933383288,6.283847260659149E-4,-0.02012225253729093,0.08364011589087161,-0.22256508543257197,0.048063100480058116,0.08218623552056814,0.12442442557524744,-4.113449545899914E-4,-0.1470397566898846,-0.1732403604161433,-0.055755562815993025,0.0487911235232347,0.027737835975090674,-0.14178401653894082,-0.09234135523458868,0.04423906634646554,0.05281711024491135,0.12435707517392226,0.16155084813416062,0.013599444828736498,-0.13967798235824241,0.026907459833700603,0.003944600462753484,0.0674488316735193,0.015764258769921283,0.14565276801334504,0.005436360183962902,0.08210213903935594,-0.023335664095873968,0.07626924617299878,-0.07406234302398551,-0.006058524054155712,0.04370603245012677,-0.016889463589080195,-0.0399097827039794,-0.031572245613804464,-0.11105340640896547,-0.03865674738141028,-0.03584931368886547,-0.04262014648869691,0.02859750716174741,0.12162006015948322,0.0615273899837834,0.07165954245791935,0.07262981230291532,-0.07025057219785884,-0.06214060115489399,-0.009791428228532233,0.14076091181228326,-0.04244816355417827,-0.05061085962653058,-0.12403821886924442,-0.016070854858675487,-0.055174616600499354,-0.10248880352605937
0.08149676770798513,-0.05081865479140682,-0.027957065220530004,0.02023457979302504,-0.20549275736009684,0.0349632770517728,-0.0674318956828004,-0.026332371894253394,0.099736358375277,-0.10585217953692554,0.1511237449338497,0.08983047698219777,-0.05579404731448422,0.15078388008714097,0.12951316824125955,0.05189383329867097,0.058158586322780474,-0.06225585308750825,-0.05450314214655226,-0.083784267553582,-0.03941812903278872,0.06227173372140232,-0.04026053510637568,0.1980743149578435,-0.05815707957562727,-0.1199693397036362,-0.004420638768883531,-0.05958965449569205,-0.00206979829634035,0.036451346217872264,0.06021343271092514,0.03705408546965903,-0.06879017618149574,0.019670192697463708,0.05305332680558285,0.05084389576504766,-0.02930192687911755,-0.03523328597478414,0.08361854250135806,-0.05794931648572074,-0.11417378420856751,-0.022558704136550617,-0.08135078650627971,-0.015107420148554079,0.0031761183193528423,-0.07840537070114154,0.008166535018981208,-0.027675863363557242,-0.1180272522883076,-0.12657523414865746,-0.022998829989458548,-0.049513033091431395,0.0734775423956137,-0.04320414089186327,0.14943665547151974,0.008043757191996135,-0.05117740726816564,-0.026670334452961398,-0.037895608517860606,-0.012448649596342704,-0.10336861902548702,0.030163748663101248,-0.005478911454219144,0.04733851415640692,0.06507409952937035,0.25216495976949166,0.021704684296091965,-0.09285173739320592,-0.08284860937943651,-0.0854114986497656,0.12405967174582376,0.1418354360668733,0.0981276310048056,-0.0619851986475031,0.005630687184646788,-0.02320551332635932,0.041330771580079625,-0.046708907253705134,-0.023344299152845558,0.046777893894493605,-0.002568912044828197,0.013993380597686476,0.17992377472067475,0.11190046948582913,-0.029898101673497237,-0.11182835601507692,0.016052648626530587,-0.08873540919185942,-0.049805116516703565,0.11245604609459686,0.11152366834578456,0.013793136636416911,-0.06755096415119169,-0.0391498362194088,0.07876368166945322,0.08799149604051962,-0.14659369060868235,-0.05251029160130635,0.0160301732345316,0.13517740882353985,-0.13860139857559214,0.09994814647209262,0.0015638713662135357,0.04535741175214235,-0.10806053225540073,0.04319893826468369,-0.05343622732594165,0.004265308488904335,0.14915909416725864,0.07708618530861122,0.08146046076487376,0.14328754252985978,-0.17482591593998237,-0.021306073066688448,-0.10348173785707414,-0.12004097416120764,-0.03502301589827556,0.0718138319478078,0.020324299232107983,-0.07098806863732272,0.07685043458848011,-0.06383858056385586,-0.10600694271395741,-0.027991993859045935,-0.015058683328427245,0.08800438652455213,0.2605573333649241,0.07342843596857566
-0.042730506132085094,-0.01720438784110078,0.03916456048411086,-0.06467056269847626,-0.1960708110989541,-0.09827374792682798,0.09205858014423472,0.0343017880980925,0.013125808731665719,0.03485813744329838,-0.058302746283339965,-0.12535894565639788,0.15010507335279707,-0.08239638168369984,0.10255567752809108,0.028990403122742873,-0.0837935628327833,-0.04640058699729962,-0.09591188907232986,-0.03858766072113199,-0.21997928101622122,8.811796289077967E-5,0.17703819319395137,0.19090718856626585,-0.03432940331004129,-0.0549232940580399,-0.00384238449947485,0.06397387918968248,-0.038435046544444226,0.11418365767601586,0.05596781100976746,0.02260689859813448,0.05110885360143062,0.07437098320017828,0.17209784402343975,-0.15948074519069858,-0.05757239109365379,0.02767273197030256,0.005854221015677921,-0.057368145504346636,0.0370739333122227,-0.1072522877226925,-0.09241284705658748,-0.015189513076532418,0.032771949621440796,0.08609672672315691,-0.034490447514391585,0.15104064572821094,-0.10004427586421977,0.13672271111484585,-0.06817008570771299,0.1603939428781924,0.0327127492977576,-0.07690696237706932,0.06324714658092846,0.05592445212639076,-0.033842136836972306,-0.04792173068520857,-0.13923114429266173,0.050171067912535686,-0.10384953458119836,-0.007053086294532374,0.08757451002980934,0.09111586615260138,-0.013671231404139905,0.03177847287401481,-0.010969227491830729,-0.06374850815174604,-0.018632332217601418,0.2861099112106653,0.07240363691185915,-0.0691564418183282,-0.14571656279516793,-0.04272076442511092,0.012627416121614901,-0.17987888268062066,0.02871058964888651,-0.028354902586818134,0.02737145220005908,-0.12710824008409802,0.029328271738860087,-0.11337300669198208,0.0637313936474089,0.1577821103648031,-0.021433606439359456,0.1953361498161698,0.055674243052751385,0.03969477691796104,0.11252126556364322,0.10401622867875061,0.24119053216175873,-0.16289885512687766,-0.040095642681725795,0.14983443478997588,-0.0870069578703805,-0.06220419265746263,0.100216454065814,-0.1575827404127092,0.013380548725604097,0.04026317747444467,-0.0898768927650609,-0.22644535996586318,-0.09227835955086422,-0.2688641984380581,-0.2834694226057739,-0.09143454482524527,0.02556134178923178,0.06532992770095362,-0.12663193806641576,-0.19336843402256024,-0.011167018745148633,0.04953594010089555,0.009782661035720501,0.07090029910101964,-0.012935229992489507,0.03498724715658434,-0.0752040981691054,-0.20849034031117217,0.06710448222912667,-0.14143102728714002,0.029050415510825794,-0.004356025652357371,0.1058448897098603,-0.03528665354705948,-0.0686739891897688,0.09032236393978617,-0.038857390123310714,-0.0843726917930657
-0.11771425360188,0.014640695587235417,-0.06295348654685215,-0.15189883644215657,0.015207754214674735,-0.28391392433310575,0.08687608191753816,8.406018397219481E-4,-0.02417552328324016,0.07913540885385735,0.01927491792384375,0.02653230128448632,0.006231978258843389,-0.05052831479300095,-0.03351812043371327,0.02611508192415826,0.01801398462679648,-0.06427834015477484,-0.15347499555722405,-0.06593261005061206,0.10355181061956534,-0.003657603596686494,-0.024841952956071417,-0.1281067227904242,-0.05602711393978613,-0.0451629733729677,-0.19704136400323782,0.1018429129328893,0.012899750520354983,-0.028623981827671882,-0.136599342058333,-0.11387218790658535,0.09125732800349544,-4.538317721724523E-4,0.03316813836918454,-0.1353729311715566,-0.15517504606597057,0.11964713873532799,-0.005543317132552532,-0.10140422029482679,-0.11003373014170796,0.14738325972729963,-0.03935494386642589,-0.006657249075838093,0.08431346763369305,0.036805115596088234,-0.0018673395648691948,0.22028316936115883,-0.08003276258668275,-6.407259261959567E-4,-0.004274526863101407,-0.10982843201813179,0.048803932266293676,0.11820871298399338,-0.15776585365602702,0.1356938953814639,0.18283992832142673,-0.0031435905499888834,-0.10748279385253559,0.04055847002197012,0.018761585316048345,0.06560238030651003,0.027118482946488102,0.023757328101190113,-0.02386846032405314,-0.1815002798753986,0.00350888923632813,-0.022538302907570994,-0.09993577669119814,0.1287763046185946,-0.08091672499969467,-0.1094560994623148,-0.21886393105566226,0.09589733115965372,-0.025393281553938003,0.04657874266320656,0.0067569614199456925,-0.005460991793712435,0.05401003625330686,-0.04740086100231502,0.0999917478992309,-0.16182426754441184,-0.047432134826482966,0.09702193153616562,0.01013941642966548,0.225924876513723,0.00993037731753885,-0.03308152231167667,0.14519490619140574,0.07688017326463945,-0.08677215582750618,-0.0680454353358298,0.019014854411523615,0.0012253232800873868,0.010352200915547744,-0.060672894764070395,0.0092334801160814,-0.09466999988631819,-0.06755854085197388,0.0024280873932535016,-0.1128993916376518,-0.027883406063413038,-0.11936935562816298,0.006610727076027633,-0.1366857753258846,0.04812267552194602,-0.058436804759081244,-0.08469888530185894,0.1555036651602155,-0.031074208858015765,-0.07133428205361,0.03641891840468411,0.059652494098237446,-0.0825515605800742,0.09757514358407295,0.06518497124063669,-0.10531829604902085,0.012425554789604115,0.15181582903033958,-0.01740813085376648,0.09054290133072332,0.013714831158473991,-0.05520894086902529,-0.061760645622747495,0.03647241017212887,0.08683089605329582,0.16667621222028692,-0.15398902492059074
-0.1806921524314501,-0.1188374989213534,-0.1005794735225223,0.045010565235509246,-0.23468952420564518,-0.0686906375131011,-0.03139912804716072,0.04487821423119414,-0.019433258399825227,0.022033597454522096,0.08542100389483606,0.1900410524649599,-0.0513686547943389,0.0588718197029715,0.052605866803125796,-4.7290937851791415E-4,-0.16248646595658087,-0.08932212689173048,-0.1366593988883469,-0.16989970776787613,-0.03576949253531458,0.012122026777012665,0.04554716433363802,0.0886070882109722,0.06598966161567293,-0.021290746088413238,0.019869419603184037,-0.01675917885868739,-0.0312561484048187,-0.030907977974813195,0.10682459634175,0.028777218869973968,0.01616950218877963,-0.03565565752904047,-0.1125525244438627,-0.07282915983638769,0.016582193616907125,-0.08820346592486245,-0.025877545113654903,-0.12085089385822512,0.023520184068754606,0.06636563597076212,-0.016916697666075443,-0.09312844676781043,-0.06427996319407753,-0.16255926012117944,0.03835147239708239,0.008291003320792266,-0.03873944757477745,0.0885203534155716,-0.04899978762109608,0.07664707741433924,-0.18384878699116466,-0.01507431365308242,-0.023761165188009723,0.08487760147485617,0.09322676764713121,-0.04034801295595674,-0.0784170138322322,0.15019245546866725,0.08225727106837648,-0.10602594829528356,0.07824308077812833,-0.04153529604989734,0.02833851158603369,0.054186863474365854,0.18784631078648145,-0.024266010314232818,0.07469565633582917,0.047393597074087086,-0.05324381618860937,0.09506865916912896,-0.05610151001449026,-0.1382909043551108,-0.06207215842988251,0.03286168527216424,0.029639823714073206,-0.16779692136869273,0.10757626391002383,0.06045386066426368,0.11506166903438966,-0.14046362809506582,0.08020788860399349,-0.03134689398997517,-0.03103888222515022,0.03692741644116766,0.04717550202011481,-0.17255497848871235,-0.06099585818263417,-0.05216551646842821,-0.16308273977070178,-0.07770918910438498,8.398327423595701E-5,-0.011414538503489594,0.09223537259383084,-0.21760653045237435,-0.11839943024053394,-0.002582523405248645,0.04039998614176395,-0.14858609725777144,-0.03361611155035939,-0.046196633806151015,-0.06778474305556308,-0.018309256077225305,0.04619316489845704,0.06014142763448631,0.08815129508027629,0.04867987435715672,0.03827740937343746,-0.041062455414610406,0.13087308215846571,0.0511170699737754,0.1731743645573414,0.11403446716196594,0.15534149305555006,0.06750131890633836,-0.061167631199371,0.08695930973153826,0.019545028064919895,0.1462218271844006,0.10104466629558105,0.08510315554503244,0.0926056315363413,0.019039076906999786,0.026390731775733225,-0.009326726008598062,0.016395449125110848,0.06712186477369987
0.15079831068605834,0.16696284273155726,0.11806052519747105,0.021671021624570103,0.0833750082084416,-0.26483090388791675,-0.18018388419309067,0.25412067855433845,0.1233009014884213,-0.09078837067351442,0.017183091953626013,0.02576089569538616,0.08937204216566372,-0.01475376026609522,-0.12927757513643187,0.10938713342687592,-0.005638695067964956,-0.055591291769130906,0.019786760569068036,0.07518603754580121,-0.2257543661279537,0.14398897625214974,-0.03615257462627349,-0.012408311663312993,0.10895675636521357,-0.09986244393877423,-0.04558334799917029,-0.14054535533150544,-0.03825538548852396,-0.032126037684331955,0.08057270916936879,0.07199863575426478,0.10384935832353061,0.027717029871045053,-0.20837174907103484,0.04751831858721585,0.06955109580451431,0.014513749811617613,0.07026952491579178,0.004198120884038086,0.03287775634042756,-0.004124135160678,-0.134048701935566,0.06565583188617516,-0.018497681822094478,-0.05442534516329817,0.17175475041890548,-0.026690884823526436,-0.008644893213262516,0.030725836648846833,-0.1543849521756837,-0.11083804131327998,0.15249992393831296,0.04212616923787375,-0.023903484586285523,-0.008423829984411588,0.01957755435280044,0.006976811698463987,-0.047667747350208546,0.017087977235759465,0.028018673603851643,-0.09705879829055448,-0.11574195593278767,0.12355677462173592,5.665308759495867E-4,-0.030624841587670457,-0.054366164103703055,0.0658329262171126,-0.02789779618592542,0.13094752617321143,0.05662950448720317,0.07161550514804457,-0.048142064430084626,0.0912396063570527,0.058251340097122045,0.10684633588249301,0.03256336687777535,0.12701884415154638,-0.08653241549168875,-0.06914940551542956,0.044923300884773115,0.0764250729616013,0.021021185226577938,-0.07865725997565585,0.029537778378723345,0.05134549443202185,0.04020893274821828,0.11193205733398656,-0.19641619458957643,0.020931644418706687,-0.1021609776942288,-0.09803512967794148,-0.1670068632394007,0.047068389080473116,0.05534988382340191,0.025286572864831554,0.22021140108563114,0.015168532733243492,0.11968387243975553,-0.06553146850483613,0.011523912259840988,0.0013576945758565098,-0.14438794814406758,-0.021606645754282113,-0.06715402688962382,0.022172428415029345,0.06877430011650362,0.07155946147748857,0.0658433599454446,0.014242606567355872,0.03646168779971099,-0.05453837793145406,-0.047126152223413806,0.051658222742240856,0.13777503374317446,-0.08928895619299208,0.022228974974955615,0.06950432699080912,0.12664963484337183,0.006067835217371264,0.08100061679613393,0.12151325835177763,0.05651681310314274,-0.06980250966886425,0.15877094129247663,0.05047904685029973,0.1975607123022121,-0.11441007893110211
0.04026103739304909,0.06085488629223011,-0.0633645529016543,0.026453634336475317,-0.02176702271914188,-0.0907948300951282,0.145225110527609,0.147552363516454,0.1351616931460336,-0.26856383740432527,0.11345763480151873,-0.05456378064619603,-0.10280265745291758,-0.2143628218993148,0.07950225589809656,-0.050650001778637585,-0.03277383752470623,0.011840635536462155,2.6016433461661156E-4,0.09388846632238201,0.03339035657084743,-0.09991877017924458,0.1680721108713606,0.058814403660822905,0.16589783010111914,0.02634338793991117,0.04054635731820211,0.12328799499264566,0.06854574611484342,-0.16009892383569274,0.12925079050389293,-0.05212383645151989,-6.352257453433284E-4,0.11082408175400695,0.2263617409147093,0.04760952648583952,0.09652320262354858,0.08997423825952537,-0.007814660016463148,-0.09671835758495756,-0.09698256160809451,0.01105521781233489,-0.1562540445721226,0.0927959644788025,-0.001558539788737569,0.06692488797273057,-0.06639141171709936,0.03218987811677697,-0.06483122614778332,-0.10360450160664043,0.021131986561094027,0.03700274564607574,-0.0546466546654927,-0.016838394286931093,-0.014372891638010508,-0.17791585130680232,0.2163637596234551,-0.06387041412850113,-0.09237986625337764,-0.06151118121748764,0.007503589301871563,-0.08745864601920848,-0.0706377300463488,-0.05747928098055067,0.03965732429304746,0.08007392687392698,-0.020327006291767407,-0.1181713678422828,0.01804591889772745,0.10767169304970393,-0.02635996587071729,0.01497299276001296,-0.035438481739020956,-0.016594551279228167,-0.09585972830930907,0.19797490898241982,-0.08420391184210507,0.036968692489817,-0.04365616606241356,-0.07255645713136456,-0.009719012269037706,-0.05809446614472374,0.04237442655526716,-0.05996968870056028,0.0296475373709255,0.0036989608986789215,-0.0033278716147222558,0.15972344318159187,0.05816777934943371,0.1946347568067008,0.06440525222711872,-0.05763267932979664,0.123604764717497,-0.003075621354174591,0.1610792906311298,0.11994269258289673,-0.022074699076003644,0.02535510077137163,-0.08198015056290345,0.1052021122038148,-0.03160256915453948,-0.08837765029375086,0.09432407733012714,-0.08346063468622864,-0.04833703306876977,0.1000690511752652,-0.09054778179936548,-0.15402037820851883,0.09176914620469546,-0.0010343166085134878,0.16375062198765705,-0.12739030888436353,-0.09029219975510366,-0.07324765222066791,-0.042143719727343765,-0.024035045004978287,0.13402281551027598,0.18651406138298696,0.005979490128579231,0.011211546990528358,-0.013609681197218945,0.060196183942965185,-0.08918234826598329,-0.032163744840315346,0.09620428442814909,0.011495665269954408,-0.11385256962540678,0.07343993717602135
-0.02483408889359906,-0.05450638278340868,-0.1146371851636528,0.015307622254624694,0.032260291916742866,0.01271783562974964,-0.13056977970944617,-0.15787930384438623,-0.057102686708076535,-0.1267140515215964,-0.021218831387897888,0.012324142651267753,-0.001705087737685203,0.035086197601216715,0.15564702269990954,0.053209505499715336,0.03305371357112735,-0.01592367724430408,0.14297884454856297,-0.0891039681103289,-0.036857306501043824,0.04969404591710444,0.11843198262989878,0.03398295629250898,-0.07361474062958749,0.06541862214847802,-0.04253762841810112,0.07128765809889961,0.02705196857913789,-0.09055662359514159,0.13290158576004787,3.4497096139952986E-4,0.11944187649906345,-0.10389216310303058,0.07708573189951033,0.0217805510125547,0.23351759552929172,0.10521535960420761,0.11608038910826947,0.0032347951485340717,0.10836454562138856,-0.0647133174689687,-0.06147926700716772,-0.024040896336619436,-0.09094605898111544,0.1601032732831011,0.1697111522413732,-0.0312825712110327,0.0482461836443102,-0.06882530877670476,0.02771591160502125,-0.012050065757813063,0.05838475072778413,-0.010949859173187707,-0.0946413739855032,0.0948661616010865,-0.08499471440246517,0.07106999686859106,-0.10320173467514232,0.06409078698693559,-0.01796516145520088,0.07101561645736404,-0.005206220366610443,1.8300927511222904E-4,0.04708151064849022,0.04477565945190785,-0.03269767043348334,-0.026139633622407385,0.20901756204048036,0.058746715625491316,-0.03575954340864722,-0.06392162479531861,0.032567377019270344,-0.05377152254051756,0.015349128837210194,0.009910023208874158,-0.05857035793794736,-0.07093090816874664,-0.03609766077579066,-0.12125007879928981,0.012765050153038079,-0.08850560469967109,-0.038018288414228135,0.11875741339358589,-0.027625495145799407,-0.041736482053873536,-0.11517660070229249,0.012397092387157402,0.04729451018944673,0.030518335266224994,-0.10646260942590882,0.11021723472476531,0.04194349205692752,-0.08501606611019209,-0.07431282355504873,-0.03282053282913787,0.07254574136294599,-0.061512954808929626,-0.0763399490391825,0.14269322099203263,-0.06983754039720448,-0.04639316738885858,-0.09697424982277912,-0.027138526114765422,0.08976071180854142,0.16198530810647147,0.12598686519659405,0.01771090986142537,0.05550974705819891,0.11968037325463504,0.023316828798908274,0.1833725947566685,-0.05647865369055625,0.016775549685225277,-0.09888068394151571,0.0503580995059827,0.12625626483667116,-0.07421692851539702,0.055083929503713935,-0.048279414509930715,-0.10283933687271787,-0.05893065064369367,0.02666478287760577,-0.0351686510369744,0.042705952897144336,0.1165603290465181,-0.049679182884876966,-0.1454993723451431
0.03150016009899138,0.10901085187067625,-0.03303670492778797,0.06901101609073788,0.09115761988629835,-0.0643931701749122,0.048695553294587086,0.06133801351698087,0.0368446448997043,-0.04130017804290367,0.011938723641536243,0.0713180763746461,-0.054839500665269166,0.09857524810010482,0.06084606827800399,-0.11365652450505788,0.05785649041574728,0.001913003404339599,-0.0018449518392784298,-0.06995882805743665,-0.011887400023664656,-0.09221271446724516,-0.050274571863528454,-0.23040528580826605,-0.02618218538847715,-0.02220375792604758,-0.042104047939337884,0.014654063763968498,0.07481085811021251,-0.02566959015611974,-0.08373787537739129,-0.011268439986535529,-0.01772876797546174,-0.02736651141284852,0.09692497848685248,0.1201416726478945,0.07269287162070304,0.06717237871012804,0.05467412657749858,0.0013973042421824115,0.11008151278144193,0.08094552129473784,0.05558872835744372,-0.04172776735564197,-0.2200027363610351,0.03909988861244212,-0.17356123615114677,-0.10828141386527987,-0.046140450260518294,0.053014112546700805,-0.017355003804451798,-0.10417251553498755,-0.09799438448155473,-0.0035026339323752987,-0.23571645587854947,-0.07578626906815213,0.05796719091239897,-0.045590382764331805,0.09062606915084465,0.019230152034280065,-0.049129225375176604,-0.0843381393030022,0.0073351714144583,-0.04744590255673683,0.07661834789661716,0.061142507276274266,-0.03064092287315791,0.12146291622402874,-0.0400315396670328,0.06494657952066919,0.20199184242057502,-0.11614530709717008,0.05084345549987811,0.016022088277707756,-0.04072151318547628,-0.0319023169602736,-0.13478095484153432,-0.09381702938160341,-0.04367914868937903,0.06316583848040791,-0.05539498020277236,-0.009423139579766397,-0.029033165829296347,0.0020626524917889176,-0.027359177582190086,0.11838123926063793,-0.06368600130666564,0.05078852733285909,-0.007636478540097427,0.14030054702084901,0.026105038781708476,-0.16720854645211938,-0.12518036458388393,-0.05488404595316741,0.0650850939170566,-0.010346078117171439,-0.05692642208278616,0.14860141786530395,-0.12058685786137778,-0.008999675984690205,-0.15729319281266205,-0.07138022861473467,-0.01459690720501785,0.03949781321124187,-0.07179023708657963,-0.04561749576681309,-0.07597742344486509,0.07351661772498555,-0.0482552366303842,-0.17155882372432762,-0.020166523767590323,-0.07921478403436044,-0.02664490085323455,-0.05868110877502227,0.05862066096096643,0.09538956216305237,-0.03528611246088464,-0.001048564878267952,0.0416713796489327,0.05156676371108341,-0.06854106478436771,-0.07532420250946521,-0.1106506707193196,-0.12475171454934199,-0.06393181433752847,-0.03677580108662554,0.13347950939120026,0.02558130347171803
0.037907622523092724,0.004972592890726992,0.0969747000433094,0.05458213382686115,-0.014513984115670852,-0.009131926464576001,-0.07125959077889057,0.033509541481911424,0.02986450619657712,-0.10579083867183585,0.02019107824766326,-0.056699100508556255,0.10309861375505001,-0.01653977705793951,0.014931478528926557,0.0614559744806393,0.014809559188965354,-0.04766207942654138,-0.06474174332467911,-0.035066616964525885,0.16619664081637905,0.024867012601226327,-0.17740152540195836,-0.026997237538437375,-0.06906304567623738,-0.15945959168951918,-0.0533045250050856,0.022118227954710794,-0.013884191219225614,-0.16320242945673488,0.01413275949393413,0.01352079842692946,0.10462101929253825,0.09517405780570679,0.09762406954610824,-0.11511180410323439,0.03745130791973344,0.047867197823605157,0.08878930726988943,-0.05091378942903374,0.07907756120179608,0.023409466353834958,-0.02553232865381714,0.036194939976609414,-0.16102748721877327,-0.044530926402915796,-0.09838811194682126,0.06897660856771858,-0.12184079438893695,-0.10585582964773041,0.04661536380449227,0.026738118258518243,0.14648252634204725,0.022254673886253785,-0.03451789475822009,-0.04527193827944274,0.09744776447319213,0.02687487933518135,0.10016024803332682,-0.015706955960131472,-0.05104354030783358,-0.015619886848580613,-0.06018095655369826,0.1396360170017021,-0.027337804317285424,-0.09863645848813415,-0.002932339207316256,0.21365570534118097,-0.11352382759378685,0.09697370668124113,-0.11340101680227423,0.04418559414998831,0.056359929427196094,-0.05616349321133151,-0.012604745933872046,0.07085577094989443,0.03321030779113641,-0.07242905083080645,-0.030570295103476922,-0.016926459521760036,0.08169507217130736,-0.11684024640782939,-0.06899890391651235,-0.022239884326150792,-0.06956023805504628,-0.04616591697543969,-0.12162549990861997,-0.06320562744974924,-0.05709263343106692,-0.0804290616232108,0.008862182999090714,-0.08137439705253124,0.014320620687516076,-0.15613760107727342,0.05922985602203894,-0.02518438566720156,0.06186591182137032,-0.006033202061817242,-0.05173853276495051,0.026792346755390637,-0.0520494484910952,-0.05160193796541637,-0.13176932785640644,0.13003700495574985,0.049961083994481785,0.1615351153865675,-0.01606211862445698,0.15299800446817827,-0.1033648000216843,0.08442992428279872,-0.02651861707091655,-0.0576976952129948,-0.06976001035661324,0.00763286232734684,0.05413610774176851,0.009000813554519144,0.07533596722856295,0.07313044322697196,0.06445589528039332,0.05252631514832402,-0.07464064849644149,-0.06248552275183859,0.046575087245776726,0.01259734357288337,-0.14589341707154355,0.053121700064288034,-0.08917163353078787,0.2160205214308557
-0.018228679508151956,0.03125184859702354,-0.026616797881840744,0.022808654132777342,-0.05205058910617156,-0.1742520792972457,-0.033508934618237764,-0.022064853428128486,0.02202706298508278,-0.09511107701465321,0.06849201441034587,-0.028046803232756302,0.0072631730892134564,-0.04327625419550688,-0.05551567005921091,-0.04966427292317903,-0.05693257405257426,0.08295157849937415,-0.005848184021647928,-0.08067230596757555,-0.17533628913181692,-0.06231542542423828,-0.05343269784756923,0.02385154561000391,-0.1267519824547314,-0.16364438785816318,-0.019376496186869964,-0.011377411017519743,-0.06254332263923754,0.013046600865066513,-0.1128120041261301,0.014290124794132338,-0.06744894823596033,0.07430372626299425,-0.05921330252087204,-0.07139164707049614,-0.019320168679308004,0.0864157048135491,0.08247946593213325,4.237570604467135E-4,0.041363155950396344,0.07727706168213576,5.17859627459193E-4,-0.015579059772972774,0.0500111242404362,-0.0597586108503015,-0.1706124901703146,-0.018443022155663697,-0.00880316410110119,-0.0995883149980413,-0.04500111346130735,0.02713243008430344,0.16677103472371244,0.026785800130289538,-0.08481410387654252,0.09417493711360587,0.06838351591959813,-0.09302465976161871,0.09124619219298083,-0.04815796222082795,-0.15836630932851264,-0.2102355156027626,-0.08947198387887029,-0.07888880957675266,0.05867780610723573,0.05015107958267146,-0.059667429186087174,-0.07805163385155399,-0.05480249211657568,-0.02631611099736736,-0.021122817017701793,-0.07971050205900088,0.009233491848122975,-0.050782839399874435,-0.09534561509625397,-0.028401462448526874,0.09454597449303245,-0.1747430006891965,0.026453647399212608,-0.1643613712765544,0.03736864457683162,-0.048295528710779495,-0.05246619809805324,0.05059383292292796,-0.04522441523098966,-0.09164905110527347,0.1188188157204584,-0.0318926973353995,-0.15099342101217328,-0.05732939534926994,0.04932483740469709,-0.15917174694048064,-0.0997834363751343,-0.24337336592014905,0.06328852730107527,0.046713801982553975,-0.05336475431664833,-0.013259163766057448,0.04593265557078794,-0.02071851054483713,-0.07245294498840742,-0.056682233977868854,-0.0944920696792207,-0.09781549006808198,-0.14245076195868697,-0.1560155865827504,0.10504735642402296,-0.0949687767021564,0.1837333978115804,0.04792586088497166,0.16157798923484973,-0.20495052795431695,-0.0368686599348113,0.2019074928757382,-0.13480441133354296,-0.01959494520258312,-0.08663839892582784,-0.025839039434837098,-0.08760671127272775,0.0820934254358457,0.20630969625567733,-0.10900364091546884,-0.19626806706964225,-0.09920105057024375,-0.034232511761952564,0.05319583215905937,0.09692630614389613,-0.023723609543700716
0.07782623964669333,0.2221379335563722,0.08447814140807179,-0.020303194026656646,0.018149019759515567,0.031926875814948324,-0.054285967224670606,-0.06391081041819124,0.10311629310822189,0.028314535562638927,0.1497431473926082,-0.069727875279144,0.06965379160314407,0.025471778232542056,0.2134974229515573,-0.030042477976727124,-0.11460702484992345,-0.15795940402416772,0.007153171620123465,-0.10771212717635652,0.026820152665250365,0.007777878621664286,-0.0012279992430057197,0.007990927743749569,0.04012716038804951,-0.04822903354780518,0.10964855520113999,0.015306262106305646,-0.09522475771098604,-0.07209129064989472,0.11454940541291013,0.012547491670867507,0.035786886870484584,-0.11352834317385128,0.14687747672631754,0.2096533477817603,0.07716376778559772,0.1248769091413833,0.05289350045158864,0.06002213610779778,-0.17952994870021835,-0.04390391950323107,0.011392542461150169,0.027197524076703224,0.10198244253414072,0.04755253466960717,-0.011030346148387087,0.08227379653552579,-0.07260309765556285,-0.023841192839606264,-0.0089886075096228,-0.007194694019338561,-0.00986541301312515,0.06465113736850538,-0.011716200502793605,-0.0735951570714869,0.059922243494741276,-0.06973277256614806,0.013793720956065932,-0.14569036250055395,-0.1131334688837211,0.04100663750839536,0.06172268774607308,-0.1377116125606773,0.005490621879954527,0.04833362560009814,0.0657350780403095,0.004969762214872064,-0.05283055331854374,0.056884903737223706,7.002413540432065E-4,0.010655447776074743,-0.01901516768144792,-0.01618712014111301,0.08155666170120825,-0.012247147075469299,-0.1525001193083984,-0.06574975184817265,-0.09684624023430156,-0.01404728898155929,-0.0060124867972516935,-0.07824700531190841,-0.05314850673077186,-0.004880994865056954,-0.023158362865105732,-0.04231605076464041,-0.0366697287458706,0.03887044662101696,-0.10072320688986232,0.16317018643543224,0.23295106992881937,0.040971701390439326,-0.010116861882435936,-0.25663648532633315,0.09888273215158963,0.03149591792139976,-0.1580992382579153,-0.06624207834741198,-0.24002899717603432,0.04441011403747484,-0.07761353374941057,-0.1345167154242971,-0.09590346456555747,-0.12329209295433967,-0.10785940625949404,0.085911075821652,0.10548799683959964,-0.11175485216961677,0.03770358914003615,0.11105636574305199,-0.04675236482242176,-0.04182134931061232,-0.16289067296538884,-0.2204193201004526,0.056950442645728475,0.032222147244877396,0.084780425892319,0.011651087356856155,-0.05050894754483932,-0.19986197422540916,0.01600981602907834,-0.04879166019749992,-0.08882420957976782,-0.25411102018554815,-0.20074242097903372,-0.06962870468692164,0.02009494460652916,-0.11331326549507599
0.07305934980782922,0.03472194704465577,-0.10051618306706664,0.010311169316659458,0.1275058657025436,-0.10974634436855807,0.0661187396343213,-0.1089074851074165,0.17684131494471048,0.002681508751323087,-0.07163512283350404,9.508212483774368E-5,-0.05345607300241892,0.05382840309889317,0.015470244957781125,-0.11059368321330255,-0.06321338925112804,0.03424755285870209,0.022238626219755815,0.1252299826373487,0.055338923543663134,0.08689787577176461,-0.005216115010491413,0.16128799608828998,-0.02697548788937565,0.027429674506455736,-0.06365081841536645,-0.0039026392981169923,0.09566810001687191,-0.11562394455516356,0.06740560563664302,-0.08297784048895605,-0.1013533959070973,-0.07624078067548193,0.09297103656219091,0.0960017265038705,0.02808225836521974,0.040639518200854485,-0.12590044436384382,-0.09574228857281958,0.0017739932154268853,0.023799029485005632,0.025735221430401037,-0.0717986750951395,0.08001162942545478,0.05973411721676259,-0.01976442124377492,0.013640055919378244,0.04856813568536698,-0.0788359722223634,0.0708646657133575,0.056680638794615296,0.037688080899436344,0.049338585941431694,-0.04555891579377459,-0.03693197850749968,-0.03221929218638986,0.11304443332733867,0.16049740673140095,0.027952780265185388,-0.039579815156418424,0.08621479015768765,-0.03019546937254144,0.021492066833814022,-0.03829268204768443,-0.03763316899300895,-0.02126761839613451,-0.0808415604966414,-0.012563536134696516,0.13034380768332354,-0.057865906954271705,0.026456203783486426,-0.019082503389159455,-0.08764093170716891,0.12645008613505898,-0.20075390227300968,-0.15028322230751326,-0.09968204588179318,0.18626632168821133,0.017796590329002597,-0.009591224417709349,-0.15833511740222334,-0.03592824027578577,0.024205487665995718,0.025101918292506332,-0.004996052615815975,-0.04549208505877453,-0.010841796204849154,-0.13607600530800107,0.015633366513688778,0.06039903258412673,-0.05129228058929467,-0.08659568230014843,-0.03314922935966371,0.03620958107004574,-0.06940331827784094,0.02802745949506775,-0.2978216639313715,0.044209125803826244,-0.1598256747512355,-0.11562160470933351,-0.08060814755878666,0.14184429386413083,0.01811349717423521,0.14282845811618275,0.15743482417772403,-0.006601761868479938,-0.04188621079895972,-0.08948356063178924,-0.10665355353225386,-0.013670315013052383,0.04273161726208766,-0.10307250162021146,0.012366653486188126,0.11131376379392853,0.09579332392719059,-0.002190907824336154,0.1214535833015141,0.13988021838527462,-0.09505837665093303,-0.014545347122724876,-0.028464646720487354,-0.15384957753840658,-0.14567300805087516,-0.01246480738394953,0.18860850509996863,0.1620212187134907,0.09469920390836292
0.12960129648891258,0.006486781020645383,0.032957663720103454,-0.20196040632890105,-0.11147341331186383,-0.09234085421035117,0.16544004931668443,0.027196006118772105,0.07540954915095675,0.04397872760937949,0.03945329188102069,0.1802015651359057,0.08483028025560896,-0.09268797281660543,-0.10135300161650673,-0.05618620477839231,-0.11706578712338403,-0.01843302543472233,0.096145563505212,-0.06906803824214046,-0.007060242755146691,-0.11985052362912915,-0.018897250459666934,0.19041595993164598,0.08442914083130401,-0.18898629426781785,-0.12333440324420918,0.048553574475022794,-0.16875327147883348,-0.03566173690878881,-0.13354036298513405,0.1095786887316078,-0.021440025428057573,0.07328843670279797,0.04157554141626667,-0.19485915050427596,-0.07640671508568576,-0.02706142414454449,0.15294872597683828,0.09055178224497633,0.2911894395599696,0.08751311989695387,0.04358533772686991,-0.09944880882070935,0.035640840032809366,0.16844937955977057,0.1316481439122642,0.03954113871094157,0.0863177019880406,-0.07891002581861477,0.15293906086532105,-0.16623275111301525,0.10908967635478184,-0.049344721929852786,-0.15819571550603648,-0.037233582004582634,0.032824108473600996,0.1611358966216069,0.013440228382983145,-0.018722343609735567,-0.06963654782483678,-0.02054495434564546,-0.013804847389072892,-0.004806692212406391,0.14364231102693825,0.1269834369451917,-0.14236432531600726,-0.1172261427193732,-0.0028660457801307016,5.7146419764243E-4,-0.08041287367844466,-0.0923826328787928,0.04781958125042713,-0.11474709708496786,0.04341699549351339,-0.015895929397910093,-0.0640743909511098,0.0012530187320130308,0.05747690353418955,-0.013177404524186084,-0.03267970519546313,-0.1137605506057256,-0.02651930450434108,-0.09632983715741947,-0.0025528726920023533,0.02405497102146229,0.12264960292060938,-0.13073568952616857,-0.07793250036990403,-0.0738536786301873,-0.009170660356513613,0.045757132550407816,-0.0522894330469283,0.12726079307062993,-0.19255190404992376,-0.2633930953695691,-0.009865884246884428,-0.02263320573118453,-0.14635258557856343,0.062374549587096866,0.019064287529217953,-0.11737180751574205,0.015463993331902202,-0.07709520470138354,0.13913426464938639,0.009258056650315809,-0.06779886006885646,-0.029771740663299552,-0.06437514536332792,-0.19694730784377076,-0.12045882164772559,-0.11571083838915559,-0.13552888522935636,-0.10436537625838352,-0.03017015766073589,-0.019011878678040314,-0.11013049320575145,0.1291092023394866,-0.08880511975525054,-0.03787407389442506,-0.05217479749759828,0.10483739915213025,-0.019618024716086997,0.019114684364515324,-0.011720255415375646,-0.21317191530981774,0.13084716604422988,-0.0031751398217166817
0.08563577750496801,-0.10308380397495566,-0.014418783302990214,-0.028939161485005086,0.10962540264834496,0.0013717216153258487,-0.07455883895757792,-0.061942184650731535,0.10683882364040974,-0.17086548560647175,-0.04467900120321899,0.003684075849221617,-0.09137538865988112,-0.12108592716656934,-0.16660047325031618,0.11139566930342702,0.04426884822441971,-0.024790636966366075,0.003067481101659318,-0.11539139511661181,0.07558901615273855,-0.05791212487906612,-0.09436960410081827,-0.14090575605579872,-0.05391067396811761,-0.131677396804417,-0.0492655113402902,0.10054892255228257,0.0454406911888368,-0.03355111799184266,-0.013806079120010946,0.11486480513241869,-0.07396497012666411,-0.020280293922568207,0.1687648016661275,0.002470939658578993,-0.09168210192008293,-0.010800863756792078,0.008755630682420565,0.052636937211815796,-0.09289341169854165,-0.022890381477355864,-0.01301694941925777,0.0797067855468033,-0.0897941900379906,0.029031629882007914,-0.058901774240233636,0.04829920207143094,-0.0014305979190665846,-0.22024687361980175,-0.0873171514940192,-0.06520908892709673,0.09894142860578593,0.2770143818174968,-0.019962004154686037,-0.009036171069744853,-0.009045378495550684,-0.03069757866134702,0.19162821479648467,-0.054477740557201185,0.10730368467553653,0.006388300370049071,-0.004562374256863208,-0.08069493538492511,-0.06469090935704859,0.17142599447032536,-0.01910072374124534,-0.02945181220587418,-0.03222027636339232,-0.03569236470509034,0.0676614623805151,-0.026221937474508718,0.005185617087091304,-0.045183871682344987,-0.0808263166444872,-0.025678802337051734,-0.1019751432746841,-0.13889088321056914,0.09757438489030573,-0.09905520558647014,-0.001565287517433879,-0.0747195592096646,-0.13975302781524426,-0.002115300445192045,0.09457643012478317,0.0546727803106507,-0.10309018608671545,-0.11461590561030512,-0.02612544411269552,0.020621540141604645,0.06841073016285709,-0.10335692783464348,0.04414452112412784,-0.07487592090169855,0.08298640800840082,0.03022954562831493,0.09493375389639996,0.09957946322192839,0.0011383103207492791,-0.006049791779558109,0.1280409652483687,-0.03590654382082602,-0.07437487635414948,0.08106315824988808,-0.0665864812557405,0.005477208709001287,0.02544360224578176,0.1413844302638221,-0.07462471774743466,0.012334037051810805,-0.01700980231910941,-0.04112335962907954,0.0027801636239694217,-0.14782041627734244,0.1469251124123943,-0.0042714481271744695,-0.02144641751283057,0.12226178783719119,-0.09085863229168223,-0.04470254023783214,0.06866850655453942,-0.0768548398755469,0.10794948459693755,0.18316341826453908,0.08429610631028604,-0.002565801367766728,-0.008966746125484247,0.13965276440716476
-0.0682942671648546,-0.026482435796889456,0.06677318177419626,0.022157187736621408,-0.061905464471576396,-0.06222045718047644,-0.03947217320986651,-0.00869100417737724,0.11650573631588759,-0.16982324891210493,-0.020230824605001262,0.0678369405014754,0.11928368596213158,-0.16178077213091355,0.040265517996807325,0.26636977739223944,-0.03739571919859767,-0.20467256439794612,0.22960965125332988,-0.031594838727730355,0.04762072621334326,-0.19921164389612375,0.03350764767578433,0.022626989539826888,-0.03343931951474194,0.1469557897836962,0.11581808953415273,-0.015635429513408756,-0.0032692409883253266,0.03803053466376823,0.05629183391705147,0.08577019130695444,-0.06574099107624264,0.023571773753795475,-0.04986435299967217,0.13315797003342866,-0.0964417605551731,0.11652335690357966,0.0362959473870889,0.04930790509044456,0.11438814858297461,-0.009345471903895747,-0.0803395494673828,0.17108539415481328,-0.0591604164930212,4.392026056079055E-4,-0.03149591128740681,-0.12025168555190141,-0.058464151235814374,-0.10002661672060306,0.06469628490265143,-0.018491573599582027,-0.04978371963035454,-0.009716773790481593,-0.059661374549861465,-0.23055329786643772,0.14699946206521158,0.03509208595090081,-0.17784911857803812,0.05072090766367488,0.111899925195072,-0.17122855660549108,-0.0034952179796887504,-0.03279739104268826,-0.09095518170664181,-0.016481048101576776,-0.16364110145318975,-0.08231111902034408,0.05189772018676414,0.010962889857212218,-0.02649800862422741,-0.07991827050960075,-0.08378338466686229,0.11614064750065883,0.0010901404163783713,0.034254946263297247,0.151591940006278,0.056410659075581335,0.04400457435040982,-0.09391764475849139,0.019318871038806276,0.028152051975031393,-0.11571994181593967,0.12582824238401186,-0.16639695261403925,0.07641467736778705,-0.1440707259178732,0.021231567522982372,-0.07888629434326032,0.15596960226580475,-0.009381808349225518,-0.17355906214109418,-0.019526922005699655,-0.04663088888198634,-0.023368230740924666,0.07130807438361635,-0.03223245289573581,-0.0425512237640274,-0.007340165008324403,0.008122271484178708,0.005584996671811812,-0.0017684514372262282,-0.12210589347873553,0.06139290878223052,-0.08000950408363677,-0.1193674628514861,-0.18014392597512596,0.012572610264084266,0.05229437344711716,-0.1779441868583172,-0.06444546068624159,-0.07432265799820037,-0.14572031191300694,0.030306828202402925,0.023073451777513295,0.044994153700000435,0.02412159430102943,-0.05549503289230679,0.11617015133625423,0.05733245096032473,-0.03991564721615552,0.036104869959512245,0.07383718397054279,0.0676205329983825,-0.027740968407137127,-0.06312126485056105,-0.03454922793930198,0.04584300911687348
0.04143220432848861,0.10465772318934134,-0.02740102380385605,-0.2616092549466528,0.04540475947701741,-0.07471418037432273,0.08523837269415935,-0.034808489539388296,0.03023160361832974,-0.09703209186299182,0.255934343548643,0.01774776522111825,0.08618070110343154,-0.06914100885746177,0.09009115191935413,-0.02002001440425208,-0.030437320019273004,-0.1995048778950043,-0.011549254435684483,0.09834094713368434,0.07728390319712951,0.1449064947365786,0.15287556245112546,-0.019985865417374495,-0.005332355979807474,0.01002272910201768,-0.06381169442985253,-0.026846510279283642,-0.13848953346068044,-0.1007090955605156,0.046941372976247994,-0.19387702362191475,-0.13607301989629422,-0.14555510014800874,0.09211612197978176,0.03186889180169548,0.04595011910083771,-0.07055649985708473,0.1268942932233963,-0.06582547624065893,-0.0318728329382897,0.018196565221123454,-0.034280556830146684,-0.0016151787120515914,0.029483226972369405,0.049721058593754655,0.10809090168437836,-4.1189388797305184E-5,-0.013966138484052544,-0.028416600958016285,-0.21214638808252498,0.07817684357504427,0.09405645367963605,0.06627998324474614,0.05323541586043382,-0.06512031330045197,0.020433399413818068,-0.012101933470850553,-0.0569825179140607,0.015551786522605755,0.0029617056356634145,-0.0558881932340947,0.05292863465113894,0.1737056759834822,-0.09879629964289328,-0.0471749424021327,0.06920685724076685,-0.03728480491031243,0.11998363448184074,-0.04892327766689191,-0.014576228560458813,0.033394417176492705,-0.01079006069698315,-0.07399556418200157,-0.1359203344900387,0.08596928368930588,-0.02213537551119853,-0.04590463524101828,0.13079978391549849,0.031416950016571826,0.10825576250898607,-0.008495112012002485,0.03594250758216771,-0.05662518190930244,-0.2133752901892666,0.07099532541690019,-0.10967399489119055,-0.0531956430171782,0.07119740223887336,0.22360148722751635,0.019404661846394916,-0.11557024782460593,-0.04059470470121891,-0.022990482163821317,0.09398096667745874,0.13590595557996896,-0.12677256583915442,-0.05046188217623234,-0.13718005063871408,0.17265198789681474,-0.08041872052053274,0.019273599118282775,-0.037750923934036625,-0.27042099719466667,-0.02159581344667204,0.06714696944046686,-0.002692137353056423,-0.07737729597058034,-0.18742983482491124,0.01566775258224949,-0.034841625853336736,0.06147965881949115,-0.08276548365633322,-0.12862971356523623,0.028613310456772324,-0.1910675009090381,-0.031749497722777395,-0.042298874962037825,0.04208472116513979,-0.04355749683236765,0.03263307283970638,-0.06093355698737005,0.1248114628578665,0.01857755302233008,-0.008589064508619288,-0.12973755858864405,0.002009463282084038,-0.005094747426537241
0.11303210878348731,0.05675045378826297,-0.12528262385119837,-0.09694449160975759,0.026072729620682394,0.07942244799064754,0.0488834038752273,0.11548290366628827,0.0021459660137972485,0.021037902178422656,0.04970978576865105,-0.030143173950114812,-0.23555672168643954,0.1651535196114745,0.13598071795363245,-0.2272785896124785,-0.009326520192372876,-0.08852190653404665,-0.04952011637629605,0.027754617439616797,-0.08024136591419193,0.10180176568449258,0.007078695917871656,0.013957417305580894,0.12163274519191015,-0.027023409323645074,-0.012648452718882458,0.12081266242813353,-0.2545064189105644,-0.22990134101245277,0.1302779082183654,0.05314352481156329,0.10130146132247123,-0.055219919693088655,4.103416202215684E-4,-0.12871747568930247,-0.1280341393779059,-0.12118692841334429,0.03391499238241491,0.030328111689497523,0.051131960068717605,0.019389639741808212,-0.11223379741827326,-0.022179996654390657,0.02735641143704169,0.009259102465629084,-0.12957943982932837,-0.06517727895531755,-0.01799423402395952,-0.09230995970687901,-0.055512184654823576,-0.06450976850415524,0.021307136074818458,0.010927334428113855,-0.05718490414476923,-0.00435316442608641,-0.0338933838271731,-0.10234596485535682,-0.08630818961420561,-0.17232030790319164,-0.01504313406408356,-0.04827222694440455,-0.018080227810574986,-0.03264721787398355,0.20431111521280776,-0.1206597586328996,-0.016038924847683496,0.06156285840602767,-0.09404661587325581,-0.0010070768980020616,-0.051574735454048615,-0.0739014125606555,0.10563098592163786,-0.029415651255803983,0.034679310750793696,0.05012727488740239,0.021567374670495208,-0.008391073423094225,0.0035162673734703796,-0.1007736819170966,-0.06570859387433194,-0.03163057823100015,-0.04664930177147851,0.005678514344211397,0.018542083350082214,-0.062378258284163615,0.0642527201393373,-0.2114613299289013,-0.02297811332648647,0.09047396692037812,-0.05617577958747832,0.1527848914628456,0.09204745840896016,0.03381927598883873,0.0159660547730136,0.025385156900907434,-0.03417899475306572,0.0018858760826136172,0.028408723854141886,-0.02247414506164253,-0.005811074237806445,-0.0359457187076193,-0.19557464154156418,0.1478319536258342,0.058701510431049896,-0.20365609315946134,-0.006254260278814698,-0.011363013674318814,0.08675551837592697,-0.08186940626541944,-0.23189187405763562,-3.947398372695756E-4,-0.0698865929264863,0.26410135935465134,-0.006235312004609646,0.05810347934977986,-0.033092425749945704,-0.003960183362159192,0.010302239765876652,-0.0675343825258817,0.10119521158754997,-0.05622850979797102,0.14018798582940095,-0.03185669505660509,-0.03434485025983449,-0.06053667590810854,-0.11104977337997443,-0.13739070321432362
-0.06931636749147697,0.07905517039486738,-0.1285082832319787,0.06857524344440033,-0.047796397971031586,0.11034097418908001,-0.09696667217369741,0.17932107379151188,0.10496376361439762,-0.16483860903960967,0.12049434244316654,-0.028880892700803396,0.07026649494140505,-0.1326662546223799,-0.06951227848470941,0.055806948675021624,-0.005649043519461695,4.4188130305165656E-6,0.03426954030516953,0.07314853827446856,-0.07545931537870319,-0.07444541473596977,0.040396389618169166,-0.01386158648429505,-0.0012734330971036177,-0.09938955922601858,-0.005944655732880479,0.09292716210068042,-0.0958103277893917,-0.035180742777913984,0.08282867324867638,0.05805460148960361,0.045823113496968194,-0.04449515676284705,0.08781314301927945,-0.03308648584462423,0.05490573891521435,-0.006993937953988546,-0.11245336555272789,-0.06212265632016244,-0.09105571622893438,0.07401205132588509,-0.1059472323914519,-0.15839346128123422,-0.0042077184231719845,-0.06813769613836623,0.13610203063944534,-0.15770236936938786,0.033717955062444384,0.033772575902955404,-0.03522947754945474,0.097295563986027,0.05376925082814012,0.01733375976858866,0.15419274868387386,-0.05539514155858661,0.0636489540320151,-0.026615144318216585,0.12311929210805536,0.11064019079841873,-0.0019310282136531646,-0.01051601256401136,0.10544047206627026,0.055997870609848045,0.057033414821222816,0.03540777378114086,-0.11628739967883765,0.07787463071832403,-0.12587348482675212,-0.13317988595051122,-0.12020541577747595,0.022924123375750283,-0.09909468788158388,0.1368335936785524,0.15043209180928374,-0.007586522418304497,-0.15985009972805064,0.0386275707473252,0.1035701102935535,-0.0666428541104529,-0.03639912811885228,0.06826000000458007,-0.02771512264727536,-0.0959491260693981,-0.10930884913127663,-0.09448991966486386,-0.06173732509459174,-0.043324780338398365,0.09027076630367004,0.10430197840064578,0.16495737135554192,-0.022993697613886276,0.042521395436085116,0.024969834762743316,0.11643527659630859,-0.03740336887307662,-0.009666501244783824,0.024574533924568872,-0.12774853327822783,-0.015510112338385666,0.07488562932930144,-0.10696724750431366,-0.029245455645479937,-0.014729445119500938,0.04418365928066796,0.05990569808797447,0.06072321337157642,-0.06298710700031118,0.12522683642056162,0.041686227099724533,-0.14871971695798125,0.04231274620274494,0.04243591473063453,0.0839851948775743,-0.006945686096578922,-4.971365477902158E-5,0.02829188536567209,-0.13510300451822324,0.08660050046081742,0.1476796339832308,0.0630186584006893,0.14887623412476692,-0.05097270390064305,0.1513493738652711,-0.05584439708908302,-0.026186757580899674,-0.04638544521732745,-0.0358702331814278
-0.0034464402623129364,-0.06978731898990845,-0.014050753186711793,0.05983463795106991,-0.1032910265424582,0.13567726177698905,-0.14874768446689668,0.0736113147581769,-0.005357319467210032,-0.08371040802122215,-0.02739107521887222,0.05155406734294177,0.026902467396813956,0.06793888106523596,0.12264056306122431,-0.2033143211771606,-0.0073994318759200905,-0.08025755345847742,-0.009571607969497777,0.10026687057058317,-0.10394497102996132,0.11239415063712414,0.001331220576699588,-0.15127528598093157,-0.17371150665491697,0.040450750727298604,-0.034234964484132865,-0.04746835745306309,-0.15532693567484068,0.02785046362771873,0.20816463362565352,-0.0055347523947593845,0.08231667939517504,-0.08009150807746711,0.15976684112512055,-0.014121387707550575,-0.063074726356495,0.06629148867258523,0.032897194461685694,0.18920295544774926,0.021184481799571477,-0.055179259406441555,0.07436340908729108,-0.11203813665429994,0.002603483238496511,0.05369010292460624,-0.12045870311059917,-0.04036606149642635,-0.08428422601621369,0.009963371425164718,-0.056373434923518685,0.06650688991149535,0.0038553775715698844,0.08635109833250217,0.01808056878828783,-0.052646820949139014,0.22410628325952742,0.0771403097847714,-0.03471094648405458,-0.0795309140722071,0.014506278256448105,-0.06041019698120571,-0.04343596644819521,-0.05548419901787863,-0.07263055859759242,-0.0588666008285523,0.10358132765156847,-0.0951353094496279,-0.0510750341878769,0.20400449837604542,-0.05108063403961412,0.09722427489574012,-0.13995176928790365,0.07695543942354076,0.2121626162582326,0.03421377825391233,-0.11227434892159358,0.11317607017456817,0.04003533173650489,0.0391393857104826,0.07872227080837363,0.050298468703082036,-0.08760933295859137,0.056601258005462785,0.016681268633709435,-0.052718238162198464,0.024532725941935916,0.00619951004469816,-0.06846442644802393,0.21936959819840834,0.05701162857316378,-0.13361218496328792,-0.0378497106879996,-0.036141537879780354,0.016664662618068867,-0.12442383660915679,0.09465929916365531,-0.021384531319403294,0.024553093438075324,0.1571288930399994,-0.1012665204897479,-0.10095186864932867,-0.0013197316832502422,0.13831845556797584,-0.09180535756488342,0.09838785253369299,0.034611382433204343,-0.03639422960566732,0.015198236797911848,-0.1941648026658573,-0.13815223173640953,-0.10864996678042248,-0.18833773112486046,0.17305574064747686,-0.03921522871970492,-0.026994244476819387,0.0674923957362914,-0.029025353036611846,-0.00597768875689553,-0.09925219767476913,0.1805702051689291,0.021671188421242625,-0.06346014763080951,-0.13172843602792353,0.1275699244983891,-0.048134766287492456,0.14489932364770164,-0.11773818473841363
-0.05974573887386768,0.1930400632091671,0.02186013090741936,0.2179429022644171,-0.02548532202436951,-0.012872641483768042,-0.11439481404279588,-0.0690029349786449,-0.05529866682221493,-0.10662746259664002,0.009122252412114413,0.05300167307892553,-0.08676101425951081,0.19855368193073183,0.15724646192632638,0.01995613802168156,-0.06101525828488205,0.13113806324988922,0.0924179104545104,-0.10628777826195657,-0.029642448924236623,-0.0037167935898785405,-0.041224747911903115,0.13299424082675543,0.061735017902131706,-0.04915666940467677,-0.11891474519224614,0.1292461856933135,0.1901020955875693,-0.008580877096228417,-0.039735042231539806,-0.04260252581901179,0.04688509885704945,0.09745631623368946,0.18784439543303086,-0.036023771157782936,0.10264180205361845,0.044863563339669454,-0.14301054690360948,-0.1276732868474899,-0.058634648111403995,0.05693458611813684,0.18717996378184207,0.049769020091499215,-0.07294574044428488,0.05494542607024656,0.04671363711019908,-0.00827302497311997,-0.11608756537714135,0.0359153224766552,-0.12537738538214435,-0.023583815563500858,-0.04056955532703731,0.0490952411159146,0.012054375255785826,0.006337572651827429,0.05230863955274909,0.023649256497462773,-0.01785253109950976,-0.04427708546731233,-0.17879687405356315,0.04665267762894449,0.024127892806860243,-1.638549471544861E-4,-0.09614610092099812,0.08073533810211211,0.010591817284106846,0.054485443598163354,-0.1148682787790887,0.00657823689719645,0.0693726815183638,0.05580156953121959,0.0026961444550663107,-0.10921945831735733,-0.02397691624191896,0.07288594640018675,-0.0014426577462520055,0.09980737371806554,0.1698626315816789,-0.031837727996117275,0.13529212191085974,0.014693681654629007,-0.09878511637192243,0.03254014073011044,0.028756030185009364,-0.15416573894952826,0.008643794456654448,-0.0799113537281685,-0.014672595341622284,-0.03149056645408023,-0.08118706984454811,0.0902890795564272,0.018207006101146596,0.06528961224711317,-0.07738316789698901,-0.0037827091422766683,-0.010298683850972046,-0.014961085710287949,-0.10160009569033024,0.04018606396602496,0.16210517501457372,-0.09391064632411782,0.0019946069840342476,-0.11625167360893461,-0.09695733211106101,0.03744170634599552,0.10826144475060694,-0.07399598911329917,0.07770277883064845,0.026397347592371136,-0.06892870019842899,-0.07668053681276574,0.03250179839804278,0.01589316244541122,0.09822645443742606,2.442600796088067E-4,0.044005709259283335,0.046251759300051334,0.07853149716440715,-0.026771374364707428,-0.04708446539134664,0.002795569454026988,-0.13569063161118328,0.02127381440018201,-0.10389344435041198,-0.0033865661583645534,-0.15831362428138632,-0.017634233998784308
-0.03797376756645601,0.011002251979609419,0.10061064088595568,-0.11813940784381134,-0.030533354329312073,-0.005676543648491043,-2.768286728903088E-4,-0.014833431383755974,0.15310563504626593,-0.04488962504544275,0.1471906933149423,0.06664976544079894,0.11615906979807238,0.06799631468400598,-0.06278309700591403,-0.032316988562330874,0.12348229487346737,0.11548196816043677,0.03706052280294285,-0.050695731039829675,0.10563533863087399,-0.07592619066692478,-0.08598814136674424,0.2488502206441945,0.022251973276780326,-0.05705059062695016,-0.0020130794017223204,0.023113597500359087,-0.12157005036163092,-0.034781178186966744,0.20719005838416985,-0.05174862056271529,-0.11010305524593217,-0.06033904291646188,0.10252229977734807,0.09011068057597175,-0.08811665672965746,0.08378453624791767,-0.16100263453661806,0.022577108698534194,0.08770881387356125,0.08274259464554447,0.07411859166995574,0.0466838244998171,-0.1373869166237327,0.0015948180983118851,-0.1303564337707394,0.0723407433852386,0.07555590386504644,-0.0598918821890729,-0.09699461570449418,0.04499314055410424,0.06824268051275904,0.05302349427573604,0.020009326975131282,-0.10246365813629885,0.042598786093328796,-0.194246465994048,0.09524195301145084,0.18535474731776552,-0.13329223951401242,-0.0019833037655435978,0.02979026594989859,0.11651111525575587,-0.1041692086572343,0.13559732006818734,-0.10369077453640642,-0.04853668287262579,-0.03737941166409148,-0.07790240819117565,-0.13694647862445977,0.11452125398445537,0.03535153216553787,-0.11775406681132994,0.025552243759913225,0.03455027153286528,-0.056815786162637195,-0.08272760203390762,0.0108672224171215,0.10175961689670583,-0.015885473525328857,0.023940820196592473,-0.11592029621540963,0.022218790756595535,-0.1194561352399849,-0.048520038717562816,-0.18123041105749696,-0.08459768076587104,0.006307057324581598,0.021046738183455354,0.018959491664743748,0.01920562595325076,0.024016007013165985,0.04382431321734769,-0.10841361675733623,-0.09886691334786792,0.10901475404099477,0.06471971589565269,-0.10242629685265504,-0.1964867036751835,-0.24781862803484955,-0.030503720866582894,-0.07921078441641956,-0.04294132184117667,-0.0011484268961865019,0.027303835407032868,0.040648439280964586,-0.10043053826077433,0.019211441296240844,-0.1699909870252258,-0.22188564462953475,-0.08428760506742738,0.059186556829588115,-0.0342718890994341,0.07866728549580411,0.013514353685679223,0.06811032530861498,0.061158753180853405,-0.07915137403358814,-0.006409025939497949,-0.05945905693521412,0.018873897447180984,-0.03401675934584857,0.02666451514704331,0.16510743132126673,-0.08184702774484301,0.04928054083358843,0.02443769829816922
-0.16031608199041433,-0.020043811783149002,-0.006037300093080091,0.10936752326976919,-0.17311448285701744,-0.07445596511813563,-0.02737923222632967,0.0940686099695134,0.02133938488692468,-0.2806689809326085,0.15717279604063367,-0.0260483443739035,-0.1300400217704605,-0.23645825031853007,-0.02138056990231223,0.021179889584480797,-0.011614602363662074,-0.125478458900525,0.01722516415873076,0.11529485417334322,0.029957009070968665,-0.012422483177970359,0.0681877061762268,0.022694791573385564,0.05853810432003067,-0.0022862495651798024,-0.08223946551199217,0.03751586308259404,0.0017676890349461291,-0.023926831756441273,0.11519862554510447,0.06893167957217076,0.062078416212891514,0.11813999417026821,0.011349913457440214,-0.058298852305572635,0.11266447478782118,-0.07822740222589608,-0.13980764790870293,-0.016786716095779586,0.04540703144211084,0.03491820573921335,0.12398805308561028,0.10432314514310254,-0.1475575800380041,-0.08109492131382415,-0.041307518249155926,0.010881299198027723,0.051842570068761015,0.11774584767665486,-0.10732478246044197,-0.07161825182647659,0.007908793497167589,0.025163011199620177,-0.12318687024372188,-0.1110366473429346,-0.038436066431667026,0.049082239140479655,-0.04035961266668595,-0.10965065702689646,-0.012869730348449841,-0.03231549487958647,-0.09903315374975631,0.09824563376352899,0.11658325654794682,0.019409902467790657,-0.15698428569737904,-0.19227803703084453,-0.05184459568802629,0.07303757302854381,-0.041522867811388926,-0.1999401670612979,-0.02212040349523621,0.02187899887645833,0.1494048509312939,-0.15888296518964493,-0.10795198731608877,-0.046426921441519095,0.10775289770011111,0.09469112375776702,0.060604143231473735,0.025672375991454964,-0.018061118236872176,0.040027004577903626,0.009385901737483854,-0.07249526110153828,-0.0295910498703287,-0.008258663395834209,0.0684990342624947,0.061568840313501516,0.019267178567557317,-0.08428201153902093,0.021475136097447244,0.0343714236402118,0.16246756876728494,0.12968433147497685,0.060707311513540405,0.08915834568988883,0.1390075741298478,7.86171332407843E-5,0.05039813052426407,-0.11584098314925885,-0.04645567726182365,0.007491536205223523,0.17717320021745647,0.1165464547442142,0.08265385930903042,0.04672452698892782,0.11293208388278407,0.11663114513159199,-0.018249514735531668,0.0021596314691204356,0.04320528006620761,0.049462515340804515,-0.04619430639156419,-0.054352623300307344,-0.15831092942007674,-0.05315381185572644,0.1211596007957753,0.17877841791421223,-0.0808013593510918,-0.128279798571226,0.0048703590621211375,0.09095430405701428,0.08057434698224838,-0.0022001247669462087,0.009351354090329988,0.0934137292530635
-0.08933224740175437,-0.06042569229687921,-0.013851252304330132,-0.08971145697624523,0.027204003967507797,-0.06968509273589737,-0.03361206543367875,-0.0358923873052143,0.04747108169955902,-0.09258971048430453,-0.06614175855972197,0.06029344930844379,-0.13553918571890378,-0.05187348492819146,0.0396924947891449,0.018016620425192975,0.04363655876686379,0.1011679387261295,-0.06050372555167845,-0.15137623590915592,0.10518702960267746,-0.036384017735801855,-0.06841057683966961,0.0927931684094244,-0.12818498379228183,-0.2193405783715797,-0.15002900511116332,0.0031040449073590965,-0.0474657182672498,0.07717096411048438,-0.010485118112431673,-0.05099347586730254,-0.08583561062530558,-0.2995396022392795,0.04916112549104298,0.09529928920391065,-0.04966805789097608,0.05102905904438477,0.11537606137067935,-0.03582826035604733,-0.021953340275833108,0.12210912037759934,-0.08541276427532438,-0.018670072947594943,0.024201437372609335,0.04141886618712861,0.06293673904518989,0.21003786000141952,0.019572828588480314,0.04794846496594985,-0.09685107021923753,-0.07237662276256451,0.12454931447667655,-0.21802362155481597,0.29651093560324776,0.04200856695108629,-0.014852460807166658,0.16876418662521364,-0.10005486829918403,-0.031766051764459916,0.027062464372795393,-0.014189387369885608,-0.06294022379018575,0.05405440813618491,9.305068484068591E-4,-0.11496924850671883,0.16187521874990674,0.07754439318900667,0.032853885749066516,-0.03079234942279915,-0.13082153450446615,0.03854829747079808,0.04518328080541892,0.033534296468063614,0.2343970017165525,-0.07966546311754825,-0.036758358325597616,0.06318026518408497,0.07922283111073722,0.04130785934748553,0.08955246098423894,0.12116155736529594,0.016330154604220454,0.18150781607753066,-0.10876312942904369,-0.015365332663752949,-0.10650975518883073,0.028760032482083843,0.08224594126072066,0.09469379880133218,0.11555302996399071,0.0877369058830224,-0.06669888824037146,-0.018130712801926557,-0.0570018056667974,0.06962170042265649,0.0019469492583187296,0.098854458090581,-0.11340173930545748,0.029944045578174587,-0.05787803527640363,-0.012704073661754923,-0.009373495586560428,0.07064165259177548,-0.09008749937791463,-0.07350152721705754,0.11262367876739156,0.08448735916166022,-0.09267589736988344,0.10780616453696135,-0.08703520438664294,0.005390967361348295,-0.05315361402724986,-0.11421425754214748,0.0796549899035877,0.039645123698384375,-0.14352486753988322,0.10850395522941335,-0.0033383446124857063,-0.0078057674192758015,0.0022377350727921944,-0.04524935291315221,-0.14363480920303287,-0.11887096581567821,-0.03783258894341724,-0.061225401672456,0.11049555385534056,-0.023242063514222484
-0.032723474449737416,0.11713236914514662,-0.05671067384138749,-0.018237769088779263,-0.06390155878785332,-0.1634495637253507,-0.08974871790000141,0.04732178111717624,0.07653954580540845,-0.10254389715405435,0.12654296649590996,-0.018126418953539933,-0.029033428915233896,0.1095711623108309,0.09305164496708791,-0.13143998768870951,0.047264242614770025,-0.06798563178407259,-0.07699905484325534,0.045129842406096785,0.04340652943617525,-0.10208549762685508,-0.11887175026727498,-0.16194981762093685,0.08232352342836623,-0.03916013198358742,-0.022772482422553975,0.070812538559929,0.023213394253275618,0.07077483051574307,0.28043155229952077,-0.08521510354135363,0.036830394655995656,-0.018579973155890404,0.05443488082809743,0.011465255136121705,-0.08347460360042962,0.10112459897827249,0.0017376852129109967,0.13161596389189908,-0.22698753127288074,-0.004690376392776543,-0.20604287324405463,0.05002537261387173,-0.0016431739497979633,0.03182445839540172,-0.09588832471520449,-0.042630899147496945,0.09734444485540018,-0.047733674241066976,-0.023896842575192322,0.04187262150996074,0.0685396946480111,-0.13927336110226832,-0.1573422613330368,0.07012313490576062,0.04390223262151859,-0.14275881761841416,0.03967344524069346,-0.1657910037362089,-0.06320358333107085,0.10074695526751426,-0.12138163858323858,-0.12592223785510884,0.04401297596654675,0.05459634542517483,0.05784775248486847,-0.01786306499195625,0.0028822670191742733,0.12304129209768351,0.017332362203930335,-0.08150545503739318,-0.046537306436059356,-0.07902588571695512,-0.08672867618546673,-0.11334155816347051,-0.04330126342714808,-0.10275766388682754,0.08121261378014426,-0.0028118603192596554,0.1029820671597649,-0.052552846290061156,-0.018408285857002677,-0.017772511676146747,0.037737084185475285,0.03907632951617947,-0.06289380487821562,-0.1081705035444057,0.1569847562346705,0.1496630202973533,-0.06633843491150687,-0.017072946660616026,0.10758377335159719,-0.08227510330523542,0.06233356336731128,-0.12289850171114976,-0.03638027479962038,0.13840328122194498,0.014641475335038309,0.07568736093876967,-0.0790886548768843,0.025432042532990223,-0.021226002665675505,-0.09299338332624485,0.05057640437765426,-0.01589466040348183,-0.2219665081538071,-0.05175471282054684,0.11279072425069385,0.01430737897812775,0.13390613964932807,-0.1357716415046542,0.040763968597209835,-0.008883522169664555,-0.1508845815367,-0.00645955307371745,0.059331925133316754,0.05404628474372698,0.007574813227115239,0.13013262832540884,0.07803183482959004,-0.008054479230605148,0.026128934894354756,-0.0022378025657925705,-0.033560861674572263,0.06690524244422376,0.1333604728054122,0.163043241018008
-0.12724631857712618,-0.14544942364321403,-9.363360495545751E-4,0.03957577688681553,-0.04112759655972475,-0.13287066150997234,-0.04093422164470985,0.05407552826008826,0.0358573568809271,-0.034971854981653984,0.10169350629390389,0.03605398381494076,0.18671501956654732,0.16826581101276739,0.024390070113502034,0.2037931636119084,-0.007440662266887246,0.04076150991697615,0.1430401463655923,-0.010396889449003776,-0.029019353482063873,0.1783279462813768,0.02621699126750109,0.013516331808978349,-0.06224569669900997,-0.1874499042504387,-0.15287628860647662,0.03235721157647457,-0.054453468284728766,-0.011954495866351264,0.06007747775789981,-0.1290303572460389,0.012766085268038132,0.047554124076504216,-0.018211558577036498,0.06625369975663549,-0.024001215034254092,-0.020480427514692357,0.027685968792104318,-0.05315353738365801,0.09721393401604285,0.0324080553597035,0.13248481737473689,0.0075261248315221145,-0.08371975172942116,-0.0989340736136541,-0.06007546858724698,-0.03439187797073991,-0.05794954066706576,0.027105105627873157,0.13941679672885715,0.0895609250988962,0.06787522817855332,0.12473625284597632,-0.05930176139392493,0.07354337417219636,-0.02469761369970374,-0.09689597581536019,0.1648827595570458,0.11522383490579977,0.06973622376727656,-0.024527916510988162,-0.03466707624753385,0.10249027160095782,-0.025530665731586338,-0.06528860571992655,-0.04886400731439885,-0.0767895549354603,0.09235361358632854,-0.10020830605104582,-0.04185203822429101,-0.08355499933169716,0.042164063597528154,-0.014141455128159654,0.019257668430942204,-0.08566912110644426,-0.09614084877024599,-0.059919645920548534,0.03717762077227324,0.10668964719774177,0.09889222379077904,-0.08558628866797727,-0.07069890955822027,0.1563564533927096,-0.10614385861015113,-0.11080245166629141,-0.08214353553494778,-0.04984704615405661,-0.0017837100199155512,-0.08777966651956529,-0.00997185705781543,0.0881446442248745,-0.09323779283032796,-0.008501996517967719,0.08974428313083363,-0.051465658517922,-0.18632367401513095,0.23551704278889618,0.08963189330004874,0.061042777917805456,-0.018479616502723634,0.06020106361485814,-0.11196437552544461,-0.003814870481577842,-0.013778191182827478,0.10391664335066693,-0.07317084065570253,0.04100291921444205,-0.07094563955676751,0.006258377923332819,-0.003539545075729028,-0.26401272244256,0.031518574925068,0.04069618310774435,0.007339009114858788,-0.03205589043233415,0.043359036882179465,-0.01383889122561545,0.0531093697230723,0.12624938104998915,0.11367832732666286,-0.021495800584784383,-0.030991027881507174,0.05690647256654056,0.08595304034220032,-0.1549317026355553,-5.738004199565333E-4,-0.012858120822451528
0.12613070010103403,0.10287634301025399,-0.02436558698671524,0.05974570414601903,-0.016170986840639615,-0.027328447801267607,0.023610749190098257,-0.04021670560667132,0.1158161419266148,0.0066244199343420684,0.032995433015484826,-0.11168693614772825,-0.16475559020683425,-0.10407147452480044,0.08603106561189969,0.0385792165134274,1.0131712614014907E-4,-0.08530957130085184,-0.03820038268513803,0.12342322407225421,0.0796206971127782,-0.008515543024480935,-0.029532963629833334,0.10138432485895613,0.08062296520298153,0.08740280943955894,0.03979247633012707,-0.023773200450840255,-0.06412327049562222,0.07476298569230343,0.07544883454784178,0.05029074251952396,-0.07000529658303259,-0.11278063419401299,0.047052354802664564,-0.1475537269449289,0.12374220863840689,-0.049542519806370075,0.13597179966465078,-0.08339492568029548,-0.011261053468856815,-0.06708957456457602,0.12437412361760707,-0.03411669788250159,0.20844490961679343,-0.01742857818456664,0.002003129879035383,0.09074675676090259,-0.05863692598835053,-0.24809401384295554,-0.12739454781420737,-0.04507240441054597,0.04381945672264063,0.07107417279836337,0.0074551149423045795,-0.12981830008991524,0.04190201483950059,0.0402729354297127,0.1661136899654932,-0.0065377656872396194,-0.15251401875677248,-0.30005145878441736,-0.11006747999366694,0.11134689559689707,-0.04064267393976264,-0.017116690663293403,0.03265245467184994,-0.0548869634526413,-0.14627751270262873,0.09926961771866374,-0.15347187600724155,-0.05487637927092152,-0.07790033754317643,0.10920787092149016,0.010883379301433384,-0.07539849378720238,0.11450013748185023,0.026270770430942343,0.07078063317605879,0.011256953689869084,0.1639399675957906,0.11085093944877668,0.018403126931010653,-0.0037181081264536647,0.08410352551446425,-0.050587477480234025,-0.0077230490508394395,0.2013698558962045,0.07002882004895661,0.04095752396574984,0.17764836051354096,-0.13538799388119638,-0.24204429353513046,0.022077390135702736,0.13007781052398457,0.13686664127071285,-0.05573610679404978,-0.014530801310428783,4.3496527893489845E-5,0.08920431230602358,0.04481789850156079,-0.20752276296873237,-0.019447443421898046,-0.032499356845399244,0.26632001781785586,0.28836290589366625,-0.08217748632325673,0.05702831388679416,-0.05183784008395649,-0.08228777963016723,-0.1518592626929134,-0.0035506950564718493,-0.062222473331784954,-0.09161773997094985,-0.14228479036170202,0.044457470526734086,-0.18152227699173487,0.04057184997653324,0.05093713794052805,-0.2117632973934493,-0.07388705560097439,-0.08332497797377404,-0.03422573220803734,-0.02900061853786568,0.047892793478866144,-0.09881791858507738,-9.798889145870837E-4,-0.05844633441676278
0.04008098071917985,0.059287719216813,0.061923987619319235,0.03612832740858328,-0.15653790202746654,0.039528420492493624,0.035610236728112095,0.12318580787221844,-0.09712376638968394,0.10365993105927912,0.03066687238874216,0.020439772370292264,0.027567435241707256,-0.01957532735673472,-0.18615227789847774,0.12633912699182875,0.022395120822339187,0.08625155952020175,0.21028886450218118,-0.04869780162460331,0.1042930657954707,-0.006339652269351164,0.06953029883219274,-0.20849349900489295,0.038987101009453046,0.04902099688822041,-0.06160155809852349,0.04157271251543553,0.10061593840162546,0.06632317595017594,-0.0675309589719839,-0.09843655992995642,-0.08716729896436781,-0.01142797392886152,0.10208235799381775,-0.11519887493789249,-0.01870916925397452,0.14299976051481128,0.05843575010667441,-0.012415660865668,-0.12562977731673747,-0.08745419370839902,-0.02991714497912235,0.16198976526071127,-0.06988662779047662,-0.016379985375396703,-0.052972458535903134,-0.0321302823476796,0.19568013558704456,-0.0439386306495705,0.06623507808934996,-0.03315935115147724,0.14492625484330376,-0.05592943350875885,0.056889378594061325,0.0111085508692621,-0.12152762676543834,0.003706880117443287,-0.18073724652567819,0.054015783385644583,0.11609237297955793,-0.05012453258426042,-0.03353354418680196,0.11203056385295776,0.04536773455322575,0.09973350706481623,0.10402536292254143,0.1842707607521708,-0.10134315368940078,-0.08761785894718621,-0.023866746612501148,0.1576902501469091,-0.02406244991609192,0.05592535533161057,0.02340214241105149,-0.021462945949416844,-0.08645930217584281,-0.13523424525584526,0.17154182612870267,-0.1361076003196247,0.18031551269733948,-0.06018157339010511,-0.15828796958652952,0.09193832820951865,0.03433477019790555,0.054929727614880804,-0.1580116087954594,0.030410506602154608,-0.02861809964503455,0.05716400770687202,-0.060607041991586126,0.0601649498342512,0.0016882844259309506,0.003185558857141774,0.14798219900816287,0.04389489441256669,-0.03534890877385197,0.17436494755256002,0.009383379794738904,0.06845511835603006,0.04330450473810914,-0.0480799540702833,-0.20047390847204608,-0.1027107054959203,-0.11383839049022,0.1584147867226089,-0.03314571852336786,0.0744719761065829,-0.037272016462660026,-0.10209713713418234,-0.08184462704523421,-0.04228421660121158,0.05883218307311621,0.005954960104422596,-0.1227142503628828,0.02531188088126104,0.07594938817127561,-0.026937604536401386,-0.0072808410120906684,-0.1690475068265954,-0.020543386459673983,0.029060626869760832,0.1387653565392754,-0.25030621439778256,-0.0011452207877982756,0.05622290746961019,0.22769609724612008,0.08608900732533571
0.21954778948070527,0.12569543218807694,-0.03416577934217343,-0.05525800154028759,0.011138981286373056,0.21978864626165062,-0.08996924275982837,0.034413591318364,-0.06230301566255997,0.07608342808603902,-0.013611572700412258,-0.06825128614868568,0.10389232951581487,-0.09590836155743868,0.004748568651914488,-0.04105118900790159,-0.11712931147491785,0.06860334307851425,0.01429556210162269,0.013363553868968512,-0.053887609315872595,0.18271193412178122,-0.23111225628207555,0.06869759311861205,0.1097404509317435,-0.04990450089972703,-0.13499070857108356,0.0720519583571699,0.03379908214741636,-0.031339250785454964,-0.0038498030251577792,0.05135511068994458,0.10128961312749607,0.05832849539454681,-0.09340536492679906,0.10459426987049701,-0.10889004386263747,0.09283046158398367,-0.050377872885239657,0.15617099249242722,-0.07787659772858943,-0.04968241843726681,-0.046634125814434164,-0.11222532260256911,-0.11063653895405005,-0.025829748816328775,-0.10489382255380321,0.043483437818721625,0.04527540597842926,0.039506123699004955,0.14612741439678184,0.058230425861874255,-0.05132827768869363,-0.008496357890822509,0.09573669606010746,-0.07977711224676423,0.09286693528215434,-0.15678932125677822,-0.05829057290288926,0.005130638030739673,-0.02954993374777382,0.012075250163128246,-0.04447444114589217,0.0494216197006691,-0.10239514247497153,0.18864253376714613,-0.10353798435583934,0.0936012615543562,-0.1754829490166405,-0.034894209781769325,-0.0824132667932634,0.16154894295049826,0.05723286292063699,-0.08981311123284723,0.09611742205942525,0.040061967399011,-0.08925110159420986,0.03844137445760396,0.05650081553003646,0.005816857391406227,0.1007810199499093,-0.207617329687151,0.012137937824834293,-0.15345185683768037,-0.08012833550271689,-0.1261164981416598,0.053249009509277766,-0.21356811009549276,0.15365730311332873,0.06966753611493734,0.05585266560518787,0.0024075050516691103,-0.05520340442608193,-0.14808603685963767,-0.03326704310752188,-0.13724679479176946,-0.030660497910527853,-0.004577300177283455,-0.022411076338246856,-0.004226386540943505,0.16470116205037585,-0.039727141325690024,0.054819484732573524,-0.10842534050114787,0.007531993720754654,-0.018740472836970272,-0.0485361460903543,-0.009369361602972727,-0.16256128294816757,0.026324930540263292,-0.08851699041279616,0.01709260380613503,0.10885247672258996,-0.0696022395680161,0.1116826192136211,0.05488895512967255,-0.08074447328802371,0.027404028712179132,0.017472859558798744,0.013224169935756378,0.04997151368700046,0.067565938887354,-0.08260757880578047,0.1906030226618547,0.10988018624245899,-0.12967000205719256,-0.011838275657443843,0.09041110152468743
0.11307699334343382,-0.11216294050082334,-0.035555523816392265,-0.028061476577146985,0.048085000728698306,-0.08201153326915034,0.040214051480918236,0.0561491065171435,0.11234639411411032,0.028590864472236834,-0.060571163409199914,-0.07665447785258034,-0.07628086275463568,-0.08472220523461937,0.02536960614367764,0.003327770773170027,-0.08293106634025324,0.05865418202347262,0.007904811807225826,-0.03372426979817345,0.07057261188295916,-0.13305092276672284,-3.899530579022986E-4,0.15032095980894558,0.1183680620677648,0.05743721841497722,-0.09358976263859857,-0.0307098657723186,0.017497016952905838,-0.13066021593618726,0.07564936349715934,0.08595904874429941,0.09347092233491729,0.10138404750819754,0.1921164485029783,-0.13276668381558626,-0.11890761638433162,0.08644280754013547,-0.13830667374191308,-0.12042984896785827,0.12225903891850189,0.008848595276477725,0.03949132211061651,0.0918503603288905,-0.035790264301397055,-0.023659145841207315,0.10235683696011011,-0.14643796386088737,-0.003830819420691259,-0.19601262729229524,0.011228048968399417,-0.0079778515943631,0.16289924138795372,-0.019096358558454308,-0.01299662054330866,0.005700775043545316,0.10890556233840436,0.11117454996709944,-0.08773978555630607,-0.0107811363130281,-0.1050224331221692,0.05715017036082908,0.08529828318537627,-0.09587978362316396,0.12497471984591296,-0.06805828799012464,0.12918174340866692,0.04340202109179362,-0.05601022137095594,0.06487528481542194,-0.15696619139139012,-0.20478852199145767,-0.005920694167226471,-0.02704880769332842,-0.11608988166715348,-0.14765860884119286,0.03425142042465809,-0.0896692548800145,0.13029329108646776,0.17871636142063035,-0.005029788420168316,-0.09389819472802717,-0.05959762561472379,0.02957341255384952,-0.07400909146452353,-0.19325023240541098,-0.02687907557282357,-0.0349348608999659,0.10912491577708408,-0.005041812226327439,0.020456372871851636,-0.04723853162130687,-0.012010052484999457,0.010098819915869407,0.06136114779127066,0.031018624738744116,-0.16105024229196227,-0.040299040790160126,0.014735907826708026,0.04158785079886075,0.02605182454532315,-0.0654596833329574,-0.1232910046853657,0.0471881469343852,0.05438138525199288,0.0493264607410334,-0.02409188795193586,0.16633159932767544,-0.06246918964930798,0.10761764565246563,-0.0956520883519112,-0.06107208866746614,0.052740398686480734,0.030595274092994833,-0.04338198881141446,-0.10064885680785711,-0.00712052864433413,0.050684743262717095,0.06139867879291187,0.13681597482260302,-0.10921662990641123,0.05608078548228954,-0.013202026715221034,-0.06614721553092008,0.0415023041074045,-0.14312127060034788,-0.01892360304766938,-0.014957387959388873
0.17029675221369173,0.040741931330035314,0.03695643283746385,-0.009308757238982862,-0.07921839557786951,0.10503334475672504,-0.0280773320247826,0.187369159492961,-0.0036158817031035767,0.12210672848517376,0.022469287982103632,0.12561643795252303,0.19075381485826592,0.12876704580144452,0.01357176688066965,-0.028419323998277388,0.06702467416296153,0.050751153320867215,-0.05973575551526073,0.01004839227145912,-0.08810086968395778,0.07906450972114759,-0.021369701989417556,-0.16512918761073536,-0.008888700728313315,-0.10609685852993414,0.04471915119534011,-0.020911429648006644,0.0774075370936371,0.06475525201256985,0.0602405758630793,-0.043652705162337976,-0.038740333760622435,-0.15793997966356893,0.00601736769086875,-0.025323751780050564,-0.03590743539998908,-0.039816791223488544,-0.02062713965987618,-0.01314563683818292,-0.002474277357458507,0.02998639168287889,-0.0031555995467669276,0.016707309129803054,-0.13547439878772877,0.06940727708939348,0.03528405264550799,0.06952980702348734,0.0953429756734301,-0.16336802607747597,-0.06103506683501571,-0.1120320862561035,-0.01397568350998003,0.014320675185820118,0.018965288808547167,0.011726769279954375,-0.07751993745713158,0.06050757172993396,0.04321966523979141,0.143675624954887,-0.11755827774763913,0.12582053359519063,-0.10500807936199733,0.09267338518078404,-0.0070777414690179966,0.07359656457016994,0.08888351882446605,0.14136492787007393,0.022193811174644997,-0.018618128629036442,-0.09725041801425942,-0.03750985628680202,-0.1636574116032121,-0.03148370021079162,0.16225912864697947,-0.039140310858906804,-0.061279409372673496,-0.045468738974482045,-0.02977891359093935,-0.1118901236193305,-0.00786775316671922,0.056897997531728244,-0.006461489477074943,-0.11963234986786539,-0.06805358527910882,0.009370552171275517,-0.11826242710552941,-0.03937522296751859,0.028000259066820354,0.17272054427679015,0.1537776506253642,-0.001058779401751555,-0.10440606724089675,-0.0924678466201186,-0.026867636581881526,0.11200424071198463,-0.11912673219151483,0.10919165410907478,-0.012854656726975423,-9.105486441757199E-4,-0.030027275575944846,-0.0663478421061064,-0.004557055294158759,-0.04920414357408617,0.06810576729287073,-0.002085715974780935,0.053470569050959336,-0.04578552874769265,0.016822233053296425,0.07443073579704503,-0.12657475648585034,-0.009570050916419555,-0.10007117274715235,0.03619784487773684,-0.04995786209024004,0.06412710338438113,-0.015373106600726218,-0.07467915620023405,0.03092748398777006,-0.11029650520160267,0.13328926644399844,-0.07988515555404443,0.026805424962363655,-0.05496086251051871,0.13686804106319403,0.03412672902639009,-0.03698723911465014,-0.09740967589884013
-0.10872571379362614,0.03199518517351378,0.04233881763901194,-0.08548134284548181,-0.009796631416690639,-0.12388926175767755,-0.133452217550862,-0.01804839799634513,0.1161099465556474,-0.10884853448053093,-0.02261690909246635,0.1258412060410937,0.258433603818736,-0.06347047172460761,-0.1523389570838304,0.031037417551645196,-0.04802210605361727,-0.08985253241060212,-0.031016529389403094,0.11172231445128745,0.09732898688856631,-0.20427785397851214,-0.11703131918475206,-0.0857706631895218,0.15806209197651022,0.0805859719649986,-0.06577152701246464,0.01974164272824632,-0.08109574013966976,-0.04686501469643437,0.08930971801992647,-0.012803967657424628,-0.0639559838713528,0.19865208372851492,0.06218656902533314,-0.160215268124511,0.04009140844688678,0.07186240933682553,-0.07404899388202196,-0.02622327241856785,0.027471364001678177,0.03571175318681713,-0.009765915234910189,-1.0476365124811784E-4,-0.07813044933679707,0.032242239138886186,-0.04736748261106137,-0.13896979490901093,0.19902555111411926,0.028116855984599405,-0.011160691853808562,0.002971369673152265,-0.09647554247585902,-0.04419891918749949,-0.10527483004112155,0.06960355355469922,0.21574573298574556,-0.10268351835981712,-0.021001132589725042,-0.09670809731054111,-0.0433211209758021,0.04975549923872082,-0.20933955648296443,0.2043604670736592,-0.0225708470542113,-0.012752357878160314,-0.020270621119797567,0.0629378707427182,-0.011806554976956948,-0.036146285907484935,-0.04896758602501324,-0.06163000558461459,-0.12182148626266102,0.0875649849859608,-0.08414116680013718,-0.07177492485766422,-0.007201733139183243,-0.10604095281121084,0.1301275010479773,-0.0010944078323640643,-0.07868907814752366,0.04764510407573214,-0.07173239859223479,-2.505012744624265E-4,0.04694836880135172,-0.0870469206006925,-0.06986174763422184,-0.043014911984116444,-0.007176552260591431,0.16224906582888632,0.05360222899157162,-0.07387968510310168,-0.06240873655353514,-0.05747541817164239,0.224784971487281,0.09396744314382208,-0.07711888680342875,0.09204690759701241,0.04140324024383066,0.004244473190004117,0.09415716380487406,0.01823488281016808,0.06087026090247652,-0.17644672864338226,-0.05200573433107835,-0.15946016582667405,-0.05691162270044033,0.11765414789357287,0.032224083047789676,-0.068623767812277,0.07889017436789489,-0.09524412473449147,-0.14078265002009607,-0.039142665224016666,-0.005385121579981939,-0.07686048242702145,0.03684849570512325,0.04936832819294784,-0.06490080513976425,0.05519340232596049,-0.01141718236617905,-0.018623406370660133,-0.004837925287229309,-0.03206355960079154,0.05507095907373387,0.1299930528803617,0.15680092912781496,-0.012518037304399977
0.056197542234281306,-0.1264216820498521,0.023786880740131945,0.04387163951716944,-0.19169075519154222,0.05834942472284432,-0.04577877232163413,-0.04669229030285454,0.023729979998793563,0.031145377033093165,-0.0976009259121437,-0.16933395983371458,-0.07918398627570544,-0.1261661000414905,-0.13975152365928642,0.14152512693307012,0.0341943506410198,-0.184296070915838,0.17430276264589678,-0.04269636855370156,-0.19908774361670667,-0.03254184159602244,0.12480680860695502,-0.1695488854576252,-0.0011988839939315516,0.011150516655249083,-0.050341245404197744,-0.06719499344041498,-0.1205961654545365,0.017738113786422916,0.050101987273576,0.10799146009540117,-0.26232204761243194,0.07970350635175122,-0.08087037864850644,0.030075227774791782,0.18736189247454407,0.01076381840143112,-0.025101220056346865,0.24197802083507255,-0.06162655919988231,-0.10013713015738834,0.15880271338016352,0.040677620853513334,-0.10197185428639587,0.1373700952420137,0.11096546449384455,0.0030361159281319565,0.015049387504893846,-0.032840430082969614,0.029097840823181554,0.11611182058076709,-0.1364686752766699,-0.11570714571858066,0.002763327997912581,0.0180573146215365,-0.022474328814756354,0.08390828945697877,0.0026989778631531366,-0.015294547381764424,0.18313350856675933,-0.06806477862729676,0.040690735703510866,-0.0038377833266101625,0.0685349971026421,-0.041448000365003644,-0.10291019826576912,0.037270254879582985,-0.0038740857141859163,0.020102857115304656,0.11021442113450738,-0.1024797596250127,-0.048821337681566504,-0.06971778498504665,0.02048985034814338,0.0341350266231414,0.04461133483662724,-0.21194601795238235,0.07350575976677082,-0.03197652743892299,0.03540037545036123,0.061364541580007495,-0.10909406828496514,-0.16239217244412962,0.07464137805445469,-0.07699932344915043,-0.23090193824709446,-0.1482991109607143,-0.011975841452493015,-0.0767366482383753,0.09781950616207287,0.055541545420323454,-0.24782004362804022,-0.016902317035282183,0.02591459747691332,0.053389133271700515,-0.06917000065012023,0.21602185365056947,0.0335987255313168,0.0015735623343994766,0.05254717329640733,0.03300473637027116,0.04983838560148027,-0.0410146270582504,0.04678132565147597,0.02993795533132809,-0.13399176397079818,0.03034108446341059,-0.06911523505875201,0.052011551147707794,-0.0648128850768408,0.015256008672894034,-0.04442953336394802,0.12566394545971737,0.12369967460165046,-4.508029229010299E-5,0.0680607672504692,0.05745919290867573,-0.07129646916807342,7.255485580640029E-4,-0.11788883690132426,-0.14540771737399039,0.10026134525601663,0.08317850752253705,0.07150506021431408,0.0029068302724265613,0.05705870524068661,0.13032384378042
-0.0030731833493492294,0.004611583267372703,-0.13307665113077688,0.15852487761926634,0.022506241365367732,0.05677340951108116,0.011343586290576808,-0.04244058011038026,-0.08263268063069099,0.1269415349865464,-0.010568547673370397,0.05651979042063852,0.0875770803823185,0.1904621091634303,0.15807624476142765,-0.01938168437355929,0.17384736154413652,-0.01970469000539383,0.20531464362206675,-0.09883038058101637,0.14568760000107597,-0.2196269830337738,-0.03574817732259246,-0.07758314623241992,-0.113612173207955,0.004060304629598806,-0.03865519299494146,-0.14611618541597726,-0.0840166357267598,0.034867120821497455,-0.1432564242262098,-0.009954317773942319,0.16793668529330277,0.059602023770280066,-0.01221063075946771,0.026649956426420335,-0.0032027792200253462,0.09342829727928466,-0.08083600763627515,0.03948982677806245,-0.03739260438156737,0.10978687293222862,0.051808980582535455,-0.09713985733176865,-0.05340999821929316,-0.12333665476303658,-0.0591809204916293,0.02076349036239145,-0.1276852094077534,-0.07701431315273312,0.13359359336812454,-0.07917994092274791,0.08832463132332558,0.11674102405272627,-0.004452694502475636,0.11301905697643622,-0.04550116341613813,0.01291779093640772,-0.18524809579401988,0.02164924568025014,0.050315518383768444,0.0658042462792168,-0.05111017604575883,-0.08623791607741871,-0.05204584578941719,0.15436329220268102,-0.015888636489103772,-0.06152996599988952,-0.011285008200118244,-0.01907248896408367,0.13463398206525679,0.20542177664896896,0.20637535253927605,-0.03134958066244456,0.16106348206216065,-0.01564912162047359,-0.12129547147887591,-0.06975731109198899,-0.05838171528859253,-0.07247641483053947,-0.025397237871871092,-0.052211478408800395,0.036439870047177345,-0.03767489175158725,-0.012494150203016356,-0.07964071881412543,0.0656527090864718,-0.05778253302529327,0.021968020340925133,-0.0070816657428627635,0.06126177930799065,0.07510501936866033,0.043752195451613865,-0.04767265898197213,-0.06054134494252825,-0.09977696060744005,0.016298627270672113,0.03895620689853615,0.009284687752331535,-0.04160054595099315,0.03818940928722659,0.01632510316016978,-0.08884756829931412,-0.022993652757629403,0.027132096522372418,0.07928335298101506,0.023918134927894463,-0.036031865465215765,-0.0656362810637614,-0.0016003614634243716,0.027631887273231556,-0.08182215421726557,-0.09864214056442902,0.0408469974422335,0.19583906629358688,-0.02378513952331959,0.03825752778764389,0.054690960900331986,-0.07741947921366685,-0.021003561425246987,0.04630567156499824,-0.05994179781068477,-0.04797468319404093,0.03190985106246978,-0.032908957411542254,0.03278921156322279,-0.03746326305920558,0.05569614913621345
0.07614131743299339,-0.0150225926126453,0.12734599065919747,-0.06176128296982808,-0.05067644573662109,0.15346778173582376,-0.0497904739793244,-0.036499294775226475,-0.0965267926213473,-0.04583689103945604,0.03355419628713812,0.14025702319208758,0.0444606549643958,-0.021914443097989993,-0.1754129356296383,0.09524375617241182,0.033351905355634925,-0.01972076118643218,0.12123469663815595,0.03844604331567389,-0.023534745531788213,-0.019113383944465205,-0.0011849979902189313,-0.030008899708806592,0.04683144149673601,-0.003171056956806823,-0.05696534794474675,-0.09218389637974442,-0.06461786176778743,0.16145954087397033,-0.024218685322218096,0.04906388283221024,-0.07211817894564423,0.046113726988489166,0.1409523087271264,-0.08230985096741592,-0.05412151505426889,0.13941475306479975,0.028125513997604684,-0.13535618424372742,-0.08291834857631894,-0.005034795470319549,-0.14721765764442432,0.09825811260797332,-0.04990034978615463,0.2235030095441446,-0.02847126556139136,-0.020391039533466243,0.08731456306828561,0.009295684605051138,-0.07701284565557556,-0.11491636689513694,-0.05650904132708282,-0.03828732672857956,0.017959300291361717,0.030214664620918534,0.07764770641020441,-0.03757727449889973,-0.04618324900444299,-0.023056788943236543,0.019286226996029235,-0.11807953589804247,-8.750324785435498E-4,-4.998701878794502E-4,-0.0213654529526852,-0.06264779831592487,0.024725857704788596,-0.13350665864143232,-0.0010966769802422645,-0.07907144407160037,0.020125214425648377,-0.021996408054398044,-0.08674758222137202,-0.046256881504884245,0.047029391293872694,-0.02355489117079728,0.04729114724653587,-0.0012478364325162472,-0.02047394963072511,-0.05008231155347358,0.02868547607036304,-0.057487554039213615,0.08251578251047016,0.15078035332611944,-0.03399799628113584,0.006002875623870949,0.08023389236525613,-0.03028469135620091,0.17390822965428862,-0.04114883012419412,0.012883597309326285,-0.014020538944579816,0.10302256515746332,-0.04702378610476608,-0.032771575876323504,-0.10265428228428095,-0.09505092244817538,0.07301923399407137,0.08618644988055849,0.08584695833918567,0.021536487526818752,-0.00801978962999259,0.07182311645954072,0.04208040019953205,0.12037449370952319,-0.03110650506893915,-0.09114970923376417,0.14540489577832394,-0.09742942625838147,0.03241400590441236,-0.01636277275855579,0.06961987473417981,0.04033480851934934,0.026635926327737806,-0.09590355023348172,0.007081335653424957,-0.002440980163706483,-0.019149202693474063,-0.004686142392072067,-0.09946239154688527,-0.008275532747641194,-0.14781996590922256,0.012475991826329675,0.01699348639825424,-0.22170034423554258,-0.018169510528181224,0.2081651266505478,0.01026848847880215
-0.06907969951463419,0.12259699496789918,-0.10159552566508769,-0.05593035940171745,-0.03315256247684976,-0.023458039585979168,0.13057114743428858,0.049398724756693886,0.02403457305114311,-0.09419360268666743,0.01935407651326787,0.03909381940457758,0.009747325211003244,-0.04280520102447192,0.09440217827260872,0.06827357773323844,0.06848615366500871,0.04523476468474635,0.1007534231192784,0.12438124054829484,-0.0198842483309052,0.11838481279666696,0.059860089043332794,0.021315879858613888,0.09125905934903122,0.0954212592431925,-0.1660264918279187,-0.042934696084439956,0.10998927422489695,-0.1263429223796764,0.13206847164982494,0.0569810035569949,-0.070259430661287,-0.012967746201581297,0.11415470642161793,0.14197049734512882,0.012602512342718794,-0.023468826448808586,0.13639676205102996,0.012662438102130077,-0.060360015751786074,-0.14233810149827986,0.10061683196958099,-0.23864537449917056,-0.013665795506540766,0.049311346616354175,0.014594251189840788,0.08597352645585019,-0.1771532083809128,0.03655305957128082,0.07666766219931864,-0.06260821809760106,0.06401068133101652,-0.11594589189934107,-0.04930238235377644,0.11423642934482461,4.4638617372750266E-4,-0.007063710003716589,0.04248168628430145,0.026022157973444628,0.14042794876065956,0.010229394799604968,-0.021546238045380195,0.04702750446650992,-0.08126211293254923,-0.009835722175914946,-0.18053865187376167,-0.03586317904418069,-0.1200203691884507,-0.0515905451416402,0.03918405062415117,0.04064055081487368,-0.0017842468963134616,-0.035800078722886375,0.003530093342547121,0.14258770250186906,0.0024135678196040254,0.005432910819175827,-0.10514456794540766,-0.08036705012165778,0.06664411809169828,0.11325973438211442,-0.08945240804774009,-0.04174797244956572,-0.006536159954401062,-0.01669904953261983,-0.07813535042368856,0.12729314366027195,0.06545858127416321,0.13192470629029487,-0.021442880636071263,-0.03645114380119609,0.049089166042434754,0.07729634365727112,-0.08271208263589087,-0.048053599970445324,0.13927775609274964,-0.02093859158985786,-0.051580146762065945,-0.04702305250673539,0.06966092295560683,-0.02149492576770104,-0.07882281465348956,0.10550495206822498,-0.10234649296956856,0.026600776530986168,-0.07207100464446822,-0.0545721819358292,0.062383108925294944,0.03892395238030586,-0.11444499296237742,-0.14717211092809268,-0.04339250943549025,0.0442926574824445,0.0756107699105951,-0.0684551310163372,-0.12696972742961501,0.03895405448532444,0.021197085430365577,8.226497812840682E-4,0.20788346037872685,-0.08381533187578404,-0.20352379347879287,0.08122679146653555,0.06797743005361227,-0.01736577952706562,0.10375064629194253,0.08130744225316784
0.12292434524889265,0.20222665510202992,0.07904628863658644,-0.05796286541720123,-0.0025144140469433836,0.10107154926386858,-0.17573955487819848,0.11518457125214197,0.24950188102429355,-0.1007861153478549,0.014083022574546267,0.05996762816767422,-0.06701880249397164,-0.07974238836876091,-0.0023058943548668583,0.02066225010640985,0.07578774190595348,-0.11759973022237419,-0.004692073066918061,0.1442519362920689,-0.048469242493756656,-2.622790627111768E-4,-0.19877383310190688,-0.008103481624027048,0.0875121874006956,0.06073511071312724,-0.05397949875806294,0.1124265256728179,0.012255425217440018,-0.07811191156836786,-0.019794627783421722,0.10280130382268994,0.12664491922267154,0.011745933276593025,0.15756819841965838,-0.030462238908359637,-0.10700019183358943,0.1912476536509405,0.13294870303666212,-0.03089632539191397,0.03580325164178712,0.011807130330500971,-0.09104967164352244,-0.10044517548229272,-0.056761899904530747,-0.10109136277998666,-0.07111580705543995,0.029211205259500304,0.06591480475577678,-0.09619966710935955,-0.015135975440979249,-0.02502959521874732,-0.023165350616802922,0.01989076543427277,-0.05989456936386763,0.03224666881832518,-0.04205929309612881,-0.004432060683250874,0.004293562509775379,-0.03935610801830105,0.14157934125390115,0.03627948200436226,0.03323886908600107,-0.12129512232403669,-0.09206766224690523,0.060582518917132934,0.052223071324248097,-0.046998447405492784,-0.059577543678389334,-0.04941658901350233,0.09826716039605454,0.052994079986593765,-0.09666776969430034,0.059645127838360776,-0.06330528982833776,0.015125440429287542,2.7446003107755614E-4,-0.0936135468511943,0.1098468849776981,0.09937630880606084,0.1731252692807979,0.03541589407355829,0.006561990172122171,0.06983388754259023,0.12872729495067353,-0.2695023771142981,-0.10208064656969294,-0.07294266802180478,0.15960928972814062,0.06615459571411585,0.007678409172583228,-0.014621043333063407,-0.06543710152654827,0.019564958784717663,0.03163606874443311,-0.01552098016705101,0.02809157943875561,-0.055973882450029884,-0.06942981178508197,-0.11627542007256092,0.006565694064289409,0.08373085121274701,-0.028604697618209465,-0.09303916042173434,-0.011254073617415697,0.07936524455918863,-0.054668180867875435,-0.009510858207459769,-0.08008994667218963,-0.021991545986706156,-0.007347904980621579,0.02822486400803195,0.1054691979104614,0.08914075563046003,-0.08939367919080048,0.13636158488144143,-0.023970301343107216,-0.08705737836274907,0.08134946266237296,-0.024032907349240726,0.1810937393327148,-0.11658834280113299,0.11482685983241993,-0.04405504616706772,-0.06918782160472944,-0.12007630514688618,0.13647808846960094,-0.06365234576639976
0.03526339202614331,0.08948010046916922,-0.09458298102576264,-0.0907916376943242,0.022921866724985085,-0.016983026395430482,-0.18751014914039735,0.16920278652624612,-0.06372975942819986,-0.07889375902812393,-0.09298448783380396,0.004134914753863766,0.0090211780159409,0.07498381873558461,-0.018787555644371234,0.07360576551279784,0.027659626603606487,-0.14820060467537446,-0.09853159303763065,-0.07269244650674761,0.023308086244562935,0.08348747195301463,7.560670230156814E-4,-0.051737966936739814,0.09783140286761403,-0.2652127365671519,-0.13226536527651261,-0.04407296543705368,-0.17021571208577121,-0.02217057226684664,0.09449229953496739,0.2823140310151706,-0.15765974455728815,-0.12216194855078288,-0.08103718049625588,-0.011126801761289065,-0.1418407172553178,-0.15420183375311386,0.02213224402970508,-0.03205270015724741,-0.11912578647545641,0.16180273745413787,0.07299873273021744,-0.1401824803659145,0.001118805025063745,-0.13757922997226824,-0.0661724208951041,-0.06122811673489213,-0.1912024689804776,-0.09588056504382983,0.1159645147745232,-0.19067443867398387,0.11985374012371582,-0.05810675366076806,0.0016457178336223288,-0.09076298727870673,0.18336533813527986,0.07890486675528494,-0.004134496845036039,-0.021910337116082375,0.05030594055684006,-0.12911209371169624,0.06562033295465733,0.05821694460197746,-0.06426902570628228,0.025369651172798668,0.043661521770834134,-0.03898983490638125,0.013733376260238605,-0.24926239764562397,0.1321991803419479,-0.09736413048622354,-0.07096193189351713,0.046235967842398744,-0.09674135522718595,0.22062630431892583,-0.013472142863275832,-0.10061580185784218,0.1499368022543874,-0.017464433692617243,0.05561025623476756,-0.02406557181560079,0.03639939490113628,-0.03341436683961772,0.07802789164872143,-0.04923968586734786,0.04322971458572437,0.06250131225822174,-0.16440892507642094,0.03190316746056912,0.08505392841732173,-0.06805243054003034,-0.09635138090256871,0.013208268381450766,-0.057335910872853335,-0.029438949748761285,-0.005920739651519262,-0.010756907389844214,-0.006199469875439722,-0.012659385139507966,0.027143974918495305,0.04572876504750985,-0.2131656743886527,-0.06656116864476373,0.10798008460813462,0.00498144230597109,0.11299066112892787,-0.15317733831495897,-0.002222474446042194,0.01729211755734938,-0.0345440715363226,0.09260950487939706,0.01452545840820569,0.007041137418142561,0.0716228153180858,-0.07392497682505643,-0.019616637126258076,-0.0783049344807271,-0.0036027331931828693,-0.057690822628400584,-0.02849968994557692,-0.01796428035133726,-0.02692415486312398,0.07845451961270822,0.2125168100367566,-0.060570606125398656,-0.002010037201718556,0.05621356299728092
-0.08214582792911293,0.0477285974808114,0.035029716171292385,0.05371410535740611,-0.1304118969456992,-0.13975018760150118,-0.08313485564154162,-0.0328197088848545,0.0049266456482180004,-0.04295914770578022,-0.05024427209341982,-0.05372130787465703,0.051076415806666754,0.018300628359571428,0.11851779950897771,0.09260543635706918,0.0587762069671245,-0.013047335048344976,-0.010538920430055412,-0.04844116538980281,-0.10554034083248642,-0.05715969392361067,-0.07481962506994316,-0.09586448574737635,-0.0252476900648184,0.0722147477038298,-0.1368916473644026,0.1028006031297947,-0.06819037414363785,0.012021296605633273,0.017326988621394642,0.01880917046039106,9.249085396691747E-4,-0.16745058871489218,0.1026115624520591,0.03379586782092758,0.029726377993466162,0.052009157802158326,0.029412981049106376,-0.10538544725809745,0.14477303808015685,-0.11457947203684896,-0.07967181430390481,0.008534012021582906,-0.09143311362342742,-0.04479915815424149,0.16793884857068533,-0.08550443424181774,-0.0023618121458743,-0.025504710517545423,0.03730750026865505,0.0755203371425903,0.07648727928231101,-0.03485848116518038,-0.0762151437492555,0.003547684676956956,-0.026209932178341423,-0.03867476851473432,-0.043974209368629995,-0.13156960781521126,0.0671377803240873,-0.03885845928173521,-0.06722952287344629,-0.05652694278173739,0.047246597945597324,9.694198144883986E-5,0.12152002798800637,0.13117225640136254,-0.04725225027966177,-0.099572278531195,0.04688604234637916,0.06349401915146008,0.03234666658488584,-0.16696894090959447,0.01959681194287014,-0.14599411124362682,0.00823643525676679,-0.13185022124262247,0.05211215027710679,-0.13177315809223278,0.07694922528824646,-0.10692921725977982,0.034868068716132815,-0.06636694969316859,0.03226109514720073,-0.1578613732045766,-0.006789784273402801,0.11354593505564411,0.03630436822574052,0.0705798522193193,-0.10772572782938589,-0.029086192291237163,-0.04187803101517838,-0.04482415756038992,0.13708146364842175,-0.09731240892568051,-0.0157568848763267,0.007076207364517067,0.0408344201806505,0.012357201982687086,0.003042459935877883,0.06394410459537504,2.871934996256731E-4,-0.010829874292936194,-0.0540451167435736,-0.03464326165501419,-0.1060541657246573,-0.009492261606661992,-0.06413101490416498,-0.3380062604097091,-0.08544417249031201,-0.15590077786495293,-0.11148942853528475,0.19214984328375445,0.1476075760639045,-0.051236170706993725,0.05047447856123587,0.030575163519236493,0.10412202929802246,-0.03404435871237621,0.05951587471705311,-0.06995651471698423,0.0659451178101439,0.17808853580625278,-0.16669962702299748,-0.06680191629427266,0.037278681671346896,0.17771985626807107
-0.04043719631149546,0.21527208649246088,-0.05861984935571555,-0.09688839285046594,0.006562065364039511,-0.14141442897153897,0.006591069423917257,0.004502331277377895,-0.16205401375168177,-0.06226230968870498,-0.03886587234786628,0.08788052444442065,-0.012010697785533063,-0.13302113856004172,-0.062139727765432085,0.11356345742059906,-0.043070364329550526,-0.09711350667199714,-0.03857884833920452,-0.059317230315565864,0.015527237738632599,0.026368442873130907,0.12127211231655824,-0.1456895964792756,-0.021183806268628775,0.10880445330070532,0.02787290025892706,0.024819701149829926,0.06695154156496226,0.030723413693028726,-0.08303855089942133,-0.018356906819056655,0.08144132141015152,-0.005029865170057791,0.053812502401852466,0.002947112566915158,-0.06166655026981757,0.09277648023788966,-0.10720028688353413,0.08784664771849972,0.0884007142010635,0.02712493289096244,-0.10545996634492497,0.07214949076852742,0.03791114687893542,-0.04422861874590216,-0.0715372088647344,0.04963470981344954,-0.02516304120646886,0.08070828318953012,0.017848592478398297,-0.17494852869808653,0.06977800486924801,0.005664298593675348,-0.0734851148823217,0.08598856408186399,0.005038775659281068,-0.10684005640227866,-0.03942313250360312,-0.024701158023803082,-0.13316546328012951,0.05024779591823828,-0.02510708250734011,-0.013483500517369604,-0.06673243004180264,-0.1740679591498981,0.12423903234283432,-0.006392709119842364,-0.02912313541236025,0.14516062816430603,-0.09860619959002358,-0.045251316410145515,-0.01872876484714055,-0.09614336715096114,-0.0593662387821242,0.15076973035750257,-0.10869957250839576,-0.21404942626029744,-0.12384303299704029,0.01531551477915688,-0.09200045937925268,0.015370948781978425,0.031003573016259445,0.09693335619771214,-0.11439143360406696,-0.11288836451906963,-0.0012364592217741933,-0.1421222969431159,0.1967389745186468,0.027963533203642976,0.0574584688614997,-0.02372321308584551,0.13113499084031513,-0.08166858177110389,-0.02210671515486148,-0.03775362738919153,0.02180846528462447,0.07874516831184282,8.706753945230154E-4,0.1690739819961489,0.06607635384915156,-0.08395688570983643,-0.02798546437445011,0.04260319514326159,-0.08303412638288199,-0.08627080176866014,-0.08782543803892842,0.06620720120293959,0.08049783206908535,-0.0715596636379566,0.027173935273486726,0.14755815857235097,-0.06867314622693542,0.06689769442369962,0.04034616780474426,0.1315527577942073,-0.07163049580927776,-0.04813311196788474,-0.04589176296484189,0.07131221874554738,0.14475958457115956,0.030869018285170677,-0.224106738984365,-0.09972132639861835,0.0018533081384083968,0.0754157331826968,-0.02720053754888609,0.06268681883620456
0.005603639145887049,0.12033939673979478,-0.08284473267384937,0.11719478741968888,-0.08077067301851704,0.034512816256898844,-0.068250188644149,-0.1019805380768778,-0.03685157718575761,0.03883482002313866,-0.022134319004125543,0.0282055896904094,0.0254352602181568,8.498399437132202E-4,0.054052231085846024,-0.09064881013580443,0.014191116183406035,-0.11397566688949717,-0.11689983202922849,-0.05227166133361918,0.05155383691726606,-0.01622298695828464,-0.08285988614565565,0.11429356459354398,-0.13248376599070283,0.014804546361285342,0.1069607974889336,-0.03436803537775419,0.042529768352711946,0.1113652395387665,-0.05876904170826618,0.03196883449943558,-0.06556818616680353,0.016112767163151683,0.04796055366764414,-0.021381430448087595,0.09560223489123518,-0.07571787848649442,0.021814136613700914,0.10133236328686583,-0.03717339859145586,-0.1312626653805813,0.07996475806879974,0.009330722226211556,-0.05357218958790576,0.03842099517608851,0.09903860530860689,-0.07895572835379026,-0.14555340593693952,-0.16175365814934548,-0.1709506792245496,0.038649328933585185,0.004242400049556208,0.1643132984996093,0.15551376623985438,-0.004175999979163578,0.09401534912811638,0.0550100598177179,-0.08504925020292915,-0.11524334737149401,0.11039564221611149,-0.06108782559741108,0.05800466607184089,0.07299583379843846,-0.0517779444123501,0.11552577375267452,-0.004790652685670067,-0.016764110550390038,-0.03455358779637259,-0.0379645640807974,-0.18753895811828025,-0.13480087872944646,0.09842397398278725,0.02791988189773518,-0.03270746354359987,0.012787721992539216,0.06739947602360923,0.002820521795013944,-0.09134331155274805,-0.07525784405609658,0.0828225083048644,-0.17807222261473804,0.005525089335840885,-0.1561206364724046,-0.06450712035337998,-0.07809471075670411,0.13948703459663053,0.053837361336062386,0.023992163003429143,-0.16149909301884152,0.10587799946453488,-0.13398445446022286,-0.07568184770741851,-0.003017357287101939,0.10938234670607026,0.039566128032913636,-0.1354679556055858,0.06384237894162399,0.006343512016243171,0.09069692797788062,-0.0014710083439453871,0.04190889354282655,-0.05978072124317766,-0.042174264609546694,-0.06024500972119358,0.017815331337092538,0.18465193501906446,0.2099202745785523,-0.05369132356412616,-0.07974147549814614,-0.02717263327486357,-0.059601079636834094,-0.07685924379303141,0.04905349999745678,-0.15224754723289663,0.014955678328880277,0.011596255618045559,0.17754949050821722,-0.05801223650080477,-0.013350023319539949,0.03982174161021307,0.14852579822744663,0.10423394629844528,0.12406342529401462,0.04873080317336351,-0.0679199202294862,0.09280947514310164,-0.03533744086530182
-0.10953178654359931,0.11471431140146418,-0.06707701494547859,0.03330247949534283,-0.013050575832090877,-0.004549214712273165,-0.08158482400663082,0.004814743969996881,0.09040731172809577,-0.04021048785933709,0.026353655698915374,0.09986641132106581,0.020191169759729746,0.11746131508402996,-0.10341921556728587,0.044535724186007146,-0.10108664712402958,-0.005888147530622349,-0.0925564268967534,0.010117909162372698,0.06680105530704349,-0.11771884541013047,0.060765877553437896,-0.15646058813877842,0.017641064190651957,-0.042396039091026204,-0.09935751803084271,-0.005136247097524111,-0.027313566620621028,0.05892649369691237,-0.11408732349543427,0.018056773926404122,-0.01107021968581883,0.027135578285587922,0.06037253527410427,-0.15474411738336913,-0.13882426271920686,-0.02807373378079351,-0.026481675874920698,0.11812763983476421,-0.028452444474599013,-0.008038676206547763,-0.06283310035399042,-0.08136617734515295,-0.09621801526844376,-0.04994269766474297,-0.03387621319351189,0.10347689518282564,0.06697925623966264,0.009292610404228619,0.05351087030638458,-0.1125498710494048,-0.08425351505768604,-0.014367702559254047,-0.12576828789937877,0.01933002703358398,-0.09916763119564166,0.033913241600472405,-0.1478067710531266,-0.08773280904418539,0.004072265462238332,-0.08985682295025445,-0.1337075766573573,-0.09762407394496772,0.11599205446227472,-0.01337092666180602,0.12773608215672183,-0.10320382634022486,-0.0725144425642766,-0.11593509774766082,0.24592467616210828,-0.053306827463158166,0.030784844093775864,0.1102614891396796,0.021341210026591978,0.022996869128448005,-0.020657207598692044,-0.1750536883405552,0.031174015482889846,-0.06783022838168312,-6.132916739540212E-4,-0.117368382443223,0.11745231418843106,-0.03931841286648634,0.08723813875626142,-0.10648751608237818,0.11875250906168185,-0.048763176732593755,0.12336832356214363,0.08730794528081784,0.013985114098679677,-0.13524463184911192,-0.18767679282202296,0.00473767315504724,-0.003043160642836021,-0.13384820443837478,0.026627851025469034,-0.03497680108828336,0.08284264047217543,0.04516049648395996,0.061713298432085874,0.15560294770454455,0.06983716661191702,0.0655479692173502,-0.06986957919100234,-0.12051321103554469,-0.11923370789085766,0.03205485627830626,0.037569799359124884,0.07374293253774507,-0.04126010761568741,-0.04817765021918618,-0.058365041147531126,0.05937681449032877,0.14272459791776407,-0.10676363772531537,0.03229260359221586,0.06375759261414783,-0.025743487484647932,-0.031041247600311617,0.05332537482730866,-0.0037910773080640807,-0.0876363290695554,-0.04333597519924481,-0.008819874958705932,0.005602910085875231,-0.032279342080016545,0.30096596810059484
-0.09227283199548553,-0.06765044497092292,0.0670818580657897,-0.0498702694682503,-0.08852452819335625,-0.0168315638701142,0.08324288778154394,-0.1339838343890392,-0.07688165371960536,-0.06423908632396007,0.13467648551888242,0.03979660949268301,-0.07596436677922049,0.07594208536287692,0.08473658330787187,0.1233998235966502,-0.17792318570175522,-0.024589798447445688,-0.061201688206268624,-0.1485230838337881,-0.05622409287095934,-0.18792980852795835,-0.07994090312010683,0.030325366924244312,0.049108943982000657,0.0586545957673213,0.12722289912207244,-0.033442122743490794,-0.04763988060140471,-0.046475634124563445,0.08129427330487946,0.022360671236442694,0.0020441771798786193,-0.16262884528182991,0.08489561395445488,0.017060476104560754,0.05401340743845014,0.054851182714424004,0.11108306253351385,0.14964034994897638,-0.05306443671983186,0.01462471959397968,0.06236142271420134,-0.009486129057947448,-0.13175326809350374,0.022670855863125075,-0.11083962208441514,-0.11626811300699547,-0.05856219634900763,-0.06364429212368647,-0.03547522198166107,-0.10063327515981199,0.09057928474574896,0.017766138346910952,-3.5803416754233994E-4,0.01165275506446292,-0.003103741723716343,0.0433930579003939,0.03629920843907459,0.09351586542147158,-0.0072638740935756195,0.14361126921746878,-0.005755440455924669,-0.20506555888002576,0.08329825340043202,0.07638997508394484,-0.06929027339170184,-0.0592656397098951,-0.009836538803415375,0.15932554724449438,-0.1656191272636606,0.011106459938713703,0.15529616381368724,-0.02180078383624615,-0.03174875459477623,0.16891646718109074,-0.025821879700472727,-0.007350537009600862,-0.056584196984918206,-0.07822038912293222,0.17246040796001455,-0.05077881308200319,-0.014165540112229886,0.24329272457402895,-0.025937389477370273,-0.051671651288640194,-0.07901538392938175,-0.11271812878021137,-0.07259064638085405,5.747227782033769E-4,0.049207127575211396,-0.1261827320615004,0.03194322959800546,-0.1336651063203888,0.02627969409259647,0.019363831869850318,0.22981079065061513,-0.09268521228983137,0.12265897000846636,-0.033404870934262365,0.1263424833094013,-0.15532296661677183,0.04372939208706059,-0.05861355706982364,0.07525980717386939,0.015736666911862304,0.1946349920077701,-0.04600800269292147,0.13521788822969386,-0.09002945548667221,0.07483404781999803,0.023720803421206235,-0.072434912239748,0.034453197805321904,0.01478334691712392,0.09745569857684011,0.12241704892803688,-0.07457652510517054,0.015054361148116344,-0.05608704277224392,0.08274387996555968,-0.08166907479449574,-0.08552936105150284,0.011114560412637671,0.043873937916520916,0.034740430482756345,0.09816951771041828,0.11060433349629932
-0.016346590792597464,-0.02545174529363172,-0.005988350227230196,-0.06884874636882268,0.0734153555811678,0.03752676052561668,-0.07954550679802332,-0.04846348816599015,0.007107275570478624,-0.0030421824639598194,0.010161049747636902,0.1956839498339935,-0.08966132858862894,-0.07480930172624004,-0.01386924939415617,0.004857389214857828,0.058589245755796805,0.094151925499724,-0.07752711381650926,-0.020988510282602686,-0.11427712930497545,-0.11447230477813629,0.06986278174098756,0.01882635450496798,0.16876107399739224,0.0020382657439951338,0.08637145434160098,0.10539865565345848,0.029382447860903254,-0.04908101112869771,0.06019257176534082,0.056644227408075024,-0.01202713903061452,-0.19385603832509218,0.09291130687705754,-0.018902503683051592,0.07113570714921907,-0.0706033086246407,0.0717709457581618,0.03533975423176198,-0.011943504758797243,-0.05045169175521435,-0.04845138364479482,0.13527668828913567,0.07686219795794672,0.0443204666155784,-0.047456042896466585,0.04385176393869528,-0.06906449996623115,-0.06186983832146246,-0.09544727742490587,-0.04493271228120871,-0.1106720716210894,0.06191908683347739,-0.08275803543601451,-0.09388082647008242,-0.07171929300629912,0.09352333230013482,-0.1108001221998713,-0.06728157429509847,0.14163293010417907,-0.12777942462101802,0.03485266201884234,0.09377712586241946,0.089072028831702,-0.0523099557319584,0.08971713890554653,-0.02357911910502168,0.19876286737778454,-0.09576062303550992,-0.08058422867833451,0.04275151711175078,0.10958051399487694,0.049813426214436476,-0.017966434261969352,-0.0130093988497599,-0.14192781624498862,0.03489324414782566,0.11592191861467861,0.003996189091096374,0.022749314507520737,-0.00880200045295763,0.051683136091638625,0.02622840971343052,-0.043996351365240716,0.1332987958893798,0.15000241956588997,-0.12085748308126738,-0.01633405196061416,0.05580618885028813,0.060367190471639756,0.07513525842214411,7.958865730654453E-4,0.14890156081255018,0.1894347934432693,0.02182882697149599,-0.04116144336202686,0.015018811149168858,-0.03662930825668905,-0.013845386704597815,-0.012562021629992181,-0.20042174719447192,0.03013024977730089,0.129269318369185,0.1210005459607509,0.07648695585648362,0.03214166962546376,-0.1255942516904805,0.00659119049278875,-0.042610981152772606,-0.038089497221199906,0.03444697788102262,0.021974873716251533,-0.11203377479790431,0.03623382325226049,7.256313886979105E-4,-0.021224727990224606,-0.154199539695817,0.10646386148203653,-0.04239830776498898,-0.03634939320604405,0.06694968769443008,-0.022472585995979087,0.02601670082810665,-0.06607338986838107,-0.028746706958021402,0.004716622586880134,0.06966367919336039
-0.07556041151635726,0.10824126821129422,-0.028574696268449717,-0.03637510145705887,-0.13033804972213436,-0.20861346140105402,-0.17654047484262364,0.09761698310541886,-0.04771553555159517,-0.010295459238981688,0.016096512285799315,0.04689378442590589,0.07363075034012657,0.035022936440575934,0.020233628570531237,0.026837330043828538,0.05579688953033084,0.024959879904865742,-0.11366017068780233,0.03868427552769814,-0.058365435753809085,-0.1850913963378489,-0.16516293643073718,-0.13476126677376,0.04673041403808471,-0.04610007595623837,-0.04273100945148507,-0.08703168361603585,0.031841643466813285,-0.06563359366949216,-0.05244347188400559,0.05992819759525303,0.01599886280012825,-0.023815433233386085,0.05349990323935925,-0.23787569703072134,0.043974780604047164,-0.035727758244541614,-0.034581742966252965,-0.037268978319231386,-0.13516012704326022,-0.028175897312373174,-0.08517966338619332,0.11015298291857804,-0.021243185407631204,-0.11829407906579617,-0.07707246692276204,0.12629166829722274,0.022903522767796128,0.14388030307389474,-0.11632785174005303,-0.06736684038036778,-0.0978378917364757,-0.00640243459082218,-0.04355956076012422,-0.02357039908593321,0.10698788645384116,0.0831077245096365,-0.10394903451713178,-0.006317389272638598,0.17132253546007972,0.07787045968462064,-0.0061632408656649715,-0.20605507579202398,-0.06669736126126155,-0.12649306385407993,-0.08035854477407622,0.029427670550428744,0.12059728857680069,0.026040117900063244,0.12915452557581106,-0.11431826172352898,-0.13552032167873923,0.01725136571352107,-0.1173380464507849,0.014282545179228374,0.12911494975560528,0.11074867135593382,-0.0432317266632601,-0.08772732788000585,0.04461798524173648,0.02376800841174899,0.02919489745077426,-0.023254005811504958,0.02799931822848368,-0.01760187461514278,-0.16287522823534198,0.17183712323697672,-0.13287007931123282,-0.019682247970783787,-0.013520239678314375,-0.017710277003711083,-0.11791239246028805,-0.10730944714619822,0.17300208151916693,-0.057865618863721144,0.12320535996540505,0.01650399476860412,-0.038312024833600966,-0.16014741019388623,-0.0817358946060363,0.06447291658348661,6.488707176710725E-4,-0.06591272587037234,-0.04092317520508936,0.03258933931746851,-0.04336601324291871,-0.08111061321084524,-0.08035035995410134,-3.357047009184765E-4,-0.0556182101086367,0.05020662383516425,-0.12961501976178422,0.046104700400937566,0.03121093630601056,0.0177042586457511,-0.10982928198874482,0.05626375706795385,-0.022465016755392662,0.036650210471421314,-1.050125468504224E-4,-0.1321598892454701,0.05273841500190968,-0.0738095575063229,-0.10195077019078178,-0.1226741018537154,0.1494177245481143,0.02176954708725887
0.09360839613186357,0.12853417962221766,-0.07096322087823421,0.04259414082780249,0.022425007098337196,-0.15118841686690873,-0.15262007011354004,0.06240952265285985,0.04340594970807394,0.1222482690974797,0.02960887833866262,-0.05475718926524201,-0.03899625061456893,-0.02489003161454522,-0.08523264725719684,-0.008650489536843,-0.08258893771066037,-0.19215248291538514,-0.08372380607937767,0.16028660770360476,-0.020808776601063523,-0.02435779139971671,-0.06941750141209864,-0.10602049120324566,-0.14281414263258355,0.03389709799463562,-0.15203512249158116,0.06967807105527185,-0.10209934819502257,-0.03592709059480265,-0.07700717769194271,0.011396633176370241,-0.003056459460521679,0.04072502120480872,0.019598852617443607,0.0737272350220089,0.06084812091285985,-0.07057522616544316,0.16046336653564983,0.022310849981298803,-0.11118689550940168,-0.019378230193190755,-0.04144407358120965,0.023746905494828757,0.032907058594527645,-0.03232806826863493,0.014567200843991292,-0.019145230802437456,-0.07866112931601696,0.13559919432063183,-0.17203121387516113,0.014274026387261555,-9.016980291852127E-4,0.003911156359967194,-0.042981791028818474,0.04237005700584943,0.041344066387946125,0.1263880066351078,-0.07705433226395934,-0.15872868501192633,-0.08569001711800235,0.014169326889560192,-0.08565992422973492,-0.12010537216435647,0.08431398473857794,0.10131335154183829,-0.05041283697925146,-0.1802008976038537,-0.1154725736529141,0.04507252816105598,0.13358121446603216,-0.1444862429377255,-0.11426572564079626,-0.16979717492780336,0.07074451500223239,-0.08552909556935476,-0.07662326575723562,0.01352914017474927,0.01799972579615895,0.10116815813901978,0.11244120600057057,-0.042428657103928506,-0.0785604627710952,0.04973609724199508,-0.03836713000826284,-0.11346240163904936,-0.1354564029458469,0.05472013449278629,0.04334671821869421,0.14594649754344222,-0.039021643990489685,-0.009640086920947208,0.12265047749842474,-0.0437669941415616,0.006454286954637612,0.02703116994302218,-0.1360850719456345,-0.0530717613024646,0.19745086146274432,-0.03433947406891804,0.026830105130649776,0.02653350708316453,-0.047451420977045085,0.0512266207209028,-0.003961206253048504,0.062121208384434884,-0.035123597460376965,-0.005416647887884502,-0.005451923987053734,-0.1173174823801841,-0.1876414935399332,-0.013495096008760917,-0.01602617556350242,-0.05303580901504502,0.030636557603343946,0.04554861856107821,0.04959863969117978,-0.04059618870272953,-0.002147711601522691,0.041378093867277664,0.007243094736567134,0.0352205384594429,-0.011683204487399984,0.04140962890619674,-0.03870157262288092,0.0846053740845481,0.20073686010849487,0.0631394716309299
-0.03774760773511965,-0.08372357554119945,0.018839594585560462,-0.02746809724928552,0.0019855264814190917,0.02016632442968418,-0.06089556859201802,0.05942144793268449,0.023364166204218835,0.05427086992377873,-0.06844176811672316,0.03548923633427009,0.011757305539765417,0.14370958027964664,-0.007170991028338479,-0.07703710360803782,0.009102683773910446,-0.08454697039299841,-0.13619737834318024,0.04728850659985151,-0.060799174596262814,0.27627414504793696,-0.06128079603318515,0.048759952821821335,-0.041728281249728445,-0.10596886676651592,0.006737564709858628,-0.07179963243928393,0.005117814048422046,0.10008629491622496,0.1424953188782028,0.06068709594408031,0.008323257727921626,0.05387818612312457,0.21495963910532032,0.09900905351212674,0.1251304898564863,0.11725082866901282,-0.06552407550543743,0.03761923860246562,0.15551564944148222,0.03667844845284435,0.12036834439908199,-0.06401249516907398,-0.06071001590003403,-0.017444326782672083,-0.08036482072102907,0.050485358981496434,0.027880634510111274,0.06854915759912983,-0.027721126115949526,-0.12638482011729424,0.030143970581566128,-0.026847888869799826,-0.022138870485770668,-0.05035105874264993,-0.03323511653884219,0.11231579116463425,0.06894607360570557,0.035452750650260365,-0.060189351078767855,-0.11834892361019485,0.006724243907021672,0.13436296512916557,-0.01604354315185368,-0.04427549462827044,-0.046758774871961076,-0.09613207143444628,0.05083283974690474,-0.07811144126262681,-0.12539009457998085,-0.05821614682299697,0.048509060833068524,0.04904273509588213,0.03512570692996502,-0.08103923562382374,0.08727512090368296,-0.09775392726550926,0.02313596491485013,6.987697227895874E-4,0.11204675858309777,-0.14064190079663552,0.11831424140343287,0.006157364738528304,0.02717676273681873,0.059072908576588215,-0.2544824962509475,-0.012952519226020764,0.015700989825870103,0.036881587498243135,0.06292572329306986,0.07803359812403944,-0.09997167407636735,0.06517931375200693,0.048882688667837806,-0.03591508522704997,-0.06182058765363768,0.08724752421522662,0.10447504579050575,0.1069566954124146,-0.05352509282217418,0.1375131621089078,-0.04378839849768236,0.13172592486472723,0.1091919091141607,0.036326911505095386,0.119693724413732,-0.05336287513998894,0.16980050776785868,-0.14891639567424583,0.06375518035139015,0.13584092828875802,0.0021424962615509587,6.424382176691934E-5,0.051874840813036296,-0.05244207075718439,-0.015017258386723862,-0.028868462889838905,-0.08088990505968344,0.12910509692514863,0.24054139794091517,-0.03665258276857754,0.14114710402781336,-0.009263000953863456,0.03513726130965633,-0.042574729720483144,-0.04883795477954637,0.06873356719183962
-0.16739635213696769,0.07416731448205875,0.09115209620979814,0.10092811400563254,-0.1330059281106086,0.24971134790445734,-0.08561683573059475,-0.1172596612416109,0.06716074592452778,0.020346674346494693,0.08149017587290207,0.04180815435103349,0.0011445888757101366,0.012617901014626245,-0.10139702075873519,0.10922464439819984,-0.0822117292174764,-0.224307541140379,-0.044890635102810314,-0.02240142889537662,-0.09872206623655498,0.01978136625555732,-0.06823162259797888,0.11492965439675204,0.06780784852965041,-0.05159802582328986,-0.05641152923637876,-0.17398723549429693,0.012443857599539017,0.14219923408866286,0.09874752603806848,0.011892005607660105,0.1255350152096401,0.08883433852058907,-0.022411951832918456,-0.00798904633113981,0.1933182951820209,0.03377376618722535,0.017427693688230775,-0.03713976620954476,0.19017401525416652,-0.0334932358631183,-0.07758353874154167,0.07475252929299891,-0.10053628004474473,-0.0107276212464152,0.041664913629734124,-0.05104601150324744,0.03917697056282358,0.03590144743170738,-0.03452576134294904,0.12901977237018725,0.028198926143917596,0.11885484751432457,-0.08264027377934507,-0.19526190916274916,-0.0202957001634346,-0.12158946675107478,-0.16753895288860182,0.11059900290319813,-0.027957904659820898,0.05223328525171997,7.002824639277018E-4,-0.15456820546411634,0.10675549196459515,-0.20991431013908418,-0.05314226601447907,0.012163395499264974,0.009781546272826992,0.05433366845653242,-0.035660179695715416,0.05224279119429786,0.030837552623568208,-0.07452975366401214,0.08553765105604279,0.0778541062523139,0.11790942376093258,0.04656189562935151,-0.13718124508595886,-0.030073498824755074,0.0746217067866883,0.04631636044999571,-0.02099991150390378,0.01860676398332991,0.04612031381859822,-0.07615552022198863,-0.13826026409533593,-0.020664041077691115,0.020053023190781557,0.039379822556885845,-0.018721461790748902,-0.006793322910061714,0.1214625199921247,-0.14733772529404524,0.05118292820715869,0.05279940724384335,-0.07826914524166712,-0.07892918271622698,-0.043819241790786584,-0.002960620997339147,0.07825137495791579,-0.08200172978308923,0.19016226398232405,0.04050685035122091,-0.11692902136188617,0.14783981822218126,0.010638639511395086,-0.007629247264765058,0.06825960685230248,0.10444036253078669,0.034312968993281304,-0.043605187326582764,0.07568413104107573,0.11063943047285882,-0.003216487344426823,-0.07250167128250243,0.09675707228529316,0.0967236211649065,0.06181434777805758,0.0011640029559149526,0.059273786934805575,0.04112630846599783,0.015083525967325134,-0.0806768408254044,-0.135668014638985,-0.06530401726546878,0.16513590057432842,0.1355207460373772
0.022390952243893657,0.014793075684015972,0.06610785438575029,0.03372878384415068,0.03564599054738236,-0.033319045459316764,-0.04645576202517819,-0.015019884147237279,0.027970130350731152,-0.13528322013945757,0.12694060083330452,-0.07225910395149726,-0.012735673114056269,0.033637498607096174,0.011254880469515664,-0.06894625785675162,0.047151908995792746,0.031573485277635746,-0.14725698589352776,0.028585980185902624,0.01929334846989264,0.07554027971263698,0.026687520972122732,0.09844395539028983,-0.0010984104375834289,-0.1366793310542506,-0.1500680639207179,-0.026858898425735047,-0.054117511617449605,0.022242948846182095,0.028543751115707106,0.04243898161005326,0.11441012055172439,0.048958879279986316,-0.07777256929468529,-0.04080681324270134,-0.09789092938002313,0.031765848365760685,-0.02498334330764127,0.14835338816959576,-0.13007156068670517,0.0936553262734069,-0.02604856789845362,0.09667236540273992,-0.15512637863322415,0.0029119791917297942,0.07236290850930929,-0.06889191908010073,0.06016783091324317,-0.029171803043259364,0.13727897055717456,-0.016724930502283134,-0.03733566729912433,0.1250419733010418,-0.06592014115597751,5.396498375038734E-4,0.06975726687540902,-0.03576422448067679,-0.021603052093852933,-0.04647842923429012,0.17446739766173652,0.022726505245321986,-0.1680550825304271,0.04304735794212596,0.1297048692231041,0.07613697826008287,-0.058727930383326105,0.1109117894026936,0.08844270038466875,0.05708764425981801,0.0027946353145420805,-0.24340687114161141,-0.05721379324296091,-0.09714527570725001,0.12507345095057953,-0.020756138558866464,-0.11604272046012706,-0.05867228287114026,2.963052648082866E-6,0.013283738377839523,-0.007811597948031375,-0.11195543787143573,-0.14323759486493376,0.11323567348414351,-0.05929270421644573,0.024277815727120695,0.07870184539943946,-0.014874717881811944,-0.030232099509568407,0.20101542102961611,-0.08039830269319406,0.12101117162588332,0.07658626313997464,-0.19524422115672538,0.05588810151108217,0.03543637750278345,-0.029105675361146794,0.09712970237261634,-0.11860120415906551,-0.03274311299732613,-0.1404016287106839,-0.10205276411194758,-0.048385229798247824,-0.11226105898816063,-0.025546373261760028,0.08341910431342464,-0.006932449865959635,0.017708797564094998,-0.09478925754612981,-0.09033257396645177,-0.03496950163167312,0.07128207677104602,-0.06736671827661499,0.05585015213824226,0.050744786645532544,-0.024134588655529077,0.05190676333363539,0.16628738922986386,-0.14510040899827406,-0.05974341601281581,-0.02650467018427723,0.09699936803965298,-0.1090663763673031,-0.008362161853211869,0.01564209684074147,0.003610100046196412,0.12296991032111203,0.007131246247563235
0.10516503948965132,-0.06361295627022585,-0.06931429549960447,-0.12787640083829602,0.06363199178863325,-0.09658500247755174,0.16027083322587116,0.10261206085278653,0.08844702185624233,-0.010377168929943368,0.13328708786595092,-0.07138796587088325,0.01875421559773885,0.1436038120414754,-0.05162209805388934,0.049109650568161196,-0.036348597559245,-0.09905775646148796,0.041543295111013685,-0.04680560326765744,-0.18994397115626985,0.08629991646633585,0.11161153143782472,0.09156445144863193,-0.10362179549580933,0.005577766045107801,0.05830212471286928,-0.06385572052197148,0.19648864379628164,0.03141800425870595,-0.018601405610848172,0.05808554955642119,-0.06447458097353555,-0.03583766742748239,0.08750971330425837,0.06661723741716567,-0.07636421919380346,-0.12354766017021575,0.10508878832972217,-0.05909882263961755,0.09512266436871984,-0.12713974786950155,-0.0499828331392074,-0.13467389975610025,0.10566903565514768,0.04186840695866405,0.04862910136236713,0.053554088952652706,0.14728770848813535,-0.052920497515810974,-0.10448064535389451,0.03768492830445608,-0.1848409731534717,0.020491092088330592,-0.13320104926344156,-0.031403080717048934,0.02496091569912647,0.015002891925430868,0.005440222476615503,-0.20306086789492656,-0.06422987118876088,0.009628405713936816,0.10638644510101192,0.16583536530683587,0.038890885906267825,-0.02624811064110949,-0.07732637526957291,-0.0037083013456858435,-0.0022373966054162414,0.09858447614119933,-0.08258635451941534,0.11829434694773505,0.031250805253669724,-0.049731449794709504,-0.029616298159798486,-0.04854624530765892,0.10434569288734985,0.07799719754824354,-0.12704901156577364,-0.1817938439224425,0.17789845847857463,-0.14230877246559795,0.08347878702564833,-0.13495421105719557,0.04618631549667125,0.12505859696032876,0.017888483074715637,-0.1901225118465573,-0.035392473450123536,0.05506477068961169,0.0060138132648722906,-0.13597956351385035,0.020548769015836063,-0.08044943515173646,0.0069901833992749435,0.0088088734756641,0.09290649813750279,0.1372082620660108,-0.01841657005013171,0.016207160107029564,0.05519091070401255,-0.12138888522613472,0.10280469708209863,-0.10366166891044996,-0.015185680642697808,0.05422855176407431,-0.07407672484184913,0.01579898126387306,0.020452570620147114,-1.1706446441327959E-4,-0.036260763104635704,0.18031237284527468,0.11245775133092058,0.02526439450518041,-0.15704456869619907,0.058636162526012746,0.07698835521404777,0.15868042001909036,-0.022043955413239936,0.09086517651268533,0.1388133637648862,0.08008688389930348,0.14320619125255524,-0.10117733116542163,0.07243509733010034,-0.07502761529555316,0.1104445613265707,0.06837154343719767
-0.11115640687270595,-0.17321179041501214,-0.11891390453224926,-0.08103594149292953,-0.07650259492975704,0.0670482198430494,-0.0959410292941226,0.003465024794506347,0.03970254369013324,0.023499230717818773,-0.06234189093255225,0.10422641992309022,-0.11020596246330286,0.06938272575959481,-0.12441565277011965,-0.21901848343826144,0.04937758142588142,-0.13143450964203443,0.05137860396655643,-0.04580615186378351,-0.09765139185922077,-0.12318528451695669,0.08543314341629785,0.01706629380330156,-0.20539882606397925,0.06985754072393868,-0.15882562112096443,-0.07693641245959586,-0.035185004851891646,0.06813702043610488,-0.07408625582732431,-0.06016050865174221,-0.006134393775173716,0.062474312227787966,0.01012099818559264,-0.12204846997044322,0.04163344126529004,0.13932863930297165,0.2768348768419898,0.018555258293418454,0.009638676963826014,-0.17858238308052696,-0.0640292904859963,0.030148432453866232,0.13654831084669097,0.08667849015438002,-0.1963297242283667,0.007097270296234541,-0.10165459243728259,-0.15459708127595484,0.01580043214651084,-0.06882458658772231,-0.04676564758540631,0.03989925792793889,-0.06411443992017281,-0.009863053762515877,-0.05044342003287001,0.17961346555601743,-0.08311847721030774,-0.11027858867353423,0.023812561620608123,-0.07883340927262218,0.007976597575348717,0.07559199246341741,0.15617840610912936,-0.014337333820852826,-0.03572441608608636,0.01906492774091913,0.05093740206439167,-0.05616788763592576,-0.005511128589955148,-0.06408331226032916,-0.04116491388146497,0.08758968265394411,-0.09894597122753165,0.03352743412776757,-0.004305989305960909,-0.011946603541726664,0.013217263581306326,-0.04098180323747578,0.01971091204350425,-0.053230549004311185,-0.016155261952174867,0.1824128034859727,0.19867041337757282,0.0471010593584801,-0.11180613339921665,0.017679552723024624,0.025652215947025842,0.017448745298485266,-0.14533235411931908,0.0013004472412687495,0.03996596492213026,-0.00693345774924798,0.16189831730773072,0.007394352040635459,-0.10205438611224243,-0.03246378651199024,-0.07450336971486544,-0.10025160479041552,0.015144487897229246,-0.03959022077098965,0.10955763544164206,-0.1114257981876239,0.05641810848975876,-0.05247666844001198,-0.05374134291930886,-0.07307493645422766,0.08142123989668655,-0.1245818422805286,-0.018710500002684354,-0.011224917287044889,-0.04028903277572566,0.08939191184950518,-0.02970661258789448,0.0758988603532793,-0.0706004889785794,-0.12921475183871914,-0.10067825045593932,-0.16306155409246753,-0.02802296191582857,0.013166198207154527,0.031904248486540006,-0.010772310245983546,0.05119383957495301,-0.11769546658332329,0.07450184790218195,-0.15633966701896693
0.07311157505288977,0.011283253544736575,-0.053333695933862266,-0.013583493393047857,0.03252375290849451,-0.04990268229845345,-0.16374373620759888,0.06966080874805149,4.4759318400565623E-4,0.0455315321442515,-0.011938503296681103,0.05537067389705452,-0.04745861769397384,-0.01815802387069176,0.15325441538761436,-0.10005594388620728,-0.052820576573494565,-0.03193336890058972,0.036338170105899216,-0.03418613740611681,0.05286621535451222,0.13773075885541877,0.022809386328038448,0.09186169504725816,-0.05661048600079449,-0.05184009512659097,-0.10621941144410671,0.01659869919160675,-0.022863979620859797,0.12569262454065178,0.08574352687220582,0.14643877061164717,-0.06786535533113967,0.0609125683071099,-0.0859053225283346,-0.15978484199971157,0.029564106490449844,0.12509257051020242,0.14170767922222471,0.05778082278720984,-0.028152584649429192,0.010638173049356837,0.0430432596182548,-0.05257631130571654,0.030453670932719633,0.05480860741598507,0.04726083740034993,-0.007565679461940703,-0.04094568643917544,-0.1368717968456073,0.13647902933833425,-0.014628204748283968,0.22835242364663616,0.07275734055015806,-0.045289568128999855,0.0872724907774065,0.10263718831302375,-0.023779774500617478,-0.12119019388069119,-0.0369281641568393,-0.03789638747672388,0.025250787978597127,-0.08763536150746579,-0.10136910592599599,0.18532380061645048,-0.022175963130291472,0.1224541002885341,0.07871535037969203,-0.07805866294756619,0.061093937802118935,-0.13243039908082482,-0.06903373534056148,-0.014422765362640214,-0.04297200072961002,-0.15624766982730592,-0.0136675746943881,-0.13561487592020643,0.007098617205079065,0.14033205721353087,-0.10863609297306343,0.0830559565819096,-0.015613785362201198,0.09088288518372925,0.10761927932182598,-0.059393182349170605,0.041544898713625475,-0.020920624455023806,0.017135670657211107,0.028853113479230967,0.19186494411347757,0.026158430972129817,0.08740992391749738,0.0873553564152088,0.0795973533909514,-0.07021090580665262,-0.011456555967510114,-0.005013572093283182,-0.08042173666033883,-0.15279034256496746,-0.06342478771541621,-0.07761114908488909,-0.11465269483879595,-0.05973945677869409,-0.02287923737192477,0.13942731768673267,0.009522635095555905,-0.13288411898436506,-0.11097927635820838,-0.08972385621165187,-0.14194940964284558,0.02207005688990035,0.024367789488636625,-0.04661706771417976,-0.08317377074919569,0.04953689298198378,-0.1237862819277625,0.06626035014017681,0.04114302988495311,0.08253611913368494,0.01134071690068738,0.04987484316440956,0.02254696352137013,-0.12856004157200143,-0.03032644035801567,0.11609928008791595,-0.010958853872819566,0.05308259172919694,0.025010944753933683
-0.013423610081775537,0.18050702207848787,-0.19429067004409709,-0.0926767137929785,0.013532751648362052,0.010804991869880938,-0.05398658992972641,0.22545848630678578,-0.021264240350589554,-0.1733606267627328,-0.039432405723454834,0.1268602015123275,0.010800306650995531,-0.12620417653900554,0.1444360899770901,-0.13337508461384165,0.09868571718901907,0.01220963755873628,0.13526966553383873,-0.08076605955254748,0.06213113007986708,0.1552001333240407,-0.003288589912573847,-0.055643468614450416,-0.01275793894574668,-0.24840990614390474,-0.04695593327489495,0.017751696648491293,0.09623754031514054,0.011447289561460936,0.01656717136549651,0.12205716035570242,0.0330213460317772,0.024795173112654247,0.05210547741562973,-0.004343914473491642,-0.028873246364040636,0.13578819301916803,-0.12562559326218387,0.10569839705089464,-0.08944100292625047,0.06626007033467934,0.01043366878751727,-0.1480410656570481,-0.09838902891033596,0.06189317458623498,0.1720043132291877,0.006712312616098516,0.08055686821849886,-0.009062552018507154,-0.121801629443318,0.07938567118791565,0.12362221196825134,-0.22511962549707376,-0.05027953541443384,-0.11090587993700197,-0.07870039368471142,0.06883758580749376,-0.07763976887691582,-0.02300764304897247,-0.08304951094007028,-0.1170996448129441,-0.07451550845399088,0.10468280520938038,-0.092061540423727,0.07518738629371369,-0.10114965436423909,-0.12264205217395495,0.00635058998467074,-0.009754796073360831,0.08989396086110243,-0.12307219283998576,-0.051050123877443905,-0.16659613007670673,0.08899738627225065,-0.034725856331473376,-0.10738908965198715,0.024996177045319617,-0.060874156469958106,-0.3274154850510325,0.14193393432086954,-0.03862054065801169,-0.25821934775355354,0.021521513761673876,0.013668332099294401,-0.13026403876623405,-0.013064302794984266,-0.02981078182465622,0.02896954185974276,0.008210390296103175,0.03632859260272916,-0.11030087264609781,0.041437156085470044,0.13152304277920213,0.04955480985721053,-0.0962278101045857,0.05913075386388937,0.164525883371719,-0.050404452370934334,0.09856297773374532,-0.012040099664713318,-0.0509445488761856,-0.00784180445022945,-0.09577841529427622,0.16321443467367885,0.1749726696299821,-0.025839322994513286,0.14264393788511903,-0.00793771375893304,0.06595609615413163,-0.023087298596082186,-0.04391291841320349,-0.011051208214273748,0.05414845396590391,0.0027598513315655864,-0.024642969123862376,-0.1817444262181229,0.1524406594044072,0.08224688523692326,-0.08828865720485862,0.015151418020224313,-0.09026477236673895,-0.09281770077473288,0.01376739032693901,-0.06647372058258622,-0.05693338992520702,0.030912800384760793,0.1126943242299156
0.034261826687526246,0.12891099756653174,-0.10961884292561704,-0.029635621792766725,0.021245597646213102,-0.010335422529543637,-0.018233808935769764,-0.08060921111221149,0.1253810219659727,0.017681780565315934,0.059632859821362454,0.2372477921260045,0.1246876174710948,-0.11770602695249925,0.10605372620099282,0.05115620012988389,0.0640598136696907,-0.039278442946253836,8.500720181020423E-4,0.04141491893038291,0.009438148069562073,0.09315111962840758,-0.13304025817027687,0.050767490496945684,0.14402325344324968,-0.01410597928314036,-0.15245187132786453,-0.10379607768139296,0.09921989824277677,-0.1398342623416326,0.09622900654089436,-0.1493028602902677,-0.007112900856763299,0.09680362651619022,0.04444075161716829,-0.023183343469609718,0.086556704427578,0.04675491835903032,0.024169188482655438,0.038151381918475,0.053566625670457904,-0.08465921569978084,-0.04715367032540122,-0.08894198097165906,-0.016422428461531732,0.07778704393990413,-0.05502781080544848,0.0459945062873858,0.003958780390534564,0.005831503748405996,0.10733074907652436,-0.04215002988192682,-0.017387472254451468,0.05366760430270622,-0.03364176846743204,0.10198088056640417,-0.031782730870429515,-0.09161660653433147,-0.01677379467606725,-0.0548895909727561,0.0070517472132134735,-0.05689538085107111,0.015343302367252655,0.05996353684937491,-0.13951291253442136,0.036004158445408274,-0.08189176494381326,0.07878336735506987,0.018368516994489187,0.12180493577922887,0.14209604264124506,-0.04849454956755126,0.11434063954755146,-0.008906320133536701,0.016296415533433715,0.0104407797610089,-0.08854080733654489,-0.1818033883685871,0.08976683297861017,0.0980006280188298,0.09077778026067511,-0.050748832721446153,0.04350666650000068,0.10443275341588376,-0.05530413037279453,-0.18050321847001133,-0.06774799268322211,-0.2141906008924909,0.061459116436442404,-0.019755391944885497,0.07592419765606886,0.037576985298779404,0.02196665132930896,-0.011675706421605104,0.0026742214796996767,-0.11433537722658324,0.09589470369297651,0.04264367314467236,0.0016608115976674154,0.06001404468846708,-5.624284192016603E-4,-0.011250391292767892,-0.021261734330966103,-0.07865089898117272,-0.1568136901955486,-0.04895256766447085,-0.18468777483559065,0.12703634389458934,0.015372741601861452,-0.05930153374314826,0.06078014144475443,0.033847557861585324,0.11979926135698152,0.08557563506317226,-0.04427247605315574,0.002475846902089456,-0.10040799729823485,0.0912532947855117,0.06398622592128622,0.015664116714424102,-0.10044868052705742,0.0062205504518487754,0.029784629755042126,0.08128044927491473,-0.050525414269856524,0.13840032973958122,-0.09255669350329378,0.19705318311104908
0.09171010751748301,-0.016792693086553852,-0.02853041411040842,0.0683441805696389,-0.11069133582159844,-0.10676176925852814,-0.0331873834489957,0.0681915081215502,0.0769515749629161,-0.04216156641867118,-0.13202592185230724,-0.10389488209848102,0.013433870507203483,0.035200661114923336,0.16677268455959154,0.0969970534679613,-0.012690041298418137,-0.04642760394928871,0.07927799625947875,-0.06093756531964172,-0.08117710295363394,0.12994083193519998,-0.030744573334355426,0.11569111164984343,-0.08659937330335118,-0.23811377189441643,-0.1461801558934658,0.11788386043610537,0.029455589407885258,-0.08914212444648081,0.008198603791204946,-0.012051277765389968,0.12057318741837457,-0.00811201007849765,-0.03023260287362359,0.07404727330374881,-0.06299806496397786,-0.15363701208901726,-0.02772368405623312,0.12501362228578497,0.007664690246150638,0.002293311514639557,0.01045364050262479,0.041628778047607375,0.10883537994126671,0.055216415552334704,-0.007026284723367405,0.10280236925271517,0.15678910752614647,0.23028731739517372,-0.007471694544058273,-0.08220919965238428,0.027538861157159228,0.030601432103975906,-0.07347817324645083,0.02253496619712611,-0.16116750683349607,0.15006922751494603,-0.025337726136504413,0.15145691257506924,-0.043849445154436575,-0.04640326340854329,0.15863261421665953,-0.023141159496087988,-0.006141224842197953,-0.08473659999064666,0.014664160408227087,0.1246811535813686,-0.09832973636795367,-0.06901732376459617,-0.10695345019845084,0.09091354057229344,0.02015257717219153,-0.017592343075318914,0.09985556118193824,-0.00432783817473892,-0.07120984566372594,0.0034107473664069968,0.18456382621512302,-0.03814806077965547,0.11388567877452331,0.04452374602381554,0.09467964062490536,0.08594109298152411,-0.020849051392127442,0.05056922250052385,-0.030904732372395986,0.15781352722334852,-0.08338443222825866,0.10554188859507722,0.12056425913823345,-0.03554310581334645,0.02799660347550719,-0.10178154771627684,-0.03314566060488481,0.04609467550587704,-0.02982899621756836,-0.18211534657451056,0.14267574614414671,0.11593755008804915,0.11069431167011494,0.037195778427934735,-0.03238302618901141,0.03390075923787047,0.11345792054255845,-0.016812675635691793,-0.00512180655152388,0.06634945587884833,-0.03389426605672892,-0.13538895968090683,0.16641720736178867,-0.08640013410609285,-0.1431790703886968,0.1550598840584289,0.08467968586213581,0.10412574350681873,-0.026924087669008924,0.023337062624090514,0.013207530637649508,0.03892983859381912,-0.038738536984190386,0.17909427108922893,0.07429763057439172,-0.06836958831932557,-0.1146217112372673,-0.18506019536590404,0.06900674365246297,0.004662611111795816
0.020066442675309555,-0.03584623142827887,-5.690360755670251E-4,-0.030500288864621847,7.99704563194505E-5,-0.09086190065485371,-0.044931288897277766,0.14651002424294923,-0.015620880890083,-0.17723890250281168,0.11986277493621295,0.01338981169960616,5.647756443209369E-4,0.10181221592827172,-0.03634802889079413,0.007418365099769286,0.0383041988892616,-0.1704764323715787,-0.032363473964376,-0.0024780098367006647,-0.06255624925367168,0.016501931338038206,-0.10205995972626224,-0.05166636400091821,-0.06955826475876749,0.07140940319613191,-0.12213450621437423,0.027547577524872448,-0.09928272155002986,-0.046555767206490364,-0.002299374313305456,0.011089062361251577,-0.005468425022204414,0.05547478492360167,0.08407872679146916,-0.004797637186604035,-0.14137406065330185,0.05380586353667755,-0.16148068907858543,0.040432245021232945,-0.03779348999475188,0.0580960468939921,0.01593010394729742,-0.10821507485105461,-0.15212796132919745,-0.09095539760022513,-0.08674655742640586,0.01162905348164631,0.10270944559835428,0.09414257934129294,0.02416593453134723,-0.03835329962086755,-0.04335047614872876,-0.03853306927146025,-0.06014642865343215,-0.031111981399697036,-0.05555489130898721,-0.1128897091143198,0.005960805706127956,-0.0065289745671178725,-0.013617663900758128,0.01876063488594596,-0.03908404268036844,0.04455162107006737,-0.03385978786415323,0.055387067767556385,-0.09804707926698605,0.030744098210399678,-0.01325733922308858,0.12361711327029286,0.055681309190316344,-0.16110977360159023,-0.07310265435271768,-0.15518014360186191,0.14235751955452894,0.10652366311662446,0.06414169170201896,-0.06974692690436216,-0.09659288946446297,0.06800555329012946,0.16300758583954222,-0.10514722367980901,-0.051591186492580834,0.02972178573446599,-0.010380721155203672,0.14584973064784926,-0.14533723186289801,0.00474546218761006,-0.0317924743858031,-0.008279202179952861,0.042282588687155565,-0.0011908209630393614,0.2467646390241609,0.03529159162673313,0.15561966614204992,-0.011419237244591773,-0.007248004916719316,0.14107100746414852,-0.09430623790662396,-0.05172998580145088,-0.056476812282631614,0.012138961597264977,0.1252714807305768,0.10301833864068831,5.270711080221243E-4,-0.09586798737203593,-0.027941208772141544,0.14166225176031302,0.024856840482584013,-0.08193840835390248,-0.0596936644979465,-0.028349351200674226,-0.13095071222837973,0.09079819419897679,0.23900834363327228,0.139715388598807,0.01158955127191889,-0.019533941892527086,-0.02832764147421616,-0.06900888788170925,0.10196839335055921,0.04083650685335227,0.017498173567672408,0.14833039070764895,-0.055591531058013524,0.10933520746654371,-0.0011054478553930926,0.17891626632848387
0.06709251625604891,0.09797904508784534,-0.05626696653413441,-0.02385770150880781,-0.031377996144655494,0.12099178981621657,-0.0046992996976392195,0.030975531618859267,0.0054210263388745255,-0.1660662925428975,0.10597722746651171,0.12654390586250003,-0.04453096504506109,-0.04371952624177224,0.09636370148560443,0.0333414595480567,-0.032441748469627205,0.06700522471289663,0.037835314767544724,0.032758420947534374,-0.0864330155691417,-0.031112345738826097,-0.06095225299811109,0.12408802849699188,-0.04162511984238533,-0.06336266009586373,0.17109539122605666,0.1156965180077426,0.06756617770682427,-0.07035291566201432,0.009938907243931197,-0.023054288770298585,-0.00506988239438131,0.22306939531725725,0.06473589460983856,0.049447629291840316,0.2083293575818227,0.18337384820780472,-0.005713490002862187,0.025836023220162957,-0.09418092483502054,-0.05259665765300983,0.06087090549838386,-0.1396723183516471,-9.514708049160239E-5,-0.07751126939096183,0.03493893472141508,-0.08388515759364781,0.13340027192404436,0.036907902779300325,0.014630246781162681,0.07705881445586442,-0.17141676910409026,0.06405750958243285,-0.042047927371599535,-0.0383761247827162,-0.055126789498706454,0.03412989693824529,0.12555948907797806,-0.016461788903819576,-0.04313278988583782,-0.16883859704777174,-0.19069979230734865,-0.007732399416793129,-0.030687403405059082,0.09362994738747421,0.06327933056037294,0.10205195553679951,0.09842927029361201,0.047327967941929554,0.056648359983228064,0.020430121869421128,0.04176896965252891,0.011250818427240173,-0.08831640653168688,-0.1577811593461548,0.10859514398324899,-0.11962117219510644,-0.15568807102202054,0.04504278747997906,0.036190338270212126,0.13311489625688397,-0.2855338573669832,0.04357081295959103,-0.023680281968845203,0.06783516283338134,-0.19355515348273272,-0.15707478416026113,-0.11206015181666501,-0.10415204399258199,0.039259502859899716,0.013373295416295644,0.06088277566280568,-0.08750544281525596,0.05527013451095719,-0.048794572519018,0.050032444201437744,0.034934835010770916,0.08511862606883785,0.17129716145998516,-0.07317246713549277,-0.12391362437651061,0.11183380246585455,-0.05680940348066289,-0.1759088534695052,-0.10641576667254114,-0.0030088694818003604,0.04030911317328182,0.004600200037690006,-0.055978379847263324,-0.09340111209840535,-0.050428354325981306,0.0518910429149966,-0.03841861806306095,-0.035387945884311565,-0.027246892270388883,0.06723883051173382,-0.04821524315684072,-0.15389286674844557,-0.06851036060013647,0.019603336949060177,-3.660348055711533E-4,-0.15709000959583025,0.057259246877081796,-0.013679248374360064,0.08947234251774393,0.09828153722216292,-0.09308427536320181
-0.05859056901294146,0.10188866550858525,0.013530017207233102,-0.09250257223231995,-0.10247650289321583,-0.09889737920376519,0.08772854147092031,-0.08563601116935392,-0.06334912846669605,0.011734869534725315,-0.036184811353249774,0.11481296767603971,-0.05469510088288438,0.08479771477340471,0.013925610299636626,-0.01682191890418036,2.1593134372927978E-4,-0.15232066315866494,-0.12286297767413987,0.09696225560191066,-0.05826904028410754,-0.02916871524280735,0.014663258826726092,0.014236783258192755,-0.06393834741570428,-0.035352521107946074,-0.086549132537543,0.1938319186268544,0.029143450773304318,-0.1239187351418102,-0.10297858905310249,0.03400788849407117,-0.09105689761024739,-0.06640792760122473,-0.13899159006889575,-0.03536149102206938,-0.047384074922319955,0.0703527342975058,-0.1404614119931373,0.012406812183040534,0.23903109115467286,-0.1680977389879136,-0.13855055008278774,-0.10466984153123213,-0.046080655599869555,-0.16633958488682596,-0.05909865188010549,-0.06708826804096782,-0.00201371164114316,-0.05123315891077959,-0.07832456567230321,-0.10234233097166755,0.08730146612316095,-0.07766135723943689,-0.09869303589263237,-0.14811875144818853,-0.04511863114990591,0.09929783218389646,0.09316053898595762,0.016781701321777608,-0.0574729218886307,-0.059313656911258256,-0.016016208365317572,0.042381129376424354,0.12123666645000042,-0.009564112772449649,0.1275727416688929,-0.14091210974328675,0.034351249250833604,-0.08740177811988167,-0.1416672906530842,-0.12392195302445927,-0.06999548204490591,0.004464389770459662,0.009844837910463146,0.09473110002901337,-0.13201924644813975,-0.11741250617424263,0.09495518314994085,-0.05291700880031738,0.07901075543905274,0.14915630218125334,-0.02634894649082913,-0.13420642608657382,-0.047664683952165346,0.10090707635925442,-0.01128668480442223,-0.09013575900744024,0.0850076666583131,0.09928937973986493,-0.0918501629764039,-0.05238665314975337,-0.07956544177741796,0.040040221657232936,-0.023153889204526032,0.19035228027982834,0.025668680428563195,0.1786248064453387,-0.022610274949211605,0.012412347298121818,-0.10590230497360241,-0.0355602549983246,-0.02545728599326892,-0.001924647929018121,-0.0827369260452396,0.02821344561643443,0.06490281086976064,0.0022294636535235765,-0.09983126515695151,-0.048380949917688806,0.08670173103256074,-0.08135422993528185,0.0228132474089954,0.061863337878162665,0.137715703985861,0.108047891445157,-0.02075070802300862,0.021467028852682944,0.054033163105297356,-0.024037121662189825,0.15593920187433147,-0.011213644315451311,-0.09647423890668767,-0.008336646857978658,0.04299130287612805,-0.013179985092720592,-0.10985557118320446,-0.08687871692769088
0.09219735735783083,-0.1401397928843207,0.07527740280256874,0.0099827010583392,-0.006687646529075322,-0.004899142151320694,0.07371717409198005,-0.09360048975347965,-0.06457407634059509,0.12805440178006178,-0.0933724065059614,0.11892683167084558,-0.08156874439135882,0.010693551924854976,0.016131734933202142,0.12071741739061269,-0.0327220478993142,-0.2474696296291958,0.016939560233530465,0.19056204773972654,-0.09518725991095901,-0.0667851221864198,0.17392001921309805,-0.02376723897850105,-0.09799258253039611,-0.08770550208140106,-0.07167703082836406,0.13464418519099752,-0.07356041850185754,4.5770506693846094E-4,0.1461597672677855,0.1330702401893935,0.09821517567933351,-0.07007875332987142,-0.049904548251629696,0.14483666419672225,0.056685555361543655,0.095341304801281,0.04286598892009649,-0.27451065388884655,0.06583170645077849,-0.06680657494769647,0.08410834055515835,-0.07487396998792686,0.029485832988378213,-0.03800352516628519,-0.19674770036395653,-0.061673838948443936,-0.04929637732149149,-0.10288924147367103,0.07379132124875558,8.546357972322016E-4,0.0982906723451911,-0.041831066633702126,-0.07151320137696975,-0.013746189045231125,-0.036083247188037466,-0.10010535801169496,0.03006794190245394,-0.055114190715835586,0.1823576527544559,-0.10566591871078546,-0.04284511853292362,-0.07914362879811418,0.030009300464533553,-2.829398932580338E-4,0.4262385875608402,-0.2413555111024892,-0.06935869356491932,0.058867578141924067,-0.0831267398396302,0.04203919185160222,0.12028627298951715,-0.023500784102179314,0.09797785549035207,0.08379998571772018,-0.16059662043153985,0.020761328870720606,-0.06995231847467559,0.025695097710193633,-0.03876530867187586,-0.07395996450654199,0.04857335472789247,-0.031680985710491064,-0.045305256014239084,0.10621301969312119,-0.01988911629147559,0.149130202307907,0.05842637535113715,0.11731425461018857,-0.11613050685367947,-0.18905071410560387,-0.05420112028156671,-0.016740156815917652,-0.07829742428406945,6.349912601352732E-4,0.11828349638837807,0.10577842008210792,0.008587396226939126,-0.03774766049894067,-0.1717582957952763,0.06897521268328874,-0.12731167476381747,0.05132205489511005,0.05062036306219915,0.21638918020009876,0.002545257896599108,-0.03608566142375342,0.016394232901860355,0.06345320258349552,0.06990008726626984,0.0019189045930506645,-0.02759398655868506,0.13043689535521996,-0.07227105762740563,0.060331369852407425,-0.04344069568572672,-0.025801614446054822,0.024898967733288237,0.08895212814130984,0.06294985348017801,-0.06953627431534953,0.11014970096580133,0.050020894571305194,-0.040403073915056376,0.025799568543261566,0.05177706293845184,0.03684430104440549
-0.06579537392071347,-0.11629230180658545,-0.07903604307947906,0.14709531131415016,-0.0533027828640124,0.09941354081568016,0.05849761162015087,0.17790219360535153,0.07062832278150524,-0.04099579476092805,-0.02377315750186694,0.03933083140102102,-0.03261639961798767,-0.051449363294219626,0.08481719198601423,0.018507117464819804,-0.12927868123026243,-0.03821795264691422,0.07920550963074262,-0.028078295153869996,0.1584624567909884,-0.10204157537284735,-0.028364941824446602,-0.1215637954789294,-0.11191040266225065,0.10681891024161029,-0.01720993034545665,0.10705881392732058,0.12946763002782122,-0.07676731635053127,0.006831891603991778,0.08133685400903293,-0.007879399514182116,0.09861708394738872,-0.07513996309091148,0.01493660985158,0.05863543126804667,0.057659375631351734,-0.004840701248302078,0.02099447312420142,-0.12185174320048292,-0.03272730119092944,0.12684504810175978,-0.0031919017505705224,-0.02462244514021633,-0.04691283711605119,0.03421510815363247,-0.0526789572658486,-0.013801795567012505,0.07221932458669138,-0.08695317656876882,0.005226761855708686,0.12462383816534767,-0.05805639441496179,0.16892678991535012,0.1872224717317561,-0.07863396975121378,-0.05903631788225506,-0.10444413538002092,-0.0456834458407078,-0.12570525647618241,-0.1290739020441178,0.11164256346272065,0.09675743360247749,-0.17500815674410536,0.06532486144031859,-0.04915225543704886,0.05567414578038424,0.03936087465267662,-0.1563914723109052,-0.026481818311137176,0.055441327276813376,-0.1665643585964476,-0.0835397619970985,0.10040932090942818,0.0013068464300362412,-0.04417538154054786,-0.07534955970079804,-5.865393848847739E-4,0.06384909105858957,0.01670026645615098,0.057214358966914694,-0.06945382425079523,0.2241753380161351,-0.013783698805945759,0.05705071118691503,-0.032749189772502095,0.025665326578259838,0.20037882324245437,-0.01912457745591182,-0.03469632344248902,-0.26736100205736757,0.2907764613073811,-0.08248452913028094,-0.18976515898441623,-0.035292857442345185,0.12150624938027686,-0.004099234350821154,0.10184616340388505,0.10959016945094201,-0.059008457752125265,0.05021154943691072,-0.11101876455789884,-0.04838269122605119,-0.1231591961327383,0.15392662603198173,-0.01832710803223344,0.02652095307104189,0.12636154212954417,-0.020282405969981362,-0.03886648408913139,0.05885787856327315,-0.07024026080161526,-0.06112117178013362,0.06577634845307045,-0.012380789958237609,-0.03423875068365601,-0.2006619168289299,0.06455319981519583,0.040991399908810504,-0.0709133834875676,0.24350913169938093,-0.06560650013236094,-0.11755073098375557,-0.12789885005600002,0.15013032693824868,0.1677630295376885,0.022111908280600025
-0.11435615851211559,0.10709407644265811,-0.08588144413154991,-0.012808880533947109,-0.11783139582636813,0.03594796912672301,-0.1189533795440172,-0.03519324957293945,0.22120733731760586,-0.05895960191209998,-0.10644568558281639,-0.06251151398808487,-0.11402634331670065,0.049130663925156755,0.042948913198251296,0.003946488973606287,-0.05494229909023567,0.05291515544863026,0.40501391846381746,0.025593593172605133,0.05482657279105679,0.044942849093039035,0.0017001386576870532,-0.07349529928878668,0.08795785007237512,-0.10633406409232421,-0.009468678656790328,-0.01959850040525044,-0.03937873441166943,0.046260704608656555,0.047373168818057115,-0.23814511048711517,0.0379234990233587,0.01026412524368557,0.04424095850685643,-0.09468602877397855,0.023718589380540417,0.09405230050601883,-0.03883845780099558,-0.16576895094720578,-0.05990652817964139,0.07027481060047808,0.0520696491818092,0.004461672129962377,0.10010697677828816,0.05509621472749317,-0.014720821810181296,0.0569848896124556,0.059904066762380644,-0.008427044546307261,0.0553949592393883,-0.05930125500707204,0.038814496171471057,0.10730210345939442,-0.01547494080817169,-0.07928751781531095,-0.04116440535407748,-0.2008770234327485,-0.06915105444652486,-0.00992138916382884,-0.015151412841950916,-0.06961828399695207,-0.14337451351492786,-0.10173404583707552,-0.045412004135523196,0.16167945976492365,0.09858529693147139,-0.15889728294650426,-0.052989932498396626,0.05249486913691682,-0.08860754784625417,-0.10091683055544177,-0.07750649176877192,-0.039025678226018906,0.0573261082232178,0.008449449815730673,0.03393035531823401,-0.12745532681374175,0.009900503842505758,0.08273477551988272,0.12100602603873858,-0.034414786471218435,-0.1230472120158077,-0.01933044842579302,0.05493319996826332,0.09351603474091368,-0.02596854891403269,0.02488873295191479,-1.0665569706391157E-4,-0.05474892676247352,-0.14284816552472648,0.03071167891413614,0.013235404363531534,-0.0886253107512347,0.1213557740174841,-0.06914354297523555,-0.037938155308683386,0.010734904339153478,-0.0717679605544604,3.6554568758467344E-4,-0.0017609887872345265,-0.14499122112875812,0.04110289616065122,0.06849367356206348,-0.11403909691908594,-0.032558758281004956,0.03492182619625123,0.1776929762494983,-0.06308113943765965,0.060894412944476464,0.057696644094755785,0.058986868183965674,-0.13668466644636365,-0.008769712832806822,-0.06979311317954275,-0.09578421936021156,0.02275961725560051,0.029301924648359387,0.12497448488308568,0.006858882041795747,-0.11264939906707745,0.07363947180568271,-0.16920163978846134,0.012281846436474713,-0.022447388388508988,0.1345865428582687,0.11146200002606355,-0.04220275833124014
-0.025200635403477466,-0.08100524520964575,-0.06810274909520579,0.02857255369659808,0.033634211667327864,-0.15032169753119376,-0.17233624880019482,-0.04470623075766853,0.03169788884719632,0.1497067979209133,-0.0014899227672070026,0.14560478675856958,0.009589380668282327,-0.06724255025427336,0.05365723154990206,0.10481903554096753,0.02461650429450672,-0.046472599251094766,0.03489923658320457,0.02736670775558797,0.038304766289186255,-0.15862346162841012,-0.14413354432625336,0.0504413112062972,0.012872032028561443,0.17354438090618776,-0.07562250979621989,0.06098220220609236,-0.057010284930109185,-0.03478305132674584,0.1455861065855718,0.06403576173510335,0.07846247508588267,-0.0371788551627751,-0.11791636060743937,-0.11187330205999428,0.0072111480168779805,0.030746999429539176,0.11352415986278526,-0.03475877870967221,0.09230362696387713,0.011262478515516278,-0.02811826242818935,-0.11369934150149862,-0.018701940941996776,0.03896263947042331,-0.003407767034238499,-0.02672045931964983,0.11591850698827846,-0.13110933768109995,0.10542649217485588,-0.017736390513349715,-0.04701467248520191,0.0889629788326319,-0.024382069282654212,-0.046442207265915816,-0.12784597436100845,0.004612141947561267,0.012847594313085535,-0.011071554806433098,0.051302822308581644,-0.02761308934378472,-0.042248197222026565,-0.11887561966424928,0.11923231387708785,-0.03720309977195854,0.02829368802524236,-0.04567075460545513,-0.20769848813823238,-0.11243820804722454,0.059457733953741425,-0.16029858798433286,0.04981288105574683,-0.08200049796370085,0.01794549263937589,-0.05669904063102513,-0.004919344960128483,0.03396708101242446,-0.0333965525781465,-0.02203007184530293,-0.034403830807089524,-0.024554835667189644,-0.0014166835970379618,0.11073771202392794,-0.16376771356607386,0.08762174350647503,-0.09733418860535985,0.05823145074930888,0.01348032730874061,-0.19673485442463723,0.06151044837054614,-0.15172555213401054,-0.0806381648035055,-0.14435639733238342,0.07041405529368659,-0.03170053221301009,-0.01937038609460239,-0.021370001325808186,0.053915640625874124,0.03700143041140401,0.053452216232905775,0.15490606858799116,-0.1522115856940838,0.05860494892975144,0.0067493695093323635,0.15288892731932852,-0.019957542867005972,0.11892888603007501,0.007986679600733817,0.06920988559321817,0.15523536891591747,0.003384353409524202,0.1297352596251247,-0.008917093331835069,0.029756877611367166,-0.10368853001782519,-0.03241749819640717,0.04194679254037033,-0.006144138905819754,-0.03694926417477227,0.042916588192024985,-0.055630935029555434,-0.10967836560653621,-0.18099037867416493,-0.05979520661328643,-0.10767125481568918,0.008543385379215854,0.193900863830745
-0.003276213635523365,0.00847503794185174,0.048192518571834396,-0.002212493837350357,-0.11969858771579961,-0.03715959032940694,0.12316886690154602,-0.04491332424470515,-0.10531155159957385,0.1357223470722981,-0.002909756621694719,0.22362823891021413,0.03497820519593966,0.04011894611707468,-0.17214387511560228,-0.0144347951562783,0.0940751153987891,0.13078960019444835,0.19527980583969706,-0.08254641962175296,0.04009461133874903,0.040363425588084804,0.11673447194404012,0.06000508117469807,0.050767565917535784,0.004637895725295382,0.08085109617282657,-0.007445986087783284,-4.962784985155528E-4,0.026319011124234126,-0.07171881039224817,-0.008273400939135409,0.05211761414167605,-0.04920069890874253,-0.08249079628584853,0.1550018170297525,0.08461351241973031,0.08482789477893257,0.1369327723398106,-0.10963830887099316,-0.1316670124477487,0.08508727105356786,0.037383952218746026,0.014996324436804914,0.060247664185043126,-0.14399659861262137,0.027122920329641934,0.028819594287418114,-0.12476357767561587,-0.019708522079164546,-0.09844434716376588,-0.11387045081864408,0.1487097953408631,0.08318608573134603,-0.00447182588901205,0.05361438194244272,-0.07707774636910547,0.007773557076684317,-0.05015136393910041,-0.03634801594865933,-0.07009915004577301,0.06097572637012432,-0.10867383039509725,-0.2524949728994063,0.06370119002571274,0.062225751209055054,0.1704703747728485,0.09013238695487924,0.04965538117106029,0.18076994645675254,-0.06999636936124203,-0.22851355593985012,0.03834295635571023,-0.09223387057267715,0.044403169035334845,0.11128096078688737,-0.06445270588395768,-0.21171774493092754,0.09861129753475993,0.03408743509606641,-0.06579680539358426,-0.12732901766739602,0.16614162171502597,0.2100769232908192,-0.00824816777739536,-0.23980103361923102,0.06289839555858102,-0.036744967370518335,0.02661009852068891,-0.16043284164704702,0.14214970267810764,-0.2375353267966316,-0.002095323377169965,-0.16791372037893418,0.02177128296085408,-0.022311424477636302,0.05259855105137541,0.18499139143765236,-0.039706634404532405,0.04900446748708548,0.17503776261657786,-0.07214131373027807,-0.0764177288534848,-0.1138739285058757,0.12929957955441504,0.21518589496432444,0.04565209608619128,0.015410945969914509,-0.009735632542537414,0.07868772366921532,0.02741440035397341,0.02758154330023487,0.07542905890337051,-0.007964955360413356,0.04991676399150437,-0.015993018379546562,0.04683010829452638,-0.12922044981295763,-0.051974714183785554,-0.010528662746547115,0.11408743144922492,0.07339377374481514,-0.01156973441003825,-0.003391520181524061,-0.0622879160029862,-0.07034514615818505,-0.19806134847455317,0.010586566002236847
0.008468738740473995,-0.04842402610936237,-0.13363264185194507,-0.04622184770233772,0.044825223049193216,-0.03196672595987052,-0.015610837842556763,-0.030112846662862607,-0.029654417354577897,0.17761004310981607,-0.02112338957780799,0.07619226058767165,0.1682922186838404,-0.021073190401595134,-0.17003917830945917,0.009868778531968912,0.13467943028308105,-0.19938354139499662,0.0185906515503182,-0.07011243281176005,-0.10845687815655887,-0.016886660077403394,-0.04578681620942464,-0.004104357987987486,0.0980848854550599,-0.0742166457488217,-0.055745768382516735,0.06639320917089339,-0.016566297320049654,0.14077250960813678,-0.1391118718137111,-0.011290922524947258,0.0817764685337575,-0.13461664711543705,0.14881276967942125,-0.17523967259039358,0.03825403230994812,0.012724822643651674,0.02851460855209452,0.037788519454642414,-0.10592381864864159,-0.03042451635729072,-0.0766137901965501,-0.014132678450931663,0.033963630207146926,0.15603880295247372,-0.014800482443246974,-0.015991581961131502,-0.04967329440825285,0.06849764783421207,-0.07331958868648293,-0.11190018397122456,0.11596234067378047,0.01385362450347974,-0.1221415516739347,-0.026938991927207053,0.05688648366964301,-0.012926777609352059,-0.04235554564910321,-0.160052892044247,0.09563754286729834,0.060347794014683945,-0.11547818831674403,-0.02034761697888664,0.06482573423873385,0.05073920411970614,0.054321344568397115,-0.010852166275380918,-0.05095118337067659,-0.09453794789770922,-0.15308850202307506,-0.10248327387775291,0.08827830860448216,0.09462658511994888,-0.05919447665867663,0.07226048963846841,-0.0497713904323631,-0.10721659279836784,-0.040397943405109576,0.12237819591468627,-0.0402308469357959,-0.18636911461058306,-0.04932757197793604,0.03250352017178545,0.012629273168848498,-0.012804859427380421,-0.029488603685976913,0.0035523894447119187,0.11623389739511275,0.03393914374021296,0.007348269811639765,0.05050721305706398,0.03339898548182194,-0.16058157876901788,-0.011858091509780734,-0.09202140454855136,0.09804192469423761,-0.00347478255158115,-0.14408031303657598,0.16532590186876758,0.019333308140227958,-0.04492279689499827,-0.09454865974797767,0.023335315863600953,0.03611521024511521,0.06880375907201575,0.010730009451361858,-0.009684191376576159,0.09598237626851029,-0.04075709615969889,0.052952707398805844,-0.05762020748656199,-0.06956654992581057,-0.034980944988006656,0.006744305750278825,-0.10093372373312838,0.08917279529054752,0.05729030547510782,0.03612024750433255,-0.1741979463043608,0.06795655669889092,0.010579252235068858,0.047699991928532685,-0.09059071245007884,0.11791991660315622,0.10010048808678071,0.0701514652879933,0.08941228985040038
0.03821952220428522,-0.045526815497386,0.006677267905677658,-0.020983234995140123,0.03292342079859205,-0.014621987581631728,-0.008854911312573623,0.14289651398105474,9.015374390006533E-4,-0.017005278373913937,-0.031426450228899686,0.10998152472185874,-0.07014736650120293,0.16674361744189323,0.03763256963662311,-0.02894943503329191,-0.17911796550769193,0.025113525856904684,0.15111402094863527,-0.07493850277462157,0.0870447938404714,0.056837704657618685,-0.05864098577279865,-0.07934889488115894,-0.025473132087604336,-0.012977121038683157,0.038932165070942944,0.03025823967242365,-0.054823817863012006,-0.025387797015850817,0.04205901261429529,0.09427231833800385,-0.059886071333910905,0.033755944182763994,0.10219257179197364,0.038847913775589105,0.007621886726475204,0.03591640244065224,0.14914078745693662,0.11938991061221164,-0.020183055652296167,0.02186800112593518,-0.09395497620569455,-0.03443075304683061,-0.03680151200898929,-0.043533975694951134,-0.05081970680930386,-0.008759131573896623,0.01333005869673584,0.01187645756703446,-0.0368926179654884,-0.0027338550105965634,0.01289292827725742,0.021625521352042057,-0.11580611515919711,-0.026730879574164663,-0.004398428675568431,-0.014758736733042732,-0.010908350076528649,-0.1282384577261979,0.16047148856643986,-0.055737559283434865,-0.032230810900740134,-0.052329145526947875,-0.00939850031394952,0.1372189199141278,0.06864525663224533,-0.05712171343359851,-0.1556902191046256,0.07501718580305651,0.039779601988320396,0.12263409955115291,0.10069106967676764,-0.0303202548755162,0.04853458228360127,0.10203109869950734,-0.18125345830402242,0.02209146403857286,0.0360122868410235,-0.03452209685871058,0.020892629399232022,-0.06956654554382889,-0.020646875636833484,-0.21343391522829722,-0.02630089817560225,-0.03152409881442616,0.06283662187613949,0.04890368363917495,0.05498430823485631,0.06152183879446398,0.03821765747258721,-0.133261981382471,0.07415430585819531,-0.04942355600750214,-0.06974188365305525,-0.020485686043541985,-0.050268480879587664,-0.11950889754465276,-0.18467241871864454,-0.02783777744527348,-0.03227889529757725,0.01204243130790892,-0.05700765097404437,-0.04156566782499566,0.04436269198636767,0.028034244994296586,-0.006661206432433221,-0.10375707234198728,-0.01040528246292952,0.15226095399073325,-7.93912762009027E-5,-0.04185210714027815,-0.12331255249195851,-0.01281745497549607,0.2318667842248522,0.004173568573381822,-0.0559540708908429,-0.0036882075004031727,0.1426227618820992,-0.12950164982199866,0.03797254391367771,0.013337623437770653,0.04216277146622975,-0.12010256780532004,0.08084454144765332,-0.06937274079045812,0.06360732902724008,0.048741901294265436
-0.09659576429977512,-0.07813798851589193,0.022330434014913365,0.12683536416966795,-0.07282965440069208,0.06551160827464282,0.09316392389184815,-0.21190655964665617,0.03498697267410448,0.09244800103036555,0.03920843145689049,0.08799829295067123,0.04393463621880172,0.10850959071796537,-0.037827363927782645,0.07836752609146766,-0.08194287000324021,-0.10045638392281682,-0.03382437425574429,0.11768447064718487,0.04480405780804127,-0.028956905798854887,0.05416112156598477,-0.08332417849622764,0.09687973356111917,0.05314809559444572,-0.027288441431608832,0.08072560524696715,0.1183589474523365,0.07335033320264094,-0.0680178698356736,-0.04985177047032067,-0.046371726347500204,0.13634086974663615,-0.03210465402116908,-0.06868244090019818,-0.16505745297979196,-0.002619522156507491,0.05623522481874885,0.06885290319773177,-0.11814199215063115,0.006906029522535041,0.15841234290397177,-0.12057019842401072,-0.15274074883235297,0.014042767591645307,-0.14541154518322263,-0.019417970818774007,-0.023005437147314976,0.054256042866937026,0.042135438665506515,0.04868445636950637,0.020989312750480844,0.00750905607518065,0.0416158090375444,-0.03171510247329494,0.07385655708889179,0.07460657239588994,-0.13916262544518537,-0.05299291932215385,-0.10839139646584033,-0.10583717854047199,-0.02538325485519701,0.02437562393321437,-0.12862760389112815,0.020475029396796365,-0.14008378860930343,-0.08852761119557745,-0.1967985331437835,-0.062079444105326176,0.1726498333406566,-0.05484464930485977,0.10980168192938404,-0.0837525879745364,-0.06765651796408073,0.059956657296443755,-0.12361263648253457,0.01971341837152084,-0.15682467469075,-0.0021369467569230813,0.057573729889359285,-0.03997725052141381,0.17977128531224612,-6.644490589001071E-4,0.02385036231571383,-0.1331335444194684,-0.01982297602502142,0.012820949743819882,-0.12373753721447972,-0.1147654809272951,-0.15303147481140691,0.05153864343133187,6.014428366860079E-4,-0.02782925754190602,0.009108048274521585,-0.016837508417902252,0.14079166518132177,0.08045136904522553,-0.05435470172060933,0.13199804071747634,-0.03701757892975472,0.06010899335604628,-0.16674718133790858,-0.029732588865330346,-0.1287148166387265,0.09261927136574995,0.10980050406590139,0.08000987518737754,0.006738238230264175,-0.051352833519747156,-0.07320860151119774,-0.07535418793920357,-0.3317267683736656,0.15435756494917316,0.03203786794704912,0.0014103477069165942,0.02601527468064853,-0.03850791643572531,0.026112085663659485,0.11652581077092956,-0.14196065165562904,-0.05508034912752691,-0.2048423058271576,0.014940244408753382,-0.12051876065935131,-0.06824221078506641,0.06624767940584458,-0.1165417670639425
0.006150340817123787,0.030761170209288556,0.03969453060601267,-0.062313338611816295,-0.07675186911735506,0.07587427163648307,-0.07679212966683024,-0.05101037380867565,0.1871500698875092,-0.14845567822810424,-0.15355615091527067,0.08739441911510397,-0.012862761561267798,-0.06277791831927436,0.1649552316087245,-0.15408067667431338,-0.1545752783508506,-0.09877181578075823,0.021431179218883663,0.10486333625619587,-0.15634008362327068,-0.13218195017509402,-0.038532472998995614,0.007252899801898052,-0.1613594784778199,-0.11101632285132476,0.0050537256836625955,-0.07826903145559483,-0.16120069749090274,-0.043286424229930266,-0.09309784917150671,-0.06441522031074316,-0.028700613158710628,-0.23979488941226013,0.022494825845846847,-0.05153414277395026,0.03896201877380162,0.0804665057425069,-0.060402438711839194,-0.10474171767406396,0.14019093065252342,0.05795051183360556,0.13571713550693335,-0.1034412436783052,-0.036110640790921404,-0.045565435779394224,0.1077250341269417,0.03685831130450216,-0.040153915440963125,-0.20776890186019908,0.001294543743581321,0.008934958488482185,0.064894911546648,-0.03873638817478697,-0.0953133042320715,-0.008961880869400715,0.03286988774353005,0.14526754216440935,-0.08241900847294525,-0.0404166419246957,-0.05479134012094493,-0.01779709020612349,0.02648825499489054,-0.08509866902349833,-6.047905793871624E-4,0.007263895154732327,-0.051545498475473094,-0.0956035303076222,-0.005199620720868935,0.06499756559951071,-0.01153880525909519,0.11386837954328956,0.044181799462615794,0.1242612664993061,-0.01978134912653687,0.02430291070912377,0.0329946225914187,0.1553440363891826,-0.025776414945851076,0.016724582852820517,-0.03194766625176872,-0.10343545458587008,-0.10101082608333255,-5.154212281022214E-4,-0.10991254978202364,-0.057876229661894596,-0.09561502936802076,7.95798765134532E-4,0.05010209523504287,0.06818602287900266,0.06346199185672943,-0.038829611113142454,-0.016190982353830416,-0.03988074565054625,0.013000916378468584,0.03731673698166585,-0.0987666072367592,0.03498023625131115,0.09507277416477139,0.03411975545719321,0.0807054743986318,-0.08622644382034227,-0.018948313516825698,0.0845097024611575,0.0660823949913319,0.11874223542064398,-0.03873533567919698,0.12573132050306401,0.07779690109028982,-0.1681414534447951,-0.037077626811178745,-0.08682939175616766,-0.05162766339360459,-0.04801657721120612,-0.007103734089616993,-0.0704417705869625,-0.007962919234277784,-0.013266472191994515,0.09695350487401902,-0.18443979705328756,0.03890821364681107,0.11192070686846871,0.07471579714912804,-0.04959300844672737,-0.03127319194990676,-0.1907763594400657,0.054297808695554374,-0.055926613459711345
-0.12436382063718582,-0.16804696148833434,-0.01143656855004407,-0.11266613891346253,0.060456080636410184,0.10201514915595063,0.032924398221533965,-0.04914430269084824,0.17132815200811188,0.04541275721513571,0.1562654840771204,-0.05714611567159086,-0.09844279325312764,-0.1107870106386912,0.037156751893621866,-0.09149896484851774,-0.08440805062517666,0.024916896817282798,-0.07440418575649099,0.038824103271948816,0.10504556497200064,0.18407286481341625,0.11966236002612687,0.1299801981113272,-0.04114872130331059,0.10051995325543533,0.013488625514939862,-0.11770245724134076,-0.006931359329077764,-0.05722653119734247,0.07305354421452886,0.11477225692510643,-0.024482262052590506,0.11147331239681493,0.1312410796897317,-0.03397300919842357,0.058901461860148246,0.007326031973243913,-0.09080026838802532,0.08328580108215589,-0.04386009680335511,-0.047969323389314755,-0.03023322393772268,-0.02544683198160232,0.009114934714338017,0.14281419396830514,0.07344775852208685,-0.09980343941908039,-0.16015102821551902,0.086720745258304,0.16390823593738044,-0.17541164217220853,0.09452123177620363,0.0758301734857451,0.06376844043316604,0.06166422914007485,0.07864755283944345,-0.11012490003796725,0.07780076148432095,-0.015566130137231323,-0.012694120360967138,-0.04507541440877228,-0.14257025705487086,-0.06433736051861104,0.05193761186171283,0.1188464561096437,0.08892583002482991,0.08807134917805569,-0.04597277221509807,0.018374267790796327,0.08760865752930605,-0.06969521441945847,0.022481334400602605,-0.1994015281556611,0.07876612433856942,-0.15988570399531793,-0.06720878260565658,-0.12494243121112907,0.09105810987958135,-0.04865120845620311,0.04524299671518429,-0.13429662902258596,0.03255142355748367,-0.04367589272197342,-0.015681359688568732,-0.12530671884317282,0.07458281986273677,-0.07438445713510637,-0.04568075509756174,-0.006211769012046441,0.001279272054980606,0.020879177156951517,-0.1692484774622988,0.1022106177635208,0.033828106996446373,-0.019658181992068632,0.044663708114063304,0.004353736394580396,-0.09841353833444909,0.06877222963356108,0.15456461669998434,0.06263726864296207,-0.22932934496938417,0.0804033137380697,0.09742444180414529,-0.10102271025698786,-0.04409708153219476,0.007100578474015913,-0.03371395367835377,-0.05868451094405804,0.04712501626455803,-0.0985340409839684,0.029248385182154946,0.11184873437150299,0.10634109836300645,0.1025279593591491,0.08104090870174992,0.06750670107244786,-0.0656067892489375,0.19383342182390392,0.10084346819868135,-0.10193005136554267,-0.04969314333945972,-0.11969316612301262,0.16615792355254846,0.05564377301432733,0.14499731163049673,0.10406736968343909
-0.11628464476528635,-0.11278816203901569,0.016558036386544503,0.2919817004518858,-0.06399816394524677,-0.07596156752823603,-0.011270834821298209,-0.08876558138286851,0.22134850493522426,-0.08861545582250328,0.1574096016505014,0.0996104637107983,-0.12640380038641819,-0.07929805708759792,-0.1494405433242409,-0.08133768019826475,-0.11217188322235681,-0.1973683015613999,-0.088622709623563,-0.04242168891399694,-0.08396479408243084,0.11041934084881083,0.017723248381528358,0.01948207226848315,-0.027079462990644666,-0.059846433893452254,-0.0639928396266607,0.09722135161606993,-0.0934258576318005,-0.23550535749410825,0.0628396629911187,-0.02776261993225127,0.021479185002725425,-0.06864955785077312,-0.11358857110856159,0.02238556322513114,-0.052341037198533634,0.01725667554424978,0.01958327085570327,-0.00781457494129428,0.18868665356532954,0.24653947138996166,-0.11756765450026799,0.10947055645872836,0.06188264150763862,0.04388819171560238,0.016624743633642643,-0.08215033241315182,0.05435466662403229,-0.08179012252199322,-0.13058840679048783,-0.14959048430706978,0.005460686927375699,-0.0055295492223481745,-0.04209464849434743,-0.15912573209289543,0.15466824155969733,0.19966247319474154,0.09241293703849864,0.09124432382989331,0.1149307858893053,0.03356445270081695,-0.03609208097385086,-0.04641089311997162,-0.032024190216718235,0.07313320403300093,-0.08087071188226545,-0.1456317910015345,-0.01300494009186187,0.13759373948321374,0.08577539989523307,0.029136712139932783,-0.05056861386220237,-0.12944763519272695,-0.0029191809659260526,0.0473530529601403,-0.0771793709891067,0.004282706715185574,0.0692977153759742,0.03361286398890677,0.06234345485866403,-0.12096338357678735,-0.14263865453949154,0.021756138948259764,-0.15042599404507878,-0.022225593426604216,-0.09630453261008792,0.07921037845306739,-0.15047836106451537,0.007890520611738363,0.08272394899948891,0.10050815300532355,-0.14953370281946105,-0.09939634782541953,0.028501031865687525,0.07907355903909155,-0.039686304176146076,0.062302420369970295,-0.08748635868548639,0.05872591978342928,0.017616983809638782,-0.07585785583614159,-0.08958154711734663,0.020953616643370407,0.1332125517399777,6.665919722509545E-4,-0.02755794958174396,-0.17609480182640344,0.1411604293127752,-0.0249040463532412,-0.018607930111867996,-0.03233827063918475,-0.10186267789493371,0.08221345592777361,0.16819177590153148,-0.09851773530242382,-0.2616032166995488,0.09264149785359611,-0.11563290380777458,-0.22810987962555926,0.13413026802934175,0.1459200208018234,-0.0365609216600882,0.06869833501634527,0.04474066298283507,-0.1325583568945894,0.25669804385870076,-0.10111416817890118
0.170262015359628,-0.06599230106837532,-0.03694935432526246,-0.015027126835707052,-0.060963664661959016,-0.029298099514755767,0.0015183417925286697,0.08156738640961714,0.07170602589387022,0.14064180876130314,0.13143467442276932,0.1108952931379134,-0.017838536993355334,0.11198065073916491,-0.11718775482992885,0.09793352874117175,0.09773749168292574,0.14297570686375483,0.021896412368847915,-0.019012135543564117,0.038211490219399666,0.0175620184046975,0.09462852308791378,-0.0335170245698698,0.0741273126929699,-0.09412544954490133,-0.007300677289631572,-0.08979686071432826,0.1040955183142215,-0.12498424098124793,0.10679541760872,0.22287806170232477,-0.04436342993265993,0.04553441000178098,0.012600891975185775,-0.06914546880692723,-0.10560807689098817,0.1259638434682571,0.1443156031620265,0.11287961725369186,-0.06400700995268045,0.17218515931721168,0.13569914521550747,-0.04854996331749617,0.11787495733815213,-0.10458526880664629,0.021552609684943852,-0.09396390741129222,-0.11979475342715382,-0.1649317484050553,-0.013119980282630417,0.03350108427843225,0.1678568328787528,-0.05594180607317216,-0.06544604551727667,0.02104182960442219,0.04027499981056141,-0.08617152134879358,0.06704533745912779,-0.035158178369739064,-0.05380168614677703,0.027837854980993965,-0.0203424131753923,-0.06790007549124155,0.04812249759469989,0.05024070552715443,0.18062573316068484,-0.01574004791191831,-0.16776095454171536,0.11434135115563385,-0.09427105461948579,0.07734412363594768,-0.0946592886946407,-0.03824050433041776,0.05707630469468209,-0.043272486001701325,0.11057839381245617,-0.03672088951251755,-0.15614394832064646,-0.03678485122125293,0.08957529284449414,0.020175992416493232,-0.03146302338238256,-0.15356815759875425,-0.06185890714005291,0.045759881946589975,-0.005273393479966667,0.044054440542003366,0.07205304137599891,-0.10130453391657375,0.0550188546344664,-0.15139792399194768,0.19128058602530323,-0.041264884554320744,-0.03767605560616385,0.0048687168615430525,-0.1590502591814021,0.1479359153986773,0.16135192742877302,0.16716015165313824,0.1950215988405513,-0.05888080648731206,0.007830461064624919,-0.033399285959607145,-0.16776189013603734,0.10628571785326624,0.03262989033543504,0.034313234583362676,-0.09039945679789826,-0.1904665988263639,-0.05360752861612726,0.026799658483455332,-0.08194752281205528,-0.02784070833766106,-0.04981972453612736,-0.08976117072297635,-0.1549517885139934,-0.039250494895326525,0.04607909263894725,-0.05785190560497084,-0.08697136532229069,0.02415424545538807,0.09038703410620556,-0.007014258807339589,0.030654256147974592,-0.17366210179896716,0.05831801905938971,0.06873194975559459
-0.05121436407247269,0.010171602613941634,-0.04604344781972228,-0.09524116663030754,0.023465667148209187,-0.06436546288758156,-0.01519486223379491,0.028903841573002322,0.0839019433687359,-0.006358506482282485,0.07688477827594964,-0.025490204270932806,-0.0321043970650959,-0.0012101924709879384,-0.14596612807573128,0.16478930408884518,0.05497573488713475,-0.11984606609736446,-0.07176191662597349,0.1533582688210104,0.10793221968609643,0.10661733673158673,-0.03000491052159014,-0.07676182796352979,0.1436077279092062,0.10118910540777956,-0.04318879747693927,0.11326167853180419,-0.008304095719301019,0.0010735970360667329,0.04608530758760348,-0.16716725850622577,0.027642810450141678,-0.05638804676508434,0.18330856833430598,-0.016763319610148233,-0.03766645756045628,0.013348502153433042,-0.024112249235653083,0.008575581592333278,-0.03686588367147472,0.11670316588908401,0.05838393526637131,0.005086399277103613,0.029493373189204652,-0.039900389073076255,0.02373705759964902,0.03176266707969132,0.09333078227419248,0.12671939795907702,-0.09183988644803652,-0.030004185632450265,-0.025639961038674254,0.07042290706207459,0.08420524145990238,0.11628397583890933,-0.02758717825035296,-0.15823410761076512,0.11150358868542544,-0.0033016763543453646,-0.10890800775419984,-0.1434079512263059,-0.061922428023764194,-0.027388790821777642,0.037849717479851906,-0.08232586346254066,0.0019877219209479893,-0.002746830349932245,-0.018592400026625197,-0.037159031199965935,0.051017381983707435,-0.09068005269286235,0.20999844123082897,0.08874631620132677,0.048426358527359124,-0.0683485721346671,-0.18797442821447552,-0.04753827316401662,0.06615426296104197,0.09569970122963284,0.14344555446136945,0.028790375892394925,0.07313970120108973,-0.08483530302210196,0.19662857368414782,0.007990512141858787,0.015175534815228951,-0.033331416779689746,0.08917367787167674,-0.059709002772349855,-0.09356433805587759,-0.0892092336056526,-0.0623450572361564,-0.024492521654667383,0.09200509786007981,0.008383357612337255,0.06942760854426047,0.09330336783727666,0.08337684193166899,-0.03497635695098994,-0.10479587093510623,0.036192351736049,0.032041702958654036,-0.04846090599269399,-0.018769000014677087,-0.07538124376304885,0.08152709094482073,-0.04476996063091906,0.06061689278599788,-0.013487163176347242,-0.049695475495676975,0.019947350306733433,-0.2335767828650599,0.029163458405337288,0.09353549668822177,0.033249367021262195,0.05485125708201318,-0.00978397269069451,0.14508573107975298,0.22443355060024658,0.11044510909093865,-0.01963875148816375,-0.11283143153771313,-0.08724846279413374,-0.07498918901902252,-0.1132125512781365,-0.11080323104767709,0.026580987206187057
-0.07791547303957089,-0.060629892624937114,-0.0313556257860404,0.04633423353443033,-0.13301376769205453,-0.01778932608492048,0.002832891108457451,0.03140858519412655,0.011508903466164351,-0.07095698187673272,0.021463467216600328,0.1386814307438578,-0.008523841967242573,0.12265799838565396,0.07146446946430529,-0.2193279561041919,0.1445424640396057,-0.06013998276454624,0.09668187043704153,0.048603773930106724,0.09671292288480626,-0.027784257285572458,0.0018306016257770286,0.034035658433791735,0.00484843857383261,-0.10211432100629124,-0.030738926584036076,0.06511760216547204,0.17730866311370358,-0.10597533451503603,-0.0583545354448205,0.08402825907499044,-0.03172266850166166,0.010595557469019697,-0.008643550859960516,-0.008498408301310108,0.020828424118236294,-0.019407400678860764,-0.17522203286356544,0.046027136896285084,-0.055312429149314134,-0.05641627987691138,0.04271951043444573,-0.0806146478675017,0.017368848076215686,0.05710123811589888,0.07697762736279248,0.07734830429191317,0.03062177621363649,-0.06161781723279413,0.051350397322149,-0.12514268028360512,0.08461885075665354,-0.04741476763676196,-0.052381221400980636,-0.0809364405976385,0.32895668232835584,-0.07777206459315815,-0.03480056367604298,0.06581606041541879,-0.1634693022816094,-0.0559166064293993,-0.12011075672915106,0.04833941998584949,0.09083057500983405,0.0973721001193732,-0.17585485613923604,-0.10859519528505174,-0.15232906691075562,-0.07087915497629445,0.08310754533331753,0.07800804853013908,-0.023642437907417484,-0.11557007598840328,-0.16992584519978915,-0.013492200272904266,0.08281816885646512,-0.020346621259974197,0.0725708453500197,-0.09327505861065227,0.08839499366105989,-0.11272536599312485,0.024253397990952035,-0.03890974814165554,0.041623887576374606,-0.20574263276754504,-0.013897403798493682,-0.009189348310934979,-0.017725368968686858,0.15328322314709733,-0.04718167590964521,0.11823540290612299,-0.1591328814880764,-0.056482774555409454,0.12156368446919805,-0.041617302813830595,-0.022184154828009377,0.1580245757200624,0.02496708533883058,0.01094935566807717,-0.0696969788299161,-0.23652740621543888,-0.04166172409637154,-0.13912121815769968,-0.016093361341600006,-0.12817911730128204,-0.07301421052426318,-0.07502623754937546,0.009689838603228744,-0.1364985635882785,0.049304848300854666,0.09342493444290907,0.04998286234725225,0.00598065862960352,-0.022707455512299798,0.06590258802345361,-0.06385074716912173,0.024977221979524206,0.01556877627018569,0.10519713774437381,0.13029827293477697,0.1059858489282093,-0.010146509241505789,0.009218550461388034,0.15651430103651268,-0.11757486403269156,0.16338500808159115,-0.0668333398249987
0.04057655527019425,-0.0668638802819848,0.01422743930358172,0.01168972789086075,-0.0881170890858059,-0.13534214896836141,0.133918506714757,0.02523034816576528,0.08036421223493266,-0.02859594270329647,0.17200944715101088,0.15820254940685616,0.03684241475165065,-0.16326634341826785,-0.10744775576373013,0.06251542700231966,-0.14977684845474923,0.006197258509157892,0.0688854333533149,-0.011554450827520296,-0.012239165660533678,0.02401756599727,-0.002374616146051249,-0.0027297507969702792,0.034318726625515356,-0.007594046848391489,-0.013492842709033245,0.09478158719192538,0.08940835499529273,0.20714032579011687,0.10573033908057365,0.04987847448399313,-0.12226028609338219,-0.15526850037398002,-0.08739618423047765,-0.10225885012259207,0.21541021210768102,0.14211320353211757,-0.021322395653837468,0.19926439074920935,-0.006997217307083697,-0.027857730927582054,-0.015435981154330099,-0.05821271346763403,0.030758058463377435,-0.0688425693272473,-0.15655050647048613,0.10132713597961378,0.20468912833610728,0.04628478802814085,-0.09004541679366397,-0.143347114037094,0.050157578496251874,0.07782191733722713,-0.07612753223247774,-0.1341509594229671,0.06621625818951644,0.13770294987524584,0.09249510100012741,0.05342205040256211,0.08198439237092575,0.01963987928681249,-0.02410869801182094,0.11501891834123233,-0.08777935775242401,0.060616108968839434,0.10041814259708594,-0.14742067223722646,-0.0449911099646787,0.07743148662170253,-0.053230586020018025,-0.20440798895124562,0.024068472414874628,-0.020439922838620613,-0.01190916776761064,-0.016570027834365692,-0.09569339157974384,-0.05957175241706571,0.1700706625180593,-0.14325688431423167,-0.14637952650803018,0.01418147038265064,-0.19779811436454983,-0.08219949843460864,0.07301780998489169,0.036927951405591616,0.17203120769290878,-0.014848567496893937,-0.09076162134324725,0.1047899315152269,-0.11388154018341842,0.041931905693718546,0.08284730755573116,0.015359176744212498,-0.1239922179109431,-0.02899617307023914,0.033236315071556076,-0.12010401411680202,-0.030955455760884078,-0.10659765244696723,0.11056857140029164,0.11549378772185395,-0.03601271744460937,0.10727213414228338,0.02484402303510875,-0.10155508692980436,-0.06688337923243359,-0.013722911287663897,-0.05544406478380092,0.03228813492312481,0.010229069751668457,-0.042050137612102134,0.0884008192111355,0.0703702297242275,0.013743930704486648,-0.020542827053616725,-0.054103853769617474,0.010959194890292574,0.09412172983216262,0.052632794087622725,0.0468259955836859,-0.06081611861275693,-0.13563767058793294,-0.02153534970802109,0.09661646000064894,-0.06738285369971049,-0.017022447407720208,0.11123319888154085
-0.13017287922772292,0.016841263962839952,-0.05166592290878646,-0.07096412575053894,-0.11033982549130159,-5.407269552282637E-4,-0.03680743383164683,-0.028456752930992417,0.0019633965000747803,0.046287542351731555,0.09482326751217811,-0.08051831727439718,-0.08388721826080517,0.16668674320630592,-0.024379089491757155,-0.08269282206213784,0.12288788257129528,-0.012443698687581687,-0.026160480758876267,-0.0327681991353328,-1.1412319100621501E-4,0.01914925758517025,-0.08252152036347571,-0.04111690309078314,-0.012642592141268352,-0.0935157399311056,-0.16182202295956744,-0.021867692653688393,-0.029189034645759424,-0.04900420391772191,0.03922603435201481,-0.05145098748685352,-0.001713393958824378,-0.04425234056802532,0.08904376209382586,-0.04276723300498987,-0.06812542979530221,-0.02343951017378641,0.017565086569589498,-0.008892085465505704,-0.19138080256033208,-0.025368546788029512,0.14398253295377442,0.004060061437178397,0.09913932376715383,-0.0023927477490153126,-0.05763615485589429,0.019448119781739326,-0.08451823546345168,0.05685457914524136,-0.12141589250525296,0.13617266750683943,0.005527644962849495,-0.006846100008821872,-0.025610069690089263,0.04486764411311133,-0.07463805904541918,0.17320229728787942,0.06558341351336656,0.025437541571571933,0.011601834298294745,0.12308962889896631,0.0026649809313275125,-0.052182269251119615,-0.05761251666112681,0.1311487054674758,0.038910483628380815,-0.07262408219599026,-0.09438686381839298,0.2057041826947969,-0.03113655921137899,-0.05005557852998339,0.06877059246478578,-0.13782077956535502,0.06485762623776226,0.04982874159505746,-0.047467645028200146,-0.0605086826006882,0.029548317477900495,-0.2050536199658091,0.07684876365268645,-0.1666848999771975,-0.0438721822874403,-0.04073362664277414,-0.08202879610878422,-0.017637505761731374,-0.08014796775359861,-0.06671577595935664,-0.01203414446290837,0.1173439976243614,0.0035001340953458243,0.14640342388402489,-0.021802544275255454,-0.051362678051147984,0.10469029484522477,0.10826494414459742,-0.017111325626939528,0.07418254788979843,-0.08902093756394551,-0.020723002876039974,0.11686233431603259,0.15145659605341696,0.048112503197729105,0.04399003019801715,0.0532695365565773,0.2830338817615617,0.039032888575059106,0.1031586458384102,-0.018935010579743124,0.053718982369146594,-0.09997656392978009,-0.13085146188455143,0.07861353497269896,-0.11193798111592669,-0.0473570145861095,0.05775770731710152,-0.02580813134449909,-2.4900146460179844E-4,0.018831903512311423,-0.0445415141285801,0.2094795068196641,0.039844035061089064,0.05539001660391287,-0.029731250074063943,0.007986902244285377,-0.24529091363790884,0.035703368750755096,0.1441511176563782
-0.10465490381769206,-0.006747374457055223,-0.055740456213446365,0.0904163344446773,0.01782196910090621,-0.032563386086830445,0.15314944260257443,-0.038361860441218275,0.05084072599895635,0.05349246206416668,-0.09682351355101637,-0.07590834931381403,-0.1335728056815113,-0.022804733771359182,0.06325272155506015,-0.04116357288238194,0.05642785731727058,0.04709960754711023,0.1369238415104314,0.03940110978588971,-0.1560969969137623,-0.005890310323644656,-0.03280496984341965,-0.015481945509734028,0.17370874194629962,-0.07209832711291182,-0.04904396340600229,0.13416112398608948,-0.026365005806557935,0.02817999350823661,-0.01945476616931631,0.06530282643815348,0.004604384819044591,0.03538496727974891,-0.0717092633271237,0.021685506952737337,-0.01448631355629519,0.21876886007663007,0.11898030738069204,0.0077446214977399735,-0.06854782575209559,0.11140527693442191,-0.1029554248216192,-4.6485157244347116E-4,0.20597778056755095,-0.05775109904961592,0.05029625712273415,-0.06474154950293477,-0.06934624571088704,-0.04998046916212709,0.1928390630262349,0.14790517392897254,0.1085913182803524,-0.010341147245725706,-0.11019159106821064,-0.10214865028598581,0.11701041721840127,-0.002570534810173701,-0.10029489243590824,-0.0880030174670695,6.582968758172582E-4,-0.14284773607653004,-0.1210359853992003,-0.10794402471861636,0.021970992983431047,-0.005381440401181261,-0.04570052388570533,-0.07375385962037398,-0.17649055365760585,0.1586376569878105,-0.03382250180359599,0.05559768402697274,0.007559085131300799,0.04312543842575357,-0.03420978558143291,-0.011416880254054268,4.3911417669782694E-4,0.09338866574362925,0.19227839380101872,-0.11179769250583495,0.017529427595360133,0.04485674508061704,-0.06590787102282109,0.06551660863606676,-0.09490897541506653,-0.11159077365882229,-0.012282277727954646,0.06526238083951431,0.01290468953883742,-0.03706083996698603,0.04472220182550797,-0.13594129355447354,-0.015577619252033789,-0.015188493467990463,-0.03164440595582676,-0.05500391741165745,0.08649418369138441,-0.04875048371738359,-0.08987455357126853,0.036618273462828484,0.024097529885325677,-0.015154918980578037,-0.02267121539823664,0.17912035051378847,-0.11886711084245989,0.11844242736429313,-0.029441784873535215,-0.08264121210207853,-0.04832593585152634,0.021296653097642716,0.00647852979324219,-0.037917254692379845,-0.02721571865802363,0.17337537540356704,0.007335434562634702,-0.07333644188172776,0.02992476254437275,-0.044012301006430034,-0.019802437634431038,0.004315898893260815,-0.05034336822834091,0.01829532929557996,0.029900403853266488,0.04848497863735506,0.0833354703124358,-0.1124639100880618,-0.15165375206520715,0.09141901281979212
0.1916030402471024,-0.1785987269488029,-0.08798348241418999,0.08445056505153153,0.1746665931389739,0.028700109354277418,-0.12314648434737138,-0.024499934217008874,0.08469208510126422,0.01773573100192003,0.08305472181952252,0.15437977127957547,-0.028601352098472352,-0.012345539676302723,-0.09526596611515374,-0.03865069880390153,0.07419267349910952,0.03539702086301384,-0.037204184566528145,-0.08634373260292598,-0.055327038324229666,0.006780900177773062,-0.11225779143762427,0.04437916150516446,-0.024564105429193947,-0.061439487997458624,-0.12187140355193067,0.17798122810457687,0.07660603141368945,-0.10449304265374432,0.15220349749654302,0.09867155294931779,0.1349461337031873,0.04995724371031916,-0.018386830624633005,-0.1539328324088848,0.031180248883176203,0.015183512556687293,-0.008992749669605957,0.09121784684054209,0.08840079631402929,0.10487301472196546,0.02218497825443397,-0.041557213434301014,-0.079954439635914,0.06602433454855439,-0.022220411445740308,0.12029692562029896,0.0931938984529881,0.08788140780689799,-0.04245746595645078,0.15053639252130038,-0.134715527294443,0.07095383028785168,0.05622910434063179,0.042379436839190106,-0.11147465098048986,0.1550600475331272,0.08991086545457318,0.027396575036504132,-0.0033856612616308297,0.07497016141901361,0.16048948722908013,-0.11192243558621398,0.16472380645225243,-0.10118164163501907,-0.1824758497644936,-0.17648493252895478,-0.038470279478273514,0.0982752696292566,-0.03886648695731469,0.10059879710578959,-0.12080880462597687,-0.039304858919990755,-0.0383598510352077,0.11744743903346862,-0.03233631383066141,-0.05472955402267322,0.07439736664293209,0.01707346055101888,-0.12068362186145411,0.04948253937165129,0.013981200044709412,-0.14640436492152106,-0.14150178542781436,-0.11475192019343647,0.1473292294845376,-0.04991895031981372,-0.2171735221382994,0.1313887829874987,0.07805033845500337,0.12324230545320596,-0.24454625771569843,0.10670887011099864,-0.017448725442897862,0.09718760009092943,-0.10027246260348406,-0.040974240171920806,-0.053409641503529996,0.11736848898212969,0.07629850872668952,-0.10872925869989224,-0.0544899479977776,-0.00670543821061921,-0.06947304916505823,0.18178921430608308,-0.03435160795437556,0.034632150754535004,0.04689325724503489,0.02495896834002689,-0.00981365929350434,0.18249703408323353,-0.0542810291111667,0.07376773943383381,-0.17699398289821539,0.07934615265290873,-0.11790346597886098,-0.015042607022431206,0.14114944358315787,-0.04022044406647841,-0.08732328812123559,-0.08337133348994652,0.02752992087192933,0.16719626445760263,0.1312220159855494,-0.010861912028356083,0.0726377438726693,0.3061543308499622
0.07013523263315735,0.004428591594258834,-0.15591621488066223,0.13103472496550936,0.03770789200338125,0.007266649797214998,-0.15098633459804142,-0.008830183829612873,0.019198997038769188,0.035237208038141,0.08082629698947291,0.22593545808047283,-0.06032772042080972,-0.008979673903661332,-0.06128710610828604,0.16170973023394422,0.018187449403311136,-0.08209366826892095,0.12005367618278333,-0.03673143387471133,-0.044648663658798056,0.020585146412597594,-0.10243970496394318,0.11369196615394354,0.10701327452623545,-0.016844813147315972,-0.014308369844681711,0.176624620881763,-0.16505257315471783,0.024768274081893964,-0.0160558009681835,0.020095028547367298,-0.006295851663618514,-0.07117350739719729,0.034141362795452185,0.011084392042429506,0.04075887503604818,0.036036487829513485,-0.12301316426684661,-0.11719136920612976,-0.04615049175944998,0.07123475484375441,-0.11579011092267866,-0.05413739592656295,-0.12238509215837644,0.14942576523696183,-0.11136847052408645,0.1495104656015576,-0.009926044261881583,0.02645762002775384,0.02337570495308953,-0.0835669055717186,0.021358142186046196,-0.1407525664093775,-0.012705056383117185,0.04516979253855292,-0.020741105659177403,0.10308157968901503,-0.025623090375268585,0.0027929994459906828,-0.04782550983108333,-0.028587976194428957,-0.026147759130919684,-0.08120610557278563,0.04868140717984587,-0.018821695357016853,-0.05299834756890981,-0.005351601780601257,0.14618661001729547,-0.07695752892233122,-0.04915751799914534,0.04273758296166543,0.1771766933247178,0.07019059947541972,0.04387586738771757,-0.09120107938483835,-0.0491613845186908,-0.04118677645343109,-0.12101528779964103,-0.028669202211717766,0.007516303898035535,0.1798465734888319,-0.00840327694909229,-0.08578847763258104,0.027431889876983948,-0.030057817303642168,0.11136038206183067,-0.1016453808595339,0.008322918615976622,0.03789260468429162,-0.005507661123870988,0.051309044730130836,-0.013751067205889835,0.10548378094691654,-0.002614898645648412,8.738652205173988E-4,0.009845754766275756,0.06295101611491705,0.06048763714981311,-0.05321107404242327,-0.14630000951383004,-0.05182396020854737,-0.1196048645699085,0.05880813085753639,0.08873886775730196,-0.053659092928558846,0.017407339211389858,-0.054046665767924225,-0.014618605697496173,-0.05151591371735895,0.07670105142579293,-0.010670160226251797,-0.08985287515539171,0.11801774280412054,-0.10913575493801549,0.15181507039930023,0.024408478318937204,-0.038577917061642625,0.06892451007421409,-0.08243158543143007,-8.126665520292236E-4,-0.022759126599535346,-0.016636076366460695,0.01819892971293564,0.12754047450456915,0.0580379466837609,0.09552266364699484,0.013340656966513686
-0.14754587990273912,-0.05359546294063996,-0.08242620337913606,-0.0806049571813237,0.05936826244581954,0.039476484761667145,-0.0854125308419473,-0.005180402539138054,-0.07971840323899639,-0.02189072049520493,0.07615699294969829,0.04501158322599247,0.01053280293333136,0.11187798617011714,-0.1546586844323662,-0.05137944979452817,-0.13370584450988465,-0.009881923909050482,-0.054058240211942124,-0.04118134614981025,-0.0968758975336102,-0.04309199970862614,-0.008582045886405038,0.1712176711444164,-0.0054273867184303146,-0.04506566777760552,-0.00730161876792889,0.15935449380590178,-0.18750463238591067,-0.03399476745371786,-0.10358190545780495,0.0279065501232854,0.020840741682695466,-0.009147914758418838,0.04104579759380717,-0.13432693720031189,0.050299144415847194,0.014887180562668297,-0.005610771513995943,0.18281791961609517,0.18491485811131325,0.1935306624853378,-0.08904071968668416,0.03680483504875757,0.09499161416877278,0.07831325163515712,-0.08606639569029745,-0.06788606220971476,-0.02045466676854557,-0.04568101485003771,0.05693814905697933,0.012963510859466374,-0.09739718704922291,0.00999805774302018,0.05857377951844044,-0.016157490818634816,0.21545886359682082,-0.005372050088271681,-0.10387643605424293,0.19617318830500005,-0.04447996881100914,0.06037457636921879,0.023209686309510355,-0.01011170818987621,-0.0039042128272441037,-0.10744858802729224,-0.027502573181683504,0.1924274009773193,0.026069428535945405,0.0027804541337034163,0.026178553809116708,0.009001103706244021,-0.07987852703129573,0.10448171422110274,-0.08231630729661295,-0.013398280181969662,-0.03159592664348791,-0.14053318714481122,0.0870554507900926,0.10135634775449762,0.0585973702152949,0.018147700474908924,-0.06267638165121477,-0.049768818463876874,0.1678947027670176,-0.14743413312303502,-0.007447658068383654,-0.013992052524919056,-0.13820165953113536,-0.017333244674471716,0.026952328952023766,-0.15222287679784768,-0.09124735853511483,0.17857332878898993,0.10044166224629428,0.03856664128178747,-0.04196503341760594,0.011648216590397616,-0.059741806268443456,0.05171435091507892,-0.19899397366771082,-0.10365608885430502,0.10047942540303267,0.02132848632326482,-0.047155074914159316,0.07692095772446997,-0.12916492617926037,0.02387559914923592,-0.045507208010136344,-0.0925239523153307,0.007292565680128165,0.04204957486944818,0.08065653012994767,0.024759941252537474,-0.024430066016233792,0.03671036585549372,-0.10328485530175828,0.014132924455064897,0.06811612853861877,-0.09874763334305889,-0.015070028779395015,0.012207545572054819,-0.007035827866539306,-0.003283732733393035,0.19888367489973444,-0.0014348733984947122,-0.011825904455629387,0.059759797500599704
0.03150932517098701,-0.020359091603003865,0.04480085679306159,-0.05598943741270529,-0.04621941892848913,0.17482448287584165,0.19575021675905588,0.022585370567155472,0.060084015158538506,0.05032685998034482,0.009786014750763846,0.08239148904809707,0.14144275964089517,-0.13778891078014432,-0.04693254707767232,0.059867889181667376,-0.10339959908509133,-0.027542458882897008,-0.015152212470524423,0.049832364108995525,-0.17292570935935836,-0.007890851631191024,0.03307006936831234,0.12068803293477179,-0.03827770714851639,0.015276780907332694,-0.09403702704946496,-0.02314674696535461,0.05221998739724885,-0.002699739385289235,-0.09840111245454126,0.12405839817445964,0.03322129242702732,-0.13035891168983516,0.1225816877397258,-0.01615821931131372,0.054854547863237214,-0.025305884189489054,0.09751032082280042,0.019681616650236107,-0.05993441957290799,-0.11290016520541986,-0.061240467839388565,-0.07926901583170441,0.06159476867135656,0.019666057684434312,0.030526445711412692,0.11007538366373835,-0.01772332159976761,-0.19385229334582124,0.10172557370269204,0.0471256565503482,0.15262963477095817,-0.08753088983481376,-0.03091256900656427,0.01538693625153438,0.2423670311764177,-0.01985154583316932,-0.04280914126118945,0.009268051776750424,0.11286255839045621,-0.05134585886530103,-0.16656645189530542,0.08186406070120467,-0.04161943985128794,0.09829557618343082,-0.08221423644214332,0.12417433722035831,-0.0416703798376716,-0.038072586452451214,0.21262224861999635,-0.021445556143828325,0.08579609139722445,-0.15146167595430168,0.0014834350311456444,-0.050976361737795996,0.0630900763372522,-0.039005542842848386,0.07351289184147937,0.045658893520776386,0.09415205267630401,0.06317285971509953,-0.01569664346366081,0.016252449426288278,0.006431560879524935,0.10610234960406642,0.17908246102955036,-0.05111825020785756,0.1139740809085256,0.16611639409574866,0.13321552163649497,-0.11020065085032942,-0.14456834084873188,-0.09005748014218898,0.1401250095115588,-0.08297755994690327,-0.03824606895010813,-0.15015620706180072,-0.09408270758126995,0.06124722812648281,0.04166010686034711,-0.041406925723202,-0.03975733231866157,-0.05862091953194396,0.21238618750439228,0.16856164462451284,-0.0028682530846168976,0.04115289023464073,0.056727971879687755,0.031228633818923657,0.009617550213998608,-0.04590049064289522,-0.05434995455005322,-0.0849477290887421,0.014033119732592896,-0.04918848419624974,0.040454885846286176,-0.08025731166423936,-0.0125984122685211,0.11371236578023208,0.00521863840356334,-0.08795823857036288,-0.13759049037532953,-0.18106126911059578,0.09479401087541399,0.10279193635587346,0.013176685995609996,6.978785296246383E-4
-0.04745902370552386,0.10372819378936986,-0.034550597872592965,0.1090493784621244,-0.026264316851536882,-0.03891118539479687,0.06146777508915463,0.0829939113392569,0.009648862453565719,0.06684666488802353,0.038262801773533056,0.07954638550738545,0.051527659449947014,-0.0522808239664372,0.010752632231301356,-0.05712249779300686,-0.015109060529630711,0.040549521065531134,0.019340215601418638,0.014865975126990696,-0.030881703677437405,-0.01596917687284074,-0.09343608933206046,-0.0750260348427256,-0.008771670663732418,-0.10554415670944073,-0.08379058935999192,7.940532953558486E-5,0.09110591201720653,-0.09905993006055434,0.15088541582364065,-0.1546602532850962,-0.03577791250718937,0.0616255766977728,0.1665482673466048,0.11162365829023171,-0.13383864280558658,0.223721212998262,-0.19700921300718086,0.10934856772954116,0.058108188124614615,-0.06092554956770358,-8.771833905789513E-5,0.016834703468980586,0.025197630608914445,0.07792567637952706,0.11213175273254132,0.0081825583881856,0.1538561324996846,0.0824933455219981,0.00622977464938027,-0.030280052444471513,-0.05690235542899155,0.014487998483475158,-0.01910035348156139,0.12049826106903444,0.03254300398571832,0.1705091280067836,0.07176177661242376,0.05814912314447328,-0.03374293288671594,-0.026407535175851978,-0.031655735101018614,0.13657283112684257,-0.021356245578394883,-0.0035350410336834836,0.17962845456498588,-0.15602575462851095,-0.06506010338408583,0.022217992644472842,-0.02019615585063235,0.1149659669867976,-0.07277859439035954,-0.022592209364755162,0.0055280961695646945,0.053239696478164664,0.07044070004429155,-0.041291764063366584,-0.026969369932546155,-0.06732056123283331,-0.02724651570056275,-0.12162579516152394,0.07688682674072221,0.18550731188173605,-0.08835098221896338,-0.08982553999929996,-0.001188277099030661,-0.046890688368768654,-0.05040583015314034,0.15963431530382652,-0.0743524359041762,-0.24194106447386918,-0.001061016473014064,0.16703691240126822,0.031328847708179154,0.09484866703006975,0.029673989591161787,-0.1508620064303946,0.04323844315018882,0.06156684241728159,-0.007011097700493277,-0.08445174251539782,-0.07116340399430458,0.046944642508667506,0.1217631740398166,0.08259353557915967,0.015471110604454177,0.048757428640644446,0.013299864358643991,-0.023033321270741088,0.03949861588370078,-0.057387152147101314,-0.12699439648992583,-0.014851343844609722,0.096388088526656,0.11950515983091663,-0.08263363431175465,-0.030555065604294745,0.15366105536720168,-0.08585842325099502,0.010719184595499734,-0.10515468842009698,0.07386587666916916,0.006303703868779995,-0.09920770648549525,0.042921278471023915,0.034100945660556214,-0.10731792740848987
-0.002231437696463523,0.00967435710366514,-0.12747699235300078,-0.071679471519495,0.04059307823829616,0.04603745820046734,0.05783284214472519,0.024607985324605317,0.06713924805848165,-0.047906565786741455,-0.05317921341079422,-0.10207022961729492,0.01977543114950234,-0.11365963013786443,-0.049899795167374465,-0.07522498829029352,-0.06819899965521309,-0.17978093103091825,0.0066115674182972714,0.026504354468916788,0.03197787507002975,-0.07440077300744942,0.005085158297047941,-0.0947321631598663,0.05751490543953176,0.0898491928276827,-0.06048705030029172,-0.10575375973761555,0.11902549618426568,-0.05495591039562174,-0.1293730261575555,0.10747231426127331,-0.003982457015255363,0.01440304880515511,-0.05061711918816528,0.05664308358378505,0.058406804240965796,0.0407561093116161,-0.01883625922309874,-0.010645913454179423,0.022335478964087024,0.001173464667788394,0.061915455615758924,0.0201341396021273,-0.06754189986946965,0.12275217007824489,-0.033235416520361064,0.004424366317908299,0.11061302345923898,-0.05362892485382774,0.048446325313786856,-0.12780352877700327,-0.00805206143328551,-0.05011378679564117,7.805892007994647E-4,-0.05845807589617992,-0.17238074809667445,-0.008013415201870468,0.04213852214670911,-0.0023904351247103477,-0.03887443739865408,-0.011726119283203596,0.13411860015004815,-0.210920514733964,0.05902725957875062,0.06299177623314177,0.04516893918046573,-0.02672559474359549,-0.03676735250504667,-0.12518298710708733,0.08260445185230483,-0.14906853976667284,0.09378712549931904,0.027644192757699547,0.015321277596912066,-0.049930232583412774,-0.032800491869074286,-0.06381396840311193,0.007841165678184344,-0.18062928948920026,0.11982305526651339,0.06959373962966352,0.04014719270502816,-4.6923745410092565E-4,-0.013213861077423355,-0.17566310782124625,-0.052415975278248705,-0.01639194357955604,0.12891524097025545,-0.09617756654914231,0.03169077409487943,-0.09353863362469672,-0.010431566242473926,0.10091718747976222,-0.01779583259904564,-0.03937554464627571,-0.10660773579548243,0.12234265900815201,-0.009174984254676942,0.007833524021117063,-0.02660160111956919,0.03238713602703513,-0.015300967462329578,-0.033545008769811736,-0.03485001623365397,0.07562404309004235,-0.10643085360538233,0.049453815292222106,0.0722048756474577,0.0015933153258965009,0.10032467603817144,0.13662096204660962,0.01914493098191226,-0.04900430005785759,-0.10981042478565335,0.08968101087611757,-0.1307549141154694,0.14948002910449365,-0.11850404355692135,-0.06722236118232523,-0.009087480602583964,-0.2430383858203507,0.03292784053812709,0.06544963225253862,-0.004181979514336343,-0.1661666566630053,0.059493004643560075,0.01170951725737961
0.058573052808495916,-0.022096795174549565,-0.050939859808401315,-0.06069107027505403,0.0024503677380720654,0.012277797226246154,0.1559548457851035,0.1398230707102993,0.12013417217385171,-0.13386936052110698,0.036244232234191744,-0.00603734679365104,0.1210017204867324,-0.07970447803322757,-0.001327389570918722,0.03303988584735235,-0.10093537996101237,-0.10481890021834911,0.010328252736668708,-0.03429325169010636,0.13040385204269236,0.09628152392691339,0.05638666564961649,0.04398067377890875,2.0273983486660896E-4,-0.008399894043132697,0.0012818553148783176,-0.20948799896660208,-0.08520038133167711,-0.05280782072145632,0.016770110275789517,-0.13666291883556875,0.06933599511694699,-0.08028186924225607,0.05834979523138053,-0.17398096773009683,0.05796636000825402,0.12712107513884405,0.11783072818135319,0.08796610429217218,0.1531222042348527,0.09825991157526681,0.04677831217986216,0.028334821050706182,0.05169225676002691,0.06817065896431398,-0.06337164119088241,-0.06107950970483518,-0.061556552215819064,0.021327439458997562,-0.13418532857482648,0.10432021616429396,0.036053448196511385,-0.06080351072848625,-0.13204800455166552,-0.06992695531630935,0.07920262050567041,0.08788988818633407,-0.0889842850044771,-0.016736078415721098,0.035033305957077286,0.07436981061066614,0.023915587399676353,-0.03281812160891179,0.16055368189642025,0.16602003556356035,-0.013692448343792697,0.05927038328152301,-0.1948574454014097,-0.009524444004934084,-0.07081758947907171,0.09192166332439633,-0.08375836602417126,-0.14317764458755375,-5.251349955504576E-4,-0.06543056621934729,-0.1560865888112461,-0.12514242076851229,0.08003165058202695,-0.0810224588397089,0.07347779429210977,0.08319161214783584,3.299941075805108E-4,-2.9231055451851666E-6,-0.09245883709036531,-0.05190664885417078,0.05010539246092708,0.07508631018117817,-0.02215012631697012,0.3125085371954096,-0.025743921543551842,-0.17518183336058166,-0.07645644217259019,0.04958335014041801,-0.035368366196907475,-0.03979807609502629,-0.016505201879703862,-0.023392135330579565,-0.006116650127484524,0.1332863880123452,-0.03143428685746388,0.08305933975393523,-0.04252840750417687,0.04584151082899953,0.04383777639106785,0.11709114603117253,-0.095514759099027,-0.11544753784608772,0.022999188137853063,0.0519633587324752,-0.039689020763928454,0.01307681528793338,0.05711260439226563,0.014285640624725642,-0.07157767717841657,-0.020704128080553587,-0.09235498213513982,-0.1331976908330183,-0.001083100388513369,0.0018611238980994439,-0.08209900340442182,-0.0443168264858762,-0.01704669690081772,-0.08024047828178428,0.04928959109218887,-0.09999035256922684,-0.15340238612225385,-0.07751190530159027
-0.05899478747484475,0.029575909077477452,-0.0954114146055905,0.06285900738241484,-0.030205004091039475,-0.06794050564959248,-0.1732049025143561,-0.03788666753483984,0.04863854066646336,-0.2048851158546322,0.05260972385918902,-0.059629089333485555,-0.040211857989365773,-0.007345634787772897,-0.04482310524656121,-0.06195819103028446,0.17775556972525708,0.04403770013777857,-0.11608813501002395,-0.15820481221327085,-0.05663580253230279,-0.21885510533056643,-0.036742437922486465,0.0378954597667345,-0.06957891438934935,-0.042755296360684675,0.019306865963060665,0.11650321755873921,0.02882552204735623,-0.027689176833031452,-0.09165415166693326,-0.029610273513766654,0.17752262059614077,-0.05772529023414485,0.09718919310587723,0.021411678902465273,0.11519500796536418,0.11720634971922592,0.08834318769311802,0.07291451946549449,0.07040039310500774,-0.025573259866003426,-0.1488182080604947,-0.07718571423973808,0.020319960992976668,-0.052053985839965795,-0.08137265653949227,0.042643727702885034,-0.026758219010873732,-0.03357190194075505,0.1905453506779845,0.05917875718446382,-0.038018218731799176,0.15650376907765365,-0.10215178286242661,-0.00925443306534541,0.03607256583163446,0.039872754881332295,-0.20777385929745312,-0.11392167756166624,0.22423774771394425,-0.061183095636234426,-0.15578846558542694,-0.019843451132874862,0.018397203405560645,0.05438635797810997,0.021734873244219084,-0.009942115046981,-0.1140229862069054,0.11592612055746761,0.13167487865679742,-0.001144969726424278,-0.20713091635513622,-0.003365330722300065,-0.2607538366837466,-0.04108614240490586,-0.05349993732310559,-0.027988690730807307,-0.0027547380384898602,-0.06358996775851415,-0.057828742067456,-0.14782514531882784,-0.023358202515138333,0.1252632845131302,-0.0544948800369805,-0.028034287485176508,-0.032771864834778716,-0.06040533319782408,-0.01800268117104639,0.08289782695895938,0.08986061487644642,-0.09833933574107062,-0.06858543536521255,0.15396155760368754,0.08167213918487096,0.029089980374568444,-0.038713439020236516,0.032762579565616935,-0.10262009528885685,-0.07993241322885461,-0.1583966088723419,0.031794203849111524,-0.18814772006647001,-0.04986882114722213,-0.1403061209321549,0.031132379699026137,-0.01945571496884515,0.08403789975241219,0.11769430788221824,-0.01408497043173249,-0.04252476403409773,-0.026716133931828465,-0.17874924434041325,-0.026077612583799654,0.0902038059163719,-0.07631833052961662,-0.1267753572337633,0.029784362526369484,0.08305158369913465,0.04776334162283549,-0.0117431393365846,0.057651615113708934,0.04927530997722973,-0.01111748174189607,-0.08756053475157086,-0.08960114900416596,-0.11554466209997954,-0.04869765207923399
-0.04804878118390823,-0.05012979434495338,0.06347814899004535,-0.027406085723807698,0.010943818809653165,0.11983658556670043,-0.0025819604202328757,0.06516275707923161,0.11795453293940233,-0.06003791203599692,0.15971510041497505,0.09431471052372481,-0.026088502175688068,-0.045801186109766724,0.07730838110451675,-0.18289520894964822,-0.1095702620872148,-0.05985021428105075,-0.0528326722855122,0.037940332162180256,0.05637766026736703,-0.19977821048945757,0.03247452591919941,-0.0024464385698447604,0.2276142801229874,0.02174719902317467,-0.09777856962989849,0.04857347980968103,0.055100467834056574,0.1393783956314339,-0.12557030384800666,-0.04325952164484542,-0.00837925618291572,-0.01987179109152194,0.18547674972897976,0.07531702831330382,0.09298849411829246,-0.10543360105419473,-0.08504445235748467,-0.0997893465811655,0.08898643776729967,-0.01467610090539644,0.014088033802628075,-0.055598537196507404,0.12240624064631477,0.007463133920625322,-0.03611837872072396,-0.21863801384629547,-0.01582355761365461,-0.07234421454327396,-0.04484284524495776,0.009457380682960106,-0.11392245658558423,0.08806397364678877,-0.08993534414577428,-0.017324180139634517,0.051401907656655116,0.01009293527127551,-0.049480599679746544,-0.07031141402542468,-2.5560980995715794E-4,-0.03257508224455929,-0.022628299323908137,0.15499652375207637,0.07393701855938037,0.16257786125545057,-0.10580015161703235,-0.21765516204752494,0.08975318061305917,0.12476315831410388,-0.10042833832952858,0.033391125277569364,-0.028279217031363768,0.01608659631532807,0.005640067668955648,0.11029376122004955,-0.003679360031874308,-0.10947451875760707,-4.5224575027028036E-4,0.002419019012659308,0.05016061888194122,0.10428188970660593,-0.08294473032993034,-0.03217353737146619,0.03623054364995306,0.1546551180065333,-0.026277191085488594,0.055844214269401574,0.14101516668126612,0.004418994757311829,0.02851038805527966,-0.0191341421853708,-0.11947348698103122,-0.18767318759240265,-0.02958932806376336,0.07526659988806472,0.07680798858311996,0.06519226915776896,0.014779510349867965,0.1657868367154883,0.08130438354340727,-0.011070373081873749,0.0669038106223396,-0.028861320147743248,0.07166488951617646,0.05236068099942519,-0.006239469101728797,0.1161100533466581,-0.07518327346835131,-0.017912056480059037,0.09052442230795735,0.06888059505296669,0.030690395289531373,-0.03536818921840277,0.10865010169313156,-0.024350297380073525,0.145570143061471,-0.04834298659103181,0.03824028206124708,-0.01471743230155246,-0.06462388939127486,-0.05821854665755299,0.13545596313036123,-0.1395228433785823,-0.12783591761956878,0.07149317622327821,0.03670320279317132,0.057748754209938774
0.13586741212396916,-0.053598677545931374,0.04248675196690775,0.03471658458246141,0.0015185911010455323,0.12501096723774077,-0.07495378549387012,-0.18241194687485396,0.19267923163399037,-0.00457220062548842,0.11989642842368864,0.12974976324297036,-0.07923362415142074,-0.1383548314009486,-0.09858790189675563,0.0045134863810183945,-0.0729251582102909,-0.04726768486899042,0.08305878348311327,0.1512591590685994,0.15278321351899948,-0.057551800589256186,0.13490517008542793,0.04371177428128508,0.2363155218047774,-0.05141950451448797,-0.033371761953697746,0.039454556144962,-0.09583339729966942,0.04920291028792576,-0.04699149411824585,-0.09262973318131767,0.04552370090627039,-0.09296961682280162,-0.11244568178895477,-0.0408350119045938,-0.04927306095936381,-0.06459702448831105,-0.024777329361890817,-0.0694372447925319,0.15237896198596113,-0.08771850659580432,-0.019371092957862945,0.07517577380093143,0.061840793504386274,-0.01602294529764481,-0.027918139917609684,0.11167663875254938,0.039122403604851835,-0.1486824076010888,-0.07648514169359764,-4.4790331710274503E-4,0.11316834823006358,0.07113240992105577,-0.06261107163757909,0.07742511073358817,0.12813064836173438,-0.09862107802740039,0.15164429025452922,-0.1853982299223074,-0.20943397210119521,-0.03060232680040067,-0.005884417685936924,0.08627981078608801,-0.0031834661488839584,-0.08657634628749136,0.07958078201302166,-0.04479743853508293,0.07430288452957728,-0.20733309709500458,0.012950482904679036,0.07933982822716895,0.02623886507837065,-0.06887963106896436,0.09478126085261562,-0.0204809647272707,-0.11202484203735698,-0.1760125205109975,-0.0625850637297479,0.041591229635974405,-0.05949139370529383,0.08085863063604731,-0.0215141880963934,-0.04886595834880492,-0.10418311760711496,-0.048924273148963436,0.008040730088685374,0.014972787346254145,0.1486236034062607,-0.0762867225839187,0.15095264706879194,-0.015983900664249297,-0.09223045112915965,0.017754526550302373,0.11916988272289795,-0.13622088966792154,0.08044777602978011,0.10546728081059108,0.03816713964556113,0.01689853343678519,-0.023166092713288768,0.0997985919780305,-0.10977688634315008,0.07916617227312622,-0.025890379993588546,0.05934978856303596,-0.010448461283945016,0.08129910988616224,0.08464344896942526,-0.030938536144958607,-0.1814497566268784,-0.11726473162031247,-0.10785101907249714,0.00809616369034382,0.003972913860056948,-0.037323211741258126,-0.06358621592732736,-0.10256158946039672,-0.06524306745280324,0.022814989829938077,-0.03907579933038891,-0.03714441936626336,-0.03363801120132756,0.0608976790761778,0.05593327032695034,0.0955853496779687,0.16343981148243786,0.09875814468516315
-0.03486760936543206,0.013709150142947666,0.02257468225586933,-0.02331196650921948,-0.06021583358417011,-0.18382191583564186,-0.16939280632349155,0.004642199119030957,-0.27230841132431466,-0.2032487416721395,0.08048905938602298,-0.024899850823668374,-0.091044400933208,0.057425183546853005,0.02476297014076441,0.006802521986160448,0.08763377626349424,0.13322291265500907,-0.01774598212487994,-0.1427552783878095,-0.023724964781675285,-0.07526737244191825,0.09151565271828693,-0.01826197634211302,-0.05542863142434979,-0.07361600274976134,0.014914961799526054,0.16179305062054528,0.0014815432219525125,-0.09304878683993047,0.1426028514681519,0.23233557373106553,0.015367632974565247,0.09667740059965109,0.08224598356738408,-0.015699307077851724,0.07005982838375208,0.08976657447706438,-0.05326556451756619,0.138299424101527,0.09830916414096463,-0.003301204277261881,-0.08903447833571719,0.1122791493370376,0.012641929302165475,-0.006314259502378031,-0.060532622189798345,-0.10043758426507056,0.022914787511214778,-0.0522809005611516,0.1041868982817399,-0.09705326607239327,0.13021767824590796,0.1418379791068844,0.008520209816655813,0.16945133345775323,-0.04972579122453547,0.016878781651183145,0.0042745192718891874,-0.10100135924782305,0.01078742897831558,-0.20179747430780579,-0.20509737129418462,0.14947981929389173,0.023972318380901886,-0.0783958356373819,0.0797847428201357,-0.14191094655412032,-0.016826732513068633,0.009648510746074701,0.005793470460537428,-0.055414396275260056,0.07045277247465191,0.06801333466367439,0.008540678416675723,-0.08202296731067511,0.017330502833307948,-0.13247498739306288,0.2363582783117701,-0.054692196399271274,0.013416286768693494,0.01953772893847807,-0.03984712614218335,0.0531979571159364,0.011871086564513142,-0.06659003327135035,-0.01820579983106386,0.16994184001145643,0.13402930124548573,0.00761626173256214,0.03956242445241748,-0.08582291200429269,0.005511634922346507,-0.04203796741140122,-0.075974582430159,0.06928561119943279,0.02444891707481199,0.03493628645288648,-0.08073049998678876,0.030400785389837495,0.1327422086939244,-0.027950400264903686,0.15811824970380325,0.07060377317724484,-0.06064712539581985,-0.044349690312666806,-0.09163254023516905,-0.04923741457887792,-0.04779502437116459,0.013363930789926618,-0.036053002157656264,0.04559529383239116,0.10859606163287294,-0.09913900981237489,0.007658784727628358,-0.17455642852421502,0.08005256605947272,0.11984654683784172,0.03405443250083053,-0.06531823954348884,0.2049550569164451,0.13517187846622405,-0.08615003655802748,0.08577220762551938,-0.1644257347143948,-0.10799373451583721,-0.0997096405782208,-0.12136643080565357
0.014125720580180835,-0.09960952618793491,0.05065511491108972,-0.002725709119240729,0.016925240774711917,-0.1337303571715929,0.04049699014472435,0.031847787451310165,0.04683857231560223,-0.12629444838718784,-0.041386580525640655,-0.14499020723210432,0.19369314592889836,-0.1586953761620881,0.004721968807111263,0.06236484459717004,-0.01808454575688523,-0.013857657832627369,0.2363144125870976,-0.025316976260754503,-0.04354055285856655,0.11061518596529762,-0.10157821689697656,0.18339038263146362,-0.10403323401662205,-0.13911223563728953,0.11642305080297514,-0.04177760013172969,0.08243311460751603,-0.20000987543197338,-0.10069178631370682,-0.23035583116253155,0.11355192993916667,0.0908865524846499,0.1109168927480946,-0.03837133579511667,-0.05533953719037654,-0.025728748487152765,0.1426163875478049,-0.01671706669039815,0.10852778168395878,-0.1015706868278961,-0.05607440767774541,0.1559541180077148,-0.16413515519061697,0.1475929949777445,-0.008665240835603497,-0.013185819216692886,0.021006151167458756,-0.041224730276669126,0.1874599116873813,-0.08933995385386609,-0.04236910880986955,0.03866737438490898,9.038515072216347E-4,0.020667351713657283,0.03415637839115194,-0.0032183728647713393,0.055835567444835636,-0.028757703425617856,-0.12956122345011747,-0.014537557095468105,-0.19875982483654656,-0.13646883477193955,0.01986866881611896,-0.16749706816498433,-0.01383931723749338,0.21830880286967225,-0.061977166971317894,0.026856583406680443,0.2315093552477448,-0.018966827479476107,0.09253298314281405,0.0253118541495482,0.05483112567202201,-0.13667424571296327,-0.23737907597063307,0.10552002291966611,0.11745527311260907,-6.125737551252348E-4,-0.049837301770813046,-0.014750199212885642,-0.05363327737445117,-3.9600222048651566E-4,0.14517649252269033,-0.010205964880625161,0.03759761239499301,-0.004941069455960812,-0.030433390861497683,-0.033497048416297415,0.08207056655542737,-0.23672475251174174,0.026696944312970462,-0.07237811337660092,-0.1493827003143198,-0.02291350999399702,0.007628476086920317,-0.04416540741339007,0.07286353490928066,0.009190347449615145,-0.09943746377427058,-0.1286738061462956,-0.02439171552826708,-0.09834124002720943,-0.1308645466756418,-0.06463691078258661,-0.03210414609645076,0.15445313385608794,-0.0762559842650541,0.13773457373693235,0.05285989564974645,0.18753267277857505,0.016601636227086363,0.08368854172683893,0.09268187839106397,-0.10147368527342261,-0.00604672124745484,0.11323827154079395,-0.11091046477393454,0.011025521295550289,0.11743740731461397,-0.12234377489149588,0.02523306844004025,0.015812971215543585,0.15235882614757543,0.10954942493904418,0.13306532707375088,-0.010894317595810755
-0.17011288613608136,-0.05123396055730499,-0.04909925390032599,-0.06112639612114952,0.005957803056874539,0.00551732094808162,-0.06940974678998107,0.10721524463918194,0.019014952847056225,-0.11684573892816577,0.06314197955766118,0.039085363063727833,0.07530971159628862,-0.07138794000960298,0.07482150860444771,0.00888764295048352,-0.03613432623957139,0.05846686655871061,0.005767287589230837,-0.051428129451613236,-0.07623257554040928,-0.14533481203692045,0.18672445866902782,0.005077535366524003,0.0070299239659183995,-0.04291046513878978,-0.12210206294745107,-0.08129668631066429,0.01410000011778454,-0.06514427943069943,-0.052567596253986375,0.11085898110841699,0.03989336614089483,0.03164566665043787,-0.03808592674907468,-0.07879336295731611,0.009730005422129866,0.015895591670706304,0.0442121981874734,-0.09532710519198695,-0.1758041647500405,-0.1105820490838604,0.14487735145780667,-0.0025589663918235478,0.1033101298793084,-0.11701187247352131,-0.01422659760468381,-0.053629657094397,-0.06966325714774392,0.12284906779205784,-0.0937502950470441,0.050456313554897075,-0.2197112004649116,-0.053191824330620335,-0.0697268265078546,0.05822608217965431,-0.1356146355564021,0.06366326396262142,0.06213690173838499,-0.12037280639763201,-0.05841494371830955,0.08117209651376535,-0.03952536214519212,-0.13177106359880533,-0.001939625820653058,-0.15511752321455752,-0.15924851257781697,-0.15298570244672988,-0.0805490492560913,-0.018705510639887853,-0.017258292641675024,-0.001322606364968791,-0.05862775610017445,-0.08469396118390841,0.04902904732763833,0.0364890010940304,-0.0576717867725754,0.006384299336524251,0.011368438927960155,-0.04050115445528369,0.028949228391894958,0.08000943374931525,-0.044551779843785375,0.15911015897539824,0.05086122214383686,-0.07219939605709032,-0.11156882623607346,-0.0936870175041191,0.09829530828646682,-0.1528641680776778,-0.13370500727301576,-0.057724963434502154,-0.01711127997792346,0.08976223009465743,0.08928562807527562,0.07015585237782657,0.017463146572716387,-0.03776224593807898,0.0021856850976,-0.12687417184679664,-0.17879651176905403,-0.00922058736195474,-0.027875233927480918,0.025004906282329098,0.07246168164370474,0.005935049245711945,-0.17927389874615146,0.0930761416538171,-0.009119852448614914,-0.009305845956186446,0.050100024685553,-0.043791942434949487,0.016410459963403397,0.07091426899754905,0.11595697313395412,-0.030758968493474925,0.03386971802280909,-0.03749426912419961,-0.2036962082888517,0.054507741226073644,0.04209030345995754,0.0039881259998800845,-0.09806244123712311,0.12641739828141924,0.07626860056113606,-0.025214164299926203,0.059964637311521685,-0.1485615629192074
-0.019437990239434273,0.0217984164510837,-0.002841120878076077,-0.09052378490956106,-0.02764524910558502,0.10715986066714858,0.05228698481723355,0.010111790694854557,-0.09161716954773944,-0.029627611695662675,0.09109976683215183,0.13199935341809355,-0.14199599656382092,-0.18577772520460123,0.13230022839064637,0.11239496324691652,-0.09814832333747463,-0.0013331510752111688,-0.08565886294191934,-0.05568221240469027,-0.02394858535224242,0.08274234843732829,-0.057915399191575886,-0.12716157269597284,-0.13846488295191067,0.022020201707122815,0.1849915775657083,-0.027211410337883213,0.10501551087851912,-0.09257771709647819,-0.019755217744549792,-0.14348751386727168,0.09430004598835781,0.14729555058877652,0.06643094813428942,-0.040181033476394984,0.01811489595969919,0.010657354474966543,-0.0076655664829707645,0.010530139073696619,-0.001547032326160474,-0.12307998421970091,0.044672217816602085,0.09710330480696203,0.002176587947571797,0.09941298999036322,-0.09970399953130274,-0.026666477335144833,0.08509817681764363,-0.03247003790776321,0.038878172999800745,0.05219788557043932,0.2626158356054886,-0.023772460420898582,-0.04108520553713916,0.057145610750078055,-0.12592517531830733,0.028861452246113726,-0.09915642447134675,-0.0881894849794082,0.007054562203111361,0.03356683657249713,-0.08055574908807667,0.11830548830174444,-0.0918385595981316,0.15393626564277216,-0.08953035296648651,-0.051344432968425884,-0.04783428486248405,-0.014900124522906708,0.06591617470443942,-0.037690040682889926,-0.12494936635304507,-0.18558999617454505,0.08814259483069926,-0.09485888218482175,0.055631306678169956,-0.033723179465256235,-0.00875958447682101,0.08818911113904937,0.03108930786703439,-0.14335548624812908,0.021750916492457258,-0.06803199884043779,-0.05917709845057691,-0.03483847316049944,-0.1307048656245067,0.10148652541409892,0.036774105832514455,0.15612623375406023,0.30484519713880975,0.03722855184217008,0.15109351093785256,0.018591462571285272,0.06446808507767805,-0.10681638307130059,-0.13583074401458856,0.10566664169133505,-0.12493479014832312,0.0932686685504388,0.05484356666715448,0.07627595964311101,-0.03137175802638797,0.06799372925233665,0.0949662306973942,0.10560550629760956,-0.0031683824608147396,-0.09523678872524068,0.09101241315557972,-0.0796560717731952,0.019430126384694373,-0.1407132289723067,-0.1153223326130052,-0.05635232693164466,0.11061632471504433,-0.17710704798180846,-0.043369896942982405,-0.027382615800538912,0.05011955529748639,-0.19147266417531966,-0.03113469089711925,-0.05104674305621386,-0.042483773321883155,-0.09680782922339444,0.1216200735392457,-0.040184575914587226,0.008466955798703671,0.02868717628913197
-0.044650580009211835,0.07757062182078,0.11576069651544624,-0.059522348181565266,-0.024814069648011652,-0.23038391297709318,-0.05702517205435666,0.020851596815966433,0.04735653831524851,-0.046921052049168535,0.016856229365877808,0.06996430361186527,0.043562933791233854,-0.04883961284715209,-0.044251314584031025,-0.04011790311128568,0.03404414204809173,0.0707385636656443,-0.022276538571548214,0.06510171916714799,-0.06041265751153289,-0.07488680837467789,-0.14675999064850334,0.13515662551688432,0.03898855212124878,0.02707248155701853,-0.12098167371284892,-0.08883888200864878,0.13865879009427637,-2.213862369230572E-4,0.06456653112195457,0.028049784342871153,-0.06991207561434752,-0.01616733130991476,-0.01806366737986344,-0.03286582798899421,0.069663018836938,0.05578314427553371,-0.026052813504197688,0.14376704829579462,0.02215536002273194,0.022379508961705822,-0.12205787575141058,-0.09187488904973054,-0.059017661467121806,-0.04826958227291534,-0.050673671188524436,0.13538726480676938,-0.010072421790419039,0.03041592715558871,-0.029162792808246706,-0.028793658783339088,0.11966708658098157,-0.07361147637119805,0.043649419377854486,0.05422840366622355,0.06606097485293844,0.18637074763452038,-0.12711643192235114,-0.19652215227836276,0.0063991375970430565,0.03046701305595488,-0.08155898031726729,-0.11533265055650468,-0.023785095958313844,0.019792567588324296,-0.15883184457917934,0.07575537325425097,-0.001020585907445368,0.2187749402970636,0.004396439787788798,-0.005079666179549011,0.1546446740808677,-0.18927527962841456,-0.020329082397734944,-7.818422021013422E-5,-0.02301071835744789,0.006300709573948734,-0.022933839407645488,-0.1385577227780383,0.08863134492867128,0.04549632977545751,-0.04662679990580962,-0.057620569229318006,-0.004773268237372291,-0.11784706896913802,-0.015177768145593726,-0.030634704480213878,0.06705866120381324,0.006454862429084805,0.04781784307337254,-0.07635014349752231,0.06654164689997957,0.1600031398895109,-0.06289534476412752,-0.09862514659697919,0.029322087477448626,0.05021791914722761,-0.11599357634868528,-0.005060159575429507,-0.07086293178717067,0.16058409432791138,-0.09181880679685445,-0.004524262812527826,0.09914177443011374,0.05548587294554214,0.06990993096591613,-0.04186883107302832,-0.05657748558707723,-0.07386508751896834,-0.007716216117674501,0.005235086777790632,-0.0914564204648585,-0.013201570588186903,-0.020531441888172068,-0.05723930737341968,-0.0376425806778061,0.029015197519168173,0.06179090667761545,0.05667730291003945,0.07093351365101445,0.011972125433509954,0.0057390323438971415,-0.0028463190857142325,0.04317949698305062,-0.024241901915086163,0.009417004514451646,0.03225397161787109
0.046695755770109856,0.08896912666513931,0.09298554551518286,-0.015755515792150093,-0.027398594706153773,-0.1255696780252212,-0.13079255316515956,-0.12761536565856882,-0.16014111858223778,-0.03715895577147318,-0.07695503350484856,0.07532951901792609,-0.04663602679516852,-0.19205927232258077,-0.24990079287234568,0.1585678413502197,-0.08286037939498235,-0.005762653937456881,-0.0274561906150105,-0.03766380340116265,-0.022731063622753282,0.021065235330230005,0.04622746973772272,0.04125834992673753,-0.09767500907979339,-0.023528455806518845,-0.02760100012342362,-0.018703311273021838,-0.019130125437284814,-0.0864895814066839,-0.001923159775443206,-0.027798172825900656,-0.07314665449236507,0.005890567138069873,-0.022590330905492905,0.01939425730649669,0.024277830080847395,0.038231078570325344,-0.014745582776597993,0.11214361872638029,-0.07839035607240918,-0.10433049081166099,-0.1197207374959533,-0.01736078185076889,-0.1085907625815202,-0.08291610619881816,-0.0854443974213738,0.03313090302384315,-0.016850261209688515,-0.014687433798700184,-0.03091701331429981,0.14727942253153806,0.17090943904222933,0.02079851930581136,0.04096495640102744,-0.015217399896976427,0.10693307409245005,-0.08509450276451584,0.052825218481045544,-0.0459430015819539,-0.03749687435987421,0.07091289455185741,-0.050574925144153696,0.029299521160199824,0.040425368594344174,-0.06929367228070021,-5.14372232002487E-4,-0.04210604903841628,-0.14320039247742392,-0.14578348422731277,-0.025811594098313146,-0.07926055146786401,0.21001615927360182,-0.0303854439577712,-0.024724563387752134,-0.19884743960584234,0.01218658584105909,-0.15613742100652267,0.055949434814177024,-0.03440921165652095,0.07219094914480986,-0.010152065540922777,0.08198779020447282,-0.03213171338309617,0.08369251050451336,-0.1353048732087652,0.029269064538781243,-0.04874753899142075,0.10111585136654778,-0.045259265889441194,-0.10133364367926079,0.16687047438660094,-0.037341797866289106,-0.0851101090538523,0.026209803318730948,-0.01355118691711661,0.04881875425457841,0.08491952125038525,0.06738832994886854,-0.05669714817068057,0.14006977689961955,-0.03884057823733985,-0.26078658982752323,-0.02499291962105541,-0.014326460085134114,0.046324819249698855,-0.004463244735634545,0.08784058004612594,0.05973798682913568,-0.03503872504273816,-0.08622496714562347,-0.01949880447227279,-0.014929752308263844,-0.0068447588022952,0.08850425724997982,-0.05215615442656284,0.0713575019339336,0.1414421689747793,-0.05840943716528008,0.057049343095503906,-0.04870870343637613,0.025454143217361627,-0.09220487188610194,-0.07618526789915388,-0.05459412241188843,0.01753213188087435,0.11683122936467615,0.005517600709800714
-0.02319833438678756,-0.11024222520095436,-0.08450910158842696,-0.0604522118329067,-0.08514555078039461,-0.024392180967046033,0.044426379355252565,0.10912894805090996,-0.016006167562773274,0.08320747613852086,0.042037266228938566,0.01060164069890136,-0.02008825182866009,-0.23299161728533285,-0.11400576124523824,-0.24549588952894713,0.08935376301896301,0.004071811899555564,-0.07193206817132299,-0.16909317493775072,0.1006671132557896,-0.22467636670463004,-0.02174797661587339,-0.10475188829876125,0.0680633666309877,-0.014938658875327917,-0.036750072838273785,0.054946429852660884,0.019733222679004746,0.1572607583000628,0.037308846902892025,0.0012045396572624954,-0.05620249587122612,0.03647534812075362,0.049163408517281924,0.060557485886003515,0.10549930840086578,0.02413663247090822,0.06320973074112364,0.038041780081994776,-0.09720251501649396,-0.02623575482286594,0.0776610913385132,0.049238028219670556,-0.15935811185396234,0.036104118223280725,0.0072217705690755625,-0.12622046964549452,0.024026374477182588,0.07888316592871122,-0.034872112158946846,0.1380574822073497,-0.005634632772465953,-0.07766942298387586,-0.025985509825228025,0.0778485777774941,0.04455416350941524,-0.17245381248449546,-0.1891056985461832,-0.0032260756633289847,0.06300537689644514,-0.015997827405568536,-0.11582588776942251,0.07927613725077819,-0.08133221535298843,0.10460721680952992,-0.12825398006585792,-0.030818361899921196,-0.15177799489033866,-0.09899833647449649,-0.014740472743869736,-0.10280790439432597,-0.044832541373202195,0.1356943749518079,0.24093411338504006,0.269240246498487,-0.13302674821777186,0.07572214543463722,0.08284462975246897,0.06505704569499315,0.057897511154724905,-0.14582429543870698,-0.13283631431725362,0.1422618617466836,-0.11266112785514684,-0.08716916802364821,0.12540484058508902,-0.10994718524784522,0.1427812639951403,0.021221570929545706,-0.07171845313407182,-0.022909816984719302,0.05456977057787752,-0.03345194978927093,-0.024774198612743478,-0.026889365522378604,0.15792792620307963,0.04546466767930395,0.05243996661911689,-0.0808187846176783,0.05380866287337555,-0.012156230571330926,-0.08125020533960743,0.028406217100996244,-0.039183730136063966,-0.17460626778941635,-0.06374186791342425,0.18520235995834783,0.018762921394737574,-0.1892146277282269,-0.04133580145271431,0.029091184509800066,-0.06971838912659388,0.02165122143186614,0.04659347227239455,-0.04123919861006557,0.016558826235868483,0.21266158190954498,-0.1274862899433647,-0.08722588342677945,0.030439661639630165,-0.031163451248534015,0.1636020706535249,-0.040457796636360885,0.0431479196680766,-0.04185268785120906,0.10987430774236087,-0.14769992414604088
-0.0032820818896418112,-0.02195976810130846,0.04928514870950229,0.07884650687368151,-0.011414018316220163,-0.0896186415799321,-0.02945101403301386,0.11579906466646418,0.005844056860300991,-0.1438106931702549,0.1058263556338973,0.14469846969882644,-0.028611659202323773,-0.03427027977897718,0.11363377094630414,0.029678857198196157,0.08888041720110905,-0.06912055326928702,-0.03872823973854254,-0.05815096674077973,-0.16085391125517445,0.07149865463086223,-0.35073517863247466,0.12260047505914538,0.11465926665703709,-0.05493731512790748,0.01794483252785125,0.03884920306429538,0.052616703923751736,-0.2746117097232785,-0.05980361826896871,0.2023441067556938,0.006632003008941808,-0.08117039464103384,0.029043518131984913,-0.0960643907668213,0.1257904727967701,0.0640078783396553,0.05524876770447831,0.05825517197754948,0.025655645887399048,-0.06255597935829638,0.05025278386614377,0.03226150621992839,-0.017897122670809198,-0.07976193658319444,0.06195561833206738,-0.03336806385893276,0.05511128854716556,-0.08198653092020888,-0.12080972140606457,-0.23882815864240134,0.08635609746881218,-0.05096027756950338,-0.08320736854618027,0.2018179166224592,0.021375324637528823,0.18765797426949604,0.10607706381349223,0.044983342466034096,0.015317568297772078,0.11436639433752294,0.08540955258779934,-0.020155746154986533,-0.07791234353072242,0.05293766022271661,0.022022299305088457,0.013538511385850261,0.12963765419284787,0.126459382821399,-0.07672684701204618,-0.053543401647984164,0.06492998068177963,0.0389079489164862,0.07976825343758719,0.04570534263707444,-0.025327747404455845,0.03227804643727162,0.020020519981967043,0.14054274095561908,0.09832423670117202,-0.1203713154942738,-0.009481273881499669,0.09630208485567862,-0.04185352233701658,0.0458463826185757,-0.08243370355154184,-0.1863488270053979,0.11172772584838137,-0.06637324143991138,-0.019256600072079074,0.12442517641877811,0.01359051344295208,-0.009734670466874292,0.08944584950156632,-0.018549409331632134,0.10173856216271895,0.0753469042427906,0.03907861019173313,-0.01021956268501417,0.13452425984912386,0.041917473598297394,0.12162655064327944,-0.08260337016397706,-0.04309608321185385,0.10913804309659383,0.0404718792980451,0.11925319325185252,0.07992768074194828,0.03348097089578384,-0.04765969945587419,-0.11976855133600779,0.06343115879783343,0.05749256973054495,-0.014486166722021337,0.13344492226059168,-0.14851409714293354,0.10955845570458886,-0.09556703207323206,-0.008544468428228315,0.03694445505958812,-0.18622241979440973,0.033664326983935206,9.286942112719304E-4,-0.12994921977979082,0.05646495848649004,-0.026835610118607762,0.13803772502078826
-0.11020548830229102,-0.006721160174812447,-0.21313720595246918,-0.010285207135586503,-0.07155438448559569,0.030949652499375965,0.008870420358808136,-0.013557281774634233,-0.07070432863551561,-0.09912790273908006,-0.021740320029630184,0.0010758646862272896,-0.11271986663021362,-0.05192667396622216,0.05682489589731505,-0.03959059979613401,-0.09008064063274789,0.05932366512541789,-0.006456242278814188,-0.03422970701039875,-0.08865142764492824,0.09177624333818148,0.13346762794460204,0.060528947924642196,0.05037756696316396,0.0074384873036061495,-0.019807423552656352,-0.059086805867646044,-0.2736685411477744,0.06876576636537032,-0.04740291676630998,-0.129010163747441,0.009766619174808037,0.0017929581635956738,0.045268124470956676,-0.1276723295180372,0.06254699387293083,-0.026894098042900765,-0.01742549484263431,0.08603585199639728,0.09235829370720598,-0.0838798448340471,-0.03906020656256837,0.11064690467172474,-0.11260051866099094,0.005246791949462761,-0.009136455960742093,-0.104377369896099,-0.16985172761558612,-0.05884793759965915,-0.024398814293080866,0.012553493304655619,0.09522092550143513,0.15317818266075872,-0.03403355475738128,0.03550910989327884,-0.11867073177067045,0.02563696836713297,-0.02240655281369827,0.039781214322664286,0.08135752061788565,-0.21905898521405165,-0.07033270603372474,-0.00781790926474014,0.02384047504767044,-0.04038560695340805,-0.18662421189936687,-0.040286458451898814,0.0695771199273549,0.02224084121100466,-0.059655147160679094,-0.19957788527595288,-0.08124371547399399,0.15470973913803193,0.03673243547176706,0.13709593043035853,-0.032103922363007506,0.13380840743287536,0.09212196926889647,0.061993450788055154,0.15517698886193076,-0.04619784537761222,-0.14770544500264166,0.13199355764251716,0.01980212389312184,0.03665406572305994,-0.048046424400313835,-0.18973654484356003,0.0903053251352102,0.021057100897415363,0.10685251222724668,-1.6837904407358828E-4,0.020925949719753305,-0.03795396889730077,-0.04569471116853197,-0.01233679952229096,-0.18830127666570048,-0.05807514975760294,-0.038986093842591,-0.08793092732292299,0.12135289334259962,0.003744989609355899,0.06395505504941905,-0.04662525598554513,-0.16203956313513715,-0.10549547405770657,-0.08835195040937291,0.00437522811144077,0.03592306285692662,-0.06269015185904521,-0.07572463701094158,-0.08527464913776998,-0.01870143074608387,-0.03544084673309018,0.08774286019931338,0.001845767457537472,0.08510483612194099,0.15221188845822828,0.10019552633549576,-0.03306617397633792,0.03542831538842663,-0.009911637218536289,-0.021690414820556444,0.10807131367430182,0.04114906122246764,0.04696085572197805,0.09808287395318796,0.027377240506592588
-0.10205089398626606,0.12247602185143316,-0.021574988472636183,1.1160087568882864E-4,0.061742175058864826,0.05566709433134901,-0.11191394366252254,0.059501077484041986,0.0706972029307952,-0.15877865344750633,0.042743654198525,-0.0018989494275156679,0.07026721767278546,0.07613515533838194,-0.15191471400749956,0.050916883570283594,-0.048377723502136066,0.008826495534301407,0.11815687821715613,0.04793381430490073,0.06686020950494767,0.10662989818887791,0.021533551214323217,-0.05196046585462879,0.03632004044785498,-0.0077219939429165755,0.040771696644621214,-0.11737865875917482,0.03539330809307647,-9.836894522912178E-4,-0.09907220844740966,0.02490015476571604,0.032232846549973555,-0.10658028476679297,0.039194145092277644,-0.21312613897987664,-0.06591278697946433,-0.1575271624632078,0.08114801769538865,-0.1877110171890366,0.03273351777332086,-0.09904571724234919,0.11349269475056073,0.13455572979835015,-0.020404341841204605,-0.11537598545572687,0.04544191222917971,0.05285664839673144,-0.03746217974328299,0.12191035737600507,0.11025395168659212,-0.0944521905072049,0.055903888676635816,0.05129478241013185,-0.018061504138424007,-0.07560104417071707,-0.2179482701439351,0.08762520419897349,-0.10146056054825561,-0.09038422397037697,-0.08793094150734856,0.0027925762345866823,-0.10393984158346603,0.07931849724653968,0.07813351507283658,-0.04723832800383165,-0.09078789795471813,0.10202364795375904,-0.07816281033966438,-0.04287895314907236,-0.02712421247259414,0.056339945700762194,-0.11607365354706516,0.05799595379469795,-0.0896910508852723,0.016828034911315744,-0.14135906345654253,-0.053029873729142224,0.25848223659483627,-0.051943457447022744,-0.0246433477795127,0.03850182857554387,-0.02597831334162172,0.1889122226776591,0.04305630489562306,-0.028542912997674263,0.13890565529334845,-0.12888013812031007,0.21593875054905443,0.05706232215727264,0.05037624874186463,-0.01831791739330347,0.03246443453048548,0.1470926246955811,0.18425578648119448,-0.055466955243206245,-0.04185175364023712,-0.10945491016379026,-0.09673077685650942,-0.05764813203042693,0.0787417023666696,-0.17897153736135368,-0.1416568657436826,-0.1724848593132999,0.21539695579563053,-0.13507249515203565,-0.10785570396323911,0.04866291528283606,-0.12429236042001347,-0.11966790900230759,-0.14828449695176782,-0.12437968858625655,-0.015719655437015964,0.20992938091845487,-0.006954298988067764,-0.09666456446032934,-0.16096808881483052,0.045492433083038034,-0.08498538938347225,0.15486656287990444,-0.09117994130154858,-0.14342111209149927,-0.2805546770223154,-0.05495583968879387,-0.06574763884087224,-0.0841166218360708,0.2213747055145058,-0.054495532918169186
-0.020287257195931364,0.053422434840809385,-0.1473087643064162,-0.08863692766427939,-0.15273185127083236,-0.12128242377046802,0.11329657105158496,-0.029006817402102664,0.09901339056769419,0.020953092646438295,0.01788283270969399,-0.08064857262424574,-0.05554147760623751,-0.020558520408605483,0.17819734513919916,0.022278974058560455,-0.2108638224577486,0.05104915332894771,-0.029630607005694073,0.11250086728185466,0.02253418821160843,0.04436355905947345,-0.1197384420679566,0.0947574640172633,-0.0468014973785302,0.012089563140031423,-0.01847142512733637,0.05077882716182932,-0.09707539491281186,-0.04515586858709231,-5.503056786878339E-4,0.008602296793264744,-0.0898014270282359,-0.11152190161949206,0.18839778553692016,-0.1567471501021234,-0.1706623328351263,-0.09633172878957809,0.14733754550691064,0.02892802165495863,-0.06728041849557582,-0.09542463939823903,-0.019527304882143867,0.008059505957357277,0.05385420099713298,0.05661769618655102,-0.18061742876759834,-0.03234761804595026,-0.04165723438202085,-0.13762206104712674,0.003458811778223105,-0.03939628515912401,-0.058988777143839835,0.015302287720674776,-0.18144017227655818,0.06293665794724963,0.18395150913342784,-0.017344009198275757,-0.07034060677741964,0.01552796331676741,0.10229503625507377,-0.04182263276345993,-0.05227798354329431,-0.0671595796502851,0.040374785211547894,-0.06868934545740563,0.13895878939130374,0.03273384407735244,0.09959395751459348,0.06232939856721603,0.22510361314101693,0.1330516964908659,0.024608344388137863,0.09006610964979439,0.04286543577683811,0.034650464272593134,-0.0648521857079476,0.04800045882921771,-0.07437523391252088,-0.21455478022409655,-0.0320218782952248,-0.007446166335743454,0.0319415064785022,-0.10136996980838711,-0.009561508362169012,-0.18229395278612592,-0.03694108884850741,-0.034182137291415185,8.687916142800507E-4,0.06500905392661398,0.05433882768808056,0.20283825054829288,-0.19764669683564476,0.04476657010774193,0.061577646463434624,-0.019450704273458665,0.01662017419242301,-0.05673789593456676,-0.05464165601379051,0.07593504445362302,-0.12968511231730187,-0.12656773619738673,-0.15325547685116064,0.1115226381835834,-0.0538112988139832,0.05921714627489924,-0.05124896061884502,0.10096788751880004,0.09572726569813582,-0.004089740329426126,0.029477602425149088,0.007495517310314594,-0.08300200009082012,0.10716853596163511,0.02647983656569874,-0.03773810643676433,-0.1266248898348586,-0.0116349558449097,-0.014451088493889853,-0.12833407405823616,0.017132121023654925,0.10114744742335054,0.03907544871794274,-0.11216462928790653,-0.05342689508833629,0.1131614268533718,-0.08906826144638133,-0.011654340656296018
-0.0326126732455147,-0.13522824952105142,-0.08153708612997197,-0.004615473803177383,0.07237771022685678,-0.033119431154172915,0.04349538696351043,0.07272654645537467,0.12292691923906326,-0.0790744745537725,-0.0014845010978150044,0.060955842299838275,-0.1211545085439624,-0.019521463942748143,0.098793488525457,-0.06218565531172826,-0.08786619454149347,-0.17105644658023977,-0.16107912192428842,0.013017203852843225,0.08809418466618792,-0.042752547276791425,0.07498033129636542,-0.05438881956314727,-0.04056402986438738,0.027802349187895897,-0.13301689636763214,0.09714568939683982,-0.021922151485891533,-0.09709602284196636,0.15943927030192726,0.006811292580360024,-0.056877293832214564,-0.008273338619235264,0.13201265531327905,0.19886333921421392,0.01872734346162642,-0.06862878965989312,-0.06719560813968506,-0.049098833031498756,0.04989740435259349,0.0040705115543202795,-0.12857902646740255,-0.07161146289382768,-0.017346401924693975,0.013182833231849895,-0.025717175028927248,-0.0840838149455634,-0.068109234625265,-0.1258700695432223,0.01438875217094851,0.13956781081490244,0.07495007113873511,0.07526351744517093,0.032589069370814475,-0.02427538362899725,-0.004681962362102558,0.04759223741798156,0.09716516991797988,-0.08160736299604421,0.03344809665234495,-0.1242263974172039,-0.12761703065111712,0.05984465317303315,0.0986252436123589,0.08112282758507333,-0.004739452387756885,-0.04548743251972466,-0.014715438456953767,0.03313479682315018,-0.04919371800201052,0.05456881603922527,-0.08555777861681493,-0.10220628099665435,0.0045778770191678905,0.05205753521085204,-0.0515426789749915,-0.0279865627313143,-0.08747419814129588,-0.011705158127878895,0.07870348017671033,0.08763412950590894,0.02490035511072098,0.18867432960550287,0.044927739980490766,0.018716614214500812,-0.018409928423115764,-0.13067136478261207,-0.15506570047897028,0.19149740120352712,-0.09063005130401185,0.023148259734929146,-0.08807993568073332,-0.08770709685262623,0.10369331956104966,-0.1183286041842894,0.05341346530238211,0.10274857166173759,0.014087289361440283,0.009070687969276396,-0.023964790105096837,0.011765767719269106,-0.024313661818778864,-0.07725794897665413,-0.0988492088630111,-0.07763622812266961,-0.027029921863293102,-0.08040339687918663,0.07115268781286765,0.0776877587101629,0.16675545870579,-0.07284591933788924,-0.03721313794654207,-0.09573840746058392,0.09951954362102235,-0.04339746213449681,0.06792827701007126,0.11954392678188619,0.035287645509130716,-0.004382660448015264,0.23244119372671918,0.20463884469369922,-0.15771603852962296,-0.11194287599078757,-0.02250135823836169,-0.060848628199886186,0.030546796285366544,0.05438830422944401
-0.045181816482183626,0.009410385167851264,-0.011712973222998795,0.1277363305145177,-0.07418417830472439,-0.013787598617669533,-0.1502712854775386,-0.012365745780111575,0.05327885537927057,0.0029541470580944826,-0.005251842267784481,0.12190095682011759,0.043332313197457964,-0.09726244509681665,0.013812594400665564,0.08129708706787526,-0.09653721757672128,0.008880352627765705,0.14248278776585174,-0.10069684109230653,-0.014162370527401425,0.1460589677598361,0.14261250208413795,-0.04155411836810294,-0.13208699606202487,-0.0686471025400969,-0.024396630484661036,0.09382458111540697,0.02601330665140601,0.06869324318161192,0.10937801038492309,0.06235395928632691,0.052350332298933815,-0.016973605980196312,-0.10409166574119588,-0.039948822042731286,-0.010025045738297307,0.040067490501228015,-0.04274565860917784,-0.06447498532666178,0.03918252758068322,-0.027292516568333022,0.09191509257456254,-0.13099720095215095,0.1341869960515,0.017502345516398402,0.2031703281773423,-0.02775927502435896,-0.001829095677127618,-0.034426193136173316,-0.10417979836958335,0.12328342717663059,-0.02371887426376542,-0.10082650602186291,-0.038021480604808665,0.13988871746257617,0.008083274824653236,-0.12560321031254063,-0.1400258614751959,-0.20028619210472096,-0.016438226742196332,0.04218661827618728,-0.00827549219581995,-0.015170855812282844,-0.07233862332908805,-0.05031483245807533,-0.08653958645672118,0.07605560977699918,0.02665495369802562,0.020982875783467508,-0.003194909581353853,-0.0033905950311735227,-0.019457855103482694,-0.08724233937483244,0.09779937030335883,0.05811793433238039,-0.07222476644824331,0.062100026366180894,0.00198549348654273,-0.0034724818640396366,-0.044890268176420806,-0.01767973856524001,-0.1503125492596763,0.05477441027570308,0.17521569660169395,-0.1352026133296579,0.007222668243713616,-0.14829463181326416,0.02445141094470038,0.036433817188430535,-0.003168314329717573,-0.1105025936971193,0.0613962051083413,-0.0012809551295989352,0.053220139233955896,-0.08141825723292334,0.11666093628446426,-0.005145629656589636,0.040427956598514975,0.00890428765184992,-0.0968868542686659,0.023439197418075524,-0.05548961884410284,-0.06740541581001695,-0.031587198279814266,0.13519386429411626,-0.0187418800762803,0.10225569470462245,-0.19859982022733758,-0.03263984393127394,0.04225030282376849,-0.19435173559403043,-0.048792242954144006,0.09857730072034226,0.2024028367323209,0.08513351964263553,0.14238255673849481,-0.10765492656781366,0.21765486078972457,0.09114610188968547,0.057584323200775465,0.20412181151968212,0.041849450919779096,-0.07921971391525859,0.04490067525655736,0.1061594386926598,0.1290256507805628,0.028697337216588528
0.08080595597769322,-0.1272290414127964,-0.07616268838999121,-0.027555230493828214,-0.12417597729890593,-0.05946274635780591,-0.04092140172420203,0.12217293680537762,0.08787910273346972,0.009677325955201165,0.1087397697131183,0.10719225672953206,0.2717418569294787,-0.15289156262239004,0.22619150272364028,0.14206230499588285,0.1192702693778132,-0.17724906857795292,0.036852359114755866,-0.039367206565770294,0.03415116739707874,0.0014896117843490849,0.013186203509551674,0.014746849074013673,-0.11832090906834515,-0.008938456584509771,-0.029311859784349484,0.026498456270094034,0.007573595617992061,-0.27353098799192843,0.2421471053142575,-0.09565368335438651,0.050210043035414674,0.0805549314112316,0.0375579149058166,0.08335152044092031,-0.048660372386421645,-0.014332252759323849,0.014465058755206702,-0.0640431798508696,-0.004612338802182994,0.020175522408709352,0.05569182266938206,0.18130258092962007,0.032253673923336876,0.030879934049412767,0.07644787582670509,0.033357429513695004,0.006049609856582327,-0.036068398080467426,-0.14031773551366988,0.12105843001978966,-0.10094077502523673,-0.006198425268611975,0.01443355728461336,-0.017028372098446935,-0.02389819599824113,0.02953066830796952,-0.18021832852753705,-0.13399788652292996,0.1547749155877939,-0.017420723305858254,-0.1058277919932406,0.02029518989772084,-0.12841823017597334,-0.06648562619785861,0.10861981271819861,-0.004359418774290092,-0.038741872631307524,0.03680353146517124,-0.17650525735771375,-0.05201272533715747,-0.0909225227698034,-0.012431539694572046,-0.004820751713889306,0.02312377771432859,-0.06210305869261464,0.011719115650935178,-0.010152781380244068,-0.053881546503276305,0.03532987440442041,0.006977309929416302,0.007995820428604802,0.10932064237978532,0.10575003371407915,-0.01853472259606806,0.052310486010944526,0.08795445916314386,0.020699909683779997,-0.05059873217350243,0.14964286823723652,-0.034415297359207175,-0.05268043183049532,-0.05956341966204864,-0.07136006123579121,-0.022231088509396847,0.026470231846110415,0.10176136162339885,0.12582907488677658,-0.051064932884807096,-0.03658839790706424,0.27787238085677807,-0.10261877561704726,0.06740471862260443,0.018883823500277792,0.11397344685576004,0.060808752349520705,-0.006359784666055077,-0.07296347774664787,-0.27230316818613814,0.16484581728362188,0.0018354640535553635,-0.0900421079846999,-0.021573993661528738,0.11667112397047615,0.04181177109944051,0.037514174594161745,0.17836367002956888,0.07996020845016819,-0.05002532568403257,0.17912174890619736,-0.01000317422246231,0.050962760220221094,-0.14243821905131474,-0.19585152825244362,-0.021879836757330663,-0.07929097056076112,-0.09835647738630768
-0.01893072743746195,-0.05801239431606887,0.06661362414511057,0.004033270935473707,0.02034801440423391,-0.025788697445222733,-0.18878465622736557,0.018567681068809794,0.08994540139783555,-0.0914051434951353,0.04220702273683278,-0.11033817085754072,-0.17594102494878755,0.059016903166844,0.07959462407514678,-0.026241643569166005,-0.002278318545619576,0.03434906160941058,-0.081039149703953,0.024085452316436946,0.10968727885044521,0.05646902475177346,0.010955514999842519,-0.06966832357436906,-0.16186487296519192,-0.10723447093301558,-0.020229615043054927,-0.04846799824532294,0.04899532293999367,0.07639090281399895,-0.08940391482392959,-0.01074296798907224,0.005249102093021074,-0.13493626279376056,-0.03363739976031612,0.03409156032466688,0.12968224662656525,0.10591697789772485,0.03249577417990266,-0.0041154997039230135,0.04883685194656075,0.10141611557282065,-0.20505758781784073,-0.05258214625314299,-0.05767842859627141,-0.03908689064411697,0.1464385125175741,-0.004119369404666024,-0.05985457283376797,0.020624752307598748,-0.00917825537900821,-0.05728233648838006,0.12879726274501851,-0.07214196382086839,-0.04485475192789776,-0.12349997108214561,-0.16632695440174494,0.0633285472750179,0.010870433384679003,-0.052793647973675424,-0.019264109912594363,0.02862375310493963,-0.1432855281124658,0.029323131211275277,-0.049339870058406565,0.08885257125846648,0.0455297253352235,-0.07284039148402266,0.13973161788082994,-0.05440378904311529,-0.08107731047016484,-0.11934862690372579,0.02357197680162721,-0.09359917207359937,0.043869534417219164,-0.04875589433849692,-0.04417596209787149,0.12456543821738307,0.07961155268711397,0.041537606195571244,0.031445169356398975,-0.2088694037462739,0.08383926825512115,-0.11591631906263071,-0.003151471633882662,0.04292326173733536,0.002364635265667603,-0.08187082319794835,0.04295103955417273,-0.05651187039789054,0.03093638739435367,0.05699133426175225,-0.19510234236190027,-0.07730951198304734,0.0671486429988666,-0.05391040928361455,0.04120967703055229,-0.02958929957179791,-0.010307081304982429,-0.004010232787838552,0.06298978841758049,0.019889597357999028,-0.08430180952765515,-0.10762469947722231,-0.07017158328234219,0.21146875772138968,0.12929993065435227,-0.013019819359954788,0.07290765542660196,0.13042262342040972,0.028398824920101932,-0.07878096678330408,-0.03633210274009739,0.09293767021690706,0.13201451437495731,-0.10724594662882231,0.04733847159028719,-0.12314560296719215,0.06454350668333167,-0.11674576324155238,-0.04322713317888612,0.03057653296017969,-0.0893558383074354,-0.06925284244280533,-0.09930459127199512,-0.02043971895845488,0.16580262052892114,0.004872864100219606
0.1677648359627704,0.024301708856242443,0.001576138715904566,0.17257650825891177,0.01077510852401281,-0.049333901499544884,0.026884069753562834,0.03328817238974262,0.12219765032060077,-0.06796825136238588,-0.11064499460607616,0.05086851506456027,-0.03567964329011007,-0.12879084316768785,0.07687846741949779,0.14115940502460422,-0.045330560124736144,-0.20488885869838955,-0.09377263901524993,0.12461720962940191,0.10235562978999735,-0.0874398727105104,0.007624887915552074,0.1917562433838807,0.03916699555672495,-0.05060241815735182,0.023350864061555926,-0.10445772756655727,-0.0946003280219081,-0.1869182564927454,0.2173391485401561,-0.002278401440991563,-0.04492142127382485,-0.18247247011231443,0.10190228129048261,-0.022881526134826684,-0.0061430910894854154,-0.09028682669343327,0.10990855829657828,0.14148490604815642,0.07628483177301656,-0.008155667278185412,0.04383826867758463,-0.09913710262267424,-0.17134282877421772,-0.019046126580398823,0.152400925865984,0.12099802170671486,0.145294973698915,0.0021680475627700708,-0.0825932105209635,-0.024454048575815724,-0.1131087194736905,0.055063283743474835,-0.02893035207659181,0.0745892510908152,0.13658461271620984,0.011313326521003135,-0.03268916453455063,-0.10874006478218032,0.1548024300027562,-0.050428984920951235,0.17025116812158725,-0.13813951681142247,0.07745384803189159,-0.04875427709853698,0.0609655553242364,-0.03272876986457421,-0.050735468221378144,-0.16037054246536273,0.05315330130794869,-0.09719153980704538,-0.16442219470843683,0.08797462886730772,0.09028041836432399,-0.07496954430665088,0.034470742172863736,0.05575958872742834,0.21310484896191878,-0.2276225615957954,0.05081499390164013,-0.11212686688854485,0.0443678764752999,0.08156413913070143,-0.15362521267516538,-0.04133488561662827,0.05211736770423743,9.557777748456743E-4,0.00418344489342911,0.015133843465159991,-0.1414698216445867,0.05560354383233325,-0.09366693171011041,-0.19724558665472455,-0.005571512392870639,0.035668892597299245,-0.03128156085778935,-0.033670989596050985,0.011053049991578646,-0.0201719022041319,-0.016070904147336088,0.12017475239868093,-0.16565609078240406,0.06089946960028625,0.08639158651045588,0.07017946467859607,-0.07541975239180311,-0.17439272823700436,-0.11973419214870672,-0.1377733886998031,-0.07099573390310232,-0.09068634228945485,-0.051056626636288155,-0.13371041173291412,0.045962529145598466,-0.09324652308835976,0.10029098556307466,0.09123318794269118,0.015858927714074395,0.049845238145136334,0.09863948276033183,0.0344678277105477,-0.1381299879276867,-0.047477541574106746,0.2359721522806606,0.0035563976102013185,-0.0499958458211297,0.003374966179871206
-0.019110340166097875,0.07991655611547897,-0.07715751328876781,-0.16586959146877103,-0.06689004883600741,-0.023230657407922635,-0.09315049125052068,0.11761907975790167,-0.04383092108436517,-0.0885664404826974,0.16116930853106248,-0.022137814849483316,-0.012230424881974225,0.07680503247566353,0.1111158235643188,0.17513924732860006,-0.056200702143688414,-0.01927148256162588,-0.09326603844729142,-0.0038398322972238354,-0.02060664252434059,-0.0024676756426567524,0.13166296933990526,0.1070442863041336,0.07207117283407546,-0.009591678040516392,-0.018836441664441702,-0.0660569721241583,-0.014029426048477425,-0.1963424328359486,-0.02867599907889601,0.08246157674804178,6.86186913294487E-4,0.02176420297611456,-0.04725310569300025,0.004147559071084618,-0.15061552802157535,0.085865936032176,0.009098100155736944,0.06161060221907243,-0.05407471366517748,0.08264161884413562,-0.03377480813264826,-0.04488570037298724,0.11347419355546735,0.003967866729788381,-0.275028478834812,-0.09981774473801384,0.08636648811782419,-0.20855544590245173,0.11289646664457319,0.053499756645294536,0.05551783069571223,-0.05079434526561801,0.03020108450514358,0.05231639503501681,0.010871692508475379,0.015534630268357351,-0.07040481580773181,0.03752438920216908,0.036971475143472425,-0.09837723904389185,-0.08237490852241244,0.08717641039127906,-0.12189828103988633,-0.03496708586471859,0.12230833206403566,0.007124151678854182,-0.009267475162361441,0.05177343250986577,-0.13341735551341957,-0.060238094455542936,-0.08337590340571376,0.07112845142649807,0.028563681913244134,0.0052939725725829325,-0.01860816778788838,-0.10362423969577683,-0.07689202989918187,-0.07056492547994592,-0.06589908877369349,0.06639582812626235,-0.02969508382349472,0.21163582963158634,0.060444704298838095,-0.11630609004768676,-0.16161905306033503,-0.1273160441173679,0.06563585893095365,0.1287164503265907,-0.15822772794626014,-0.10144403250130106,-0.170161648505189,-0.21184476496573829,0.08655361846422682,-0.10783390650571001,0.02208284215027851,0.11206754960127145,-0.05091676366266468,-0.058193300102298694,0.011018620702299397,-0.11636167444793968,-0.14536798501481096,-0.0418230820684664,-0.09685322130931201,-0.08405786091715779,0.029340535735994468,-0.0064257246723365405,-0.0923559801577687,-0.03983952178074547,-0.11866231637982261,-0.09714166590369991,-0.2457227667085604,-0.06841229710002825,0.14655208212036624,0.08975012751624935,-0.0479280950048929,0.059923279724082616,-0.05152996677293269,-0.09012829835099435,0.09194972793977356,0.08922114545812111,0.017457115366874203,0.027268884063988728,0.11714324924530904,-0.14186556894550353,0.010744635818204605,-0.06820906335267574
-0.08320477474381566,-0.08551806224216993,0.014455380317419515,0.06404133577697528,-0.10988588374783417,-0.05246307980501033,0.11124712137096755,0.13269287560102935,0.00796351137708192,0.05932716211043457,-0.04844375033437988,-0.043544833959941985,-0.12440026388235258,0.0059080835738785495,0.09109254861134801,-0.106979086728621,0.018520136313409985,0.03599157237012415,-0.09015333441093554,-0.03362039005710868,-0.059555790950369246,-0.03085261870370974,-0.009666158402377476,0.1365840013230005,-0.0546599242754988,-0.04565838064020436,0.06873782987813658,0.009016681552790434,-0.06716297622878746,-0.07707833175273682,0.12038176943704637,-0.04900186757322848,0.05595533662055819,-0.08668023726572072,0.008425843719202807,0.0047304695988941185,0.16253215577257457,0.02889503109773502,-0.03132582673382126,0.03570768793447493,0.09946057281702757,-0.04008146267034076,-0.013288522336925046,-0.010209968421100796,-0.12706695790837805,-0.015319328930145149,0.02457959589756303,0.013308267283503516,-0.09854776352645765,-0.05925344229536861,0.011352919858652787,0.06552135018329974,0.16942191485910954,-0.1008955228177652,-0.07971673653987048,-0.05110373371610815,0.012620534710058053,-0.058137321122824805,-0.0369293931147448,0.004325637097767848,0.07444597015797748,-0.05492910384674438,-0.08054414013458279,-0.16956024844471457,0.05792559287842278,0.0202446474430075,0.10454938974779328,0.10823159705794266,-0.09365324749354396,0.08606781647540716,-0.15682504712537584,-0.18000839301043767,-0.08478616024877164,-0.11201401479359607,-0.0488684970957685,-0.03826489744174162,-0.004435280577810965,-0.04603396752991942,0.11497925807223107,-0.00185891335844557,0.1297973545912616,-0.11488614565854824,-0.04526249914688475,0.06227684651915339,-0.05630481298111742,-0.06635438711581892,-0.007624382750278944,0.045529212289368494,0.11219973596697742,0.08652385688405093,0.05007299835269886,-0.04701972883678496,0.10357637507131918,-0.13489803734450118,0.10255438962837313,0.04717624843082004,-0.09057454161685342,0.1575833192790175,-0.08746306445715495,0.13045789816551107,-0.011479750344359994,-0.1911649423223825,0.06469968234968632,0.07909505681488956,0.0053243426177379625,-0.1679323976251714,-0.12995965324617048,-0.003571738275734487,0.012616069821500226,0.025248844592250304,-0.1780158254367357,0.0636978085303906,-0.05776280684493638,-0.037071550046141405,0.01497651748386656,0.11540587130097225,0.06273838466889803,0.084486159637231,-0.0931943501954302,-0.017291621868693468,0.14073832551536267,0.052424321350739954,0.07524525303010482,-0.06924137537109054,-0.02487090174998416,-0.016508233603967016,0.19136500857867722,-0.046451761659719926
0.015144928250973428,-0.10441234567404777,-0.015007919658133195,0.022995895052143105,-0.09190777374293617,-0.2393893259110324,-0.007315508298132385,0.11460283442443615,-0.14738892600462214,-0.12855148997775023,-0.06563178979401883,-0.013573894426600081,-0.1480236209244269,-0.09641702181908784,-0.07453251528714673,0.03535377728680644,-0.020198144249118692,0.12332096116330596,0.04067314170988544,-0.016120082716293397,0.011918726424017135,-0.010752042904784752,-0.15549842115103957,0.033710184308046856,0.013851302873417575,0.1232740716621327,0.020180422904645876,-0.10056652346793885,0.0970663330571197,0.028312100483804198,-0.06581676916991393,-0.12312056783028862,-0.013565485497014002,-0.07655577844877262,0.00302210199325035,0.07662860578512196,0.034201789246237554,0.04020296192803187,-0.00477038425218548,0.03804329209070223,0.16812696054930856,0.1348923419278501,-0.13760847428179826,0.020587210959468222,-0.04566115621056009,-0.09419098821174354,0.03205060324895704,0.09859571123322441,-0.05470678636171951,0.0020924779638478103,0.1458650665739428,-0.09164312600235784,0.09805397298350452,-0.10831579081528461,-0.030205494925170138,-0.07321936741991827,-0.0026300595639308652,0.11582993489836914,-0.04215858210067193,-0.08223271765030647,0.04721190510593616,-0.04705815697939245,0.1176203351220523,-0.04302601152316788,0.043737527455076905,-0.055917018991737275,-0.004956973328646233,0.14160239606273228,-0.031948270040096545,-0.05743036831665402,-0.09231638065878305,0.04700706986262744,-0.08688110064789664,-0.03932271586366022,0.009301632854966367,0.016950945023423068,0.02399100600600775,0.04139144851158382,0.053071638316400264,-0.18230127135180477,-0.027338422792869223,0.07214650097034499,-0.011673890383741425,-0.05181503907234169,-0.037867112595672714,0.027006266254566067,0.1293360455731022,0.09402099745819657,-0.033474425586910404,-0.09839704885217995,0.09382014933716372,-0.19988480033790357,-0.2013778948969403,0.11330344269727774,0.07464257510923855,0.12403821062537752,-0.06003179980588569,-0.10456816636951757,-0.0545939702151997,-0.06156028321865822,0.019439394976736437,-0.133802050681577,-0.13836011353287692,-0.025763471180218774,0.09424461065840975,0.06473307998325734,0.05438682538632722,0.019908778002713096,0.05925456167525013,-0.04160783285469115,0.02453516898857297,0.044376471771515935,0.06608412203929288,-0.01337370177431959,-0.023358836466469298,0.04837829093002463,-0.02176745292400999,0.08809858012195676,-0.0205903421939136,-0.11133742448079724,0.03313152141962729,0.02418325784182675,-0.12102079376800698,0.11140691497662737,0.0025492475930225943,-0.12089583129216035,0.08094061169186184,-0.09678381690876699
